neighborhood,year,NBHD_ID,total_pop,white_nonhispanic,black_nonhispanic,hispanic_latino,real_median_household_income,real_median_gross_rent,real_median_home_value,boundary_vintage
Athmar Park,2011,1,8343.173767046525,1707.2218821126617,7.554800992954588,6036.374263893968,52263.41330491756,1387.5135574708534,204832.36587491608,2010_tracts
Auraria,2011,2,359.2471623902618,171.17834338036235,0.9982819581542186,108.79990572450485,138726.7320977672,2069.809267009198,61392.28739839908,2010_tracts
Baker,2011,3,5242.0271506614545,2607.6188891024235,127.75768264180478,2393.5045909545474,60992.25721777418,913.8609189077088,338431.8851149169,2010_tracts
Barnum,2011,4,5625.566956042186,978.164356919064,233.85392121233258,4249.339799481345,42253.188920404355,1122.088185618759,198476.24124560488,2010_tracts
Barnum West,2011,5,5422.451961986456,1226.605548958765,49.98187946431424,3964.101197457147,58276.6702347602,1449.1180617794116,197754.19158606677,2010_tracts
Bear Valley,2011,6,9421.757478712294,4519.558716712399,9.019454475881638,4149.827961683223,63716.89748471552,1136.5875744675923,308936.3887418942,2010_tracts
Belcaro,2011,7,4246.287319774994,3878.8201960621227,0.71265242544326,174.41896230678338,192770.41318379735,2251.7349421553126,865471.7408788258,2010_tracts
Berkeley,2011,8,8040.014442185012,5478.8941337997485,66.89251577980374,2283.131543390486,68732.8966966222,998.3310370588225,363263.5403511057,2010_tracts
Capitol Hill,2011,9,14784.435940729183,11771.452937029868,380.6821978998089,1637.1525109016895,47715.408743654465,933.5035161018179,273575.5867064615,2010_tracts
CBD,2011,10,2769.269103445778,2006.5309429447018,300.78757519268737,236.94655448307867,64737.33367366157,1163.8291926762536,338959.8855023764,2010_tracts
Chaffee Park,2011,11,3780.0306612520744,1396.797599479979,14.588184407767933,2203.8614494964336,56459.00590988933,1268.7042723399286,225087.0276493692,2010_tracts
Cheesman Park,2011,12,7802.717140355928,6578.47421560216,201.37365318422172,693.1433359379814,58414.16053024144,979.4270130504889,339869.6657293844,2010_tracts
Cherry Creek,2011,13,5154.819945398724,4634.792467114884,63.04829349064527,177.68429643520403,98640.42795011953,1427.427409474008,857218.6577198352,2010_tracts
City Park,2011,14,2461.717631009658,1791.1564188916752,238.24700368686544,290.5506673425712,81823.53197826694,967.6774801155834,444190.502102644,2010_tracts
City Park West,2011,15,4397.488357759064,2832.5524734287656,908.293364091876,526.7984071235029,45958.13095497156,782.9485816807149,385607.5137485453,2010_tracts
Civic Center,2011,16,1468.3915185293117,1050.772585500607,187.37363036079222,94.3259407375982,66689.03161475713,1245.1542422712248,469741.098004014,2010_tracts
Clayton,2011,17,4735.8120182393,641.4235560284262,1598.050725503585,2321.3824574634004,46196.37363669203,1023.9412451376859,229758.29190515232,2010_tracts
Cole,2011,18,4623.455052178385,1127.374220207092,667.1163683241248,2738.6219346677585,44529.248314908924,943.4021589404063,208104.84328191084,2010_tracts
College View - South Platte,2011,19,6098.062188080908,1577.2278773904918,188.25652102549205,3874.6658576157647,39194.48568656669,839.377879163621,220703.04130114953,2010_tracts
Congress Park,2011,20,10396.878011095625,8474.127662870302,459.4059329111333,847.6098334198666,82549.72784506196,1209.8374681767032,491999.27962915873,2010_tracts
Cory - Merrill,2011,21,3855.909717253904,3527.655175286817,5.933290361476097,166.11450160770417,114896.94443504298,2034.8311834900323,487165.8444316699,2010_tracts
Country Club,2011,22,3115.2550606888644,2471.662337825551,47.907263494978494,130.24268895335163,168917.74455778295,1409.019797403843,895905.4052396399,2010_tracts
DIA,2011,23,1191.99046106526,388.22603821486194,592.3487388646375,147.7309592664927,54231.85757281742,1367.4601292072928,190499.88917022425,2010_tracts
East Colfax,2011,24,9907.865109581928,3852.225191068753,2728.299691291657,2577.417058676343,45866.488698830806,1037.9396885782182,227591.717014474,2010_tracts
Elyria Swansea,2011,25,6483.240447621146,853.9482574468285,460.51127471483966,5050.180534899946,41804.65573739143,1133.3833005249835,169990.94141731435,2010_tracts
Five Points,2011,26,11025.276748954368,6233.16124161761,1761.3910146169685,2588.8089674275075,63352.768404420785,1180.4825794563865,387831.4028217213,2010_tracts
Fort Logan,2011,27,8389.287584857182,5072.172213904686,206.81490864145934,2395.10785115859,73508.77142560086,1059.8356241763768,351297.120233245,2010_tracts
Gateway - Green Valley Ranch,2011,28,28078.20594206611,5946.48944700809,8590.71358675895,10784.487277466673,84943.36483437363,1707.1467985082768,259822.38800286184,2010_tracts
Globeville,2011,29,3211.1528108737966,531.2791260101567,104.75034936283839,2536.887284800967,32097.024633102475,1000.1906295075411,209206.86514340417,2010_tracts
Goldsmith,2011,30,5012.920390273827,2799.7846027503197,777.9037714155852,1012.5265879156146,33557.42446584546,888.7945160239252,362644.49066647806,2010_tracts
Hale,2011,31,6668.45270512293,4998.980458789357,497.9225449263493,431.21154293471915,65880.43688903251,1146.8996616349636,449126.86823698913,2010_tracts
Hampden,2011,32,17026.2156467051,12003.003666415256,1387.1708373260126,2127.539005822095,55980.40017150639,981.9170860280952,296493.3316433543,2010_tracts
Hampden South,2011,33,13653.982482874484,10072.735248803929,1622.9478709214454,979.3968560822411,71448.90976066368,1197.995141282674,361034.9284013031,2010_tracts
Harvey Park,2011,34,12049.656857645487,3845.4225191752603,21.039581489422986,7279.982573563768,63202.125610680436,1211.9877687457104,246179.46053283993,2010_tracts
Harvey Park South,2011,35,9509.980753877004,3862.009504779657,58.130246063512686,5093.083686081798,63630.81751226704,1315.9034366104854,291168.0473110585,2010_tracts
Highland,2011,36,8218.397942339097,4590.073588507205,239.6983008462198,3230.3082185715252,64482.8004251489,1245.2552119672807,373712.20608017896,2010_tracts
Hilltop,2011,37,7570.516861223421,6812.770924189763,156.87129893015376,306.97928027748014,149872.61283006935,2083.9737792178094,846269.0987229465,2010_tracts
Indian Creek,2011,38,3208.3111319110135,2287.282651889722,462.95288747461217,318.22597217268026,72026.81048234999,1417.908741243498,243726.79195465826,2010_tracts
Jefferson Park,2011,39,2284.279243033163,727.3529274876773,50.57176769244208,1355.107288278577,46575.17378570883,907.9464254557679,326657.7034518876,2010_tracts
Kennedy,2011,40,3994.1332456019704,1320.0875229051146,555.5245153562452,1396.3407926481207,35571.830929165175,965.3723816551745,1.6035397575378505,2010_tracts
Lincoln Park,2011,41,5986.002116010995,2446.2231529834144,534.9315504095989,2604.524680009959,37851.78118221351,833.697689535187,280924.8175487791,2010_tracts
Lowry Field,2011,42,8990.471915953753,6459.813908861506,891.5346634141066,874.1360822973927,83108.3720193616,1360.4726358686862,624101.5257864124,2010_tracts
Mar Lee,2011,43,12616.950350671515,2771.6275446357745,108.70611204953344,9084.465566165749,51867.83489425062,1116.3098983821315,207530.69844423758,2010_tracts
Marston,2011,44,10604.428919492142,7420.537822449267,29.673153081129634,2303.31120364213,76708.97447325116,1229.2893605985455,306267.3672915972,2010_tracts
Montbello,2011,45,30809.751664626667,2121.5566027414015,8844.021377400577,18645.816027143148,56269.25576083314,1368.0110758909354,212103.9600269658,2010_tracts
Montclair,2011,46,5662.168051941487,4261.705012338499,420.0855396173013,734.4805315709211,104085.6999262967,1453.2991579831591,448861.0672735659,2010_tracts
North Capitol Hill,2011,47,5017.0462281368455,3802.1016779238753,349.07825113015014,423.4339040338844,51483.99907034996,1124.8498636941265,405066.86895575584,2010_tracts
North Park Hill,2011,48,9058.297668496161,3821.8726394713162,3481.534605505826,1300.615794086402,86690.86745799724,1482.6142809092887,382768.7786016301,2010_tracts
Northeast Park Hill,2011,49,7717.654892613448,980.2173053611014,4075.3960106279383,2248.0392239260946,41787.433881685356,1156.765807483145,237003.8342476778,2010_tracts
Overland,2011,50,2030.102730745649,1195.5858699545443,13.605119309069627,780.2823536066844,54062.56271131727,1192.6612260063341,232718.6697650259,2010_tracts
Platt Park,2011,51,5278.434136190894,4547.798966540049,16.989242052354854,318.6088165430805,94380.29847153029,1147.5877511246147,461281.94936989446,2010_tracts
Regis,2011,52,4196.501183672644,2254.8644734141153,111.2290680139154,1406.9577104413193,69621.32582996284,1363.4867123352074,293515.23114316835,2010_tracts
Rosedale,2011,53,2803.5224794000787,2514.4149447592094,0.6446627374105962,218.41192711960323,94286.20276863477,1217.779947369679,381173.75253595365,2010_tracts
Ruby Hill,2011,54,9266.778911704123,2245.5909977744745,209.75186768470456,6034.239777004041,44723.63468683916,944.6271418068338,213524.11500828766,2010_tracts
Skyland,2011,55,3353.910173355137,826.8478257980271,1618.3377452389434,608.9391209552545,65012.65448793641,1173.2653992331764,314684.1011576291,2010_tracts
Sloan Lake,2011,56,7063.184112915988,4448.1219315136095,84.85635243357532,2237.662776148848,68130.17264370239,936.9167567053516,380891.6735479303,2010_tracts
South Park Hill,2011,57,8485.544405913151,6264.5432943031765,716.6062244073527,844.4249021233418,124854.75230978851,1418.289166652492,554453.0223467052,2010_tracts
Southmoor Park,2011,58,3997.4809018224646,3481.1827293381566,129.34750628364796,241.11826625334444,85802.4129638549,1649.5597729838335,461881.13639853126,2010_tracts
Speer,2011,59,11098.36078776242,9286.655740814766,169.00785521898862,1154.9259941104162,68216.1690353277,1027.2433621347388,401544.6831053791,2010_tracts
Central Park,2011,60,12781.991395380235,8852.141979265476,1434.7420686473931,1636.1574432488076,155675.08508965903,2082.7284935194107,544168.6442892359,2010_tracts
Sun Valley,2011,61,1499.5308235436833,101.1881882796558,299.92721245999235,557.3225976494813,12851.508484199456,263.76657910519674,356681.8234580604,2010_tracts
Sunnyside,2011,62,10414.769711771316,3793.163165445969,346.35656568426043,5972.339439117367,58949.74763057481,1037.3876993883523,299003.7375540632,2010_tracts
Union Station,2011,63,4278.710254430765,3702.6649547112374,50.96302877786125,156.25797054804823,98893.20011911062,1896.2163989852736,610061.0327227528,2010_tracts
University,2011,64,8791.683721616533,7372.832625516194,178.85333339454783,687.4382161230923,58110.71082465811,1253.51420674948,400686.7920975534,2010_tracts
University Hills,2011,65,5666.380099712023,4350.891993161063,387.1880420793288,706.7884204450108,67751.0391817297,1458.7892758731277,317463.6476626889,2010_tracts
University Park,2011,66,7561.39110186385,6276.815075365058,79.75334928838488,339.9671148344622,64098.91038860111,1131.2940310821875,675132.6360509846,2010_tracts
Valverde,2011,67,4003.8660194376585,481.95529911042985,248.68582522344008,3101.741753847766,25753.211910659506,669.8676550715973,196226.8265660596,2010_tracts
Villa Park,2011,68,8738.94343692936,1738.9649126392387,50.43188133916846,6904.82882748742,42574.44413518316,1034.8048010101268,186820.08329915465,2010_tracts
Virginia Village,2011,69,12969.017822887741,8682.248926755961,769.0749984013735,2541.5021635535704,57148.927045376986,1105.6280814395445,322180.348383346,2010_tracts
Washington Park,2011,70,6844.287496097049,6321.481110155201,18.586432574050605,386.95772109679416,129641.89540474376,1843.548575971776,661799.9864266329,2010_tracts
Washington Park West,2011,71,6443.757123204907,5563.986048293311,74.0971762621551,448.73118256147313,92203.10452392351,1190.1665442255028,506152.7056992623,2010_tracts
Washington Virginia Vale,2011,72,12044.935980467455,7913.482444853909,1927.4639871370644,1023.4211791521994,49292.50426455761,1104.0718581208453,293567.04628533835,2010_tracts
Wellshire,2011,73,3137.1269206407596,2840.291928103968,0.8539967447409141,164.88049153827146,112442.04409667147,1590.5216013150134,627852.4867373811,2010_tracts
West Colfax,2011,74,9361.517652255585,2790.683065688527,219.58376501852763,6149.581194532851,41045.909048006935,932.1335635167757,281290.7908794768,2010_tracts
West Highland,2011,75,8374.345028410944,6631.92813749285,99.02357580692994,1401.2971363922138,99161.83692547637,1163.6101354414398,443458.4960109,2010_tracts
Westwood,2011,76,14975.233788295152,1838.5140881434954,154.17268683817096,12119.199697616948,37924.98913835999,1077.7614250592976,167189.99940169856,2010_tracts
Whittier,2011,77,4453.942317492594,1815.7585556360216,1771.2884950312982,606.3036859221613,54043.54160470857,948.3773899127225,335826.0614989694,2010_tracts
Windsor,2011,78,12431.80986073587,7308.150873451606,2207.061720368329,2191.2499198249684,38819.6168710268,1094.4041841273524,236224.9145639202,2010_tracts
Athmar Park,2012,1,8206.15881244922,1837.3765750369046,1.4394619292865285,5784.159927715368,55667.787382798124,1342.2917603344908,193186.71374002838,2010_tracts
Auraria,2012,2,530.3025558388955,260.45320815288005,12.43802466596986,143.22395220787922,102438.4934183466,1854.443580515146,43992.57745871759,2010_tracts
Baker,2012,3,5036.865095956792,2673.2272825245022,103.7786657749823,2093.0132759495255,60450.072229482714,940.1087173075504,341450.06268671167,2010_tracts
Barnum,2012,4,6014.5285801330565,1075.1169058373653,281.7862559041661,4578.22301495349,45195.55566551197,1211.2387120264264,189597.53607160234,2010_tracts
Barnum West,2012,5,5020.134188999877,1185.7044467033186,52.99562435929192,3587.710397422256,58859.44077195536,1442.6886540862745,183295.56047870035,2010_tracts
Bear Valley,2012,6,9231.851588094623,4551.343258018583,13.004725711529387,4519.433985429945,66820.0197925544,1174.3142200378668,299197.1538538351,2010_tracts
Belcaro,2012,7,4331.098769551149,3947.69045770439,28.629549933834635,185.3270037325089,177568.37792735454,1992.5532079849393,845045.8159044983,2010_tracts
Berkeley,2012,8,8192.773818940503,5759.227931852185,60.81710516022951,2207.4265691862397,73519.58878094042,986.507762252759,362898.2236368781,2010_tracts
Capitol Hill,2012,9,14708.779662889487,11726.77988125779,371.6892842209084,1739.0775504924104,48593.1576642284,938.377418477457,261199.22793808716,2010_tracts
CBD,2012,10,2996.393600833434,2150.6967751696793,284.85762035402803,319.7367397331941,57045.857687621734,1213.19881692943,342527.89476665837,2010_tracts
Chaffee Park,2012,11,4013.2951050920474,1432.4579322549866,17.456944085321567,2390.055574244997,68221.43851160104,1316.7049479616855,224451.168848668,2010_tracts
Cheesman Park,2012,12,8340.31535270037,7160.065454854224,166.5618101790935,704.9445336959179,60396.024908381936,961.0838615184279,364367.3660080229,2010_tracts
Cherry Creek,2012,13,5206.213590967983,4688.137005837194,65.07993556399398,176.74649196626535,101630.83173899056,1502.3970593709766,812368.4026439324,2010_tracts
City Park,2012,14,2689.0525845150846,1964.0472393067425,221.6276784721206,356.85225415700813,80247.96400962309,1020.3110285549872,447241.1852015759,2010_tracts
City Park West,2012,15,4396.896896948584,2912.416456761948,693.6610552097509,646.2274986340601,50320.25097615408,856.1873131854941,389060.1585471686,2010_tracts
Civic Center,2012,16,1638.2571582386363,1165.873242772233,200.01044049238612,81.01015151675294,82732.09463610224,1613.260448353725,467522.43100916204,2010_tracts
Clayton,2012,17,4362.326833168043,748.7154746798321,1496.6693236453104,1983.7198207044737,42715.92873024406,982.8440325365729,196949.84791694023,2010_tracts
Cole,2012,18,4597.250713921212,1166.0820841666255,640.128734388515,2693.687655520914,48093.68389700871,1004.4979643838213,206977.2756032185,2010_tracts
College View - South Platte,2012,19,6175.637786968705,1277.661271651177,200.40706576389033,4246.201362749377,38659.26273114671,840.5382394103468,213764.40916592153,2010_tracts
Congress Park,2012,20,10464.740247949328,8395.487173071573,355.0085662171471,993.5934883899429,77842.4396725938,1171.0301145578662,498876.103318383,2010_tracts
Cory - Merrill,2012,21,4078.3512085154857,3618.615973968713,9.888896488160071,126.5744304837803,115689.5660148269,2157.9628214179966,494367.7133522842,2010_tracts
Country Club,2012,22,3082.6121991843256,2496.8942603839746,56.93415988958157,166.8067703810528,147513.60604894508,1382.6596008107988,900144.3918280298,2010_tracts
DIA,2012,23,1303.5323590961677,355.7992937781825,554.9552544074769,264.9435563419702,57321.2774979263,1584.4970536550904,169469.58040387766,2010_tracts
East Colfax,2012,24,10541.677326612198,3827.2666426952023,2745.3067150700863,2630.4175589658093,44798.36181533701,1071.5447022859937,215732.5376363361,2010_tracts
Elyria Swansea,2012,25,6822.850690903563,666.1385763077079,440.6339131688938,5575.610163759421,41314.39475831832,1155.1459480831795,151012.9885954507,2010_tracts
Five Points,2012,26,12288.261304411353,7540.81131207044,2022.7008594062438,2249.516996497359,69737.82189370254,1311.6584256601006,378680.1647864803,2010_tracts
Fort Logan,2012,27,8463.095376828547,5070.170295276943,262.7440443814128,2406.162441562731,82083.95779030844,1071.3664648645236,351375.6353102097,2010_tracts
Gateway - Green Valley Ranch,2012,28,30826.513867060898,6057.527669449026,9353.186335574945,12393.483477452035,85314.02821871827,1638.8724772209523,242744.43606636353,2010_tracts
Globeville,2012,29,3410.2409151707925,678.0081135100788,125.46747092456549,2547.826426848054,31138.183327884737,1067.0221082770697,176643.9832568227,2010_tracts
Goldsmith,2012,30,5067.199714107366,2865.84376256511,695.8372929924786,1134.1672954154553,33174.671701410545,889.9137750471209,344942.747063113,2010_tracts
Hale,2012,31,6693.14028429067,4741.475695670291,558.821488364392,642.5229147823728,70226.73180223625,1157.983194127213,429863.9369912739,2010_tracts
Hampden,2012,32,16681.731126822517,11571.447164525562,1819.8810910423308,2059.6478324809095,55252.666977294924,1008.6400685107366,287867.80990075343,2010_tracts
Hampden South,2012,33,13780.213047741856,9926.190537007558,1505.094000831617,1227.7125180520911,69133.62577630274,1251.133386634973,346278.21660273743,2010_tracts
Harvey Park,2012,34,11803.36197234009,3428.073227962747,21.03562606484555,7501.469129767605,62705.43807559382,1180.1403591149992,232072.8965496121,2010_tracts
Harvey Park South,2012,35,9491.821069795216,3636.0610110233665,41.20283155956501,4708.636253228438,60918.14595733117,1324.058575795441,281061.68094771926,2010_tracts
Highland,2012,36,8011.507304486889,4779.950377771679,247.66373518647717,2806.512922748323,62540.0440876466,1254.5880912767705,370697.38140426826,2010_tracts
Hilltop,2012,37,7549.004798050575,6837.0039551954915,190.4472722325126,251.01668266828912,157013.6346693393,1949.121067519513,821555.456463409,2010_tracts
Indian Creek,2012,38,3173.493306554419,2226.569282448624,444.0064882654284,373.06349953275117,72431.72707269137,1366.2078054582503,235727.81929782432,2010_tracts
Jefferson Park,2012,39,2325.6093315773055,934.5121769337787,130.4095628316729,1105.5090830269135,49881.493559742725,861.767911199347,333812.4042902955,2010_tracts
Kennedy,2012,40,4123.126924330713,1310.670973385845,578.1235813029798,1252.2814516367778,35609.04426071094,966.1953986824657,1.5586131810193937,2010_tracts
Lincoln Park,2012,41,5947.9483845949535,2374.9284907839765,536.9493271135633,2800.448294366393,35225.60046668287,835.965469470956,274211.1199276543,2010_tracts
Lowry Field,2012,42,9396.384239566034,6783.121709653143,991.2807919942284,987.6884705444947,86322.47823611052,1356.0468764638636,565968.285338554,2010_tracts
Mar Lee,2012,43,13711.407207106371,3083.9659323729666,108.7553324494637,9672.107684580922,53535.16168164705,1128.9212293096307,192666.66418097517,2010_tracts
Marston,2012,44,10764.370764525942,8087.973244953774,0.008899937469797163,1967.0610642266445,76454.00042080681,1212.070629393128,315725.9946775535,2010_tracts
Montbello,2012,45,30198.231060640184,2696.178426713453,8260.59266040404,17939.771563319562,55780.16245596012,1343.2322202064354,193059.67783312363,2010_tracts
Montclair,2012,46,5771.647173164428,4405.965868107574,348.44475165487796,796.1870693331134,93115.03073934307,1353.8058938509182,447917.8676140103,2010_tracts
North Capitol Hill,2012,47,5367.043112851854,4158.879325665413,383.16212876235807,444.5127318918552,49210.0691873404,1127.9130591182554,384445.50949700264,2010_tracts
North Park Hill,2012,48,9171.213997759165,3982.1654966506844,3663.6322335907194,1180.2949634651568,84799.36333371169,1408.5192035983719,370913.4640521233,2010_tracts
Northeast Park Hill,2012,49,8042.461122207958,1146.2556916478245,3907.403307574638,2440.8627021234493,40770.04373804641,1185.4917339795388,223567.34504709745,2010_tracts
Overland,2012,50,2218.525077182695,1222.9477686261894,114.00761756097104,810.5250588611539,52728.12391478793,1236.900757462671,215355.5342772137,2010_tracts
Platt Park,2012,51,5619.604862300998,4848.986913919939,19.029957938902598,268.77793904159455,99737.35335549651,1265.775505021389,461745.3314099342,2010_tracts
Regis,2012,52,4297.975562922541,2349.5073496742957,106.35053770116053,1469.4039136899673,65023.325189806754,1305.252660260188,281573.88488899416,2010_tracts
Rosedale,2012,53,2711.819667488613,2325.30719157212,9.862962734185588,256.6993735514479,76059.30634096357,1175.7475865350325,372848.79085439513,2010_tracts
Ruby Hill,2012,54,9712.473350148572,2481.087003924117,161.05780341608815,6339.84439493384,43310.70541265111,941.334992495609,202138.54167877813,2010_tracts
Skyland,2012,55,3318.123461907762,918.333004216642,1434.7579036245015,732.7210241893813,74645.82274106544,1154.5750915585916,323058.6573198385,2010_tracts
Sloan Lake,2012,56,7348.672708014452,4579.893469773522,408.23832902474226,2039.02484585571,69651.52703535567,902.5621124684608,395282.4316035661,2010_tracts
South Park Hill,2012,57,8521.933207040629,6347.832992003377,638.6498668757602,835.514558955411,126414.98416305067,1572.0105789144336,551017.8484333004,2010_tracts
Southmoor Park,2012,58,4234.989142499138,3655.6481580623167,116.67500083740569,244.05202258313648,84801.9927465273,1747.6358018873827,474111.4682734544,2010_tracts
Speer,2012,59,11197.971791018095,9504.966792192896,154.0933010765911,1057.9619988273075,67044.79871257435,1057.3566414590139,403424.6210795602,2010_tracts
Central Park,2012,60,13711.312973156688,9575.099639488151,1481.4066048173208,1651.71459684239,152042.7544598213,2103.337713922342,532481.4601101299,2010_tracts
Sun Valley,2012,61,1411.797418459637,131.7053437902872,336.0545252528046,718.409196993916,13052.624079718527,248.66133363232524,4417.19588828373,2010_tracts
Sunnyside,2012,62,10612.45664353488,3952.2274844528097,299.46014893453173,5988.686295414482,65179.94127125114,1057.4564816526852,299072.03421113983,2010_tracts
Union Station,2012,63,4450.263506571652,3826.8966502527755,21.34094121893351,229.2432040128873,96710.24012094147,1818.4774935187904,627447.3858901542,2010_tracts
University,2012,64,9008.288989255443,7483.134053552923,224.56459182200098,777.8550418559543,58906.82720599237,1256.1947652511549,413590.4772565821,2010_tracts
University Hills,2012,65,5891.120470878931,4237.389352527783,667.0657569206791,743.399590270587,70777.79287976303,1541.1271893721976,306537.8746612653,2010_tracts
University Park,2012,66,7263.393174470771,5900.313310842783,115.73210664556115,391.57551598838,61872.464899427214,1141.341254940859,652340.834101459,2010_tracts
Valverde,2012,67,3676.8143601942506,561.8786085711415,139.11867167139246,2700.048832729382,33870.13230665104,768.2715368877073,188961.86846431796,2010_tracts
Villa Park,2012,68,8604.11553278268,1790.966708581659,70.8043973297296,6696.710097127608,45242.09510056198,1048.2917538142954,174958.48845905796,2010_tracts
Virginia Village,2012,69,12621.284726279795,8939.858056885781,557.3969162196887,2258.9535303797734,61948.49186792327,1096.595954898195,320965.68955538794,2010_tracts
Washington Park,2012,70,6809.890205862993,6180.225992741779,27.51162344752559,355.64168619172165,126481.63991901715,1715.8558865459931,655777.7039439643,2010_tracts
Washington Park West,2012,71,6890.362142568699,5857.649839094911,108.08366464178972,590.4602705936481,104832.73058103544,1337.3249692723796,506853.3492111062,2010_tracts
Washington Virginia Vale,2012,72,12614.372363598406,8203.685632680548,2068.136856609257,1266.062685697768,49522.8437655423,1068.5397668415947,284224.1826017015,2010_tracts
Wellshire,2012,73,3336.6019155038425,3102.0754082773783,1.5486842899173512,149.15825956691907,112643.52773307516,1586.845707699136,624965.7488622114,2010_tracts
West Colfax,2012,74,9448.115161571059,2985.241547767162,382.0540948848499,5781.587732471105,40092.09115500585,965.4414745261504,266385.5657597407,2010_tracts
West Highland,2012,75,8703.246806659039,6774.071963853066,97.08964637111752,1510.0238542831135,99880.28510583407,1362.981529771977,433193.68131437676,2010_tracts
Westwood,2012,76,16315.825430234028,1881.903957366548,190.12050524488356,13421.080027023265,40979.15891416007,1096.2630883079312,158680.5363266124,2010_tracts
Whittier,2012,77,4944.236585121248,2249.078991729038,1768.3255527167978,654.2442603302098,56151.25023922029,933.0406109012175,339973.7650497003,2010_tracts
Windsor,2012,78,12711.138039242202,7311.57600746467,2178.5775532504185,2384.5578757188578,40729.80730788891,1104.2979610652521,232233.8375128568,2010_tracts
Athmar Park,2013,1,8599.314285179315,1910.8349870292786,33.3288258536745,6116.663130206065,53337.62455267637,1286.4382397135307,180129.28998381473,2010_tracts
Auraria,2013,2,694.7782359372093,349.2804463958849,26.235856759817064,168.62152920858443,102052.7215489721,1655.010296714446,34570.5294991613,2010_tracts
Baker,2013,3,5307.624728445952,2849.3328335258384,77.47492359528188,2153.3043736136324,52782.7215287497,984.5253324743317,360240.82974761375,2010_tracts
Barnum,2013,4,5839.745795726987,1044.1702391332713,88.03328614705678,4641.016431741245,50096.40690215618,1257.5203127796703,179336.4249834651,2010_tracts
Barnum West,2013,5,5101.920581668877,1215.6696402622113,50.9530737140335,3580.665329946123,59364.229159962495,1450.7988996686674,175875.4105823659,2010_tracts
Bear Valley,2013,6,9414.305970237365,4679.883300734364,9.019454475881638,4427.072404204523,70376.32543270948,1214.498629859295,294506.6291309287,2010_tracts
Belcaro,2013,7,4693.952737066477,4292.898239133154,35.14343111827036,231.90756237858332,164206.11340349304,2119.4450043195598,836245.3353721398,2010_tracts
Berkeley,2013,8,8084.093950085791,5443.005817416964,68.64898875769765,2323.212574970476,74810.54444718617,997.5133784091482,373792.8106694802,2010_tracts
Capitol Hill,2013,9,14958.517375071557,11965.615300787485,315.77987407759144,1788.9172511766137,48970.79080612169,970.9943567110447,252824.03090806006,2010_tracts
CBD,2013,10,3383.547778933071,2587.0460817596986,230.88572029727732,317.7169795661214,65711.80610685366,1199.4408148721182,332890.2714866228,2010_tracts
Chaffee Park,2013,11,4058.4013446627855,1398.2859930083716,35.660332775007724,2466.477300594437,67739.24906236939,1276.36366035592,224984.72877559977,2010_tracts
Cheesman Park,2013,12,8632.965104712157,7098.035803720311,512.2879977840527,644.0284071857733,61585.90543974593,987.1360383581851,360421.9054152727,2010_tracts
Cherry Creek,2013,13,5418.694053096867,4930.171054837777,24.721448569185952,243.82177741656147,101504.33296841143,1517.3801256097868,754910.7208711536,2010_tracts
City Park,2013,14,2839.4011665515036,2089.4758699850904,202.3805072824909,389.44223493819106,84695.86356363614,1070.8695923215707,416582.34865619364,2010_tracts
City Park West,2013,15,4505.654555446679,2864.3689195587576,728.6556478641878,743.8186555399091,48254.459611537524,903.5194870624434,386105.62933693494,2010_tracts
Civic Center,2013,16,1577.9640447533493,1289.6206763931436,127.1199879381023,53.532042582799114,76882.36208910996,1636.1455058718216,456279.5769187452,2010_tracts
Clayton,2013,17,4627.696739093647,1000.089296480167,1366.5156472937947,2093.130298732779,54358.884168786535,1140.6449687559139,197630.19228928286,2010_tracts
Cole,2013,18,5026.596457572595,1104.944123497511,691.9312898559515,3146.4189970746957,49013.705394778844,1006.5823442577164,231261.89803344163,2010_tracts
College View - South Platte,2013,19,6448.960952418416,1200.3046405710318,196.12005996460175,4631.7140271790495,34953.995450598646,899.0982184283274,197159.7193787256,2010_tracts
Congress Park,2013,20,10504.33588832196,8379.041610809443,533.7633794909068,894.6476316495219,76730.18978910576,1189.5397992098756,495360.24957475485,2010_tracts
Cory - Merrill,2013,21,4080.3443449561505,3621.5834273344217,15.819920555611384,108.79575619849383,115776.91471245061,2204.67817729991,481838.02678967494,2010_tracts
Country Club,2013,22,3252.300460512974,2823.292871878112,53.01221663152784,167.0452077502263,176308.0614245264,1319.5461669513634,898936.2762378069,2010_tracts
DIA,2013,23,1057.6989981417294,354.7778705969502,442.83469678673407,145.9717077194328,56246.848069212785,1415.0369809645074,160762.03743705293,2010_tracts
East Colfax,2013,24,11051.579023967099,4186.270952113056,3136.1676474014284,2588.408319790386,51894.352467996156,1097.7079141727882,207218.7408755563,2010_tracts
Elyria Swansea,2013,25,6909.828142090442,757.0836466547473,352.39461053801364,5660.024496131761,42476.54857345188,1118.5046924989597,146314.59482569876,2010_tracts
Five Points,2013,26,12760.213419427964,8050.807595163951,2243.386145210093,2139.1212251522534,64152.0125438137,1387.8201651852046,362779.32563749753,2010_tracts
Fort Logan,2013,27,8416.112214844474,5100.9734084314205,207.79003362132505,2487.037052352693,80789.4600227189,1108.7479882835119,343619.76758078043,2010_tracts
Gateway - Green Valley Ranch,2013,28,31927.36572745806,5916.008373204408,8754.78901545583,13790.386086463448,83660.40459270697,1652.8083446003504,233612.57897447015,2010_tracts
Globeville,2013,29,3375.018517914014,876.5540700111102,141.3403681986551,2308.802983620289,34051.37357063586,1071.768695963572,159954.50007395376,2010_tracts
Goldsmith,2013,30,5116.99584634111,2983.6856666211156,470.1922309057577,1213.530339573813,33150.31124568738,873.3702842745788,331923.8455904068,2010_tracts
Hale,2013,31,6520.584610192956,4914.130871212021,419.22445819791,637.6080189301629,70049.68737501345,1145.9961931353068,373800.31797708484,2010_tracts
Hampden,2013,32,17240.09136954109,11642.49251914712,1904.2418621550412,2231.354011727204,52939.62248334834,1024.9596024680661,289477.4906222015,2010_tracts
Hampden South,2013,33,14131.947871415825,10213.866919625945,1560.8846149620408,1304.502924749143,74459.75796981978,1216.2670920953328,344718.02295271296,2010_tracts
Harvey Park,2013,34,11474.514004599616,3834.6880347532788,73.02648561710546,6487.5270320239915,61564.91484260243,1105.1067838468255,232753.91186667953,2010_tracts
Harvey Park South,2013,35,9041.762299910273,3728.469303226004,106.92610078074738,4391.1985561138345,60257.31380905456,1423.0602976055343,275768.5446576489,2010_tracts
Highland,2013,36,8376.57517621327,5285.389837568843,338.56217609948084,2534.4628379000123,64286.24916079131,1253.5089224715077,375291.33488877566,2010_tracts
Hilltop,2013,37,7867.7229656995505,7165.761993763918,243.4919128091578,181.43177913579666,144443.7869420209,1959.9974718421001,786424.0562884378,2010_tracts
Indian Creek,2013,38,3275.1567204167113,2296.331100796075,495.84877520700485,342.15080916449136,73820.99318946035,1366.5725938229073,217418.5565684881,2010_tracts
Jefferson Park,2013,39,2616.8221991620762,977.9535080870462,87.85956167117683,1432.8125476291857,51316.4815358356,909.6484101719263,318416.8150306791,2010_tracts
Kennedy,2013,40,4045.9192121967517,1508.3989224216393,571.5328556418368,1094.0994322158863,35495.69026127352,993.7029228918103,1.6871230809000137,2010_tracts
Lincoln Park,2013,41,5990.080575280654,2500.6459007354138,637.2294503750637,2551.702791200469,40076.87356388158,928.2882181717009,274092.81374453596,2010_tracts
Lowry Field,2013,42,9585.056143589101,7231.3545063390075,1042.5778977747555,838.2955745757097,87948.13687537989,1379.245746376302,560238.800035096,2010_tracts
Mar Lee,2013,43,13976.090693687287,3067.0720369845503,75.78010249936891,9876.145200491374,54143.29934931878,1193.9838747408255,190387.69883787053,2010_tracts
Marston,2013,44,11135.614896739135,7904.757680731453,0.006606139152839131,2215.0192522832845,73285.17905007447,1223.6606107981315,312927.76330605184,2010_tracts
Montbello,2013,45,31456.540615976282,2921.5432188433874,7987.1568330865375,18902.466440038712,54499.433650937106,1357.8066527178407,179774.40646773324,2010_tracts
Montclair,2013,46,5935.8680939723445,4687.613974022337,357.41542983349376,821.0417554156609,95231.08808915314,1275.2126416935357,436302.2720147633,2010_tracts
North Capitol Hill,2013,47,5546.309091398181,4304.724520375839,322.1215599724981,507.17994174912224,57175.900684456945,1165.796839130647,390377.6210686532,2010_tracts
North Park Hill,2013,48,9435.803945301592,4614.951272896281,3520.3191226694357,865.9386962113459,89568.87031763754,1343.1290056911635,379081.45973389706,2010_tracts
Northeast Park Hill,2013,49,8201.421089047355,1393.8051548062815,4021.4275662881228,2139.1982250657843,40876.16534681429,1195.2652597413055,213280.05262636495,2010_tracts
Overland,2013,50,2536.411057304025,1448.0531373056276,166.2416683914919,840.233699515393,57447.73902923203,1324.9741094318156,208058.22008885257,2010_tracts
Platt Park,2013,51,5352.399947969535,4716.37834061845,21.04086755547157,194.98135641510262,98399.58801540716,1170.9305315172508,475545.7649931211,2010_tracts
Regis,2013,52,4311.633293172676,2548.5468156137626,94.6425215893034,1295.7299059424042,65325.84841317827,1277.6149950562658,284418.38282193104,2010_tracts
Rosedale,2013,53,2807.7742854445614,2417.6571886472866,24.888764448311687,255.26091543900074,91625.8799477452,1287.767241711649,403393.2847107725,2010_tracts
Ruby Hill,2013,54,10029.466626636935,2296.849761663851,187.12559398700276,6761.950622897003,44343.66280403169,908.5023680843775,196747.19473294585,2010_tracts
Skyland,2013,55,3241.21609823333,1125.9748232883605,1346.351780188408,646.6513087316157,77690.61554285856,1209.6170120599577,325164.6420550742,2010_tracts
Sloan Lake,2013,56,7483.480377751634,4375.346060359298,531.9925032958878,2196.7591768180987,65123.19387290206,912.4098665543969,404358.47163635015,2010_tracts
South Park Hill,2013,57,8692.15353593806,6632.009221251099,662.5876523861873,745.5868269170481,129618.41468748757,1522.3938744128088,555988.3213639543,2010_tracts
Southmoor Park,2013,58,4483.651699912789,3897.5855788000213,105.86596409487481,221.16849043478285,87719.22139726812,1695.3431472893283,463433.28177171084,2010_tracts
Speer,2013,59,11639.888067701551,9792.928356788061,139.05372857851114,1241.8577475021698,65174.12630358156,1079.2694448330335,404268.49872267066,2010_tracts
Central Park,2013,60,15015.888698322187,10556.328739971997,1534.9861214403,1749.8771992784489,151113.64555263612,2062.2390994016514,535530.0650994132,2010_tracts
Sun Valley,2013,61,1421.547714797646,141.86265490835007,297.97109744686986,682.7837088755638,12446.14297917905,270.35650545216015,4501.83850956403,2010_tracts
Sunnyside,2013,62,10597.445665798972,4044.4287094821498,329.9040086725202,5789.378872913542,61169.86540659249,1007.0969758167167,308651.03616409155,2010_tracts
Union Station,2013,63,4539.575517324824,3906.4140515674635,38.29237941605492,261.61919928153475,96874.21782838547,1893.872343614794,618756.0051839385,2010_tracts
University,2013,64,9287.914342477075,7645.397538944151,216.64187010269134,677.5167516662482,61480.47621132879,1225.2275541149831,420335.53792160226,2010_tracts
University Hills,2013,65,5898.47550144668,4461.856154137761,553.6048782862018,653.6370972260983,71454.35139996375,1532.7984324419485,299168.3912434844,2010_tracts
University Park,2013,66,7531.865328416474,6253.0798504057375,132.72133044682855,412.2743077922526,63578.853858569804,1102.7815358053413,697899.2079914337,2010_tracts
Valverde,2013,67,3635.447453847282,596.1284619335518,148.92495283145738,2626.398379208219,31203.713336019984,872.357176593734,184440.75139887354,2010_tracts
Villa Park,2013,68,8511.049572608536,1858.0374218291122,107.87475072747142,6476.685817636088,44064.11921493708,1072.4152059981864,168576.81727772302,2010_tracts
Virginia Village,2013,69,13058.954734187453,8931.945939344423,653.7874277354042,2590.2039959609538,63933.681833139315,1179.596487025541,342352.77555384097,2010_tracts
Washington Park,2013,70,6776.275569878391,6016.996643337439,25.419310461106228,450.19688922514223,122131.33663189257,1640.9168487195946,672600.0718333541,2010_tracts
Washington Park West,2013,71,6803.976089405103,5876.451293729717,82.08615727504568,514.4056545414002,99274.54426718771,1362.543652440441,513332.9582933795,2010_tracts
Washington Virginia Vale,2013,72,12549.231154178995,8153.366942158698,2008.3394612176492,1215.4399391911663,48553.79366786621,1090.7752348132435,302946.2808301507,2010_tracts
Wellshire,2013,73,3325.0303935312254,3170.872608504584,1.2090583569641395,70.36506777073616,120822.87264140423,1563.973081688848,630050.6262195113,2010_tracts
West Colfax,2013,74,9220.12631172986,3172.7223437459206,630.3351758280467,5090.7377854701235,35077.86247638258,935.3477246789366,274350.93019902246,2010_tracts
West Highland,2013,75,9006.09315682907,6826.773446388681,319.0870057969548,1588.1076458435896,94916.87239365009,1244.8151993007618,426415.46479006077,2010_tracts
Westwood,2013,76,16940.8517719015,2012.8330140263886,276.1011025905467,13442.922783176,39584.303317700134,1065.3633352931354,146714.1487124703,2010_tracts
Whittier,2013,77,6099.173429131203,2823.0837133818577,1618.5827827163296,1409.8607544678894,64382.59337916277,1100.452135919769,364074.19876612205,2010_tracts
Windsor,2013,78,12832.542480454089,6772.133502902356,2455.357138101877,2794.4289557134744,42634.97623927091,1106.8915369928914,234523.32024937306,2010_tracts
Athmar Park,2014,1,8892.188343739695,1966.8258862630448,76.50615174548994,6413.652050431559,52019.16233210803,1279.4117690690066,184456.09010486264,2010_tracts
Auraria,2014,2,759.0622461959881,440.0895307413729,26.61818076383159,115.93947200991406,101004.31976600086,1529.4282892746792,550693.7643752547,2010_tracts
Baker,2014,3,5639.590339379061,2931.323259827763,150.45938307283365,2151.9139274967715,51326.80866704467,1017.8144730574472,372497.8986580979,2010_tracts
Barnum,2014,4,6320.620397539878,1094.2695888335898,97.07555195892768,5074.793499566393,48414.591344978704,1139.9360622327301,175980.20539198452,2010_tracts
Barnum West,2014,5,5403.611771151018,1287.5799847231722,107.8698789591375,3713.5706641727106,59821.7145025159,1393.0184378544657,179491.9302564721,2010_tracts
Bear Valley,2014,6,9467.614496215772,4380.2463310579205,212.92129075163945,4257.945249485529,70795.02003877635,1184.163020006507,297673.4835596282,2010_tracts
Belcaro,2014,7,4688.650244618792,4442.73537038182,33.149007018281885,174.5574985883809,155178.4297474535,2150.496202275596,841385.0118625364,2010_tracts
Berkeley,2014,8,8490.647576549189,5573.138413961602,66.6593866804263,2561.293470753201,76506.1894331034,1017.9010223504685,386031.79395035905,2010_tracts
Capitol Hill,2014,9,15366.160859093196,12257.434079110099,410.6023766392349,1679.068897503843,50019.55584399201,976.2866944147866,284449.81693091703,2010_tracts
CBD,2014,10,3552.0036716554123,2609.6658314567335,313.61679297003303,342.8793402659877,66439.32674756713,1279.245909691281,331857.4187647611,2010_tracts
Chaffee Park,2014,11,3811.7944820962434,1402.2633808882752,31.82535689237028,2267.757528635899,62740.946326343226,1289.1026716048868,229804.46902785634,2010_tracts
Cheesman Park,2014,12,8168.278979292041,6813.109355534983,342.3422722341251,574.3319820553224,62494.83511158494,1037.4379471369605,312090.2506480967,2010_tracts
Cherry Creek,2014,13,5907.975241930037,5310.565294418223,22.728580168441333,284.9948179386855,111149.35336954221,1562.3605348714113,748553.4749648456,2010_tracts
City Park,2014,14,2868.3282004784837,2229.5897852246944,146.7703592688679,349.7892654828641,74787.81625584852,1116.9891281779026,416545.79676227417,2010_tracts
City Park West,2014,15,4499.460422111207,2840.8211845138003,797.7836461298107,646.3308209414597,46789.418123669006,885.5262334579286,384499.19407197257,2010_tracts
Civic Center,2014,16,1894.8821852912686,1558.0538517090404,103.62320638301023,124.58020163257947,84281.58127139181,1733.43471205479,457285.0069332219,2010_tracts
Clayton,2014,17,4486.470474280863,1105.4977278195156,1230.35442282165,2000.5408070115147,49964.92060988559,1115.052759207413,187927.03289616262,2010_tracts
Cole,2014,18,4866.413008628183,1331.1924701870926,629.1499378796602,2810.8108884479934,47045.161379533485,1025.2964706191292,236875.92272038743,2010_tracts
College View - South Platte,2014,19,6348.839743360829,1231.9018775688057,126.44764670185147,4456.383616995473,32914.22360707965,845.348163499992,199330.0912260795,2010_tracts
Congress Park,2014,20,10514.849013203442,8633.023864368837,546.9173157826159,762.4015949409393,81982.2408930515,1281.9909596695286,512866.7298790408,2010_tracts
Cory - Merrill,2014,21,4611.189228289672,3973.516636689894,47.45008052568012,341.0878017077811,115568.42042975733,2150.9970106806004,474766.1421748766,2010_tracts
Country Club,2014,22,3108.459710154628,2820.227523038568,0.33674791367833856,80.8996710904196,159641.8329829323,1447.6575827193099,898228.1437286795,2010_tracts
DIA,2014,23,1228.2611050617754,457.5642004232713,392.62900521891163,252.4137306022754,59423.10292864306,1371.198048183626,151376.71445687805,2010_tracts
East Colfax,2014,24,11254.607998321688,4159.315593571357,2631.3405946851344,3081.290920400935,51023.43570981568,1100.992188019584,201815.31354999266,2010_tracts
Elyria Swansea,2014,25,6599.581005489499,805.4702947629416,376.0096750785104,5339.312481855833,42029.87050657124,1089.7399181378173,121518.60454155393,2010_tracts
Five Points,2014,26,14220.421020511527,9148.569016828742,1896.738555523188,2738.4277053750084,67729.58147592172,1451.6738147753292,344292.81576506596,2010_tracts
Fort Logan,2014,27,8585.596212711456,4959.904025852757,198.13508287454243,2551.292635198411,79935.27253033571,910.7430091021665,329917.94004766946,2010_tracts
Gateway - Green Valley Ranch,2014,28,33380.6191010062,7463.662791880958,9113.925978481084,13687.123146313068,85885.5967807843,1761.0632434602237,237934.78951879436,2010_tracts
Globeville,2014,29,3462.56433536182,967.3912419237865,123.81573775836904,2318.300678622664,33796.40771533932,1062.212433426875,146503.8858270719,2010_tracts
Goldsmith,2014,30,5105.477399035398,2794.1394185601353,587.8708742823848,1184.783811962325,35400.72187567517,897.8748830502356,338365.22373204964,2010_tracts
Hale,2014,31,6912.822576961675,5088.218058724715,528.67618149946,726.4593551260642,73128.4485688756,1122.7914456515668,385538.7730203571,2010_tracts
Hampden,2014,32,17418.16906853674,11310.080945415906,2127.5631541334187,2389.4258888094596,56924.01229435238,1058.5040697300353,287961.5509864439,2010_tracts
Hampden South,2014,33,14279.733871192515,10192.487764755484,1646.7233249497517,1361.9655915268659,75771.04235167979,1245.7423563275743,350222.9147532668,2010_tracts
Harvey Park,2014,34,12305.95332596566,3831.2835337266833,54.9959356717027,7288.40052173354,58101.080114977216,1140.69111223821,229527.7746768161,2010_tracts
Harvey Park South,2014,35,8996.512279969545,3643.4777730611786,85.81337428315865,4361.767718914059,59829.019306723385,1392.6046184607244,275267.4247911186,2010_tracts
Highland,2014,36,8401.933245792618,5578.9079488791895,361.44938144371264,2240.460919220764,78100.88073343615,1421.262854183534,395869.21010909346,2010_tracts
Hilltop,2014,37,7938.57608575903,7044.102829775788,291.0566455461823,207.96696104123532,148048.42949713496,2027.2643396468054,805918.6638424715,2010_tracts
Indian Creek,2014,38,3290.2604100991666,2214.520133802791,487.0664871776396,355.13648562012,69625.18321192807,1385.5782092868753,241305.04046736035,2010_tracts
Jefferson Park,2014,39,2560.8562080398065,1016.9567810649307,118.66322849550595,1330.887613756325,55544.32286950437,930.7025955349603,343072.60186677554,2010_tracts
Kennedy,2014,40,4238.940044105367,1541.3534682045154,514.0977673533998,1292.769276850204,36897.14809115224,1054.4846898203045,1.611779297092114,2010_tracts
Lincoln Park,2014,41,5730.203830206399,2639.1790805678197,556.7951307332755,2271.275102941289,35214.382533045544,921.6139293228163,266626.3849816985,2010_tracts
Lowry Field,2014,42,9664.458233833124,7165.12055839495,904.4978419168403,997.4774755457588,94304.75941660348,1451.334687361906,555364.9618014368,2010_tracts
Mar Lee,2014,43,13363.85013291894,3056.798305832802,93.70130136382373,9407.343034707514,52922.47277902859,1212.4146882637276,186457.59466154015,2010_tracts
Marston,2014,44,10735.066183263774,7495.222169324645,0.0075236584796223435,2015.6148633172543,72871.31330593057,1281.0900956505466,307361.35199096764,2010_tracts
Montbello,2014,45,33171.03337666586,3460.7101652721763,7691.994887294365,20392.521227507816,54635.86470626878,1341.0533065870575,179793.72264421385,2010_tracts
Montclair,2014,46,5927.9735263057,4731.434332785272,263.8584096686944,772.3418809808885,96873.73678871217,1451.32025533896,430326.16161392874,2010_tracts
North Capitol Hill,2014,47,5612.238900177298,4388.360626532574,326.13582427014217,459.31047330728285,59190.61639285969,1187.47702568773,385011.21406486176,2010_tracts
North Park Hill,2014,48,9981.81930022394,5227.522217299261,3240.4063684848475,1155.121608445906,92341.85917258119,1320.390414019047,383445.098338006,2010_tracts
Northeast Park Hill,2014,49,8801.665614350935,1568.0998372757958,3953.2540232646984,2416.7417905791726,47071.82554441311,1197.8431941585663,217519.7641567558,2010_tracts
Overland,2014,50,2998.037260477883,1680.6118518771152,290.3175911819949,828.5633028959892,62847.7357563169,1427.5990991388603,208737.01864003882,2010_tracts
Platt Park,2014,51,5515.1722603050275,4764.355980833409,77.92396701633129,263.7984396303214,98972.45338051287,1125.0845218139395,484393.92780248116,2010_tracts
Regis,2014,52,4257.971521256847,2626.5996209074883,95.61814341752101,1202.0664863893016,64446.30133784076,1159.5614014235427,287913.58678402915,2010_tracts
Rosedale,2014,53,2530.2255175170208,2203.193299964844,44.362380618837626,178.51478959649305,80123.14695079435,1398.5145442710611,392818.9466278144,2010_tracts
Ruby Hill,2014,54,10315.999275822049,2202.3650708172268,359.17622653446756,7022.771618950469,39673.50217423141,846.3126275694924,199338.1579281654,2010_tracts
Skyland,2014,55,2964.4664235460036,1250.138547417431,1136.968149978236,442.25324511848197,75842.54631087233,1316.2013641145122,331327.41271428386,2010_tracts
Sloan Lake,2014,56,7614.083113706869,4537.953191685529,665.7383422081554,2067.928046271309,71320.57452600589,902.7555253788622,412749.80446165096,2010_tracts
South Park Hill,2014,57,8921.128608881254,6649.278171746278,638.4652279412692,1028.4063590603705,128628.83093428664,1401.0352889038365,540797.4484056361,2010_tracts
Southmoor Park,2014,58,4577.791917615341,4118.14264109004,99.81857053798838,131.07146016242697,84223.16241396106,1619.355582625343,482629.4285652209,2010_tracts
Speer,2014,59,11677.077920498912,9935.359702348755,160.10584765617594,1134.5080878123108,65382.82018322245,1094.1104912682601,410554.34480105684,2010_tracts
Central Park,2014,60,16329.694550180599,11503.172325838977,1668.1590141104298,1976.9165182161114,152429.31575962767,2133.901062790964,531182.6849395736,2010_tracts
Sun Valley,2014,61,1441.1226164368736,145.6215099983261,290.10927120419495,712.4724618120249,12016.774079626086,242.0580021372765,4595.574742526007,2010_tracts
Sunnyside,2014,62,10520.981269379201,4106.66969460898,303.8156341482602,5556.926587736737,60693.303516442276,982.634275762192,320744.4519607541,2010_tracts
Union Station,2014,63,4647.076195311891,3835.710504939276,63.93482981744916,414.09508925866567,103369.1755310479,1969.8816542187476,583105.9082513523,2010_tracts
University,2014,64,9364.497269764319,7351.209322467341,277.33263066656184,725.1838676902563,55015.68349161189,1174.9567308942335,423594.970288436,2010_tracts
University Hills,2014,65,5887.490954019658,4610.5493813769235,550.3282377733882,382.0869314850484,78221.53528764028,1554.155900729786,299866.9839372988,2010_tracts
University Park,2014,66,7746.071964273193,6292.594671778501,154.8494526343168,451.7210749170453,62665.174432502645,1186.9664967350477,717786.6556450019,2010_tracts
Valverde,2014,67,3652.430167625748,539.4677246051293,155.057366978119,2734.4271356326917,33212.94874209994,877.0390475342077,185025.37621991642,2010_tracts
Villa Park,2014,68,8827.286085668726,2001.7514737078102,114.10131138599789,6543.830914529189,37801.60030364606,1073.4491092071096,162747.2051366809,2010_tracts
Virginia Village,2014,69,13737.503825716467,9493.596849984664,671.8827049247292,2816.320603984152,66769.03587971703,1238.7315931694175,338516.6753398191,2010_tracts
Washington Park,2014,70,7083.238716734698,6306.59212013194,28.893580378851897,430.93465308169056,122654.31597089965,1869.840032527011,693666.2650393397,2010_tracts
Washington Park West,2014,71,7014.440593143839,6062.6491187346965,97.22948246881577,485.5064595342225,100680.28183069863,1449.6433329539252,528197.2147520272,2010_tracts
Washington Virginia Vale,2014,72,13107.586130954991,7904.9359394533985,2492.3579047401495,1367.6670687418132,52004.17383708476,1095.4425545171432,342591.5531544573,2010_tracts
Wellshire,2014,73,3357.454130416796,3138.716546631506,28.6944735373627,106.25379116651196,127099.82247881209,2351.4328436763117,621551.7304060444,2010_tracts
West Colfax,2014,74,9306.282643792187,3353.3663687863973,727.909300115548,4878.243721478563,32394.307087561414,894.1370739920885,273939.1009608073,2010_tracts
West Highland,2014,75,8820.534475099164,6942.073420447801,310.12707464567313,1380.185554468445,99633.37286709587,1281.11980601555,431116.65093665745,2010_tracts
Westwood,2014,76,16895.893452626253,1929.1454830792118,253.18439258237902,13654.298295476012,36386.12369160181,1019.5762053133791,147047.14266050048,2010_tracts
Whittier,2014,77,6529.440758900542,3041.8098177028382,1778.25089800375,1496.6607119895293,73156.97660257689,1181.7546387495802,379522.3584680948,2010_tracts
Windsor,2014,78,13105.166846883154,7074.101380981232,2181.0619669939456,2956.1714431533874,46838.09632737823,1121.2115733538776,218710.45680934022,2010_tracts
Athmar Park,2015,1,8670.804191445523,1802.0311905355475,77.63411859266476,6298.941951627768,58759.1343809314,1237.7210962283787,191421.0231652639,2010_tracts
Auraria,2015,2,878.3216157760079,492.85956433432796,25.74685967821848,161.1327589152978,100770.76516419825,1473.107656440704,552304.088536105,2010_tracts
Baker,2015,3,5794.250186192259,3227.8666557332226,184.2288271253671,1978.255744183492,60764.08683518754,1046.1073261257338,384523.31468213705,2010_tracts
Barnum,2015,4,6603.869928507517,1372.8724356146147,72.03659004154672,5093.360327938664,48800.46200190067,1180.5818414945918,178768.61735937084,2010_tracts
Barnum West,2015,5,5854.009554378431,1251.7073177725326,73.94959454354228,4195.813143323671,61575.36392669647,1338.3216391733858,192737.57552044236,2010_tracts
Bear Valley,2015,6,8969.258045170907,4164.335043889336,400.11697177116025,3828.883451673405,74376.76339277418,1201.1806405607867,300349.8369988174,2010_tracts
Belcaro,2015,7,4781.517038928996,4465.387852291272,45.45527691129772,221.2998315113504,161361.75556160638,2116.452265511435,914825.7350644947,2010_tracts
Berkeley,2015,8,8629.025028496315,6137.7587202237055,42.943086956288184,2211.5159988372625,80153.5272204696,1034.8119757498946,431135.3272835196,2010_tracts
Capitol Hill,2015,9,15687.734953709996,12359.46921048111,654.2239846412219,1552.1991184458377,53456.31666945231,1031.4400065360455,275909.1036865864,2010_tracts
CBD,2015,10,4046.8691655492553,3023.6507028398587,299.6511956833146,405.7471223429832,71947.70325227428,1482.1642832901928,331337.46465734503,2010_tracts
Chaffee Park,2015,11,3887.3132864616064,1449.4813864953678,56.68501047649217,2249.538316390961,59249.89881018521,1369.1101476762942,240384.73273293002,2010_tracts
Cheesman Park,2015,12,8531.65984158265,7177.362019199419,296.67510068065536,601.2751675621946,69272.61189372904,1100.5766126410663,341458.2523107322,2010_tracts
Cherry Creek,2015,13,6183.016311376711,5367.774216484083,52.29341285085611,367.8749250570403,111135.21450872811,1653.004065549797,796987.4428101028,2010_tracts
City Park,2015,14,3199.127257421354,2577.8765502536307,231.7291752005575,262.3071019843474,72234.11304403913,1077.4899738400445,423965.0039081567,2010_tracts
City Park West,2015,15,4668.965293194936,2837.665801961745,779.7057418761217,741.8303870098765,47186.69776474721,948.5608373250874,404689.5618856264,2010_tracts
Civic Center,2015,16,1786.0484514912278,1462.371801635921,112.77667889217577,96.91896226544107,85664.35404298152,1667.2374303383094,457267.0993686422,2010_tracts
Clayton,2015,17,4225.168108469363,1207.8671583963512,1100.1975411021854,1793.8390813124447,48320.40444833658,1129.7844584138013,208697.52129824116,2010_tracts
Cole,2015,18,4606.948060660469,1455.0701034217104,588.720487782857,2434.9272053231075,47329.33812652454,1036.280595934881,255374.07317356017,2010_tracts
College View - South Platte,2015,19,7093.182436021721,1296.790612115447,113.30565457213153,5203.570400902252,32492.85993925885,867.6151398481346,206049.28780463437,2010_tracts
Congress Park,2015,20,11214.191725303393,9157.089078356523,529.8812845734731,1072.2230596963227,86102.58239443219,1351.771200308366,562520.5252098808,2010_tracts
Cory - Merrill,2015,21,4664.590564634941,4029.8850274846814,51.40353603642585,359.8621313798098,116794.10249720096,2115.1312334279924,523596.6358881731,2010_tracts
Country Club,2015,22,3206.936920200702,2889.769613341089,0.47106670471088585,108.52178943482754,164921.9059487657,2067.4655650283194,1012960.7073052383,2010_tracts
DIA,2015,23,1218.732656518562,393.6217515812299,440.95166132020006,253.62722051728628,55919.989337091014,1460.8861079685194,154001.39821217873,2010_tracts
East Colfax,2015,24,11254.666227714184,4199.399645610565,2815.230432064047,2776.405010999224,49876.85301907876,1132.598826532822,209566.72514426266,2010_tracts
Elyria Swansea,2015,25,6648.791055420235,828.8075361037252,252.57895041015897,5505.299251947237,48723.76111808573,1116.9649986288362,161990.84884790753,2010_tracts
Five Points,2015,26,14666.637375343,9478.965743884493,1448.1707324757783,3073.1178219357885,76342.00772974174,1528.0517103929346,369119.48727066617,2010_tracts
Fort Logan,2015,27,8593.590692547548,5019.195924833539,263.27525075429156,2555.2720517848848,82616.1813928842,557.454396864294,337209.8054148696,2010_tracts
Gateway - Green Valley Ranch,2015,28,34902.808929415216,7921.5617781010105,9467.352557930091,14342.765908383777,85645.65129856898,1800.1643688653096,248477.30340784666,2010_tracts
Globeville,2015,29,3572.068095669342,1178.2900081016364,117.46458994773532,2177.0556590789965,37337.35046493007,1143.714699236658,165547.24084906932,2010_tracts
Goldsmith,2015,30,5213.155768523358,2847.2087916772484,515.6677078118923,1349.1420611721433,38874.44906166225,954.9061057861167,339929.4645529423,2010_tracts
Hale,2015,31,6828.732205132025,5078.451799988412,362.9470731637989,816.8267718795279,71410.09053730228,1112.3998492251412,350497.58478912,2010_tracts
Hampden,2015,32,18538.623438296177,11518.975678640278,2784.9883223394963,2469.136291969791,63820.24071100155,1147.8889640534737,300115.2203802289,2010_tracts
Hampden South,2015,33,14832.582289205937,10613.780016067418,1326.0440647955277,1772.2760562882984,76909.12760863916,1346.5007440314707,372510.5641954684,2010_tracts
Harvey Park,2015,34,12610.917337067205,3853.8573761862194,212.6848970978768,7489.427761893523,57546.736256534,1112.7446267532248,240109.59522403317,2010_tracts
Harvey Park South,2015,35,8867.27356142893,3572.7848033941436,150.0346860328403,4301.48407417662,62828.87318621506,1470.1047338396452,283586.07850424387,2010_tracts
Highland,2015,36,8989.049795417468,5889.89195356474,330.5441895298752,2442.6369637544703,82974.50132807023,1601.5058563661933,461063.79888838524,2010_tracts
Hilltop,2015,37,8040.25353105663,7206.127120062502,250.41089972625696,206.6756012414402,159648.18220454268,2105.4544072552317,861427.2407372693,2010_tracts
Indian Creek,2015,38,3503.5625555297493,2256.2290029350133,504.0034463092271,504.8240531546829,70293.6416882101,1497.438434415268,261396.4133394603,2010_tracts
Jefferson Park,2015,39,2816.465069960926,1109.5989659873724,139.8942696256802,1445.591189121571,50348.00984746606,990.1744123230617,362679.7989390423,2010_tracts
Kennedy,2015,40,4340.629929620573,1450.9634478040723,642.1518104144656,1266.40497192126,38753.723033492104,1127.3197631517978,1.8026368208755135,2010_tracts
Lincoln Park,2015,41,6017.948539730388,2580.0456627641847,626.668436194256,2568.374384639775,41539.49109651763,965.4452483817723,277768.3217224776,2010_tracts
Lowry Field,2015,42,9692.752288315323,7667.189321782821,544.2378173195538,916.289189261362,96497.47048787485,1521.5874457821492,556378.2330170061,2010_tracts
Mar Lee,2015,43,13638.27244313927,2971.5281550321515,138.69350030899182,9481.274535543012,56749.19518961905,1179.6082982685057,180974.32749440186,2010_tracts
Marston,2015,44,11070.020253406536,7922.287995555457,18.793859419549275,1783.4889806081906,73076.76268372651,1313.9267349650493,318150.10656398296,2010_tracts
Montbello,2015,45,34365.864781921446,3944.733398718191,8120.294939194948,20828.978373511585,56979.123249294076,1387.5016683145805,195820.35030777688,2010_tracts
Montclair,2015,46,5880.268598375823,4672.764778891847,117.61257644274761,846.9731910100597,96152.0267934595,1575.4615947707605,430436.168101611,2010_tracts
North Capitol Hill,2015,47,5934.813278338332,4656.16638679551,349.9064334412433,452.08770272358544,64563.94589151888,1289.9428430110381,390861.63524769025,2010_tracts
North Park Hill,2015,48,10546.439974645533,5548.570649818037,3094.685652360194,1155.579516550171,98190.0057777116,1227.9348597747694,405462.9087443818,2010_tracts
Northeast Park Hill,2015,49,9044.047691983438,1799.1536815940874,3776.932034583047,2730.021451580049,42953.06888944649,1208.782667243757,235301.57212616678,2010_tracts
Overland,2015,50,3228.0354486692195,1806.3957756622317,344.5271697095713,891.183121743741,62795.51697459854,1433.2102584707413,222578.25360670785,2010_tracts
Platt Park,2015,51,5732.6145041088375,5119.339815857289,82.94057973174827,302.708243913738,121663.37756245253,1176.8463655378903,522820.94071184326,2010_tracts
Regis,2015,52,4115.524372428214,2747.5902716005985,51.71232378071009,1204.9912681825506,69999.07305032374,1254.4961998066196,294734.6580151566,2010_tracts
Rosedale,2015,53,2458.751628800238,2155.8457558412915,42.140344162803984,174.28025048536867,79721.46204238212,1406.603428764864,423402.66222827876,2010_tracts
Ruby Hill,2015,54,10806.162712231751,2277.9002277916625,480.2011600167916,7139.555522801083,46373.461131564756,896.8241561982372,204779.22016543546,2010_tracts
Skyland,2015,55,3127.0052221686815,1276.1503319792214,1183.4779639797598,528.3340639275411,78733.28915503813,1309.7028460852493,333817.9741899867,2010_tracts
Sloan Lake,2015,56,7801.829029597022,4496.003659554215,620.856036783159,2307.558891373472,73929.0241806585,930.1345489622386,436688.5385468486,2010_tracts
South Park Hill,2015,57,9152.577453106775,6965.707477950606,631.5556451477859,1030.252215494474,130419.09231515307,1284.7704210882605,570808.1568785976,2010_tracts
Southmoor Park,2015,58,4780.3979790516905,4166.148010381959,168.64410227982643,175.54273119187417,83257.17165418985,1659.5486770908328,431751.3364880589,2010_tracts
Speer,2015,59,11766.987221302064,10084.772385982802,192.20187466725028,982.8542521213433,65448.31534848854,1158.5521743263173,432184.12373251753,2010_tracts
Central Park,2015,60,17649.62412881184,12475.336261232176,1448.5613840792862,2163.186477738078,152316.46680354583,2095.690470475853,541475.7440365921,2010_tracts
Sun Valley,2015,61,1446.6535749367652,228.64139996803576,378.35027463523784,661.4224569009189,12568.351432936475,286.4215149324963,172214.4208614106,2010_tracts
Sunnyside,2015,62,9928.322797608022,4262.258475722947,277.3945399899798,4964.488674936104,61786.35923479371,941.6396073311155,341245.0587182026,2010_tracts
Union Station,2015,63,5010.56002693572,4176.959640760917,61.84540668169957,439.2584449025982,101173.43477468622,2003.477511443289,613211.098240438,2010_tracts
University,2015,64,9332.892816946292,7280.021118846899,239.5035428828338,658.6052336057744,58608.35933963323,1210.8327059775213,435508.96712767996,2010_tracts
University Hills,2015,65,5981.496984030564,4623.843848911308,392.78898071161115,630.7003014550959,78182.88094087888,1606.3607267818477,320904.0491663878,2010_tracts
University Park,2015,66,7568.502894672464,6353.5853504317065,119.09013175888634,442.88774505008445,67699.16873945063,1237.4598812328131,764984.8203016178,2010_tracts
Valverde,2015,67,3753.2267087650885,428.6084380259427,113.3683481785047,2903.204041070401,33654.73954723214,894.5045512061082,195493.3394190444,2010_tracts
Villa Park,2015,68,9075.420489191058,2182.402070749068,185.9847536227841,6561.891468626778,39951.74582105087,1112.7165546780457,181649.1227243027,2010_tracts
Virginia Village,2015,69,14056.633074957148,9624.396772225306,855.0505742864386,2690.816923598384,67752.92831121518,1163.9626059610946,347968.38998249563,2010_tracts
Washington Park,2015,70,7304.266776853902,6540.601093578427,34.72156543643061,363.92923503976243,136741.71738241933,2027.0493595750027,716423.3560386937,2010_tracts
Washington Park West,2015,71,7284.899550906832,6156.512989854267,109.25096088228125,535.5007705664649,106294.91274003265,1509.323586396905,550238.9473695232,2010_tracts
Washington Virginia Vale,2015,72,13573.29738714888,7619.591721173007,2489.7975603762147,2016.5843780534055,52020.83168848268,1167.179020183895,363288.1432173894,2010_tracts
Wellshire,2015,73,3332.8728943628516,3070.5652132383457,30.23058628109605,179.08570388215574,122952.01910169696,2245.6404868470786,657299.958164507,2010_tracts
West Colfax,2015,74,9152.225881932509,3135.1012834045428,855.6130670462109,4704.479285594601,29903.513240232147,911.0895441760624,305807.49616305245,2010_tracts
West Highland,2015,75,9231.417874336716,7323.180861943523,309.096735973762,1411.0188686507072,109496.39802479222,1391.577693661771,467213.54836463666,2010_tracts
Westwood,2015,76,16582.533850744192,1898.796729900947,478.1451838175997,13255.449700051671,39363.23844214427,1044.034282115891,159913.82126635115,2010_tracts
Whittier,2015,77,5980.407043765138,2977.9236526203567,1463.737448955619,1354.944202267357,72674.59724280986,1085.3185012676995,402404.09487138956,2010_tracts
Windsor,2015,78,13381.155296053661,6894.733924426363,2501.6701062511365,2990.216569293494,49009.076245827026,1133.2978008140403,214215.09524526933,2010_tracts
Athmar Park,2016,1,9204.863417494797,2051.5078881462364,104.41146361616993,6420.000908159768,61760.16557878906,1258.8220246613707,214781.8825748927,2010_tracts
Auraria,2016,2,867.5384133557619,539.2108828284005,22.644246253974885,183.77090997638211,102819.22056126315,1529.364472868762,547599.3714187294,2010_tracts
Baker,2016,3,5866.917384848131,3456.290502460608,120.62657446387514,1918.9165788538019,61558.96731056799,1083.4071512631092,441057.1130574846,2010_tracts
Barnum,2016,4,6470.877919655825,1541.890380602552,70.31711141391406,4825.062846078205,45200.60265112901,1276.6713376201646,191480.11706066722,2010_tracts
Barnum West,2016,5,6086.639531988152,1259.7050138326283,167.80985746899626,4391.476501775153,67949.43126298425,1322.9093762137702,224105.18040763383,2010_tracts
Bear Valley,2016,6,8714.91621553676,4199.447610101715,427.39275801463725,3566.6945307411197,74129.08996616029,1286.478092725644,305988.19058904325,2010_tracts
Belcaro,2016,7,4655.946099274617,4312.8873239889845,77.78130572521083,214.8637471690739,164460.35049478553,2114.754758621494,927066.6789980567,2010_tracts
Berkeley,2016,8,8804.945306468515,6194.006661947394,63.795806950091134,2227.0054418029335,84807.82333060785,1266.139544694673,455296.92474218184,2010_tracts
Capitol Hill,2016,9,15854.671232714802,12306.623573780169,550.3293355214596,1782.9546897888629,55555.588019263756,1099.9871816250704,282957.9522869102,2010_tracts
CBD,2016,10,3981.5354880797463,3036.0777171884683,197.94265900372196,462.71188817191523,66868.07426285402,1600.3505457871324,345202.5405214079,2010_tracts
Chaffee Park,2016,11,3923.126580270715,1478.3940293900405,70.10127246090309,2303.4090705468775,60194.260522254226,1383.93406128802,252309.47235574725,2010_tracts
Cheesman Park,2016,12,8589.521368469235,7099.510185132478,309.70521026672156,712.1485529262328,70575.43834917732,1234.3956936239115,359398.2636353737,2010_tracts
Cherry Creek,2016,13,6597.220620778811,5792.762470634783,92.71838208296943,405.28900808556347,129010.9163028525,1723.658834275379,858663.9800192884,2010_tracts
City Park,2016,14,3397.6187611082014,2644.608724201402,275.9943090041208,323.9541776431181,72634.16982426205,1133.2780479459557,438992.3215170539,2010_tracts
City Park West,2016,15,4982.556162822533,3062.2315399441895,783.1149465739086,796.04201238459,51011.865754115766,984.6296311862149,426952.1957008399,2010_tracts
Civic Center,2016,16,1934.391737500989,1609.2490665726802,102.57525599212421,134.52700163302026,101846.4467554682,1907.3797643057626,508061.3768639193,2010_tracts
Clayton,2016,17,4566.918142760887,1453.260656067527,992.9822501021798,1892.1058677893604,54386.13863364982,1103.5429369934925,236460.0986167875,2010_tracts
Cole,2016,18,4556.155460179013,1542.5128003244645,729.1035012025673,2138.3228976841006,47082.10097630885,1040.7044633717587,291323.9400044907,2010_tracts
College View - South Platte,2016,19,7885.1380092712225,1287.4396039984124,168.05268083855907,5979.0168613473825,35672.62637081319,896.5730018930815,231574.30404970128,2010_tracts
Congress Park,2016,20,11466.137771272754,9304.116445462274,538.0365864806286,1186.7252965104533,88277.92006589547,1368.4193460096938,581227.2021022388,2010_tracts
Cory - Merrill,2016,21,4629.977720508366,4011.086087531777,46.464658343735906,357.8867705072571,116725.5208136616,2010.756743389969,576815.3667839526,2010_tracts
Country Club,2016,22,3142.9475923184796,2811.7734728275013,0.5287271051287142,132.14265183144275,180908.99485757304,2077.26279779199,1090848.4615335383,2010_tracts
DIA,2016,23,1434.0245869147702,464.6085761762797,511.1414205655582,354.18160913066345,61575.96076767653,1488.8993744197132,161210.59697994275,2010_tracts
East Colfax,2016,24,10952.89552847928,4295.419917248303,2679.325190126278,2503.5253505876126,51983.89768766321,1191.0512432861858,228073.66666980716,2010_tracts
Elyria Swansea,2016,25,6892.814858826251,842.4510467973603,280.89927185543104,5680.39843446656,53177.69705978639,1162.827774242297,187947.27735848632,2010_tracts
Five Points,2016,26,16240.929746064681,10236.342612765497,1982.1510727059167,3169.2252468162396,76633.30678063972,1623.734865372667,408718.03045362467,2010_tracts
Fort Logan,2016,27,8821.089561449031,5454.344470792938,228.0007040666609,2479.8353856757667,88220.39355968236,1191.5648927242278,361971.59813300206,2010_tracts
Gateway - Green Valley Ranch,2016,28,35981.977095975744,8222.39513550701,9896.601041761389,14224.49616707885,83541.9407645043,1826.044478474464,265497.84711612004,2010_tracts
Globeville,2016,29,4185.110657363765,1392.9529635945585,216.67884969533645,2467.5966717493116,43716.74713577378,1088.299635313363,194056.6965956662,2010_tracts
Goldsmith,2016,30,5427.179631392493,2807.873471997322,709.6057444323145,1477.8262858459436,38784.5000887387,1044.4913140573738,348363.77638795093,2010_tracts
Hale,2016,31,7020.906244791691,5386.557440535352,356.4242858278003,751.3659425114043,71505.13346621803,1125.9886104856935,376312.81694080605,2010_tracts
Hampden,2016,32,18468.112114122345,11830.913389998153,2803.0166879573153,2445.829804079998,63099.5513104556,1289.7810303931435,324920.64007882104,2010_tracts
Hampden South,2016,33,15324.669782872868,10832.161617871381,1394.3648109094988,1782.8203376293043,76061.05852469032,1457.4308557215472,387262.2978340926,2010_tracts
Harvey Park,2016,34,12664.771227528472,3915.0404967764125,229.7766051685485,7553.9764366511645,66497.2970895249,1146.568449362132,272020.1499159851,2010_tracts
Harvey Park South,2016,35,8891.54159791048,3836.0600260613182,189.9476102782322,4316.887401197513,60741.40155042802,1356.6332538710958,292699.0206869042,2010_tracts
Highland,2016,36,8654.368026239566,6116.572053322497,164.0944051625477,2115.404716532857,89176.36786019117,1745.478743110127,487153.1506908806,2010_tracts
Hilltop,2016,37,8122.528550461045,7162.643230402487,274.6307763057474,306.7099340889258,167712.98443728316,2192.026617668817,896491.9343563154,2010_tracts
Indian Creek,2016,38,3637.130329280561,2545.272005807656,254.72952857531232,578.649210522868,72501.19134286551,1584.857802059216,267031.67628759064,2010_tracts
Jefferson Park,2016,39,2960.923831669919,1297.8956399366973,132.53095505723107,1409.6706089025588,51516.117064583515,1038.93766151939,433560.85497962654,2010_tracts
Kennedy,2016,40,4492.220483790483,1385.9959898240663,659.0999910494052,1588.4186619928141,43244.62822694556,1199.8494098239605,1.860523048462557,2010_tracts
Lincoln Park,2016,41,6009.158102334269,2656.130869728666,575.0659363544207,2534.4069424953937,44063.37144780179,1035.3228015394004,299203.32799315045,2010_tracts
Lowry Field,2016,42,9766.522836904338,7412.376795999019,670.7043326015203,993.9105049924119,96110.0957138154,1631.8567159798301,572247.5229358057,2010_tracts
Mar Lee,2016,43,13989.586976073111,3076.529176025097,239.44663847420554,9765.518350540604,55808.393723018635,1229.719277886521,200271.35507517596,2010_tracts
Marston,2016,44,11318.298235139064,8213.411680368434,15.826195454092135,1890.2920148264675,73705.6674651971,1398.574414088879,329921.71748403495,2010_tracts
Montbello,2016,45,34841.61089824434,3941.461841790875,8030.5402286750505,21342.86416802514,58923.47743058092,1477.0974915816591,211730.52140816778,2010_tracts
Montclair,2016,46,5857.377819585,4725.535259028277,272.8342397615162,591.2338420526077,102510.68514420086,1620.4244342983188,465436.57190417586,2010_tracts
North Capitol Hill,2016,47,5846.725881855164,4609.31146898097,409.8379961456198,501.67676163611856,66321.99639842502,1300.1817549132143,413832.32066349447,2010_tracts
North Park Hill,2016,48,10352.574658907783,5429.647583379969,3063.120695747635,1132.2713080457604,98607.23657729017,669.8943223246441,420269.7997832366,2010_tracts
Northeast Park Hill,2016,49,9164.231666337506,1957.980652786146,3948.3815161565885,2381.788354010014,43225.25053127024,1258.5384246241479,258001.17293826526,2010_tracts
Overland,2016,50,3151.686366324052,1767.8749623000906,370.2818182205186,842.3218547799684,62461.87844719917,1438.2869134466614,235346.90316435954,2010_tracts
Platt Park,2016,51,5699.7516354034515,5134.358057975878,67.00199850585682,329.6206947085194,119366.33256686093,1395.0399690129059,556901.2755929385,2010_tracts
Regis,2016,52,4295.052554483679,2823.692365244205,44.88294881625695,1291.8285934768146,74686.18947488186,1364.4609513735654,326180.39333534864,2010_tracts
Rosedale,2016,53,2594.7285784330174,2178.7777682785736,50.10374568539175,222.34605196235137,87065.09620775789,1476.6229582763906,473693.4696404349,2010_tracts
Ruby Hill,2016,54,11251.232238480963,2351.928352859218,424.32318008160735,7488.733380558187,44550.31459871098,967.8559296975225,218393.14001094614,2010_tracts
Skyland,2016,55,3116.431162165856,1245.6624365590555,1285.5075573338247,470.93084610675976,80476.73343458783,1289.7778152392684,366093.0513130472,2010_tracts
Sloan Lake,2016,56,7899.703971692396,4703.7988564168545,644.8198302295749,2201.655534959047,74757.9204383099,1035.5844978158577,466894.2677325942,2010_tracts
South Park Hill,2016,57,9286.839874187195,7180.710863857011,754.5857301049194,935.3767401723927,121383.39680989532,1276.6916803298861,611604.9584943857,2010_tracts
Southmoor Park,2016,58,5031.021451256078,4367.283672238815,259.33246239665823,147.0472159178425,85191.90279067022,1720.5021640001544,534821.9704935664,2010_tracts
Speer,2016,59,11706.18801581223,9640.484248381723,264.10398047607293,1091.2404905087035,64726.36636999077,1233.4180567151732,438504.0094674596,2010_tracts
Central Park,2016,60,19516.571119716064,14016.50516450353,1554.21350118733,2199.7780543952304,151041.36657177022,1988.3988569228661,580569.4098904583,2010_tracts
Sun Valley,2016,61,1456.7147826518285,264.25260500510916,468.29415638202846,628.922427168161,14312.8453365989,328.32243424784326,6009.086708917811,2010_tracts
Sunnyside,2016,62,9994.704663010598,4545.063913071941,248.79635259227337,4793.027644356593,65376.18785833621,966.7307252113562,373091.89612874226,2010_tracts
Union Station,2016,63,5210.490303034104,4304.932713762365,73.77274640263118,459.8439730671892,106013.15490410208,2009.2558131451906,620444.2396422705,2010_tracts
University,2016,64,9446.987267272933,7572.911225367858,246.45313526597903,683.5327585823641,63245.53260804645,1308.0538062957185,449545.5063938641,2010_tracts
University Hills,2016,65,5770.98282533041,4459.130837078776,329.8246834931928,625.1031341731215,84678.31990081472,1714.6629946514954,344152.3802638348,2010_tracts
University Park,2016,66,7743.140523841557,6218.074619836878,120.94217466661098,528.2998362119109,78249.07307294341,1315.5030200831975,862196.8376734912,2010_tracts
Valverde,2016,67,4049.517133056246,391.41800142221905,124.31930369986874,3263.6949671461402,43000.41678414696,1099.6627152686322,212582.23499664027,2010_tracts
Villa Park,2016,68,9252.50771378677,2196.076209588574,211.51481137781485,6675.940711190463,45018.14628880376,1152.5036252974996,201814.5822128296,2010_tracts
Virginia Village,2016,69,14227.872305138542,9902.822039968052,858.6234385945511,2567.9460174709156,67198.18387635793,1287.4021550511816,354156.6191218404,2010_tracts
Washington Park,2016,70,7355.908914627709,6490.00012453502,50.71836606985609,445.8904330585534,136912.53938905068,1959.3392327935735,735869.753964888,2010_tracts
Washington Park West,2016,71,7591.7870773713175,6557.44683805055,73.2492187822669,596.5488716524699,116211.86543907708,1626.385573774089,575703.2857982387,2010_tracts
Washington Virginia Vale,2016,72,13700.340655957401,7539.553662267366,2249.677233765658,2388.129154097447,55291.066437308444,1222.430103764012,365444.08162568347,2010_tracts
Wellshire,2016,73,3385.84209002951,2984.1922120331287,25.1452254922517,186.96838023196491,130805.38221231727,2539.9685289509084,655587.3094254703,2010_tracts
West Colfax,2016,74,9113.103626543121,3443.430288289899,769.0791770246805,4380.7205327963,29088.219239973027,950.0932301044933,343923.0530015688,2010_tracts
West Highland,2016,75,9352.396037002707,7267.289509077236,323.08853084580176,1507.9286869626583,106590.50179536885,1379.2090223867028,485171.1561080273,2010_tracts
Westwood,2016,76,16933.22247472452,1984.687025818916,498.18718493047055,13394.533774753158,42042.02472892926,1111.261322037753,193170.96197546608,2010_tracts
Whittier,2016,77,5979.6036234872445,3287.4638495848644,1013.5577730516878,1511.7231632630455,87771.75978192211,1202.2492754053765,424825.85228574264,2010_tracts
Windsor,2016,78,13388.071502769037,6832.989560301002,2593.5624707152238,2861.384515632482,53755.227793812104,1216.8199331415708,233229.15320154285,2010_tracts
Athmar Park,2017,1,9758.140856660042,2104.774600014835,163.37330526764234,6918.87344108673,59578.36066726891,1433.1966370660562,242790.24676345257,2010_tracts
Auraria,2017,2,859.2943343384023,581.5189927166175,21.859642394696994,184.49543303890587,6679.164894552122,124.65740972599707,597128.281401704,2010_tracts
Baker,2017,3,6131.760584481923,3870.041524687171,107.35155061701246,1735.344318232422,80961.46557817448,1167.110882363312,440950.55457779695,2010_tracts
Barnum,2017,4,6465.349855536331,1538.0630899732312,33.4403267625322,4853.390185387176,51002.81325451052,1313.2098818234776,200641.12168208754,2010_tracts
Barnum West,2017,5,6241.403008871924,1216.809576143335,174.79173614398437,4600.123823840818,66692.79063381278,1302.513261670129,239966.5440306672,2010_tracts
Bear Valley,2017,6,8605.928091349408,4626.291639541508,651.5986603569968,2652.9387143067,71771.15623029995,1402.1233051876127,311615.99952177587,2010_tracts
Belcaro,2017,7,4340.615405164279,3885.761467122803,87.68372609180312,270.44028950968175,160615.12601093785,2157.0146599306877,886166.1451942319,2010_tracts
Berkeley,2017,8,9268.915029272299,6418.711418016432,70.10128069607103,2453.278714162292,89826.27623867585,1385.541903354189,484979.1878716842,2010_tracts
Capitol Hill,2017,9,15836.716577437805,12355.491349993777,560.3340963911984,1657.241880862673,54935.16151304326,1201.0704886214849,279132.97438063094,2010_tracts
CBD,2017,10,4105.554726369869,3104.137102773347,199.95003942045255,430.8280899269363,77285.61101818981,1717.0928002142632,447719.75442068797,2010_tracts
Chaffee Park,2017,11,3730.6876030642616,1384.8054574682287,66.29618551596346,2194.007646609768,62163.48469641654,1439.8527795683633,273782.1089897509,2010_tracts
Cheesman Park,2017,12,8880.531846294638,7256.689076433205,341.7431984241007,746.0604830908278,72016.77922031884,1371.4241261465734,371584.43727832875,2010_tracts
Cherry Creek,2017,13,7041.5968150609415,6125.657946341242,89.79333341651224,473.3421829617767,128011.69016199229,1767.6338412388345,910347.0453559797,2010_tracts
City Park,2017,14,3379.0590287712157,2591.0742422953203,319.0001954722798,348.82097801165503,65549.42358031645,1124.184087471138,475073.3260446328,2010_tracts
City Park West,2017,15,5213.1642215568245,3397.5129132589923,733.3729186563221,744.2762778566267,58239.881510995096,1048.2826396487862,478906.4380806871,2010_tracts
Civic Center,2017,16,1978.584949059427,1604.0934807705105,124.7372349839407,152.7491721089533,94388.4578780326,1931.8743228504259,546113.7333161248,2010_tracts
Clayton,2017,17,4228.22782027608,1353.0298147078981,757.5291063258156,1857.3218881386524,54234.33612865969,1152.1398993720816,285123.056056573,2010_tracts
Cole,2017,18,4781.718020007992,1542.9994832482228,667.5216141041457,2463.8717092662528,58204.07629052716,1024.0171472859395,317114.136114612,2010_tracts
College View - South Platte,2017,19,8493.667377364263,1352.55832730569,182.6613520797606,6202.933977042809,41392.56318961306,983.9740528626467,233934.1164560626,2010_tracts
Congress Park,2017,20,11532.597174289156,9468.328676234602,544.207870481729,1173.7714551064287,90961.05365284385,1448.1980851641024,584621.4293804927,2010_tracts
Cory - Merrill,2017,21,4695.181237983739,4033.7940511421125,52.39574449803295,443.8788995822574,133315.63567044152,2008.2648742516665,642495.6983556974,2010_tracts
Country Club,2017,22,3192.478166089427,2916.677720080535,10.379319258715668,124.58434218440328,206349.80130903193,2108.2534092055294,1136922.9595406803,2010_tracts
DIA,2017,23,1413.7614084799982,536.6108963184447,365.46354533684615,374.03627173471995,62186.66600569869,1606.8670557810074,172125.38020716357,2010_tracts
East Colfax,2017,24,11058.012428911785,3799.689884937484,2874.235841233934,2759.481480381116,51135.92925167224,1242.8752437775006,265253.63377707195,2010_tracts
Elyria Swansea,2017,25,6661.142062658749,961.8170717364277,258.71242614332414,5361.122565026105,54890.433209453695,1217.5420786700772,205168.6939461055,2010_tracts
Five Points,2017,26,16202.182962580211,10311.476769420771,1595.6372777906709,2852.025552929254,80194.58148207355,1774.020733323325,430436.9055185563,2010_tracts
Fort Logan,2017,27,8862.406629976826,5553.319780782065,168.92755477549252,2499.117229237313,87433.53860191793,1255.8393656122578,376475.9118522616,2010_tracts
Gateway - Green Valley Ranch,2017,28,36494.79767405015,8438.572185470815,9879.050792252485,14873.000761427315,82265.46236791874,1895.0364558511094,283733.0041523681,2010_tracts
Globeville,2017,29,4236.34652246119,1484.587809541313,222.33996551573952,2406.007431777746,48036.92028020632,1087.04783382308,202799.22665833286,2010_tracts
Goldsmith,2017,30,5764.555432953835,3525.0281392785605,619.6708230806652,1184.0687351482386,41922.45258361992,1150.3585726337271,433111.4744706734,2010_tracts
Hale,2017,31,7122.381805889096,5643.790270100484,352.2451648431914,647.5730329036743,71346.90167566987,1223.2567899286423,423474.7777595045,2010_tracts
Hampden,2017,32,19075.10692617875,12032.563662529235,2891.5719182469743,2795.011362004394,65168.72059601242,1379.459764044805,353041.7200703223,2010_tracts
Hampden South,2017,33,15593.853703591425,11048.76592045937,1705.8238872959635,1684.6992035337444,79214.07411728709,1542.2419673319605,408839.0690679823,2010_tracts
Harvey Park,2017,34,13071.618597472621,4262.375423946807,217.87357545718243,7854.9324169016545,67736.7591113597,1216.5454904410246,285343.9459974673,2010_tracts
Harvey Park South,2017,35,9600.169229171888,3487.604124369389,226.99683747107198,4805.407027198564,66499.25883098089,1524.9343484691137,316588.3312193683,2010_tracts
Highland,2017,36,9000.642762074345,6552.744366027609,128.1698982323031,1938.364891258109,96825.47420802784,1802.5412198591991,499955.75279988593,2010_tracts
Hilltop,2017,37,8263.003418010394,7121.659736098998,264.1956788009858,416.4326861148389,166776.56218983565,2321.2313467119097,912757.2628678763,2010_tracts
Indian Creek,2017,38,3789.7012411912046,2578.1824871484414,229.91151703095866,627.436715268369,74043.51547703125,1631.8059158381657,271819.93997628504,2010_tracts
Jefferson Park,2017,39,3232.8031776982484,1602.4386479998593,44.95262591398827,1451.503989013717,60403.6568881486,1121.7162933648274,542225.8197220336,2010_tracts
Kennedy,2017,40,4553.423269268241,1659.049009551481,562.1192542728733,1546.9906534484755,43535.45362072524,1288.2475081170105,2.054661827915586,2010_tracts
Lincoln Park,2017,41,6183.529779160377,2694.2776715804202,499.4777865836699,2758.061298664677,45385.82514096899,1030.963576080341,327224.4259905116,2010_tracts
Lowry Field,2017,42,10177.664501326994,7650.345829802568,580.5260757925288,1185.4111100396162,100096.87208739619,1673.863867972022,634211.9036940469,2010_tracts
Mar Lee,2017,43,13090.765653788081,3142.318625519495,305.16766688299185,8736.26422970558,57488.09854279054,1296.679468088178,221113.34482695156,2010_tracts
Marston,2017,44,11436.546248977987,8151.601140295526,0.0,1867.5224776483878,78109.50311344826,1460.1825627105882,344337.47483364417,2010_tracts
Montbello,2017,45,36050.67660678121,3863.6119384385124,7869.584567347149,22175.722183056467,64780.405792585174,1512.1531787631295,235059.92349601744,2010_tracts
Montclair,2017,46,5868.351191512342,4660.8324908372615,34.048466183673064,887.7668032904248,113256.15048277893,1768.0670808079394,460627.73204748845,2010_tracts
North Capitol Hill,2017,47,6052.798746802537,4676.460547243928,458.8592385015829,612.1874525223449,73211.35593461744,1428.0918908402305,428799.8555789102,2010_tracts
North Park Hill,2017,48,10365.346041055596,5686.375404709641,2738.464284930864,1212.9047304493654,116003.09147268964,1520.3926504663173,436856.0007679974,2010_tracts
Northeast Park Hill,2017,49,9617.528990678351,2217.9472410326857,4026.2017661653285,2541.6232089813607,48299.59926901984,1364.913994986537,282579.5976957556,2010_tracts
Overland,2017,50,3445.716334753126,1992.9597428398167,349.6402081087259,933.0279623749029,65417.06723656087,1476.933757675848,265842.51380263065,2010_tracts
Platt Park,2017,51,5709.903807681782,5058.712768993007,113.90373244787246,430.35862814922143,120827.01959906725,1290.8051499393691,582425.20286766,2010_tracts
Regis,2017,52,4493.12136398721,3052.0058060933593,62.445471739963814,1261.5834966256648,81595.68985341692,1429.1306941562948,390296.0050882096,2010_tracts
Rosedale,2017,53,2532.694387247061,2128.6179034299266,35.84976407687985,256.7847524389302,98718.06793433389,1805.3340071418809,522955.8444400474,2010_tracts
Ruby Hill,2017,54,11397.121297895044,2249.161196134068,498.32782360528364,7509.422370665763,49751.57605345892,1024.2157603486594,224767.81843977532,2010_tracts
Skyland,2017,55,3224.2625022895745,1610.5117703337637,1315.1711416416952,173.32874965068515,80411.66906601889,1326.1839460533877,405870.04743237456,2010_tracts
Sloan Lake,2017,56,7922.7541284504205,5013.28980134807,417.3370349136531,2171.6567259688277,79188.43627258592,1055.3092426749613,514598.7868843712,2010_tracts
South Park Hill,2017,57,9493.695219550895,7246.628366080149,850.5185826219263,865.4959591229308,126084.5179866546,1211.6326723043426,632796.7798839795,2010_tracts
Southmoor Park,2017,58,5254.999891831594,4551.646750587195,248.31414419712561,181.6991313005655,87460.04266354669,1841.2869601093516,543508.1142988942,2010_tracts
Speer,2017,59,11802.895427884625,9502.579510038346,236.0419457156113,1422.0291097496429,68497.2178187055,1288.7057038180146,458907.27250507055,2010_tracts
Central Park,2017,60,21767.551140679458,15736.137667439709,1826.1002357400537,2253.2614017650862,153675.62345473754,2035.7491925106474,606191.3819388793,2010_tracts
Sun Valley,2017,61,1450.7196337386738,179.04504478165455,452.36574295024593,690.355797468237,11965.400722490653,300.3766225531512,7479.320708610148,2010_tracts
Sunnyside,2017,62,10141.387742471297,4501.112434168871,273.7019781375394,4988.379746860828,65165.5184669028,986.0504338146649,398137.5716015901,2010_tracts
Union Station,2017,63,5817.1796197719095,4811.9665183387515,68.64361616672632,516.0499615798892,114474.8820391931,2099.861123727562,665376.8310877149,2010_tracts
University,2017,64,9514.584790373092,7622.476622515988,259.20896080117694,715.5622763775265,69273.12319007845,1383.484561342497,492607.20587010955,2010_tracts
University Hills,2017,65,5775.660264876961,4548.251109587643,130.0106584927075,695.6349480371923,81217.75967406173,1854.122801405618,368862.85198870907,2010_tracts
University Park,2017,66,8106.259593782947,6470.70832155108,52.121414251022124,729.0428206048415,87639.63047068536,1365.3443640487503,834997.6013218423,2010_tracts
Valverde,2017,67,4240.494732009557,478.76622580625036,165.151047399041,3273.6101765831154,44767.96745980931,1206.7963884395542,227806.95579075578,2010_tracts
Villa Park,2017,68,9339.32345704948,2404.10495319194,202.4675640955098,6525.087724576321,45953.94177203562,1194.7449620335826,222566.01550094396,2010_tracts
Virginia Village,2017,69,14936.917597865351,10254.009494116592,873.8864957978195,2817.159254980667,74068.22525031758,1345.9931080033616,398809.66836395336,2010_tracts
Washington Park,2017,70,7391.23177190535,6632.619167097825,35.51567189706903,407.16720834730984,151131.34792591276,2287.932164821162,768656.1891581034,2010_tracts
Washington Park West,2017,71,7712.867653840598,6689.29369858873,62.327127272717675,558.8294941494736,119059.55192316753,1698.6073774925176,617240.3545344124,2010_tracts
Washington Virginia Vale,2017,72,13629.338448502349,7641.772704880618,2254.924076107051,2210.080578773459,57372.41319597802,1291.9504273761388,338005.7795784057,2010_tracts
Wellshire,2017,73,3496.4242611521486,2904.591680394992,25.687606323223243,367.82876922527964,136970.15363476152,2555.3053868502966,697202.9504626072,2010_tracts
West Colfax,2017,74,9512.101594944514,3460.9615925719386,1055.7210261334524,4448.268956793621,33136.599302984665,927.4154204964484,413999.05229215854,2010_tracts
West Highland,2017,75,9001.939972460861,7376.567698770959,282.0473768965256,1086.2211849785572,106394.79103833357,1290.1031062147574,523297.61477077095,2010_tracts
Westwood,2017,76,17403.621925629537,2236.6851220230346,616.2931235335984,13634.562289748215,41689.10592796679,1139.0702128215219,210870.30719667434,2010_tracts
Whittier,2017,77,5793.035959923743,2895.2323605018883,1338.9537429185577,1379.9668922927099,89070.7930279669,1302.50247594084,454889.24083573633,2010_tracts
Windsor,2017,78,14198.091597017528,7069.3447509382995,2757.195993689952,3250.9366180379056,52538.921267232596,1243.772932348682,250063.59126199567,2010_tracts
Athmar Park,2018,1,9518.210436890628,2288.9720729491323,128.5991283851442,6389.971364433481,56681.23402869393,1388.660868029264,274295.6496759038,2010_tracts
Auraria,2018,2,883.0260482279857,611.5428446816936,10.999357393653552,205.06092601986032,142472.49102555244,135.8671659853469,612794.9845501812,2010_tracts
Baker,2018,3,6607.3146609748665,4379.456520162513,165.61081393707232,1401.6453033930018,83762.59964062783,1461.8558132264359,464189.5802114295,2010_tracts
Barnum,2018,4,6666.713085051872,1655.6856465096,37.35200110482429,4744.247577323623,50820.43934764945,1351.8965573875482,213490.77266267256,2010_tracts
Barnum West,2018,5,6269.434462732793,1174.9279807587395,181.78609525284938,4737.8854894925735,65302.34699576272,1315.7416328720547,258368.6619907346,2010_tracts
Bear Valley,2018,6,8966.61561132281,4657.310017940416,686.714755825338,3032.0586132365934,72348.33576891769,1457.5109918964515,335000.7930896823,2010_tracts
Belcaro,2018,7,4313.8666157863745,3797.5492064025607,122.05213838954596,283.14032269999933,147530.24236907068,2075.9844906440035,887944.3605098765,2010_tracts
Berkeley,2018,8,9378.420386258318,6567.093102246334,68.4143177557383,2322.443323903482,90695.46112241953,1468.572307929817,533592.1261883874,2010_tracts
Capitol Hill,2018,9,16083.809790057441,12581.393415056707,611.2701779385112,1547.5621558535488,59358.62214636299,1260.3048249192232,294380.97632161225,2010_tracts
CBD,2018,10,4252.083990715245,3133.468744136871,187.1510267629214,551.6660153159646,76310.61194891934,1813.4672855435197,495482.30059001775,2010_tracts
Chaffee Park,2018,11,3701.5506928885334,1558.5864580663858,33.71735132800557,2009.2087322308926,64770.95180874496,1476.571852934226,300261.1751664836,2010_tracts
Cheesman Park,2018,12,8983.493481150688,7740.143697864098,130.99851618262056,623.2117391426947,71653.23174579948,1410.9728052792534,405238.7821232172,2010_tracts
Cherry Creek,2018,13,6892.733745410995,5824.110676234903,135.15618658480872,448.71016323252786,125422.81973658942,1796.4142876023084,945704.0378277572,2010_tracts
City Park,2018,14,3536.302736437202,2675.5064523582982,352.62713691722996,386.8815184310411,79170.56583725188,1204.6737380949369,529633.83843293,2010_tracts
City Park West,2018,15,5328.1404961313,3566.4228247389465,726.3239546597131,716.5672360478957,59057.66688024226,1074.8140587032551,538252.8583626559,2010_tracts
Civic Center,2018,16,2218.280598692079,1677.4836365288636,190.73175832081355,186.12165829441432,117069.63971320359,1918.1312615850247,615407.9963754197,2010_tracts
Clayton,2018,17,4596.7520477265225,1296.4655967300905,779.370186485933,2244.662147089975,54410.097156411284,1186.4818147197495,366883.3796395262,2010_tracts
Cole,2018,18,4602.828414123748,1637.1200420092034,683.6062307917304,2173.7992694984273,60898.199994517745,1122.8061057322936,382895.08092404786,2010_tracts
College View - South Platte,2018,19,8821.952523799138,1241.9435765480923,213.82107543829446,6578.740069268596,52305.045761449444,1074.1763530379108,228733.43832638572,2010_tracts
Congress Park,2018,20,11775.139596869043,9583.24575071438,425.2151161096397,1255.9562388115899,92630.74053262878,1453.5825711470377,612944.2592570775,2010_tracts
Cory - Merrill,2018,21,4624.99573477452,3814.366556023004,51.409523629187866,522.9430740719791,135561.48518945006,1909.1381710991554,697452.0896463069,2010_tracts
Country Club,2018,22,2976.2101909773573,2759.3264685442023,11.421267954354768,83.92687217923056,206043.02755020297,2028.0770474235364,1209772.6163381753,2010_tracts
DIA,2018,23,1503.507802836183,530.7175559330949,385.1692787243683,448.9389776280777,63751.49187773091,1628.375520863748,218470.8819871112,2010_tracts
East Colfax,2018,24,10586.31681512645,3747.7623115749548,2652.302594999444,2832.4781255280845,54500.35559475974,1249.4581371892352,312205.8029900278,2010_tracts
Elyria Swansea,2018,25,6601.510694653265,904.4257097583934,251.0626118289286,5332.703273466065,63675.848158996116,1294.487047662745,246753.59283092935,2010_tracts
Five Points,2018,26,17575.23212808588,10764.746204835605,2146.2712449742376,3220.2936730148913,85751.08289884572,1737.517026205971,496475.9724599575,2010_tracts
Fort Logan,2018,27,8731.723622857075,5589.78089781453,172.83505725096498,2391.3282122744577,90986.00025753959,1311.429150431351,407823.5298196391,2010_tracts
Gateway - Green Valley Ranch,2018,28,37121.32937670071,9261.339299649246,10326.919570485481,14486.077512469312,82889.0549179209,1971.6403247207995,309034.64943357446,2010_tracts
Globeville,2018,29,4558.5327176814135,1496.2941518031632,204.72084699510557,2696.586293430974,58890.5437721999,1170.10757012846,249230.18151487623,2010_tracts
Goldsmith,2018,30,5988.302665051857,3822.86527137047,557.3176407173894,1247.3950905570225,53196.27585514159,1211.651470272908,480569.76789457415,2010_tracts
Hale,2018,31,7518.553524802168,5911.86499977079,396.3228107911311,666.0083472253139,71975.5076806555,1326.3875009990338,485573.3529886511,2010_tracts
Hampden,2018,32,19668.523753958114,12213.761406090302,3313.2802915265192,2763.0045678674346,69177.60223707919,1434.8838998273698,373497.6089668088,2010_tracts
Hampden South,2018,33,16248.305536321175,11692.894506708955,1377.4816440126283,1984.1648289828966,82200.22653451061,1600.7722069395295,440405.1868936783,2010_tracts
Harvey Park,2018,34,13232.037670603208,4127.867852900871,202.06568185508684,8073.769623821901,69532.28117845836,1286.821834263657,299524.88471400214,2010_tracts
Harvey Park South,2018,35,9432.71751992005,3399.848399137429,324.91223814113664,4734.0056648553655,65496.93852224939,1438.8509289377848,335132.86644324585,2010_tracts
Highland,2018,36,9598.644742417477,6976.802387196774,63.31016799485862,2145.938685895082,102288.17734856751,1914.0067805992198,599161.8796299382,2010_tracts
Hilltop,2018,37,8166.148965276901,6876.600061702894,252.41892887895517,451.9277231833487,182834.1881406831,2318.675316101602,951210.8018667019,2010_tracts
Indian Creek,2018,38,3908.618251062193,2660.0543571519256,196.05655540185907,665.4302438594108,80137.40248010986,1725.7735107184687,299932.5816095797,2010_tracts
Jefferson Park,2018,39,3150.9038739418047,1980.8015937958746,59.81309006740372,951.796834158915,72905.18360833246,1338.4555456030719,577540.7957001833,2010_tracts
Kennedy,2018,40,4990.3094578931505,1566.7757585112383,826.6996183523393,1848.2908447584218,49104.38404009221,1370.5806680938986,1.9269303768149708,2010_tracts
Lincoln Park,2018,41,6515.46670369523,2503.090432999836,722.394302426738,3018.180283051481,44086.98555064238,1011.7543653781985,345115.91147365014,2010_tracts
Lowry Field,2018,42,10445.39424179984,7463.595626498033,628.2166283310369,1326.1698732030175,100934.12903230614,1712.1504961198873,652589.2789096922,2010_tracts
Mar Lee,2018,43,12752.754639665665,3566.5249205692508,260.3349942915367,7888.3340740196845,54603.39265087307,1269.1610554308659,245713.23235088415,2010_tracts
Marston,2018,44,11524.770156088345,8120.277815214987,14.833273470988397,2172.4170391558437,79628.79810658695,1560.3198898620853,346350.29220979515,2010_tracts
Montbello,2018,45,37332.65216451735,3725.4410396714866,7640.332295989792,23766.486188457682,69257.48107559733,1555.8506299480794,263098.35591964883,2010_tracts
Montclair,2018,46,5838.520143728682,4597.173875413211,97.73381870475913,585.2723807390161,116597.03029783524,1918.1846006839742,505128.3691855628,2010_tracts
North Capitol Hill,2018,47,6373.23569269102,4895.507773369705,447.16409265975346,714.2366770897494,74523.03125446332,1545.6250799016836,450188.9228154785,2010_tracts
North Park Hill,2018,48,10207.522542930634,5973.1614412519175,2759.128030192344,709.4051153769177,121738.58925468591,2088.294399504057,471269.8001825222,2010_tracts
Northeast Park Hill,2018,49,9947.92682168732,2482.2906292795096,3765.4692627551713,2835.9392245080826,52307.03643793076,1490.0723584651205,341428.49044413294,2010_tracts
Overland,2018,50,3260.4369561878643,2007.4070778947607,225.6051899409867,840.4337911668448,68079.71534987281,1741.3428185274813,292386.1857124727,2010_tracts
Platt Park,2018,51,5645.946438548005,4964.849848046146,101.90770760179066,440.3426177377355,119213.73901161976,1553.6327969139606,584650.7483153061,2010_tracts
Regis,2018,52,4824.8541988354145,3145.6714866733046,80.98350565723916,1441.1076664668312,81824.92119423019,1448.6728734940914,415720.93076355796,2010_tracts
Rosedale,2018,53,2680.1917271016405,2093.758112875028,56.86281969479828,417.57838481980195,105746.17568300935,1858.6031346263535,538953.7017993241,2010_tracts
Ruby Hill,2018,54,11487.48765530369,2454.6121492753828,694.9839749619706,7019.658524769571,51737.67572617728,955.4862201486617,262522.47040257097,2010_tracts
Skyland,2018,55,3383.284762882702,1779.1486879941165,1238.8316126627083,209.29617041972622,75205.88915202377,1423.787453927147,473698.888131158,2010_tracts
Sloan Lake,2018,56,7990.778738464887,5447.701698643208,331.5074457817858,1903.0574288799653,95582.01041274989,1188.8099465940772,607314.2147956466,2010_tracts
South Park Hill,2018,57,9533.868595778253,7251.7822150326265,797.5811273424939,905.448556882939,134002.381560209,1349.1608492096304,688120.1109857231,2010_tracts
Southmoor Park,2018,58,5431.3507652451635,4502.120485651778,240.43331509522986,286.5035331550846,89948.19342400586,1844.8725792409928,592184.3319024208,2010_tracts
Speer,2018,59,11724.73070891046,9529.110380539803,225.05194483876568,1251.3411202985521,70462.19641748477,1360.984414024807,465127.4417205258,2010_tracts
Central Park,2018,60,24377.97837687697,17556.83560536155,1918.9581224211545,2615.087539949905,156143.8588239858,2140.1045969939414,630143.6381471577,2010_tracts
Sun Valley,2018,61,1472.6652461417186,191.31125375800244,481.5530492755589,688.623378505303,12061.314758431103,296.28324342471916,8720.72733311207,2010_tracts
Sunnyside,2018,62,10244.066252369808,4614.361839371427,312.8893330622739,4773.254500939282,69725.3192917443,1061.813710146695,462821.7587740213,2010_tracts
Union Station,2018,63,6455.478495656731,5264.226444451362,64.82305346238873,572.533911987582,109136.47028322419,2077.753270994812,716865.5914089726,2010_tracts
University,2018,64,9571.392984584254,7667.659227723578,310.84626924926766,774.9765994161093,72979.72051155192,1447.522257128995,551493.0224861611,2010_tracts
University Hills,2018,65,5798.940711015292,4544.914941412639,143.46719705960865,666.267586453487,81541.21331190325,1921.133372229073,396553.6089514837,2010_tracts
University Park,2018,66,8199.680681376976,6155.406897577785,87.92115925092385,836.5487085714644,83111.70861510628,1482.3783777394221,811096.7234574149,2010_tracts
Valverde,2018,67,4562.210124104095,481.808883296374,172.27023642270754,3590.619663539535,50105.41492964429,1317.0786205619888,243293.82340187707,2010_tracts
Villa Park,2018,68,9459.249617251551,2545.5202611570207,219.08366319265477,6520.659927638638,48372.3438685187,1242.7817682244133,261663.69962719243,2010_tracts
Virginia Village,2018,69,14635.93011848653,10245.15952329308,933.1084561051891,2380.062955155214,81174.97162404929,1572.5260572492043,419260.8239865638,2010_tracts
Washington Park,2018,70,7269.769830037975,6674.131127916071,38.77437261451774,318.47872452852096,156488.39615312254,2325.4796755844072,814409.6763511334,2010_tracts
Washington Park West,2018,71,7579.888986646853,6536.388655936312,66.30781665216743,570.6353872675357,120011.15167746473,1806.1050991418138,644792.2275841506,2010_tracts
Washington Virginia Vale,2018,72,14567.418952135591,8348.634232932569,2288.9949255742877,2578.0169486551044,56050.046641881025,1355.995680556758,355387.96291059995,2010_tracts
Wellshire,2018,73,3421.4268628755462,2793.578283847456,30.62126017293357,388.6231130023986,128697.46925366198,2549.3911870378793,737877.9868298534,2010_tracts
West Colfax,2018,74,10181.023596490042,3748.9431107465175,579.8444168473997,5348.180602368788,40412.939652017114,1062.8994969853022,494406.4648027385,2010_tracts
West Highland,2018,75,9033.066261679223,7493.6895343809265,104.05189249938026,1106.2330372810493,108861.10119802032,1443.245952515333,538618.2285337197,2010_tracts
Westwood,2018,76,17523.3552348706,2285.291288646641,468.2769171666177,13826.681429135499,42873.01047469373,1199.6718719910712,230219.64155569454,2010_tracts
Whittier,2018,77,5697.3910572137565,3000.1108065990757,1364.951524969158,1170.4106825866975,98118.00935634665,1194.589011168307,531555.7796771197,2010_tracts
Windsor,2018,78,14419.95442590223,6966.562665166095,2807.9748260275314,3345.4113156221583,53494.97997795944,1314.5554274170486,273859.5774847236,2010_tracts
Athmar Park,2019,1,9247.389260755175,2348.825900510928,111.9407229942565,6138.604715429807,60343.8212140997,1431.8130441422581,315062.1083684974,2010_tracts
Auraria,2019,2,851.6275182494388,597.5739996388334,11.763364737002854,187.31362885199496,99394.4142108119,164.22679963774056,583815.3059192002,2010_tracts
Baker,2019,3,6564.204740051484,4267.6550679329575,263.90401137110666,1580.4409327471772,86733.60692876673,1580.9093611020046,496069.8447142129,2010_tracts
Barnum,2019,4,6034.120731003082,1596.9317607327791,14.49751427142816,4253.262835903301,52748.64733597667,1426.3548002344596,264423.74750797625,2010_tracts
Barnum West,2019,5,6138.587091465717,1365.614507454296,180.7779811769682,4445.353638782515,66819.05248895785,1407.9182379272124,291896.12850868417,2010_tracts
Bear Valley,2019,6,8458.289292811865,4543.183088279436,606.7280939252275,2798.668963609813,73021.09678167301,1565.0103048076387,367444.53811033454,2010_tracts
Belcaro,2019,7,4266.633580537246,3722.0242882733723,140.04463675496865,214.52283475942215,152386.3770021904,2057.5521220215064,961451.1067400074,2010_tracts
Berkeley,2019,8,9435.188659233383,6834.921825049502,74.01906621168781,2145.184015097304,110567.79607945893,1708.9056879215048,564366.4151848414,2010_tracts
Capitol Hill,2019,9,16287.721650844342,12540.697913757076,601.227199062251,1789.2327549090226,64519.06222194949,1328.675749653889,329894.94963269634,2010_tracts
CBD,2019,10,4490.1056490465035,3203.728042348603,122.35677843746029,704.3126961929627,86278.40201896404,1829.425670768054,507312.6860822577,2010_tracts
Chaffee Park,2019,11,3672.639808166666,1684.0355503366832,50.936942084550374,1824.1408174127364,71725.8495143901,1423.9642834954361,332339.2930547024,2010_tracts
Cheesman Park,2019,12,9293.769656654342,8009.574048912756,210.58125841433736,584.4171796718448,73310.76689241084,1452.4374410079356,462333.00742433564,2010_tracts
Cherry Creek,2019,13,6755.739539482271,5740.214425717163,144.06028530638665,365.8959627136672,124330.15392428027,1941.5837690470742,966395.7071947933,2010_tracts
City Park,2019,14,3681.351049100546,2843.319818765785,307.5163450167981,414.185936420741,89808.91740976257,1305.546894080881,614451.0857526759,2010_tracts
City Park West,2019,15,5434.313933782126,3707.2207165915092,588.0428877398724,741.5203192683033,65837.9366069772,1108.959547607402,682627.8413748085,2010_tracts
Civic Center,2019,16,2273.011295197331,1692.6786158662435,193.45984330280027,222.7738987640377,120682.43032656822,2018.466972906643,648140.4075054673,2010_tracts
Clayton,2019,17,4833.198836891843,1433.5818154537628,699.8634899618374,2408.5951827442905,61837.82013397399,1258.1728940438566,417239.860439992,2010_tracts
Cole,2019,18,4558.759508411272,1698.0895292398804,630.4918263039465,2119.6574013751974,72467.63774318535,1329.328631634317,437584.2415019037,2010_tracts
College View - South Platte,2019,19,8827.893397279613,1230.8567318544028,302.5048173057147,6677.683079841791,58643.56135925517,1078.0736030472885,290808.5113255968,2010_tracts
Congress Park,2019,20,11449.854756553279,9134.202619831685,354.99264199086707,1291.1853285246432,88418.58419321461,1480.2660911781948,667100.5661749371,2010_tracts
Cory - Merrill,2019,21,4451.043000229046,3825.232464143514,16.818417876144792,303.5132926626221,142679.95563018363,2003.3758372891527,733468.2892798671,2010_tracts
Country Club,2019,22,3055.3266074982685,2820.2383174049633,29.177657182362072,98.13182516794753,225220.1954601041,1976.8654802598537,1321000.2285574302,2010_tracts
DIA,2019,23,1690.3207528272428,595.5664016878233,459.2129327827016,486.83921545418684,62080.97677536334,1738.9019141283147,233541.64001942056,2010_tracts
East Colfax,2019,24,11039.21226091927,3783.846907238479,3160.1192996354835,2889.433981425636,61265.43309844562,1366.1047156969778,340736.891203068,2010_tracts
Elyria Swansea,2019,25,6612.005371755692,835.2980629270363,228.39171030815763,5419.95477395415,63678.8370376598,1342.607898312218,277075.0426166828,2010_tracts
Five Points,2019,26,18810.847690457536,11398.486742557056,2729.446911816976,3020.283625987753,87867.90784704038,1778.7670040119312,514734.5035741052,2010_tracts
Fort Logan,2019,27,9030.850871156665,5946.4061784425585,149.40243488478004,2464.0462176499013,92705.7781752567,1400.7268709697253,435407.00991807185,2010_tracts
Gateway - Green Valley Ranch,2019,28,39364.974987311456,8986.918968364276,10295.57406615952,16435.147553866427,83901.11376406364,2016.0125712202841,337675.4781487907,2010_tracts
Globeville,2019,29,4391.25031088853,1474.9171382697787,185.35367490364402,2537.9852255524047,57485.154817275645,1324.759344594817,272804.88156349515,2010_tracts
Goldsmith,2019,30,5772.832721976104,3875.5840666634936,474.227553313271,1144.4365303389886,58927.59885386107,1294.282759335803,493728.3002428855,2010_tracts
Hale,2019,31,7809.1329839443415,6076.197898424837,272.27454334282515,915.146280113092,75682.06696776346,1442.2995796015875,529393.6896048469,2010_tracts
Hampden,2019,32,19848.2318433506,12532.585515046198,2919.072380390972,2974.518083557522,70207.93191979232,1477.0849366443447,386123.6895362548,2010_tracts
Hampden South,2019,33,16791.803870785247,12348.51339838664,1335.190833461102,1846.4514846843863,84325.24431955005,1690.098846801495,469724.446124232,2010_tracts
Harvey Park,2019,34,13236.898003498469,5019.309637778754,307.75701713958307,7145.238338154459,77043.64404568767,1330.5338560320292,341510.3918689523,2010_tracts
Harvey Park South,2019,35,9661.398640171225,3638.665330082023,348.80824035969715,4741.36361514259,73763.4626846895,1373.8937321204078,358208.59940880584,2010_tracts
Highland,2019,36,10547.400760011014,7289.297911119543,101.30229811086083,2616.870069858507,100169.74543097352,1916.9606555796504,637040.7596360489,2010_tracts
Hilltop,2019,37,8321.120987460352,6865.996743006915,315.89169087821665,577.8772805083777,183373.2484698867,2440.4049602823347,960949.4927975121,2010_tracts
Indian Creek,2019,38,3917.5099258892265,2739.8017515165297,236.73426242554973,656.5036058404658,84547.6510115854,1782.067013025149,314375.19884640153,2010_tracts
Jefferson Park,2019,39,3472.6282562050806,2318.1628073505008,17.290128652416783,960.022214214441,83883.2566018304,1422.966157349444,644576.3301422453,2010_tracts
Kennedy,2019,40,4922.516561062356,1705.1842233463462,799.3934924186536,1761.668574599691,56023.534101035984,1393.1183270233869,2.011167781445987,2010_tracts
Lincoln Park,2019,41,6892.250390915501,2650.0215459116384,872.9715168249172,3049.1172170223504,44856.03315132003,1122.3791895575876,368921.63933042536,2010_tracts
Lowry Field,2019,42,10524.27621550898,7608.029518266688,595.7635783861874,1336.5936751936604,101707.76426711457,1677.2134899376238,667526.7776210747,2010_tracts
Mar Lee,2019,43,14150.615249891951,3765.0823482114365,286.3381989813304,9000.022888196161,64308.45929809093,1253.8764088368791,297556.47233147087,2010_tracts
Marston,2019,44,11907.30030644635,8375.914224153972,83.24274712686304,2243.8491120726558,77951.39692645564,1620.0514064788683,386427.9432227702,2010_tracts
Montbello,2019,45,36932.8975074414,3381.064175561379,7437.903925381217,23692.952869532295,71678.78818194948,1608.30057613838,280998.9216901375,2010_tracts
Montclair,2019,46,5712.146961950628,4773.328258605222,166.41068609759208,474.77964067828196,107219.47993156404,1775.3657108839857,530368.1158201356,2010_tracts
North Capitol Hill,2019,47,6767.5750152342025,4990.30182308095,430.50977629654284,1064.2095217144279,76884.46138351968,1635.882160426102,475959.4619764535,2010_tracts
North Park Hill,2019,48,10367.124636344539,5784.810249895258,2833.8261811963907,1036.6344872724917,128139.43616359956,1847.4544417035063,497943.9311319317,2010_tracts
Northeast Park Hill,2019,49,9595.431361513753,2690.50851912808,3491.915103034653,2629.198293157524,57183.16778431657,1576.3161977974382,385915.21436726116,2010_tracts
Overland,2019,50,3026.4466905144427,2070.056927491218,41.59461871450731,758.1505654851816,71286.99885214942,1812.0295177945216,328772.94795523206,2010_tracts
Platt Park,2019,51,5861.275288309854,5072.541585761476,48.99253612791031,479.2505864093516,126171.6305194611,1935.6250760289684,631124.1528870084,2010_tracts
Regis,2019,52,4749.728170358622,3032.4917513431296,55.61571993770357,1471.3567533653504,81160.89542470037,1397.7108434208806,442548.3295881618,2010_tracts
Rosedale,2019,53,2816.454473264818,2100.520118778179,38.166853665917,498.3537138796443,105105.0371767175,1852.2138659180532,558798.0761874221,2010_tracts
Ruby Hill,2019,54,11139.124151870968,2712.095347022828,468.7704783809509,6694.661409709742,52065.863475165504,1002.9805093095001,311991.88494481426,2010_tracts
Skyland,2019,55,3507.476537666902,1855.690321486191,1178.2236584484494,316.52804399767786,90408.22203172548,1807.7346842049005,504567.51813837467,2010_tracts
Sloan Lake,2019,56,8177.5659170601675,5610.402037293619,388.4069852514302,1792.3779513719096,100019.4250098189,1110.3295042306552,657129.5833565224,2010_tracts
South Park Hill,2019,57,9549.142786390465,7498.908387170394,820.519940885911,673.689246716528,141993.45969676893,1491.0618729710554,721444.7276251024,2010_tracts
Southmoor Park,2019,58,5962.686603356125,4972.941487456768,296.48061754608744,313.989667820608,93425.45693762167,1920.36655298677,603193.6456127986,2010_tracts
Speer,2019,59,12070.879422257984,9870.085165003165,235.95308873991746,1174.6536529193675,74338.06201722746,1451.877948674072,490376.38977211143,2010_tracts
Central Park,2019,60,26883.272205882113,19536.965321351774,1768.8648569188863,2677.9838284022458,155304.2472773321,2136.1225058352325,670948.2250110824,2010_tracts
Sun Valley,2019,61,1447.6627599973265,156.54798379176847,621.9860996987187,603.4043510690266,15853.450770068577,363.29514532907103,438797.2889711099,2010_tracts
Sunnyside,2019,62,10183.426610279623,4806.407394291064,459.237470366722,4468.850694605561,78263.55461868252,1176.788205975195,519484.5883877575,2010_tracts
Union Station,2019,63,7421.57100190888,6151.955869357037,70.88052252848647,398.7731326545177,109290.30908188704,2117.4510363597465,747373.1131304648,2010_tracts
University,2019,64,9841.697714265865,7939.130376641899,416.1829794584658,819.6466398908863,92447.38776168066,1554.911845918827,561738.6462384542,2010_tracts
University Hills,2019,65,5834.588254613528,4483.576103203519,169.311925588065,659.8021994135677,83153.64011911815,1905.003065928273,426814.7747568261,2010_tracts
University Park,2019,66,8161.922235141425,6083.643115915542,137.50360938758746,971.7257690543709,87206.36868452959,1514.723581271238,800767.2561330835,2010_tracts
Valverde,2019,67,4803.842804891101,548.3942881861792,228.36237541136933,3707.0823947618655,52659.562016782045,1290.7180181068622,234336.7260915245,2010_tracts
Villa Park,2019,68,9780.752350614022,2613.0738631223257,214.12647617800866,6850.1520725575365,50664.779064712005,1385.5040539034917,292642.14346133126,2010_tracts
Virginia Village,2019,69,14373.471825322811,9902.717292698148,1194.8486352056177,2242.6809149001465,80363.74953438962,1653.0757642107687,448944.74432340806,2010_tracts
Washington Park,2019,70,7504.793280478024,6712.85160611041,54.31736818442244,457.6581703729479,169482.44140204028,2656.6706708947218,867181.4977977137,2010_tracts
Washington Park West,2019,71,7814.25421696843,6570.535132337338,81.24337893200851,579.7427912606591,120179.54223689743,1833.4316170335367,674750.6392217447,2010_tracts
Washington Virginia Vale,2019,72,14522.811907902804,8326.745790616114,1885.4128124956928,2818.9546996568224,61081.40933906077,1449.3367000636895,378384.77173767524,2010_tracts
Wellshire,2019,73,3492.217518265059,2787.284892369603,0.05267852765633382,489.17056604591977,142572.64603346816,2456.280952390151,785275.3262779737,2010_tracts
West Colfax,2019,74,9351.558906371465,3747.428452753119,538.252873698149,4612.957594072068,51097.01943748785,1242.7358873351438,555549.1106491375,2010_tracts
West Highland,2019,75,9255.017571392007,7340.944726300637,144.05520063490647,1237.9604933939636,119748.12335964038,1512.0169641250277,624742.708250119,2010_tracts
Westwood,2019,76,17719.094772444187,1972.8270449394554,724.1612150732913,14225.65023495626,46376.43846334796,1254.5389351375916,242643.13156797778,2010_tracts
Whittier,2019,77,5520.82967494795,2946.230549356982,1220.304254495429,1042.633138162934,106270.00314832728,1340.4024004807864,542816.9377646717,2010_tracts
Windsor,2019,78,14166.394533705636,7119.176091274507,2825.102500438173,2816.809980024189,52781.15572172203,1386.3846415314651,288547.5760298739,2010_tracts
Athmar Park,2020,1,9591.03606188492,2997.5770267596527,75.3385754899721,5855.126586655444,62827.973661256736,1413.9037591080155,368273.68880675937,2020_tracts
Auraria,2020,2,842.3427066443916,591.5568096096497,54.8800404442027,159.27147341794299,98206.95400391518,124.55035639949645,620317.9313226845,2020_tracts
Baker,2020,3,6832.6178002447,4458.323248638866,255.1940790827413,1590.8858342150838,102910.47192313036,1600.9374084848487,503600.3868644101,2020_tracts
Barnum,2020,4,6559.652561376426,1626.731617103282,15.633539601622608,4678.049816518276,58126.92770617268,1570.1618939387713,328059.6300330212,2020_tracts
Barnum West,2020,5,6027.847468026141,1259.7307210912124,165.7929511157871,4515.361894251166,59402.611173392186,1514.0149436394522,335954.0304365733,2020_tracts
Bear Valley,2020,6,8667.323527445425,5109.122913805211,411.6683665953908,2704.0743528442085,63583.77894877217,1531.7606683925258,414324.7889324907,2020_tracts
Belcaro,2020,7,4260.6206863222615,3598.118322010589,141.42037134801666,203.8991031403011,127522.13661087715,1872.476028817697,956678.920147891,2020_tracts
Berkeley,2020,8,9085.759626817391,6449.069949250561,79.62503231720848,2171.086606288807,116043.61379861516,1916.5123135909098,636083.4765354168,2020_tracts
Capitol Hill,2020,9,15840.597531014437,11898.847646222363,329.92673687664814,1931.7222497032988,71506.97721997321,1428.5746441402334,421680.61830044683,2020_tracts
CBD,2020,10,4647.1907394978,3244.1558767964652,307.2106929651902,574.083813740032,104636.56515996448,1866.8191593579356,596640.4206161294,2020_tracts
Chaffee Park,2020,11,3264.136038574326,1543.1522971963282,62.70970522024847,1457.6545856113546,74384.1234395634,1209.5872383290266,376973.71408868633,2020_tracts
Cheesman Park,2020,12,9017.16353878926,7793.765853666115,260.2427873471655,417.4739406944771,73185.5304775233,1542.096943434132,446615.29494788963,2020_tracts
Cherry Creek,2020,13,6963.516117873129,5892.06758842726,179.36161411059487,409.95250175306677,150188.59149922663,2205.8591237826545,935679.9274367733,2020_tracts
City Park,2020,14,3364.2023547927465,2695.4933017467283,112.80195657621124,452.3689526606659,89268.70716539984,1282.4901126772447,669211.8349697029,2020_tracts
City Park West,2020,15,5201.93324641118,3509.3172397597814,725.1094036653403,654.3056824020282,67879.24411596893,1216.7963203535426,731951.7014467268,2020_tracts
Civic Center,2020,16,2513.569187917902,1852.855979489273,237.38080698407225,284.0626686323573,121436.50593157728,2040.1657145726435,736939.9798583542,2020_tracts
Clayton,2020,17,4749.475093372679,1431.5310385114342,625.9336450938949,2469.1397821847263,62494.81107347623,1285.902892808199,441000.0443288376,2020_tracts
Cole,2020,18,4892.850331826036,1981.8827423369146,651.2266149179501,2097.486320956176,75106.77289173601,1395.1138054114538,482482.3843507419,2020_tracts
College View - South Platte,2020,19,8718.76232133113,1134.028835635858,616.8155385174914,6190.366561233605,78004.68517629636,1474.4024121102264,333599.169970321,2020_tracts
Congress Park,2020,20,11401.331599425428,9250.260765098628,541.6384830534433,853.5716575643461,89245.94748251954,1522.484062620356,705994.8063646007,2020_tracts
Cory - Merrill,2020,21,4133.214499442525,3511.437085722489,21.76046599437608,231.32145271029304,156900.86398279507,2097.6410812212125,771116.2096185493,2020_tracts
Country Club,2020,22,3193.434793768981,2964.531396996074,26.074696685102634,124.81803900794775,262249.17980312475,1849.4576752347687,1324982.1001270004,2020_tracts
DIA,2020,23,1880.5746757009342,519.8980758803677,723.5979367205833,469.2109824272925,64584.003006044215,1705.0622917116496,259210.72951097626,2020_tracts
East Colfax,2020,24,10442.004958081656,3818.244707253843,2451.492633021935,2914.3666879906586,69545.88889494995,1444.7829432353863,381055.7585834795,2020_tracts
Elyria Swansea,2020,25,6980.124823702351,883.9533985919971,142.1998075344141,5749.793359358034,60387.67443125285,1336.699476779093,322374.83626503363,2020_tracts
Five Points,2020,26,19081.60200161994,12238.10326031987,2301.139758059518,3114.937336571865,96225.04765548016,1798.8889601013384,576393.846578179,2020_tracts
Fort Logan,2020,27,9346.537832573504,6106.411947249947,62.431093084723855,2157.307610387138,96249.81887976044,1364.1934112890299,467635.92892150045,2020_tracts
Gateway - Green Valley Ranch,2020,28,42062.74615664708,8424.271644103721,12353.15958004893,17540.634038923286,90813.23321437219,2132.214147118076,364646.55583948555,2020_tracts
Globeville,2020,29,4522.931650719183,1612.865918317134,223.89120713859378,2500.6904178973687,61333.32325235636,1322.6904454615774,351148.575372214,2020_tracts
Goldsmith,2020,30,6000.735395354339,3856.2770462649237,593.3093803139855,614.790212122768,64308.0921665745,1339.3251439135709,527794.0967207866,2020_tracts
Hale,2020,31,8155.907203936953,6228.933840534445,267.40532084362883,1155.91382167809,80147.9258173174,1455.4136107643008,598553.7745473494,2020_tracts
Hampden,2020,32,20135.217682491966,13340.200101427352,2302.4506345454183,2898.14182426519,76764.66226545164,1579.1007385012638,399043.4320051717,2020_tracts
Hampden South,2020,33,16834.51533188551,11985.060068974915,1404.5425488634894,2362.1022134148134,78485.52365318543,1725.873403098752,480250.6084371734,2020_tracts
Harvey Park,2020,34,13453.067746383358,5268.211714344872,319.02006881120263,7255.1251056315,79005.50078469906,1434.0463958873715,382810.4695954848,2020_tracts
Harvey Park South,2020,35,9935.291270008536,4102.19901115832,357.92538815799696,4850.955610882582,83528.5156737219,1633.631706128834,391282.08669832663,2020_tracts
Highland,2020,36,10361.531967325036,7926.515469095641,90.30608097900186,1602.6959077448405,110252.21975062252,2058.642152062423,647201.6175605903,2020_tracts
Hilltop,2020,37,7724.519164692179,5992.665765105384,242.52376996828292,637.7880591481388,177916.50412143316,2460.7786548915005,1029498.0050598673,2020_tracts
Indian Creek,2020,38,4335.166111698119,2807.7947948701585,372.75521967181595,584.2790769495621,85198.07930380467,1768.22454768425,319993.265765815,2020_tracts
Jefferson Park,2020,39,3419.024653138292,2211.189249457291,87.1318081183376,935.2014297920274,101036.61872798434,1649.778299106764,664059.3589462198,2020_tracts
Kennedy,2020,40,4159.218199643774,1642.1617626847153,595.0134990775668,1301.5882086386553,53487.59447072745,1419.1117481717658,3.484298206931061,2020_tracts
Lincoln Park,2020,41,6816.253132894097,2711.6604354909305,826.3699091935098,2969.971385941626,56697.38080875341,1294.2219302249682,485395.51316311624,2020_tracts
Lowry Field,2020,42,10789.47675865645,7495.745034478523,834.115799620936,1397.4695149792717,107879.25980834255,1845.867949919458,687278.5902066741,2020_tracts
Mar Lee,2020,43,14050.738953405955,3416.0511118617237,196.6574025511218,8875.200545934878,62883.86008340804,1371.7060814200693,333659.2540955739,2020_tracts
Marston,2020,44,11938.878502955846,8323.2601585367,64.6658379110875,2291.9646427743905,78908.6197364498,1713.5806497096494,427513.67091652687,2020_tracts
Montbello,2020,45,36504.629299984554,3329.630690511922,7002.353828565487,23428.736359894792,73127.46587873927,1647.227787775444,316134.0581907081,2020_tracts
Montclair,2020,46,6505.514597483083,4755.870975103417,142.72645945407214,1286.4466179700685,117524.67886093071,1714.5103114494684,546146.4446923924,2020_tracts
North Capitol Hill,2020,47,7120.592918343523,5345.7238663439575,395.5938345873763,1099.9756727449105,82221.3670107283,1714.2316256547504,351277.3983768032,2020_tracts
North Park Hill,2020,48,11717.545359841331,5944.847428234537,3401.4876135140285,999.046669854473,144524.38975019957,2112.9843659735125,575321.4678440031,2020_tracts
Northeast Park Hill,2020,49,9860.74347916228,2518.1228239178463,3824.6585125546676,2803.7296926021368,66060.87619982167,1653.7143191193386,425675.2841049841,2020_tracts
Overland,2020,50,3376.8053316044634,2520.6057392622056,22.311560330259766,594.2836649486629,74688.091671509,1896.2324987235177,426698.4951245967,2020_tracts
Platt Park,2020,51,6375.023448276361,5157.576273847979,52.06190821814706,873.73895657825,124280.13155369727,2196.3085646306977,716115.8506049544,2020_tracts
Regis,2020,52,5318.261603164591,3218.2845661312294,69.99116457169536,1805.2794015876377,92747.00032032575,1454.3274076463579,468310.9133981121,2020_tracts
Rosedale,2020,53,3058.8956327096216,2167.8375193372553,128.1490128473899,599.0479499700663,113675.83516841813,1843.5685748912788,619954.8645412603,2020_tracts
Ruby Hill,2020,54,10291.33254135575,2503.3351762594743,260.8333135265625,6812.509988235481,53923.82426268355,1154.5788113123833,363233.29601094924,2020_tracts
Skyland,2020,55,3478.372217667545,1761.8446739562726,1122.8371589613485,392.03409890213715,76009.34211832142,1934.7661541597051,555710.3630711082,2020_tracts
Sloan Lake,2020,56,8232.275963039318,6042.115033172048,272.8831368431587,1578.8793641967936,101042.21032565368,1464.8224492400843,660424.8984512567,2020_tracts
South Park Hill,2020,57,9495.943471790062,7056.949024359349,710.346920894948,891.7074615273652,150709.51291562125,1579.959660709113,781932.8675915786,2020_tracts
Southmoor Park,2020,58,5880.449300152923,5038.594855722485,150.33903369767927,289.6308128788261,94933.31139157797,1948.135950173796,624982.5190489284,2020_tracts
Speer,2020,59,12190.342513682517,10041.473696352325,199.11345999237903,1117.7818655060055,78006.27241836947,1513.695889179069,492510.59501539444,2020_tracts
Central Park,2020,60,27208.54586693013,19808.798037460507,2109.416611597015,2687.12512327826,154311.2635403605,1641.8379460065062,683683.7212205948,2020_tracts
Sun Valley,2020,61,1424.2860092476578,143.87602300366035,651.7772019715288,525.4013817463101,24182.10472047767,323.5603431498643,597681.3130382877,2020_tracts
Sunnyside,2020,62,10669.003060730727,5013.517726454969,451.705529548567,4461.750941773045,87584.49134787703,1546.2899175071657,549375.2730695192,2020_tracts
Union Station,2020,63,7736.188788983507,6426.25152691678,63.65141566704929,460.28930931927476,112758.96554858291,2089.7314287809463,798299.9872136456,2020_tracts
University,2020,64,9943.235336223537,7875.531345230314,401.4579824499975,982.4862678537578,110646.97071959611,1510.277636991318,629362.5480700624,2020_tracts
University Hills,2020,65,6648.61777856043,5187.077008298655,284.9964021940875,607.8160344003164,97749.29956075108,2148.059851255412,460391.4836876339,2020_tracts
University Park,2020,66,8139.563805957797,5844.30647535103,312.59545667575895,999.3632251156703,71124.31371094997,1519.7444442113976,770418.4673119324,2020_tracts
Valverde,2020,67,4926.963077047389,642.5695361005619,0.9313007808949285,4067.5212676631336,204.43261750403533,4.441336680710254,285695.7539516748,2020_tracts
Villa Park,2020,68,9590.646312219618,2456.1411422973106,197.71419317709535,6789.080919914496,53221.38189534738,1386.4197475865858,366850.03541665885,2020_tracts
Virginia Village,2020,69,14731.60509508799,10676.296366700446,989.9349528363787,2227.6681250203856,84789.26491898688,1719.535535045844,473715.61979665025,2020_tracts
Washington Park,2020,70,7551.8480316583955,6823.34649724818,57.486926988844466,426.63509510526035,192708.68396244457,2543.3528886677973,892540.4221546055,2020_tracts
Washington Park West,2020,71,7659.673851539492,6540.478274574593,52.091793886180895,478.70177973371034,115869.57426332153,1808.8876653381355,713261.0663827645,2020_tracts
Washington Virginia Vale,2020,72,14834.038659273641,8542.493990138184,2237.004107127889,2265.4698870952925,61954.98519502611,1433.8607309793922,448083.73521064926,2020_tracts
Wellshire,2020,73,3505.3019425320645,2831.807351279988,0.055077099096931516,495.8270017172388,148290.35681064363,2635.335705717066,818173.8811409916,2020_tracts
West Colfax,2020,74,10047.722552384113,5194.885671074306,401.17910937714447,3966.9526368193897,81887.73706104411,1395.769241448727,637370.1719893235,2020_tracts
West Highland,2020,75,9936.41882463914,7679.803759429455,148.04353355227624,1229.700162468526,95700.08816479097,1486.4754278506393,658005.8758741213,2020_tracts
Westwood,2020,76,18413.599464889343,1890.6399837192096,552.9039177912598,15290.534565411128,45293.3424329247,1269.1268095616733,272750.7452853963,2020_tracts
Whittier,2020,77,5373.381701127175,2820.230999483541,1166.757204336076,1137.5967130006095,115598.66925804471,1179.5768780637875,542491.0359916551,2020_tracts
Windsor,2020,78,14823.422115295516,7753.441371790643,2474.4759090471985,3234.496015075375,51429.45819622895,1436.478704893228,297907.89264388825,2020_tracts
Athmar Park,2021,1,8858.329914138445,2821.7615043837304,81.28731991340969,5553.654232594344,70906.03597621837,1446.148050739112,393650.4573505733,2020_tracts
Auraria,2021,2,784.9593221856558,528.6843091706542,64.85358861145056,149.2282903443623,144555.96693149602,142.54033600593266,603692.0736825543,2020_tracts
Baker,2021,3,6444.444103431553,4409.138986980781,278.77171352032536,1176.5738592909233,101161.61576233963,1661.5332377588663,524944.4004819272,2020_tracts
Barnum,2021,4,5917.911751475431,1282.487583154945,10.324234287762472,4309.0152715422855,57102.03005777623,1560.3806366486347,348964.76363564626,2020_tracts
Barnum West,2021,5,5276.779378576681,1276.6238606575178,28.018380024179507,3807.2842127360664,59615.56747416576,1558.3820169468902,359868.6643834154,2020_tracts
Bear Valley,2021,6,8104.809417082723,4628.201172858197,444.2092775840171,2470.4571197653377,72028.27363540423,1537.2521733739907,420173.23849622806,2020_tracts
Belcaro,2021,7,4904.549265903124,4049.710449382346,109.86126538622982,342.8944360300745,117800.00515150298,2253.522683188558,986285.7129213514,2020_tracts
Berkeley,2021,8,9142.921252071099,6822.0541971398625,77.77560660420038,1882.7143478312391,116376.8471000763,1935.0924098928149,687363.1647607544,2020_tracts
Capitol Hill,2021,9,16111.33016172164,11912.778452976938,517.7920716746862,2159.684997991364,69952.77096037426,1452.8375636566332,312048.94828205334,2020_tracts
CBD,2021,10,4633.200568199639,3256.3679336515265,320.25356664867456,568.7240898671334,113742.40770773067,1849.8901187036693,585674.5093328375,2020_tracts
Chaffee Park,2021,11,3381.2239890253286,1508.275821107911,81.96858787604916,1689.2628235453906,83802.9601303063,1229.5070831960818,397432.0952540632,2020_tracts
Cheesman Park,2021,12,8932.122991384622,7697.681609640269,275.3727331517606,409.12334039188346,71845.20950576817,1536.042265314504,459250.78877742967,2020_tracts
Cherry Creek,2021,13,6364.283518021292,5342.171377638255,126.60863648281627,358.6529427156925,140240.88099476235,2216.555858417101,937462.4793161891,2020_tracts
City Park,2021,14,3595.338217729414,2816.572710981764,301.10848103783326,342.0810450186242,92245.3173520665,1332.3730481315624,680291.2192699813,2020_tracts
City Park West,2021,15,5428.7937409832075,3520.2230400365493,803.090831129971,793.2738307750888,80445.9122196631,1277.8936338072335,694717.2428294421,2020_tracts
Civic Center,2021,16,2813.7344169826165,1920.8588898176943,251.34816852507976,482.35878765363276,110576.0082103603,2112.7147723860635,744445.1642183822,2020_tracts
Clayton,2021,17,4434.015188383769,1429.395069602877,470.1404593324137,2285.6849056004353,63174.2615041777,1335.0556512480086,462664.11981363373,2020_tracts
Cole,2021,18,4502.255868704876,1786.8161495856616,467.68752719393564,2104.361180318157,83753.46558617665,1459.591009001872,492376.02831535536,2020_tracts
College View - South Platte,2021,19,8209.502024074887,1500.034580787348,444.1028681391905,5460.766159090401,82922.62764188212,1419.2010444080836,370853.3446959158,2020_tracts
Congress Park,2021,20,11420.553894551133,8821.415999885052,526.4263047145299,973.9617371087916,89107.39147017078,1561.839897460715,695106.8385763603,2020_tracts
Cory - Merrill,2021,21,4166.8270248461795,3531.1996007198813,14.839280878415684,210.58134475027546,162484.68975998377,2154.7787850278496,781668.747990135,2020_tracts
Country Club,2021,22,3262.810394350261,2894.756393897351,37.14962477733208,251.86868266303728,268511.616740515,1834.4974503788399,1330429.0191805037,2020_tracts
DIA,2021,23,2320.148479315906,604.901573394972,952.0452497780537,359.75534816822176,64100.504379508304,1747.8370227427265,267455.40578328836,2020_tracts
East Colfax,2021,24,10644.800162045145,3900.147626609661,2245.474491998042,3172.302671014326,70748.49623988051,1461.6301658111086,392612.2700275316,2020_tracts
Elyria Swansea,2021,25,6673.736698555573,763.2579169118143,201.68722074122383,5586.28095715626,58631.15961654237,1316.2185335498493,333384.2814535413,2020_tracts
Five Points,2021,26,20191.15877164557,12543.789928883374,2361.975754193887,3746.97512903532,87655.75465154993,1793.3652749321618,566938.2601770582,2020_tracts
Fort Logan,2021,27,8806.52607031597,5811.10811531056,223.47455536200738,1836.1077122591366,97598.92019594958,1349.1465980293108,495726.64350698626,2020_tracts
Gateway - Green Valley Ranch,2021,28,43729.39837917861,8363.64958487083,12077.416381754585,19286.377173109657,95126.91638402823,2183.7199484008893,391261.3821129014,2020_tracts
Globeville,2021,29,4082.1348772702568,1497.72825998152,183.01056332566367,2141.1034891980908,73884.98297179125,1452.280054251199,387301.7356185699,2020_tracts
Goldsmith,2021,30,5861.856145225687,4245.283822684437,561.357880265298,612.4535235362043,65157.643383787035,1343.1993172961777,510360.6384574068,2020_tracts
Hale,2021,31,8772.226963224904,6222.027577971078,222.23371792348783,1447.936826289888,75712.24076428606,1454.4630522984698,555136.4187526624,2020_tracts
Hampden,2021,32,19347.101001178784,12431.130852963388,1935.3155672748903,3025.8163957995916,80761.66516650132,1697.3833367068764,399333.2336917376,2020_tracts
Hampden South,2021,33,16885.04448742117,11988.165913739762,1343.045183830996,2705.797212205344,81375.5784937058,1737.5129381624945,503574.8213413048,2020_tracts
Harvey Park,2021,34,12540.434884542045,4984.4784481571105,225.99889300815119,6709.211251199243,76556.89196497471,1429.4791139886788,404462.9204546782,2020_tracts
Harvey Park South,2021,35,8972.392742557739,3648.8127891559716,314.4949622294564,4301.603336952875,88933.77381977721,1740.91941030501,428271.11196594185,2020_tracts
Highland,2021,36,11251.139175344399,8226.155006146066,69.50784381248675,2073.6523047374094,112059.92179942499,2057.573439230266,658207.3012401767,2020_tracts
Hilltop,2021,37,7746.809276374302,5975.132180185629,340.007208809588,587.0214782263763,174357.18397030342,2592.7966056625555,1057249.4170245642,2020_tracts
Indian Creek,2021,38,4002.235981123894,2552.7104768957665,375.793357742386,508.4032559418389,85941.09283103816,1802.250209828743,341473.78922865726,2020_tracts
Jefferson Park,2021,39,3773.2327561383913,2384.0037826590187,98.81529425215072,995.9257455464143,108076.17681621619,1626.4785799083675,666637.4704099266,2020_tracts
Kennedy,2021,40,4049.6089762518504,1242.8792278730132,1073.5642647067448,1120.53944067538,65672.16578041764,1497.9987561550354,3.1852259585042977,2020_tracts
Lincoln Park,2021,41,6548.057782829445,2770.201601497054,743.4449984313187,2675.2030259843605,67253.9535499841,1452.4610880120285,495093.6202556601,2020_tracts
Lowry Field,2021,42,10366.444499857878,7676.3351754212645,502.7045072463993,1462.65793885903,116631.09692412864,1889.0909515401138,736846.9057658187,2020_tracts
Mar Lee,2021,43,13334.763253115165,3829.0000458777226,98.84620595563315,8358.382921765857,71101.3735281519,1429.039229252896,354048.8271433389,2020_tracts
Marston,2021,44,12054.790135998515,8404.258799854142,90.55764366422301,2049.226072202614,84250.44163968634,1717.1426984719897,447594.42258946755,2020_tracts
Montbello,2021,45,35054.90828536242,2936.6679148824333,6579.715802249651,23058.591126764713,78486.92118791216,1653.016200399551,335965.9564471013,2020_tracts
Montclair,2021,46,6272.312686535392,4264.288554264292,295.9707807470263,1274.3389100900702,116759.56052558214,1780.1888823456247,552764.0857306079,2020_tracts
North Capitol Hill,2021,47,7311.084283253654,5182.449874875523,514.5572676152913,1199.948528447532,79782.52822077496,1663.0674133656905,340090.43916154053,2020_tracts
North Park Hill,2021,48,11571.32096530997,5792.251605477091,2953.157144896888,1397.54841845397,134791.71298724719,2173.8568155131734,609300.3093916194,2020_tracts
Northeast Park Hill,2021,49,9001.473917618947,2314.5016484908997,3021.4843670207647,2976.0138153720363,63625.00324169534,1602.7590221754372,428216.4564827239,2020_tracts
Overland,2021,50,3307.240555991648,2422.8986034609575,24.10697396346777,524.9409565040648,73193.90629494903,1828.693342138674,468207.0228544658,2020_tracts
Platt Park,2021,51,6599.507927621924,4991.433178790219,54.06456594832803,709.262863855472,132535.44177030027,2303.6330046871462,741800.6749689352,2020_tracts
Regis,2021,52,4670.290800320509,3098.493744759663,71.96713550499399,1166.961425364887,92945.76572732568,1390.4859293233926,503523.52121026634,2020_tracts
Rosedale,2021,53,2750.7811024106422,1940.8390408872592,142.98802609556913,505.01122865069317,96986.04955510165,1800.736171097633,640484.3878613968,2020_tracts
Ruby Hill,2021,54,9937.465221693767,2219.772172276656,236.8733868333966,6755.201585144591,53265.00675673323,1261.9008544534568,368368.26684976695,2020_tracts
Skyland,2021,55,3399.7777705603226,1878.9519234812312,779.4426530159799,515.8647449747855,87968.57999746637,1850.2424397054162,581745.8549462842,2020_tracts
Sloan Lake,2021,56,8002.983964884391,5840.6643886223665,119.92347099850313,1546.3910613769538,115415.9154695671,1417.1745069766541,675324.0807860646,2020_tracts
South Park Hill,2021,57,9324.341626473397,6735.267976656168,697.5687162662366,984.5313938030293,149090.11996237418,1552.9947570097531,804905.3055598347,2020_tracts
Southmoor Park,2021,58,5877.915665286106,4863.628099883991,194.77481375204187,373.8907350664999,93055.05236604286,1948.3005863644307,632323.85883264,2020_tracts
Speer,2021,59,11996.909089708692,10054.591734947333,141.297507568276,1075.0349163897013,80640.59903212992,1563.041199997462,515446.87528812344,2020_tracts
Central Park,2021,60,29987.05188938478,19980.735970385882,2721.6350242791395,3229.5802419747574,160256.8667549179,1851.1304636306843,679974.4923692744,2020_tracts
Sun Valley,2021,61,1147.437719945441,100.92855869036066,454.20432256243794,508.60264886640067,22826.20027373439,288.89111661612253,579829.2537958049,2020_tracts
Sunnyside,2021,62,10497.000662075598,5003.974178191798,514.8342836184729,4331.752687245833,93875.10212547782,1455.5884069974334,544497.4671759409,2020_tracts
Union Station,2021,63,8556.805053765214,6803.0567889950335,51.45827656241116,797.2207049110802,104319.96588765147,2123.1675415562645,819174.6575313119,2020_tracts
University,2021,64,9858.764652152413,7582.203661068415,374.63888464756866,1006.4323270946225,111535.29679513395,1529.4597517520565,635760.3759452965,2020_tracts
University Hills,2021,65,6730.172147961409,5244.146430906779,274.6378120043513,657.5647689901169,100958.56797719956,2197.588898991165,489664.6899921357,2020_tracts
University Park,2021,66,7681.808452027558,5522.890870580281,345.37559191084875,1005.308143890736,74182.96020165214,1698.001949386991,759066.326278234,2020_tracts
Valverde,2021,67,4290.436052216064,822.1810156240473,0.709763306057366,3388.9458994391,45709.10462717241,670.3459234949339,350387.64950361353,2020_tracts
Villa Park,2021,68,8815.750434817259,2345.201114781152,243.71720989251352,6023.488537414592,50440.593144283426,1503.062502908558,378994.46611394174,2020_tracts
Virginia Village,2021,69,14882.830411186149,9866.579029515362,1197.7059190664393,2701.2974821623343,86270.30009663128,1734.2760491572092,495185.4850015354,2020_tracts
Washington Park,2021,70,7293.858386742731,6497.995383831287,64.3508673034543,510.07120821909666,188970.6708356502,2751.3015474238778,907826.9525774735,2020_tracts
Washington Park West,2021,71,7398.190556186992,6178.575401235616,59.057883874911155,557.2741380790792,115158.8225681421,1803.0837825907336,711305.4726240446,2020_tracts
Washington Virginia Vale,2021,72,14526.847996051827,7950.172420250724,2604.831808601633,2277.2655947103826,63135.03449335409,1436.1685879865538,460926.02926588245,2020_tracts
Wellshire,2021,73,3322.162007151586,2736.4944590085506,0.056685621991913834,531.6663674015967,149362.17161365735,2264.2933002542272,831786.4683407394,2020_tracts
West Colfax,2021,74,10406.4939741604,5746.783340443852,568.4013105641043,3748.18500300988,89396.64996755701,1467.366263820414,633879.2315812223,2020_tracts
West Highland,2021,75,9709.517956958629,8063.739776102218,38.01959412600672,832.8114093971926,107518.46527206754,1594.058976857304,671176.6083808531,2020_tracts
Westwood,2021,76,17780.49115993267,2245.1226872023535,496.86042200195556,14630.38952440266,43161.823904207224,1314.934039915475,297643.19856087526,2020_tracts
Whittier,2021,77,4788.133623441342,2682.392976688121,700.3616365610501,1056.7220960322713,119117.34685974983,996.0980516167463,557575.804707254,2020_tracts
Windsor,2021,78,14322.81932781778,7175.692641306082,2447.984652247137,3368.8589788500103,51149.205682658765,1448.271720286237,309713.9155457571,2020_tracts
Athmar Park,2022,1,8441.234271176858,2731.876147303562,63.575686504033854,5176.878608830275,70308.30026479438,1392.4243428290947,443722.2039215136,2020_tracts
Auraria,2022,2,815.6753967409209,526.0051825456788,66.86852018244393,148.996936362533,144400.40595908448,151.3446000349315,67801.41456169673,2020_tracts
Baker,2022,3,6483.950047809371,4149.906345116456,335.2313179290365,1141.991036404077,102901.86981177374,1631.0668991985526,608964.4970578097,2020_tracts
Barnum,2022,4,5299.817205914585,1279.0139873141654,12.369329216687914,3666.2666209529725,57462.08964549977,1550.8981636997057,384680.5080565638,2020_tracts
Barnum West,2022,5,5101.848883789692,1101.836161839451,9.04368624694167,3874.9932938206857,60109.64791566479,1751.8064929753587,386206.7881783195,2020_tracts
Bear Valley,2022,6,8080.055635261813,4102.535377547454,421.48021741379654,2712.6282582891517,73226.5954303586,1480.7253346473985,465895.63116083294,2020_tracts
Belcaro,2022,7,5614.1116113145235,4873.54654959688,22.19020850246849,293.0174664288931,118617.79585099974,2098.7858067549005,1082452.8978848122,2020_tracts
Berkeley,2022,8,8801.153620020978,6754.952435411914,54.48351850156639,1663.788542643667,136610.10730704604,1928.5863251271833,769783.0893087502,2020_tracts
Capitol Hill,2022,9,16333.662880571152,12202.671072931696,526.8734842262791,2279.77763259429,73895.62731994965,1444.6988633800227,359218.37447911815,2020_tracts
CBD,2022,10,4762.255686010036,3255.4043176903083,334.7059350778742,701.9001470324916,112232.87297417302,1801.6101524177614,593602.5431263254,2020_tracts
Chaffee Park,2022,11,3412.555648800786,1486.3870783642237,86.792481438881,1699.892839849123,76954.07147756676,1181.8466294112795,465517.8565078609,2020_tracts
Cheesman Park,2022,12,8616.02989878297,7465.342062339804,243.26835261222644,399.54804483712155,74472.80953269395,1475.473545701891,472251.15477726393,2020_tracts
Cherry Creek,2022,13,6094.210467801033,4947.724301892952,186.77128776637943,359.023453732389,148166.85884967825,2301.430238698549,971578.3652226205,2020_tracts
City Park,2022,14,3786.1664353172387,2915.7279063428596,390.0152363534647,329.85334460624273,94417.23724825981,1530.0153277184909,700710.5487549651,2020_tracts
City Park West,2022,15,5706.68476719181,3786.0697005865286,762.0367069410985,819.380279835897,71319.1690310298,1343.511360084226,685236.014595951,2020_tracts
Civic Center,2022,16,3583.922532455973,2235.6482992449837,419.5072705341173,683.9887597081669,110609.60028547457,2245.255017795316,710777.9970270018,2020_tracts
Clayton,2022,17,4493.8830584889365,1627.9141275521267,590.9354699338858,2038.0776082206075,74364.86464723709,1364.1459701767553,481109.0854907315,2020_tracts
Cole,2022,18,4507.066869650064,1908.775333541533,409.3598263850129,1943.471231112544,108023.191348064,1677.1444316415816,564196.4889839027,2020_tracts
College View - South Platte,2022,19,7841.863780462664,1538.0168581659875,420.2281524124524,5275.512096701362,77352.40510583039,1504.4643561645976,411444.56863420364,2020_tracts
Congress Park,2022,20,11337.479293454786,8680.607019265472,433.7847718056159,1182.3656319382796,94068.8897639665,1535.9893114435172,711580.931797705,2020_tracts
Cory - Merrill,2022,21,4034.429784710555,3484.775843480896,19.774485363627,180.9413869756731,157104.6121381308,2239.0607586702495,833360.4983777659,2020_tracts
Country Club,2022,22,3158.4803255600336,2802.007075347535,18.197982485154643,276.1032712582935,248729.90804420068,1709.0355827366473,1635115.0148769321,2020_tracts
DIA,2022,23,2835.183064625627,644.0279283236845,1186.124296097722,652.4214306466823,69827.30204576031,1751.8686364126663,298150.0414219317,2020_tracts
East Colfax,2022,24,9925.97492581829,4037.944494440803,1729.6887551262082,3115.3895906467865,70988.09219552962,1456.8005732400761,452382.0270855822,2020_tracts
Elyria Swansea,2022,25,6823.306035815084,728.8580452846795,292.31114440730113,5648.641050696266,58738.0112850477,1398.503739617012,344474.26174900396,2020_tracts
Five Points,2022,26,22103.120158015576,13500.858887498343,2163.1145028218907,4363.244193386264,85904.21950053642,1715.226460501129,578765.4847684785,2020_tracts
Fort Logan,2022,27,9028.469367380329,5740.388888149352,237.25346693334617,2200.866929946174,99969.63995838752,935.0355697214633,521037.80530622497,2020_tracts
Gateway - Green Valley Ranch,2022,28,46413.41966698768,9066.4625565385,13173.193487263783,19531.592083915843,94587.06859946824,2133.117553803806,425943.435320681,2020_tracts
Globeville,2022,29,4339.9405399831785,1611.5029939080146,242.32949575273884,2152.6176979637726,66882.97029833964,1507.2166155324824,424294.64562846924,2020_tracts
Goldsmith,2022,30,5552.825118380191,3618.2211746772837,654.0425276692708,758.6026766984124,58161.997926575175,1384.282836069128,442800.21333981334,2020_tracts
Hale,2022,31,9095.412346754236,6203.2162819139885,267.1692214308041,1595.2691372274346,78798.19060924585,1397.1127896490514,558022.3752945589,2020_tracts
Hampden,2022,32,19560.123367314878,11969.626421262525,1952.1700457086315,3894.4679957388366,76704.88886998435,1732.101033117817,426946.80455791106,2020_tracts
Hampden South,2022,33,17072.090638292633,11588.862994250458,1300.5445386936644,2886.052141341294,79445.65812372192,1796.058082340049,550838.6861613267,2020_tracts
Harvey Park,2022,34,11831.31511492475,4931.4317138658325,243.00855013524628,6228.93101372612,75967.7138136443,1410.8811642207636,440038.1649849782,2020_tracts
Harvey Park South,2022,35,8744.304236708838,3582.721794719731,404.2595658855285,4118.771713578458,85723.6096413975,1808.2040798166709,480808.5237317032,2020_tracts
Highland,2022,36,11315.073840568008,8397.766670806372,71.58789345251841,1832.1740259258818,114407.91433346766,2146.2849111332794,730397.6986034822,2020_tracts
Hilltop,2022,37,7640.2701554566365,5879.184558109722,246.8993710978867,517.8615847531472,182135.49014655704,2377.564165476346,1129894.911695817,2020_tracts
Indian Creek,2022,38,3844.124095268736,2436.7369639419035,576.4472992006564,366.5420995838723,84736.75048925054,1744.8145746101266,371698.7210654194,2020_tracts
Jefferson Park,2022,39,4466.778039093204,2645.8009532881797,149.14445394083185,1343.1758272261561,110768.88176248218,1580.5882635451972,718818.5101340393,2020_tracts
Kennedy,2022,40,4289.373734334505,1619.6517333491881,1270.267350544359,1018.7638461972745,52364.083136411835,1526.0005613999335,3.2605692514330844,2020_tracts
Lincoln Park,2022,41,6985.79156765729,3030.060703507357,712.8300216720907,2788.587173238206,64085.53546861214,1461.2883109420645,506559.1843276943,2020_tracts
Lowry Field,2022,42,10972.463464214352,7736.7785726023985,719.6625002172016,1535.8968902535262,114040.0876254036,1839.9738784284077,732717.0172015978,2020_tracts
Mar Lee,2022,43,13430.37007388654,3355.713338860031,53.05823658724791,8733.525801583948,70489.58367227428,1404.7142689723219,375186.5039677986,2020_tracts
Marston,2022,44,11799.524622025427,8122.545707028049,95.5254079679732,2031.431272820875,84845.01235727829,1737.2035439110061,454532.58759981184,2020_tracts
Montbello,2022,45,34848.80693238506,2753.5709037635265,6247.164818485788,23823.80141518385,84216.07548855852,1699.3429862959745,365243.5735711589,2020_tracts
Montclair,2022,46,6075.608600823573,4294.550421345482,309.7814494418666,935.3815038747332,117280.63623564367,1864.2765991572767,625319.2376208676,2020_tracts
North Capitol Hill,2022,47,7712.320275865955,5201.6107608979,474.0566983404496,1538.2006669465795,79116.94840255543,1679.1391868257367,382747.2927575897,2020_tracts
North Park Hill,2022,48,11150.644479366363,5978.21432917682,2590.4906527631933,1068.5089469836773,141173.44350501744,2313.7299067114645,637910.7983237507,2020_tracts
Northeast Park Hill,2022,49,8863.025530432524,2260.9531401221584,2949.9493634622104,2971.0100257943313,65444.23648864572,1571.8543832294856,453886.0119128917,2020_tracts
Overland,2022,50,3285.2777951638277,2366.296786580031,22.062758189119197,555.3781436735429,84365.16819098672,1947.7998865193229,510871.41570498946,2020_tracts
Platt Park,2022,51,6658.077266313328,5133.850524156807,13.062123008297334,745.9030730401179,140572.66869133606,2366.143332955123,771123.2262895246,2020_tracts
Regis,2022,52,4469.367205130821,2720.9168726321814,90.60086193211454,1203.0784118966274,107761.33964793311,1510.2330990756234,544800.7031079151,2020_tracts
Rosedale,2022,53,2832.680462321203,1976.977063937591,155.9399177864458,488.8894794732873,97459.51051761219,1738.6732604613776,652910.0117660929,2020_tracts
Ruby Hill,2022,54,9745.47476011131,2035.2316438974958,123.95568642995804,6260.347950108089,51966.606234745,1164.0042418173266,411453.1221489669,2020_tracts
Skyland,2022,55,3479.238629063576,1706.4962731749922,816.2275415863991,441.2661458610573,100671.97017315561,1845.219158513316,619222.4109663761,2020_tracts
Sloan Lake,2022,56,7840.028802615754,6150.297512548432,68.9274023467809,1150.5507671168732,122831.9071782898,1405.143718142987,735061.0537004904,2020_tracts
South Park Hill,2022,57,9012.735952763465,6600.520046263372,639.7042076825119,936.4462707666911,150612.38510801864,1686.276083009925,879770.4471986649,2020_tracts
Southmoor Park,2022,58,5917.936963134983,4630.122895644457,220.27267497584998,534.6277219866798,98113.92348215453,1909.3135864885157,642394.1069799467,2020_tracts
Speer,2022,59,12177.12578370798,10308.143313455565,114.30417342035423,1065.7478646225666,85648.87965790906,1641.074551228401,563637.3715823244,2020_tracts
Central Park,2022,60,31419.03408757692,20447.897284450497,2525.051839158402,4560.36597917868,164245.49604548563,1693.0539675240484,757128.3736042492,2020_tracts
Sun Valley,2022,61,1128.916301945398,122.10626405095655,428.78037014262463,528.7636297650733,28044.81042437831,307.68232845865646,18039.64201076837,2020_tracts
Sunnyside,2022,62,10044.323254997767,5272.316131862948,335.38718056544377,3735.4676334770015,91780.7016229243,1451.3249329274047,639336.5119854899,2020_tracts
Union Station,2022,63,9205.275545879127,7108.458045561064,105.65130878589797,929.9734624875297,104554.37566852765,2152.6797910131954,783455.5536884215,2020_tracts
University,2022,64,9436.068933481345,7302.1380704953,298.32914363294856,880.5519201224633,110874.61356143621,1497.0926221472423,766206.1466381169,2020_tracts
University Hills,2022,65,6729.137793924301,5183.33511686489,266.2650896003259,524.556906282868,102905.44557353896,2121.546738627858,534534.4618864446,2020_tracts
University Park,2022,66,8095.074592529433,5589.509487194164,412.0087750985884,1063.2759147911463,64179.73837585816,1738.823357181537,842843.1005956122,2020_tracts
Valverde,2022,67,4042.3977109907764,888.3612336626215,0.806458135317451,3077.9200763193485,46416.247665792245,5.279368183142902,371297.6616083812,2020_tracts
Villa Park,2022,68,7855.756050263382,2152.471956004889,276.9644076726224,5086.831394030047,54413.8525484561,1475.9110783167775,415909.89159819076,2020_tracts
Virginia Village,2022,69,14393.30404206077,9593.50709897896,967.7197204648505,2828.55693527776,85893.39288316146,1706.2978304670055,554548.7741958199,2020_tracts
Washington Park,2022,70,7179.287580403551,6277.670550539928,55.73804677244494,567.026568389367,195814.4199431604,2529.1395822358195,968141.4574514912,2020_tracts
Washington Park West,2022,71,7661.635448848597,6532.866361829948,62.07894290676302,493.74112996234913,122171.35507867855,1929.2951961236654,788961.6014890347,2020_tracts
Washington Virginia Vale,2022,72,14381.356845893843,7965.423500010464,2121.1213820457574,2452.601002755375,64295.7636932689,1451.104517171404,504322.3435727274,2020_tracts
Wellshire,2022,73,3060.6802634077694,2700.5788611345447,0.01937045678345798,286.6140752966379,151874.20192666946,2331.9455381306216,888822.7769953676,2020_tracts
West Colfax,2022,74,11150.63589182008,6599.625903576604,485.8977576417558,3306.6112655555326,95235.05910816,1563.1573195784338,712985.1548095944,2020_tracts
West Highland,2022,75,10350.045614537623,8237.651207540754,37.00573873419417,1232.488046109925,101240.84968147823,1818.9411260331847,683222.5308910544,2020_tracts
Westwood,2022,76,16902.769340640007,1827.7521138672341,643.5664395262164,13914.100150042465,45226.92001490146,1354.3460747967392,330667.70293972176,2020_tracts
Whittier,2022,77,4543.6842640598325,2684.4256104094707,411.8960947572283,1005.8904216679922,120970.20487858476,991.7753757054996,640635.01555813,2020_tracts
Windsor,2022,78,13687.770604990603,7331.785037086923,2435.223222079694,2866.347409531916,54171.9709337506,1466.45199333616,212143.55882388592,2020_tracts
