NAME,median_household_income,median_gross_rent,median_home_value,total_pop,white_nonhispanic,black_nonhispanic,hispanic_latino,state,county,tract,year,GEOID,boundary_vintage,cpi,inflation_factor,real_median_household_income,real_median_gross_rent,real_median_home_value
"Census Tract 9.03, Denver County, Colorado",32462.0,862.0,152600.0,5615.0,976.0,234.0,4241.0,08,031,000903,2011,08031000903,2010_tracts,224.93916666666667,1.30104028126123,42234.36961030205,1121.4967224471802,198538.74692046372
"Census Tract 11.01, Denver County, Colorado",33789.0,766.0,190100.0,2814.0,642.0,190.0,1956.0,08,031,001101,2011,08031001101,2010_tracts,224.93916666666667,1.30104028126123,43960.850063535705,996.5968554461023,247327.75746775983
"Census Tract 13.01, Denver County, Colorado",38750.0,1012.0,157200.0,4484.0,787.0,2.0,3291.0,08,031,001301,2011,08031001301,2010_tracts,224.93916666666667,1.30104028126123,50415.31089887267,1316.6527646363647,204523.53221426537
"Census Tract 13.02, Denver County, Colorado",41818.0,1132.0,157300.0,3849.0,914.0,5.0,2742.0,08,031,001302,2011,08031001302,2010_tracts,224.93916666666667,1.30104028126123,54406.90248178212,1472.7775983877125,204653.63624239148
"Census Tract 14.02, Denver County, Colorado",37843.0,706.0,153000.0,3664.0,1079.0,79.0,2136.0,08,031,001402,2011,08031001402,2010_tracts,224.93916666666667,1.30104028126123,49235.267363768726,918.5344385704284,199059.1630329682
"Census Tract 17.02, Denver County, Colorado",49735.0,894.0,260300.0,2770.0,2007.0,301.0,237.0,08,031,001702,2011,08031001702,2010_tracts,224.93916666666667,1.30104028126123,64707.23838852728,1163.1300114475396,338660.78521229816
"Census Tract 18, Denver County, Colorado",36500.0,890.0,216000.0,3470.0,1648.0,102.0,1514.0,08,031,001800,2011,08031001800,2010_tracts,224.93916666666667,1.30104028126123,47487.9702660349,1157.9258503224949,281024.7007524257
"Census Tract 21, Denver County, Colorado",47010.0,703.0,260600.0,5243.0,2616.0,126.0,2389.0,08,031,002100,2011,08031002100,2010_tracts,224.93916666666667,1.30104028126123,61161.90362209042,914.6313177266447,339051.09729667654
"Census Tract 27.03, Denver County, Colorado",34830.0,687.0,188200.0,4996.0,4306.0,120.0,424.0,08,031,002703,2011,08031002703,2010_tracts,224.93916666666667,1.30104028126123,45315.23299632865,893.8146732264651,244855.7809333635
"Census Tract 28.01, Denver County, Colorado",64712.0,886.0,361000.0,2948.0,2471.0,19.0,300.0,08,031,002801,2011,08031002801,2010_tracts,224.93916666666667,1.30104028126123,84192.91868097671,1152.72168919745,469675.54153530404
"Census Tract 26.01, Denver County, Colorado",31275.0,716.0,298900.0,2697.0,1940.0,164.0,309.0,08,031,002601,2011,08031002601,2010_tracts,224.93916666666667,1.30104028126123,40690.03479644497,931.5448413830408,388880.94006898167
"Census Tract 120.10, Denver County, Colorado",57615.0,921.0,275900.0,4774.0,3327.0,30.0,862.0,08,031,012010,2011,08031012010,2010_tracts,224.93916666666667,1.30104028126123,74959.43580486577,1198.258099041593,358957.01359997335
"Census Tract 35, Denver County, Colorado",32116.0,871.0,130500.0,6512.0,855.0,462.0,5076.0,08,031,003500,2011,08031003500,2010_tracts,224.93916666666667,1.30104028126123,41784.209672985664,1133.2060849785314,169785.75670459052
"Census Tract 3.02, Denver County, Colorado",73566.0,925.0,340400.0,3888.0,3000.0,67.0,665.0,08,031,000302,2011,08031000302,2010_tracts,224.93916666666667,1.30104028126123,95712.32933126365,1203.4622601666379,442874.11174132273
"Census Tract 30.04, Denver County, Colorado",52417.0,943.0,327100.0,5485.0,4581.0,128.0,408.0,08,031,003004,2011,08031003004,2010_tracts,224.93916666666667,1.30104028126123,68196.6284228699,1226.88098522934,425570.2760005483
"Census Tract 31.01, Denver County, Colorado",51371.0,739.0,319100.0,1437.0,883.0,405.0,136.0,08,031,003101,2011,08031003101,2010_tracts,224.93916666666667,1.30104028126123,66835.74028867065,961.468767852049,415161.9537504585
"Census Tract 33, Denver County, Colorado",102368.0,1355.0,479300.0,3275.0,2954.0,34.0,115.0,08,031,003300,2011,08031003300,2010_tracts,224.93916666666667,1.30104028126123,133184.8915121496,1762.9095811089667,623588.6068085076
"Census Tract 41.03, Denver County, Colorado",83109.0,1161.0,348500.0,5079.0,2695.0,1797.0,460.0,08,031,004103,2011,08031004103,2010_tracts,224.93916666666667,1.30104028126123,108128.15673533957,1510.5077665442882,453412.5380195387
"Census Tract 43.01, Denver County, Colorado",37381.0,677.0,353000.0,4160.0,2887.0,440.0,308.0,08,031,004301,2011,08031004301,2010_tracts,224.93916666666667,1.30104028126123,48634.18675382604,880.8042704138528,459267.2192852142
"Census Tract 50.02, Denver County, Colorado",32224.0,810.0,210100.0,6763.0,3993.0,1340.0,697.0,08,031,005002,2011,08031005002,2010_tracts,224.93916666666667,1.30104028126123,41924.72202336188,1053.8426278215964,273348.56309298443
"Census Tract 53, Denver County, Colorado",30038.0,850.0,242400.0,1314.0,880.0,63.0,305.0,08,031,005300,2011,08031005300,2010_tracts,224.93916666666667,1.30104028126123,39080.64796852483,1105.8842390720456,315372.1641777222
"Census Tract 69.01, Denver County, Colorado",25768.0,683.0,278800.0,5061.0,2825.0,786.0,1023.0,08,031,006901,2011,08031006901,2010_tracts,224.93916666666667,1.30104028126123,33525.205967539376,888.6105121014201,362730.03041563096
"Census Tract 70.13, Denver County, Colorado",55377.0,1090.0,187300.0,3216.0,2293.0,464.0,319.0,08,031,007013,2011,08031007013,2010_tracts,224.93916666666667,1.30104028126123,72047.70765540314,1418.1339065747409,243684.8446802284
"Census Tract 83.05, Denver County, Colorado",42639.0,1082.0,137500.0,3779.0,420.0,795.0,2469.0,08,031,008305,2011,08031008305,2010_tracts,224.93916666666667,1.30104028126123,55475.05655269759,1407.725584324651,178893.03867341913
"Census Tract 28.02, Denver County, Colorado",48053.0,717.0,327600.0,4153.0,3224.0,51.0,684.0,08,031,002802,2011,08031002802,2010_tracts,224.93916666666667,1.30104028126123,62518.88863544589,932.8458816643019,426220.796141179
"Census Tract 41.04, Denver County, Colorado",45573.0,1113.0,224800.0,3965.0,1123.0,1678.0,838.0,08,031,004104,2011,08031004104,2010_tracts,224.93916666666667,1.30104028126123,59292.308737918036,1448.057833043749,292473.85522752453
"Census Tract 68.04, Denver County, Colorado",73750.0,1182.0,332300.0,2021.0,1845.0,55.0,80.0,08,031,006804,2011,08031006804,2010_tracts,224.93916666666667,1.30104028126123,95951.72074301571,1537.829612450774,432335.6854631067
"Census Tract 7.01, Denver County, Colorado",32647.0,696.0,233100.0,3937.0,1457.0,69.0,2286.0,08,031,000701,2011,08031000701,2010_tracts,224.93916666666667,1.30104028126123,42475.062062335375,905.5240357578161,303272.48956199276
"Census Tract 31.02, Denver County, Colorado",26958.0,535.0,285300.0,2891.0,1908.0,492.0,376.0,08,031,003102,2011,08031003102,2010_tracts,224.93916666666667,1.30104028126123,35073.44390224024,696.0565504747581,371186.79224382894
"Census Tract 36.02, Denver County, Colorado",35506.0,787.0,176600.0,4764.0,645.0,1608.0,2335.0,08,031,003602,2011,08031003602,2010_tracts,224.93916666666667,1.30104028126123,46194.73622646123,1023.9187013525881,229763.71367073324
"Census Tract 67.01, Denver County, Colorado",44205.0,1152.0,453400.0,1951.0,1658.0,71.0,102.0,08,031,006701,2011,08031006701,2010_tracts,224.93916666666667,1.30104028126123,57512.485633152675,1498.798404012937,589891.6635238418
"Census Tract 4.01, Denver County, Colorado",48019.0,834.0,265900.0,3607.0,1760.0,92.0,1558.0,08,031,000401,2011,08031000401,2010_tracts,224.93916666666667,1.30104028126123,62474.653265883004,1085.0675945718658,345946.61078736105
"Census Tract 24.03, Denver County, Colorado",31385.0,474.0,320600.0,2838.0,1306.0,676.0,740.0,08,031,002403,2011,08031002403,2010_tracts,224.93916666666667,1.30104028126123,40833.14922738371,616.693093317823,417113.51417235035
"Census Tract 119.02, Denver County, Colorado",45510.0,827.0,236100.0,7251.0,3513.0,9.0,3393.0,08,031,011902,2011,08031011902,2010_tracts,224.93916666666667,1.30104028126123,59210.34320019858,1075.9603126030372,307175.6104057764
"Census Tract 7.02, Denver County, Colorado",30714.0,730.0,204700.0,5398.0,1331.0,151.0,3839.0,08,031,000702,2011,08031000702,2010_tracts,224.93916666666667,1.30104028126123,39960.15119865742,949.759405320698,266322.9455741738
"Census Tract 27.02, Denver County, Colorado",42684.0,776.0,248500.0,5413.0,4382.0,161.0,358.0,08,031,002702,2011,08031002702,2010_tracts,224.93916666666667,1.30104028126123,55533.60336535434,1009.6072582587145,323308.50989341567
"Census Tract 39.01, Denver County, Colorado",149231.0,1740.0,665500.0,4202.0,3839.0,0.0,173.0,08,031,003901,2011,08031003901,2010_tracts,224.93916666666667,1.30104028126123,194155.54221289462,2263.8100893945402,865842.3071793487
"Census Tract 28.03, Denver County, Colorado",47766.0,792.0,249600.0,3989.0,3583.0,99.0,171.0,08,031,002803,2011,08031002803,2010_tracts,224.93916666666667,1.30104028126123,62145.490074723915,1030.4239027588942,324739.65420280304
"Census Tract 55.02, Denver County, Colorado",58966.0,1113.0,237800.0,1829.0,889.0,104.0,661.0,08,031,005502,2011,08031005502,2010_tracts,224.93916666666667,1.30104028126123,76717.14122484969,1448.057833043749,309387.3788839205
"Census Tract 70.88, Denver County, Colorado",37393.0,1128.0,169100.0,4010.0,2556.0,610.0,531.0,08,031,007088,2011,08031007088,2010_tracts,224.93916666666667,1.30104028126123,48649.79923720117,1467.5734372626675,220005.911561274
"Census Tract 70.89, Denver County, Colorado",25436.0,706.0,104000.0,4861.0,3734.0,608.0,391.0,08,031,007089,2011,08031007089,2010_tracts,224.93916666666667,1.30104028126123,33093.260594160645,918.5344385704284,135308.18925116793
"Census Tract 120.01, Denver County, Colorado",52468.0,661.0,376000.0,2256.0,1479.0,72.0,499.0,08,031,012001,2011,08031012001,2010_tracts,224.93916666666667,1.30104028126123,68262.98147721421,859.987625913673,489191.1457542225
"Census Tract 32.01, Denver County, Colorado",43488.0,754.0,201800.0,4698.0,3881.0,56.0,493.0,08,031,003201,2011,08031003201,2010_tracts,224.93916666666667,1.30104028126123,56579.63975148837,980.9843720709674,262549.9287585162
"Census Tract 38, Denver County, Colorado",75673.0,1096.0,658900.0,5224.0,4697.0,64.0,180.0,08,031,003800,2011,08031003800,2010_tracts,224.93916666666667,1.30104028126123,98453.62120388106,1425.9401482623082,857255.4413230245
"Census Tract 40.02, Denver County, Colorado",86563.0,1223.0,483200.0,3165.0,2867.0,0.0,166.0,08,031,004002,2011,08031004002,2010_tracts,224.93916666666667,1.30104028126123,112621.94986681586,1591.1722639824843,628662.6639054264
"Census Tract 40.04, Denver County, Colorado",86042.0,1375.0,264100.0,2096.0,1866.0,60.0,142.0,08,031,004004,2011,08031004004,2010_tracts,224.93916666666667,1.30104028126123,111944.10788027875,1788.9303867341914,343604.73828109086
"Census Tract 42.01, Denver County, Colorado",85000.0,851.0,437000.0,4696.0,3508.0,335.0,546.0,08,031,004201,2011,08031004201,2010_tracts,224.93916666666667,1.30104028126123,110588.42390720456,1107.1852793533067,568554.6029111575
"Census Tract 42.02, Denver County, Colorado",109617.0,1387.0,412900.0,3788.0,2756.0,381.0,298.0,08,031,004202,2011,08031004202,2010_tracts,224.93916666666667,1.30104028126123,142616.13251101226,1804.542870109326,537199.5321327619
"Census Tract 43.06, Denver County, Colorado",69936.0,1131.0,449200.0,4462.0,4014.0,149.0,222.0,08,031,004306,2011,08031004306,2010_tracts,224.93916666666667,1.30104028126123,90989.55311028539,1471.4765581064512,584427.2943425445
"Census Tract 44.04, Denver County, Colorado",30620.0,755.0,166500.0,5879.0,2049.0,2015.0,1317.0,08,031,004404,2011,08031004404,2010_tracts,224.93916666666667,1.30104028126123,39837.853412218865,982.2854123522287,216623.2068299948
"Census Tract 44.05, Denver County, Colorado",63955.0,1041.0,493000.0,7678.0,5324.0,823.0,795.0,08,031,004405,2011,08031004405,2010_tracts,224.93916666666667,1.30104028126123,83208.03118806197,1354.3829327929404,641412.8586617864
"Census Tract 46.02, Denver County, Colorado",36719.0,786.0,155900.0,6929.0,1134.0,76.0,5441.0,08,031,004602,2011,08031004602,2010_tracts,224.93916666666667,1.30104028126123,47772.8980876311,1022.6176610713268,202832.17984862576
"Census Tract 48.01, Denver County, Colorado",57734.0,1460.0,211800.0,2667.0,1633.0,0.0,913.0,08,031,004801,2011,08031004801,2010_tracts,224.93916666666667,1.30104028126123,75114.25959833586,1899.518810641396,275560.3315711285
"Census Tract 70.37, Denver County, Colorado",27439.0,710.0,292300.0,3837.0,1185.0,1037.0,1316.0,08,031,007037,2011,08031007037,2010_tracts,224.93916666666667,1.30104028126123,35699.244277526894,923.7385996954733,380294.0742126575
"Census Tract 83.12, Denver County, Colorado",34918.0,695.0,152100.0,6510.0,478.0,2389.0,3343.0,08,031,008312,2011,08031008312,2010_tracts,224.93916666666667,1.30104028126123,45429.72454107963,904.2229954765548,197888.2267798331
"Census Tract 45.03, Denver County, Colorado",31807.0,793.0,120500.0,4579.0,563.0,0.0,3733.0,08,031,004503,2011,08031004503,2010_tracts,224.93916666666667,1.30104028126123,41382.188226075945,1031.7249430401555,156775.35389197821
"Census Tract 19.01, Denver County, Colorado",18920.0,300.0,215600.0,2537.0,807.0,435.0,1100.0,08,031,001901,2011,08031001901,2010_tracts,224.93916666666667,1.30104028126123,24615.682121462472,390.31208437836904,280504.2846399212
"Census Tract 19.02, Denver County, Colorado",113750.0,1660.0,,314.0,143.0,0.0,96.0,08,031,001902,2011,08031001902,2010_tracts,224.93916666666667,1.30104028126123,147993.33199346493,2159.7268668936417,
"Census Tract 41.06, Denver County, Colorado",133393.0,1762.0,450400.0,9462.0,6510.0,798.0,1470.0,08,031,004106,2011,08031004106,2010_tracts,224.93916666666667,1.30104028126123,173549.66623827926,2292.4329755822873,585988.542680058
"Census Tract 41.07, Denver County, Colorado",84405.0,1177.0,338400.0,3279.0,2412.0,575.0,117.0,08,031,004107,2011,08031004107,2010_tracts,224.93916666666667,1.30104028126123,109814.30493985412,1531.3244110444678,440272.0311788003
"Census Tract 45.04, Denver County, Colorado",26108.0,792.0,140500.0,3294.0,551.0,17.0,2638.0,08,031,004504,2011,08031004504,2010_tracts,224.93916666666667,1.30104028126123,33967.55966316819,1030.4239027588942,182796.15951720282
"Census Tract 45.05, Denver County, Colorado",31997.0,975.0,120700.0,4136.0,645.0,20.0,3375.0,08,031,004505,2011,08031004505,2010_tracts,224.93916666666667,1.30104028126123,41629.385879515576,1268.5142742296994,157035.56194823046
"Census Tract 120.14, Denver County, Colorado",60039.0,964.0,202900.0,6038.0,4239.0,0.0,1489.0,08,031,012014,2011,08031012014,2010_tracts,224.93916666666667,1.30104028126123,78113.15744664299,1254.2028311358258,263981.0730679036
"Census Tract 29.01, Denver County, Colorado",53484.0,819.0,341700.0,2845.0,2247.0,59.0,279.0,08,031,002901,2011,08031002901,2010_tracts,224.93916666666667,1.30104028126123,69584.83840297563,1065.5519903529473,444565.4641069623
"Census Tract 30.01, Denver County, Colorado",72561.0,882.0,354600.0,5290.0,4558.0,17.0,319.0,08,031,003001,2011,08031003001,2010_tracts,224.93916666666667,1.30104028126123,94404.78384859611,1147.517528072405,461348.8837352322
"Census Tract 30.03, Denver County, Colorado",32000.0,997.0,276700.0,3364.0,2840.0,52.0,284.0,08,031,003003,2011,08031003003,2010_tracts,224.93916666666667,1.30104028126123,41633.289000359364,1297.1371604174465,359997.84582498233
"Census Tract 37.03, Denver County, Colorado",49375.0,730.0,318600.0,2624.0,1909.0,273.0,218.0,08,031,003703,2011,08031003703,2010_tracts,224.93916666666667,1.30104028126123,64238.86388727323,949.759405320698,414511.4336098279
"Census Tract 44.03, Denver County, Colorado",41991.0,860.0,187100.0,4030.0,1803.0,714.0,1261.0,08,031,004403,2011,08031004403,2010_tracts,224.93916666666667,1.30104028126123,54631.982450440315,1118.8946418846579,243424.63662397614
"Census Tract 51.04, Denver County, Colorado",30915.0,695.0,245100.0,2833.0,1819.0,206.0,545.0,08,031,005104,2011,08031005104,2010_tracts,224.93916666666667,1.30104028126123,40221.66029519093,904.2229954765548,318884.97293712746
"Census Tract 52, Denver County, Colorado",62011.0,1284.0,269000.0,2970.0,2409.0,96.0,192.0,08,031,005200,2011,08031005200,2010_tracts,224.93916666666667,1.30104028126123,80678.80888129014,1670.5357211394194,349979.8356592709
"Census Tract 68.12, Denver County, Colorado",45530.0,754.0,210700.0,2890.0,2508.0,142.0,151.0,08,031,006812,2011,08031006812,2010_tracts,224.93916666666667,1.30104028126123,59236.3640058238,980.9843720709674,274129.1872617412
"Census Tract 83.06, Denver County, Colorado",42321.0,721.0,188400.0,6246.0,218.0,1906.0,3954.0,08,031,008306,2011,08031008306,2010_tracts,224.93916666666667,1.30104028126123,55061.325743256515,938.0500427893469,245115.98898961575
"Census Tract 119.03, Denver County, Colorado",59427.0,1015.0,241100.0,2460.0,1143.0,0.0,881.0,08,031,011903,2011,08031011903,2010_tracts,224.93916666666667,1.30104028126123,77316.92079451111,1320.5558854801486,313680.81181208254
"Census Tract 3.01, Denver County, Colorado",50719.0,699.0,295900.0,5010.0,3245.0,38.0,1577.0,08,031,000301,2011,08031000301,2010_tracts,224.93916666666667,1.30104028126123,65987.46202528833,909.4271566015998,384977.81922519795
"Census Tract 10, Denver County, Colorado",19712.0,514.0,150500.0,4003.0,478.0,249.0,3105.0,08,031,001000,2011,08031001000,2010_tracts,224.93916666666667,1.30104028126123,25646.106024221368,668.7347045682723,195806.56232981512
"Census Tract 14.03, Denver County, Colorado",41703.0,920.0,179000.0,2030.0,1206.0,13.0,772.0,08,031,001403,2011,08031001403,2010_tracts,224.93916666666667,1.30104028126123,54257.28284943708,1196.9570587603316,232886.2103457602
"Census Tract 15, Denver County, Colorado",24190.0,763.0,159700.0,3196.0,510.0,103.0,2547.0,08,031,001500,2011,08031001500,2010_tracts,224.93916666666667,1.30104028126123,31472.164403709154,992.6937346023185,207776.13291741844
"Census Tract 17.01, Denver County, Colorado",76042.0,1458.0,469200.0,4324.0,3744.0,51.0,156.0,08,031,001701,2011,08031001701,2010_tracts,224.93916666666667,1.30104028126123,98933.70506766645,1896.9167300788733,610448.0999677691
"Census Tract 29.02, Denver County, Colorado",84683.0,991.0,426800.0,3584.0,3305.0,15.0,168.0,08,031,002902,2011,08031002902,2010_tracts,224.93916666666667,1.30104028126123,110175.99413804474,1289.330918729879,555283.992042293
"Census Tract 41.01, Denver County, Colorado",31150.0,843.0,180000.0,3836.0,476.0,1886.0,1278.0,08,031,004101,2011,08031004101,2010_tracts,224.93916666666667,1.30104028126123,40527.40476128732,1096.776957103217,234187.25062702142
"Census Tract 46.01, Denver County, Colorado",43675.0,945.0,163900.0,5713.0,1642.0,33.0,3663.0,08,031,004601,2011,08031004601,2010_tracts,224.93916666666667,1.30104028126123,56822.93428408422,1229.4830657918624,213240.5020987156
"Census Tract 68.10, Denver County, Colorado",55435.0,877.0,208900.0,4819.0,3184.0,668.0,428.0,08,031,006810,2011,08031006810,2010_tracts,224.93916666666667,1.30104028126123,72123.16799171628,1141.0123266660987,271787.31475547096
"Census Tract 68.11, Denver County, Colorado",47203.0,697.0,283800.0,5944.0,4315.0,402.0,512.0,08,031,006811,2011,08031006811,2010_tracts,224.93916666666667,1.30104028126123,61413.00439637384,906.8250760390773,369235.2318219371
"Census Tract 5.01, Denver County, Colorado",74769.0,1020.0,295400.0,2021.0,1593.0,0.0,380.0,08,031,000501,2011,08031000501,2010_tracts,224.93916666666667,1.30104028126123,97277.48078962091,1327.0610868864546,384327.29908456735
"Census Tract 11.02, Denver County, Colorado",54044.0,1059.0,286300.0,2878.0,1420.0,162.0,1196.0,08,031,001102,2011,08031001102,2010_tracts,224.93916666666667,1.30104028126123,70313.42096048192,1377.8016578556426,372487.83252509014
"Census Tract 16, Denver County, Colorado",55306.0,1165.0,290100.0,6781.0,4085.0,857.0,1550.0,08,031,001600,2011,08031001600,2010_tracts,224.93916666666667,1.30104028126123,71955.33379543359,1515.711927669333,377431.78559388284
"Census Tract 23, Denver County, Colorado",41538.0,729.0,258100.0,4460.0,1818.0,1774.0,607.0,08,031,002300,2011,08031002300,2010_tracts,224.93916666666667,1.30104028126123,54042.61120302897,948.4583650394367,335798.4965935235
"Census Tract 32.03, Denver County, Colorado",130321.0,1082.0,691200.0,3094.0,2450.0,48.0,129.0,08,031,003203,2011,08031003203,2010_tracts,224.93916666666667,1.30104028126123,169552.87049424477,1407.725584324651,899279.0424077623
"Census Tract 45.06, Denver County, Colorado",24375.0,719.0,138200.0,2955.0,77.0,117.0,2365.0,08,031,004506,2011,08031004506,2010_tracts,224.93916666666667,1.30104028126123,31712.856855742484,935.4479622268244,179803.766870302
"Census Tract 83.86, Denver County, Colorado",48281.0,1263.0,162200.0,5074.0,300.0,1211.0,3273.0,08,031,008386,2011,08031008386,2010_tracts,224.93916666666667,1.30104028126123,62815.52581957345,1643.2138752329336,211028.73362057153
"Census Tract 83.87, Denver County, Colorado",48900.0,1385.0,166700.0,6206.0,337.0,1705.0,3853.0,08,031,008387,2011,08031008387,2010_tracts,224.93916666666667,1.30104028126123,63620.86975367415,1801.9407895468037,216883.41488624705
"Census Tract 83.88, Denver County, Colorado",50205.0,992.0,183500.0,6224.0,1472.0,1145.0,3229.0,08,031,008388,2011,08031008388,2010_tracts,224.93916666666667,1.30104028126123,65318.727320720056,1290.6319590111402,238740.8916114357
"Census Tract 83.89, Denver County, Colorado",81595.0,1423.0,237200.0,7751.0,1670.0,2336.0,2547.0,08,031,008389,2011,08031008389,2010_tracts,224.93916666666667,1.30104028126123,106158.38174951007,1851.3803202347303,308606.7547151638
"Census Tract 83.90, Denver County, Colorado",55511.0,1153.0,195600.0,7029.0,1338.0,2921.0,2110.0,08,031,008390,2011,08031008390,2010_tracts,224.93916666666667,1.30104028126123,72222.04705309214,1500.0994442941983,254483.4790146966
"Census Tract 83.91, Denver County, Colorado",70463.0,1629.0,177300.0,7118.0,1476.0,2202.0,2913.0,08,031,008391,2011,08031008391,2010_tracts,224.93916666666667,1.30104028126123,91675.20133851006,2119.3946181745437,230674.4418676161
"Census Tract 153, Denver County, Colorado",41224.0,758.0,266500.0,3298.0,2291.0,368.0,254.0,08,031,015300,2011,08031015300,2010_tracts,224.93916666666667,1.30104028126123,53634.08455471295,986.1885331960124,346727.2349561178
"Census Tract 154, Denver County, Colorado",53512.0,1048.0,225600.0,4301.0,2311.0,114.0,1442.0,08,031,015400,2011,08031015400,2010_tracts,224.93916666666667,1.30104028126123,69621.26753085095,1363.490214761769,293514.6874525335
"Census Tract 155, Denver County, Colorado",27865.0,747.0,230100.0,3706.0,1938.0,403.0,1145.0,08,031,015500,2011,08031015500,2010_tracts,224.93916666666667,1.30104028126123,36253.48743734418,971.8770901021388,299369.36871820904
"Census Tract 156, Denver County, Colorado",30076.0,644.0,169600.0,6134.0,1578.0,190.0,3904.0,08,031,015600,2011,08031015600,2010_tracts,224.93916666666667,1.30104028126123,39130.08749921276,837.8699411322322,220656.43170190463
"Census Tract 157, Denver County, Colorado",45444.0,836.0,228500.0,6827.0,2221.0,57.0,4175.0,08,031,015700,2011,08031015700,2010_tracts,224.93916666666667,1.30104028126123,59124.47454163534,1087.6696751343884,297287.70426819107
"Census Tract 9800, Denver County, Colorado",41552.0,1050.0,146100.0,1205.0,393.0,600.0,148.0,08,031,980000,2011,08031980000,2010_tracts,224.93916666666667,1.30104028126123,54060.825766966635,1366.0922953242916,190081.9850922657
"Census Tract 9801, Denver County, Colorado",,,,0.0,0.0,0.0,0.0,08,031,980100,2011,08031980100,2010_tracts,224.93916666666667,1.30104028126123,,,
"Census Tract 83.04, Denver County, Colorado",43571.0,1405.0,159600.0,3096.0,376.0,874.0,1807.0,08,031,008304,2011,08031008304,2010_tracts,224.93916666666667,1.30104028126123,56687.62609483305,1827.9615951720282,207646.02888929233
"Census Tract 2.01, Denver County, Colorado",43375.0,975.0,172900.0,3933.0,1452.0,15.0,2295.0,08,031,000201,2011,08031000201,2010_tracts,224.93916666666667,1.30104028126123,56432.62219970585,1268.5142742296994,224949.86463006667
"Census Tract 36.01, Denver County, Colorado",34212.0,725.0,159800.0,4619.0,1125.0,665.0,2739.0,08,031,003601,2011,08031003601,2010_tracts,224.93916666666667,1.30104028126123,44511.1901025092,943.2542039143918,207906.23694554457
"Census Tract 37.01, Denver County, Colorado",62960.0,743.0,341900.0,2455.0,1792.0,233.0,289.0,08,031,003701,2011,08031003701,2010_tracts,224.93916666666667,1.30104028126123,81913.49610820705,966.672928977094,444825.67216321453
"Census Tract 37.02, Denver County, Colorado",43534.0,739.0,339600.0,4520.0,3628.0,154.0,516.0,08,031,003702,2011,08031003702,2010_tracts,224.93916666666667,1.30104028126123,56639.48760442639,961.468767852049,441833.27951631375
"Census Tract 43.04, Denver County, Colorado",80000.0,1117.0,345000.0,5689.0,4282.0,422.0,738.0,08,031,004304,2011,08031004304,2010_tracts,224.93916666666667,1.30104028126123,104083.22250089841,1453.261994168794,448858.89703512436
"Census Tract 50.01, Denver County, Colorado",50233.0,1097.0,213300.0,2207.0,1777.0,253.0,91.0,08,031,005001,2011,08031005001,2010_tracts,224.93916666666667,1.30104028126123,65355.15644859537,1427.2411885435695,277511.89199302037
"Census Tract 55.03, Denver County, Colorado",57546.0,771.0,229200.0,4480.0,2809.0,35.0,1287.0,08,031,005503,2011,08031005503,2010_tracts,224.93916666666667,1.30104028126123,74869.66402545874,1003.1020568524084,298198.43246507394
"Census Tract 68.14, Denver County, Colorado",46516.0,791.0,242800.0,4429.0,2570.0,361.0,1131.0,08,031,006814,2011,08031006814,2010_tracts,224.93916666666667,1.30104028126123,60519.18972314738,1029.122862477633,315892.5802902267
"Census Tract 70.06, Denver County, Colorado",27341.0,742.0,,4242.0,1402.0,590.0,1483.0,08,031,007006,2011,08031007006,2010_tracts,224.93916666666667,1.30104028126123,35571.742329963294,965.3718886958327,
"Census Tract 26.02, Denver County, Colorado",49316.0,1040.0,326500.0,2309.0,1855.0,184.0,112.0,08,031,002602,2011,08031002602,2010_tracts,224.93916666666667,1.30104028126123,64162.10251067882,1353.0818925116794,424789.6518317916
"Census Tract 27.01, Denver County, Colorado",31357.0,680.0,188200.0,4391.0,3096.0,100.0,857.0,08,031,002701,2011,08031002701,2010_tracts,224.93916666666667,1.30104028126123,40796.72009950839,884.7073912576365,244855.7809333635
"Census Tract 2.02, Denver County, Colorado",51163.0,782.0,226400.0,3901.0,1356.0,64.0,2405.0,08,031,000202,2011,08031000202,2010_tracts,224.93916666666667,1.30104028126123,66565.12391016832,1017.413499946282,294555.5196775425
"Census Tract 5.02, Denver County, Colorado",43391.0,600.0,291700.0,5052.0,2861.0,85.0,1861.0,08,031,000502,2011,08031000502,2010_tracts,224.93916666666667,1.30104028126123,56453.43884420603,780.6241687567381,379513.4500439008
"Census Tract 14.01, Denver County, Colorado",32099.0,739.0,171400.0,5608.0,1167.0,131.0,3902.0,08,031,001401,2011,08031001401,2010_tracts,224.93916666666667,1.30104028126123,41762.09198820422,961.468767852049,222998.30420817484
"Census Tract 24.02, Denver County, Colorado",51500.0,538.0,289000.0,1482.0,882.0,244.0,318.0,08,031,002402,2011,08031002402,2010_tracts,224.93916666666667,1.30104028126123,67003.57448495335,699.9596713185417,376000.6412844955
"Census Tract 36.03, Denver County, Colorado",49982.0,902.0,241900.0,3376.0,832.0,1630.0,612.0,08,031,003603,2011,08031003603,2010_tracts,224.93916666666667,1.30104028126123,65028.5953379988,1173.5383336976295,314721.6440370915
"Census Tract 39.02, Denver County, Colorado",88305.0,1564.0,374400.0,3900.0,3568.0,6.0,168.0,08,031,003902,2011,08031003902,2010_tracts,224.93916666666667,1.30104028126123,114888.36203677292,2034.826999892564,487109.48130420456
"Census Tract 40.03, Denver County, Colorado",59122.0,1211.0,244200.0,4301.0,3438.0,319.0,394.0,08,031,004003,2011,08031004003,2010_tracts,224.93916666666667,1.30104028126123,76920.10350872645,1575.5597806073497,317714.03668399237
"Census Tract 46.03, Denver County, Colorado",44375.0,1098.0,167200.0,5766.0,1695.0,19.0,3694.0,08,031,004603,2011,08031004603,2010_tracts,224.93916666666667,1.30104028126123,57733.66248096708,1428.5422288248305,217533.93502687768
"Census Tract 1.02, Denver County, Colorado",56375.0,876.0,252300.0,2963.0,2199.0,27.0,683.0,08,031,000102,2011,08031000102,2010_tracts,224.93916666666667,1.30104028126123,73346.14585610185,1139.7112863848374,328252.4629622083
"Census Tract 3.03, Denver County, Colorado",78550.0,868.0,341300.0,4484.0,3631.0,32.0,735.0,08,031,000303,2011,08031000303,2010_tracts,224.93916666666667,1.30104028126123,102196.71409306962,1129.3029641347478,444045.0479944578
"Census Tract 4.02, Denver County, Colorado",47132.0,902.0,287600.0,5341.0,3169.0,78.0,2036.0,08,031,000402,2011,08031000402,2010_tracts,224.93916666666667,1.30104028126123,61320.63053640429,1173.5383336976295,374179.1848907298
"Census Tract 9.04, Denver County, Colorado",30868.0,710.0,141900.0,5302.0,1003.0,9.0,4271.0,08,031,000904,2011,08031000904,2010_tracts,224.93916666666667,1.30104028126123,40160.51140197165,923.7385996954733,184617.61591096854
"Census Tract 9.05, Denver County, Colorado",35559.0,926.0,145500.0,3492.0,744.0,41.0,2682.0,08,031,000905,2011,08031000905,2010_tracts,224.93916666666667,1.30104028126123,46263.69136136808,1204.763300447899,189301.36092350897
"Census Tract 6, Denver County, Colorado",35865.0,700.0,250800.0,2290.0,729.0,49.0,1363.0,08,031,000600,2011,08031000600,2010_tracts,224.93916666666667,1.30104028126123,46661.80968743402,910.7281968828611,326300.9025403165
"Census Tract 8, Denver County, Colorado",9571.0,196.0,275000.0,1493.0,96.0,302.0,549.0,08,031,000800,2011,08031000800,2010_tracts,224.93916666666667,1.30104028126123,12452.256531951232,255.0038951272011,357786.07734683825
"Census Tract 9.02, Denver County, Colorado",44800.0,1114.0,152000.0,5428.0,1228.0,50.0,3968.0,08,031,000902,2011,08031000902,2010_tracts,224.93916666666667,1.30104028126123,58286.60460050311,1449.3588733250103,197758.12275170698
"Census Tract 20, Denver County, Colorado",51432.0,958.0,363000.0,1452.0,1043.0,187.0,87.0,08,031,002000,2011,08031002000,2010_tracts,224.93916666666667,1.30104028126123,66915.10374582758,1246.3965894482583,472277.6220978265
"Census Tract 30.02, Denver County, Colorado",72672.0,936.0,292600.0,2773.0,2489.0,0.0,216.0,08,031,003002,2011,08031003002,2010_tracts,224.93916666666667,1.30104028126123,94549.1993198161,1217.7737032605114,380684.3862970359
"Census Tract 68.09, Denver County, Colorado",48954.0,874.0,309900.0,6816.0,5046.0,900.0,471.0,08,031,006809,2011,08031006809,2010_tracts,224.93916666666667,1.30104028126123,63691.12592886225,1137.109205822315,403192.38316285517
"Census Tract 40.05, Denver County, Colorado",36667.0,838.0,290500.0,2927.0,2368.0,55.0,208.0,08,031,004005,2011,08031004005,2010_tracts,224.93916666666667,1.30104028126123,47705.243993005526,1090.2717556969108,377952.20170638734
"Census Tract 32.02, Denver County, Colorado",47035.0,751.0,351200.0,3118.0,2709.0,146.0,201.0,08,031,003202,2011,08031003202,2010_tracts,224.93916666666667,1.30104028126123,61194.42962912196,977.0812512271838,456925.346778944
"Census Tract 34.01, Denver County, Colorado",94891.0,1275.0,490000.0,2529.0,2434.0,0.0,95.0,08,031,003401,2011,08031003401,2010_tracts,224.93916666666667,1.30104028126123,123457.01332915938,1658.8263586080684,637509.7378180027
"Census Tract 34.02, Denver County, Colorado",102690.0,1502.0,520300.0,4322.0,3899.0,18.0,291.0,08,031,003402,2011,08031003402,2010_tracts,224.93916666666667,1.30104028126123,133603.82648271573,1954.1625024543675,676931.258340218
"Census Tract 40.06, Denver County, Colorado",57000.0,886.0,663400.0,4630.0,3903.0,25.0,132.0,08,031,004006,2011,08031004006,2010_tracts,224.93916666666667,1.30104028126123,74159.29603189012,1152.72168919745,863110.1225887
"Census Tract 41.02, Denver County, Colorado",33054.0,936.0,184700.0,3908.0,507.0,2224.0,956.0,08,031,004102,2011,08031004102,2010_tracts,224.93916666666667,1.30104028126123,43004.5854568087,1217.7737032605114,240302.1399489492
"Census Tract 43.02, Denver County, Colorado",72553.0,1225.0,331400.0,2452.0,2068.0,54.0,118.0,08,031,004302,2011,08031004302,2010_tracts,224.93916666666667,1.30104028126123,94394.37552634602,1593.774344545007,431164.74920997163
"Census Tract 43.03, Denver County, Colorado",153571.0,2001.0,821700.0,4120.0,3723.0,35.0,134.0,08,031,004303,2011,08031004303,2010_tracts,224.93916666666667,1.30104028126123,199802.05703356836,2603.3816028037213,1069064.7991123528
"Census Tract 47, Denver County, Colorado",52440.0,779.0,209400.0,6373.0,2181.0,2.0,3637.0,08,031,004700,2011,08031004700,2010_tracts,224.93916666666667,1.30104028126123,68226.5523493389,1013.5103791024982,272437.83489610156
"Census Tract 51.02, Denver County, Colorado",56000.0,718.0,249800.0,3514.0,2553.0,64.0,672.0,08,031,005102,2011,08031005102,2010_tracts,224.93916666666667,1.30104028126123,72858.25575062889,934.1469219455632,324999.86225905525
"Census Tract 68.13, Denver County, Colorado",30905.0,803.0,138900.0,4054.0,2827.0,511.0,359.0,08,031,006813,2011,08031006813,2010_tracts,224.93916666666667,1.30104028126123,40208.649892378315,1044.7353458527678,180714.49506718485
"Census Tract 45.03, Denver County, Colorado",38455.0,830.0,119800.0,4813.0,445.0,0.0,4209.0,08,031,004503,2012,08031004503,2010_tracts,229.59391666666667,1.2746632006437453,49017.17338075522,1057.9704565343086,152704.6514371207
"Census Tract 19.01, Denver County, Colorado",22440.0,414.0,213600.0,2491.0,687.0,500.0,1188.0,08,031,001901,2012,08031001901,2010_tracts,229.59391666666667,1.2746632006437453,28603.442222445643,527.7105650665105,272268.05965750397
"Census Tract 19.02, Denver County, Colorado",82386.0,1489.0,,484.0,230.0,11.0,132.0,08,031,001902,2012,08031001902,2010_tracts,229.59391666666667,1.2746632006437453,105014.4024482356,1897.9735057585367,
"Census Tract 41.06, Denver County, Colorado",130579.0,1801.0,451200.0,10137.0,7057.0,932.0,1405.0,08,031,004106,2012,08031004106,2010_tracts,229.59391666666667,1.2746632006437453,166444.24607685962,2295.6684243593854,575128.0361304579
"Census Tract 41.07, Denver County, Colorado",91014.0,1258.0,334300.0,3541.0,2592.0,494.0,194.0,08,031,004107,2012,08031004107,2010_tracts,229.59391666666667,1.2746632006437453,116012.19654338983,1603.5263064098315,426119.90797520406
"Census Tract 45.04, Denver County, Colorado",31151.0,788.0,135200.0,3593.0,587.0,16.0,2883.0,08,031,004504,2012,08031004504,2010_tracts,229.59391666666667,1.2746632006437453,39707.03336325331,1004.4346021072713,172334.46472703436
"Census Tract 45.05, Denver County, Colorado",33221.0,1009.0,116800.0,4577.0,696.0,22.0,3731.0,08,031,004505,2012,08031004505,2010_tracts,229.59391666666667,1.2746632006437453,42345.58618858586,1286.135169449539,148880.66183518944
"Census Tract 45.06, Denver County, Colorado",22557.0,777.0,130100.0,3321.0,151.0,152.0,2590.0,08,031,004506,2012,08031004506,2010_tracts,229.59391666666667,1.2746632006437453,28752.577816920963,990.41330690019,165833.68240375127
"Census Tract 120.10, Denver County, Colorado",63269.0,939.0,302600.0,4717.0,3662.0,0.0,789.0,08,031,012010,2012,08031012010,2010_tracts,229.59391666666667,1.2746632006437453,80646.66604152913,1196.9087454044768,385713.0845147973
"Census Tract 35, Denver County, Colorado",32390.0,906.0,118300.0,6853.0,665.0,442.0,5605.0,08,031,003500,2012,08031003500,2010_tracts,229.59391666666667,1.2746632006437453,41286.34106885091,1154.8448597832332,150792.65663615506
"Census Tract 3.02, Denver County, Colorado",83198.0,1128.0,336100.0,4074.0,3100.0,69.0,697.0,08,031,000302,2012,08031000302,2010_tracts,229.59391666666667,1.2746632006437453,106049.42896715832,1437.8200903261447,428414.3017363628
"Census Tract 30.04, Denver County, Colorado",52500.0,951.0,345300.0,5695.0,4722.0,166.0,471.0,08,031,003004,2012,08031003004,2010_tracts,229.59391666666667,1.2746632006437453,66919.81803379663,1212.2047038122018,440141.20318228524
"Census Tract 31.01, Denver County, Colorado",64250.0,853.0,328100.0,1450.0,964.0,274.0,191.0,08,031,003101,2012,08031003101,2010_tracts,229.59391666666667,1.2746632006437453,81897.11064136063,1087.2877101491147,418216.9961312128
"Census Tract 33, Denver County, Colorado",99511.0,1263.0,481700.0,3352.0,3009.0,37.0,137.0,08,031,003300,2012,08031003300,2010_tracts,229.59391666666667,1.2746632006437453,126843.00975925973,1609.8996224130503,614005.2637500921
"Census Tract 41.03, Denver County, Colorado",83425.0,1046.0,346500.0,5074.0,2647.0,1872.0,438.0,08,031,004103,2012,08031004103,2010_tracts,229.59391666666667,1.2746632006437453,106338.77751370445,1333.2977078733575,441670.79902305774
"Census Tract 120.14, Denver County, Colorado",57464.0,960.0,205700.0,6260.0,4584.0,0.0,1218.0,08,031,012014,2012,08031012014,2010_tracts,229.59391666666667,1.2746632006437453,73247.24616179218,1223.6766726179956,262198.2203724184
"Census Tract 29.01, Denver County, Colorado",53601.0,832.0,336800.0,2900.0,2215.0,91.0,385.0,08,031,002901,2012,08031002901,2010_tracts,229.59391666666667,1.2746632006437453,68323.22221770539,1060.5197829355961,429306.56597681344
"Census Tract 30.01, Denver County, Colorado",78265.0,993.0,362300.0,5632.0,4860.0,19.0,269.0,08,031,003001,2012,08031003001,2010_tracts,229.59391666666667,1.2746632006437453,99761.51539838272,1265.7405582392391,461810.4775932289
"Census Tract 30.03, Denver County, Colorado",35577.0,1044.0,289200.0,3372.0,2810.0,60.0,312.0,08,031,003003,2012,08031003003,2010_tracts,229.59391666666667,1.2746632006437453,45348.69268930252,1330.7483814720702,368632.59762617113
"Census Tract 37.03, Denver County, Colorado",47750.0,753.0,331500.0,2480.0,1852.0,170.0,224.0,08,031,003703,2012,08031003703,2010_tracts,229.59391666666667,1.2746632006437453,60865.167830738836,959.8213900847402,422550.8510134016
"Census Tract 44.03, Denver County, Colorado",41199.0,912.0,184800.0,3937.0,1705.0,785.0,1232.0,08,031,004403,2012,08031004403,2010_tracts,229.59391666666667,1.2746632006437453,52514.84920332166,1162.4928389870956,235557.75947896412
"Census Tract 51.04, Denver County, Colorado",30515.0,715.0,239800.0,2691.0,1808.0,155.0,564.0,08,031,005104,2012,08031005104,2010_tracts,229.59391666666667,1.2746632006437453,38896.34756764389,911.3841884602779,305664.23551437014
"Census Tract 52, Denver County, Colorado",71944.0,1250.0,269800.0,3081.0,2439.0,128.0,245.0,08,031,005200,2012,08031005200,2010_tracts,229.59391666666667,1.2746632006437453,91704.36930711361,1593.3290008046815,343904.13153368246
"Census Tract 68.12, Denver County, Colorado",43097.0,794.0,173900.0,2811.0,2346.0,172.0,139.0,08,031,006812,2012,08031006812,2010_tracts,229.59391666666667,1.2746632006437453,54934.15995814349,1012.0825813111337,221663.9305919473
"Census Tract 83.06, Denver County, Colorado",43565.0,767.0,179800.0,6220.0,291.0,1763.0,3936.0,08,031,008306,2012,08031008306,2010_tracts,229.59391666666667,1.2746632006437453,55530.702336044764,977.6666748937527,229184.44347574541
"Census Tract 119.03, Denver County, Colorado",59571.0,1040.0,239800.0,2279.0,1240.0,0.0,1000.0,08,031,011903,2012,08031011903,2010_tracts,229.59391666666667,1.2746632006437453,75932.96152554856,1325.649728669495,305664.23551437014
"Census Tract 3.01, Denver County, Colorado",55636.0,691.0,301100.0,5035.0,3474.0,36.0,1403.0,08,031,000301,2012,08031000301,2010_tracts,229.59391666666667,1.2746632006437453,70917.16183101542,880.792271644828,383801.0897138317
"Census Tract 10, Denver County, Colorado",26510.0,602.0,148000.0,3675.0,558.0,139.0,2702.0,08,031,001000,2012,08031001000,2010_tracts,229.59391666666667,1.2746632006437453,33791.32144906569,767.3472467875347,188650.1536952743
"Census Tract 14.03, Denver County, Colorado",41498.0,974.0,169000.0,2220.0,1234.0,115.0,801.0,08,031,001403,2012,08031001403,2010_tracts,229.59391666666667,1.2746632006437453,52895.97350031414,1241.521957427008,215418.08090879294
"Census Tract 15, Denver County, Colorado",23750.0,831.0,136900.0,3393.0,655.0,124.0,2557.0,08,031,001500,2012,08031001500,2010_tracts,229.59391666666667,1.2746632006437453,30273.25101528895,1059.2451197349524,174501.39216812872
"Census Tract 17.01, Denver County, Colorado",75898.0,1427.0,492600.0,4497.0,3869.0,21.0,230.0,08,031,001701,2012,08031001701,2010_tracts,229.59391666666667,1.2746632006437453,96744.38760245898,1818.9443873186244,627899.0926371089
"Census Tract 29.02, Denver County, Colorado",103185.0,1208.0,442200.0,3975.0,3630.0,17.0,204.0,08,031,002902,2012,08031002902,2010_tracts,229.59391666666667,1.2746632006437453,131526.12235842485,1539.7931463776442,563656.0673246642
"Census Tract 41.01, Denver County, Colorado",29489.0,866.0,170800.0,4199.0,554.0,1897.0,1407.0,08,031,004101,2012,08031004101,2010_tracts,229.59391666666667,1.2746632006437453,37588.543123783405,1103.8583317574835,217712.47466995168
"Census Tract 46.01, Denver County, Colorado",45855.0,1018.0,159800.0,6213.0,1825.0,43.0,3883.0,08,031,004601,2012,08031004601,2010_tracts,229.59391666666667,1.2746632006437453,58449.68106551894,1297.6071382553328,203691.1794628705
"Census Tract 68.10, Denver County, Colorado",53514.0,1002.0,206600.0,5037.0,3410.0,456.0,706.0,08,031,006810,2012,08031006810,2010_tracts,229.59391666666667,1.2746632006437453,68212.32651924939,1277.2125270450329,263345.41725299775
"Census Tract 68.11, Denver County, Colorado",53103.0,722.0,287900.0,5813.0,4301.0,420.0,535.0,08,031,006811,2012,08031006811,2010_tracts,229.59391666666667,1.2746632006437453,67688.4399437848,920.306830864784,366975.53546533425
"Census Tract 5.01, Denver County, Colorado",75341.0,1064.0,304900.0,2033.0,1564.0,0.0,402.0,08,031,000501,2012,08031000501,2010_tracts,229.59391666666667,1.2746632006437453,96034.40019970041,1356.241645484945,388644.8098762779
"Census Tract 11.02, Denver County, Colorado",57069.0,1138.0,286300.0,3042.0,1603.0,168.0,1180.0,08,031,001102,2012,08031001102,2010_tracts,229.59391666666667,1.2746632006437453,72743.7541975379,1450.5667223325822,364936.0743443043
"Census Tract 16, Denver County, Colorado",61900.0,1280.0,293000.0,7537.0,5179.0,870.0,1215.0,08,031,001600,2012,08031001600,2010_tracts,229.59391666666667,1.2746632006437453,78901.65211984783,1631.568896823994,373476.3177886174
"Census Tract 23, Denver County, Colorado",44049.0,732.0,266700.0,4951.0,2252.0,1771.0,655.0,08,031,002300,2012,08031002300,2010_tracts,229.59391666666667,1.2746632006437453,56147.639325156335,933.0534628712215,339952.6756116869
"Census Tract 32.03, Denver County, Colorado",116118.0,1086.0,708900.0,3064.0,2478.0,57.0,166.0,08,031,003203,2012,08031003203,2010_tracts,229.59391666666667,1.2746632006437453,148011.3415323504,1384.2842358991074,903608.742936351
"Census Tract 43.01, Denver County, Colorado",42349.0,689.0,327300.0,4135.0,2741.0,414.0,476.0,08,031,004301,2012,08031004301,2010_tracts,229.59391666666667,1.2746632006437453,53980.711884061966,878.2429452435405,417197.26557069784
"Census Tract 50.02, Denver County, Colorado",32470.0,791.0,206800.0,6886.0,4213.0,1295.0,724.0,08,031,005002,2012,08031005002,2010_tracts,229.59391666666667,1.2746632006437453,41388.31412490241,1008.2585917092025,263600.3498931265
"Census Tract 53, Denver County, Colorado",32578.0,825.0,245300.0,1370.0,891.0,88.0,327.0,08,031,005300,2012,08031005300,2010_tracts,229.59391666666667,1.2746632006437453,41525.97775057193,1051.59714053109,312674.8831179107
"Census Tract 69.01, Denver County, Colorado",26003.0,698.0,270700.0,5116.0,2892.0,703.0,1146.0,08,031,006901,2012,08031006901,2010_tracts,229.59391666666667,1.2746632006437453,33145.06720633931,889.7149140493342,345051.32841426186
"Census Tract 70.13, Denver County, Colorado",56840.0,1072.0,184900.0,3181.0,2232.0,445.0,374.0,08,031,007013,2012,08031007013,2010_tracts,229.59391666666667,1.2746632006437453,72451.85632459048,1366.4389510900949,235685.2257990285
"Census Tract 83.05, Denver County, Colorado",40478.0,1152.0,116100.0,3818.0,455.0,806.0,2467.0,08,031,008305,2012,08031008305,2010_tracts,229.59391666666667,1.2746632006437453,51595.81703565752,1468.4120071415946,147988.39759473884
"Census Tract 28.02, Denver County, Colorado",46972.0,740.0,336300.0,4251.0,3432.0,37.0,598.0,08,031,002802,2012,08031002802,2010_tracts,229.59391666666667,1.2746632006437453,59873.479860638006,943.2507684763715,428669.2343764915
"Census Tract 41.04, Denver County, Colorado",45542.0,1179.0,222100.0,4083.0,1331.0,1786.0,739.0,08,031,004104,2012,08031004104,2010_tracts,229.59391666666667,1.2746632006437453,58050.711483717445,1502.8279135589758,283102.69686297583
"Census Tract 68.04, Denver County, Colorado",69869.0,1177.0,345300.0,1961.0,1750.0,52.0,45.0,08,031,006804,2012,08031006804,2010_tracts,229.59391666666667,1.2746632006437453,89059.44316577783,1500.2785871576882,440141.20318228524
"Census Tract 7.01, Denver County, Colorado",30349.0,725.0,233300.0,3887.0,1460.0,139.0,2173.0,08,031,000701,2012,08031000701,2010_tracts,229.59391666666667,1.2746632006437453,38684.75347633703,924.1308204667154,297378.9247101858
"Census Tract 31.02, Denver County, Colorado",26262.0,578.0,294000.0,2861.0,1903.0,400.0,438.0,08,031,003102,2012,08031003102,2010_tracts,229.59391666666667,1.2746632006437453,33475.20497530604,736.7553299720847,374750.9809892611
"Census Tract 36.02, Denver County, Colorado",33506.0,771.0,154500.0,4388.0,753.0,1506.0,1995.0,08,031,003602,2012,08031003602,2010_tracts,229.59391666666667,1.2746632006437453,42708.86520076933,982.7653276963276,196935.46449945864
"Census Tract 67.01, Denver County, Colorado",47418.0,1165.0,439400.0,2274.0,1924.0,43.0,106.0,08,031,006701,2012,08031006701,2010_tracts,229.59391666666667,1.2746632006437453,60441.97964812511,1484.9826287499632,560087.0103628617
"Census Tract 4.01, Denver County, Colorado",49673.0,883.0,271800.0,3775.0,1785.0,86.0,1707.0,08,031,000401,2012,08031000401,2010_tracts,229.59391666666667,1.2746632006437453,63316.34516557676,1125.5276061684272,346453.45793497
"Census Tract 24.03, Denver County, Colorado",32688.0,574.0,308000.0,3013.0,1448.0,753.0,683.0,08,031,002403,2012,08031002403,2010_tracts,229.59391666666667,1.2746632006437453,41666.19070264274,731.6566771695097,392596.26579827355
"Census Tract 119.02, Denver County, Colorado",50204.0,885.0,233000.0,7233.0,3451.0,13.0,3656.0,08,031,011902,2012,08031011902,2010_tracts,229.59391666666667,1.2746632006437453,63993.19132511859,1128.0769325697145,296996.52574999264
"Census Tract 7.02, Denver County, Colorado",32176.0,779.0,192700.0,5535.0,1523.0,244.0,3583.0,08,031,000702,2012,08031000702,2010_tracts,229.59391666666667,1.2746632006437453,41013.56314391315,992.9626333014776,245627.5987640497
"Census Tract 27.02, Denver County, Colorado",44728.0,811.0,249800.0,5496.0,4587.0,153.0,374.0,08,031,002702,2012,08031002702,2010_tracts,229.59391666666667,1.2746632006437453,57013.13563839344,1033.7518557220774,318410.86752080754
"Census Tract 39.01, Denver County, Colorado",140179.0,1569.0,663500.0,4287.0,3908.0,28.0,184.0,08,031,003901,2012,08031003901,2010_tracts,229.59391666666667,1.2746632006437453,178681.01280303957,1999.9465618100364,845739.033627125
"Census Tract 9.03, Denver County, Colorado",35451.0,950.0,148800.0,6004.0,1073.0,282.0,4570.0,08,031,000903,2012,08031000903,2010_tracts,229.59391666666667,1.2746632006437453,45188.08512602141,1210.930040611558,189669.8842557893
"Census Tract 11.01, Denver County, Colorado",35406.0,810.0,186400.0,2699.0,774.0,134.0,1733.0,08,031,001101,2012,08031001101,2010_tracts,229.59391666666667,1.2746632006437453,45130.72528199245,1032.4771925214336,237597.22059999412
"Census Tract 13.01, Denver County, Colorado",39356.0,1036.0,150500.0,4538.0,851.0,1.0,3329.0,08,031,001301,2012,08031001301,2010_tracts,229.59391666666667,1.2746632006437453,50165.64492453524,1320.5510758669202,191836.81169688367
"Census Tract 13.02, Denver County, Colorado",49041.0,1076.0,152400.0,3658.0,980.0,0.0,2452.0,08,031,001302,2012,08031001302,2010_tracts,229.59391666666667,1.2746632006437453,62510.758022769915,1371.53760389267,194258.67177810677
"Census Tract 14.02, Denver County, Colorado",35189.0,702.0,150200.0,3719.0,1124.0,97.0,2124.0,08,031,001402,2012,08031001402,2010_tracts,229.59391666666667,1.2746632006437453,44854.123367452754,894.8135668519092,191454.41273669054
"Census Tract 17.02, Denver County, Colorado",44704.0,951.0,268500.0,2997.0,2151.0,285.0,320.0,08,031,001702,2012,08031001702,2010_tracts,229.59391666666667,1.2746632006437453,56982.54372157799,1212.2047038122018,342247.0693728456
"Census Tract 18, Denver County, Colorado",31318.0,829.0,216300.0,3478.0,1696.0,39.0,1623.0,08,031,001800,2012,08031001800,2010_tracts,229.59391666666667,1.2746632006437453,39919.902117760816,1056.6957933336648,275709.6502992421
"Census Tract 21, Denver County, Colorado",47525.0,738.0,268400.0,5038.0,2682.0,102.0,2088.0,08,031,002100,2012,08031002100,2010_tracts,229.59391666666667,1.2746632006437453,60578.36861059399,940.7014420750841,342119.60305278125
"Census Tract 27.03, Denver County, Colorado",36914.0,692.0,187300.0,4874.0,4261.0,132.0,325.0,08,031,002703,2012,08031002703,2010_tracts,229.59391666666667,1.2746632006437453,47052.91738856321,882.0669348454717,238744.4174805735
"Census Tract 28.01, Denver County, Colorado",64355.0,960.0,373900.0,2826.0,2458.0,10.0,253.0,08,031,002801,2012,08031002801,2010_tracts,229.59391666666667,1.2746632006437453,82030.95027742823,1223.6766726179956,476596.57072069636
"Census Tract 26.01, Denver County, Colorado",30424.0,750.0,290500.0,3005.0,2262.0,205.0,325.0,08,031,002601,2012,08031002601,2010_tracts,229.59391666666667,1.2746632006437453,38780.35321638531,955.997400482809,370289.659787008
"Census Tract 6, Denver County, Colorado",39208.0,678.0,262700.0,2332.0,938.0,129.0,1110.0,08,031,000600,2012,08031000600,2010_tracts,229.59391666666667,1.2746632006437453,49976.99477083996,864.2216500364593,334854.02280911186
"Census Tract 8, Denver County, Colorado",9874.0,187.0,,1404.0,126.0,338.0,713.0,08,031,000800,2012,08031000800,2010_tracts,229.59391666666667,1.2746632006437453,12586.02444315634,238.36201852038036,
"Census Tract 9.02, Denver County, Colorado",46183.0,1132.0,143800.0,5025.0,1187.0,53.0,3591.0,08,031,000902,2012,08031000902,2010_tracts,229.59391666666667,1.2746632006437453,58867.77059533009,1442.9187431287196,183296.56825257058
"Census Tract 83.86, Denver County, Colorado",48146.0,1244.0,155100.0,4557.0,298.0,1044.0,2929.0,08,031,008386,2012,08031008386,2010_tracts,229.59391666666667,1.2746632006437453,61369.93445819376,1585.6810216008191,197700.2624198449
"Census Tract 83.87, Denver County, Colorado",56861.0,1390.0,158200.0,5763.0,640.0,1541.0,3301.0,08,031,008387,2012,08031008387,2010_tracts,229.59391666666667,1.2746632006437453,72478.624251804,1771.781848894806,201651.7183418405
"Census Tract 83.88, Denver County, Colorado",51484.0,1076.0,167200.0,6399.0,1441.0,1495.0,2991.0,08,031,008388,2012,08031008388,2010_tracts,229.59391666666667,1.2746632006437453,65624.76022194258,1371.53760389267,213123.68714763422
"Census Tract 83.89, Denver County, Colorado",85433.0,1335.0,239900.0,8175.0,1854.0,2233.0,2668.0,08,031,008389,2012,08031008389,2010_tracts,229.59391666666667,1.2746632006437453,108898.30122059709,1701.6753728593999,305791.70183443447
"Census Tract 83.90, Denver County, Colorado",57352.0,1137.0,189400.0,8052.0,1446.0,2634.0,3207.0,08,031,008390,2012,08031008390,2010_tracts,229.59391666666667,1.2746632006437453,73104.48388332008,1449.2920591319385,241421.21020192537
"Census Tract 36.01, Denver County, Colorado",37716.0,788.0,162200.0,4592.0,1163.0,638.0,2694.0,08,031,003601,2012,08031003601,2010_tracts,229.59391666666667,1.2746632006437453,48075.1972754795,1004.4346021072713,206750.3711444155
"Census Tract 37.01, Denver County, Colorado",62982.0,800.0,351300.0,2683.0,1965.0,217.0,355.0,08,031,003701,2012,08031003701,2010_tracts,229.59391666666667,1.2746632006437453,80280.83770294437,1019.7305605149962,447789.18238614773
"Census Tract 37.02, Denver County, Colorado",40584.0,760.0,358300.0,4654.0,3551.0,149.0,634.0,08,031,003702,2012,08031003702,2010_tracts,229.59391666666667,1.2746632006437453,51730.93133492576,968.7440324892464,456711.82479065395
"Census Tract 43.04, Denver County, Colorado",73047.0,1062.0,351400.0,5799.0,4427.0,350.0,800.0,08,031,004304,2012,08031004304,2010_tracts,229.59391666666667,1.2746632006437453,93110.32281742366,1353.6923190836576,447916.6487062121
"Census Tract 50.01, Denver County, Colorado",46050.0,1025.0,203600.0,2457.0,1679.0,498.0,159.0,08,031,005001,2012,08031005001,2010_tracts,229.59391666666667,1.2746632006437453,58698.24038964447,1306.529780659839,259521.42765106654
"Census Tract 55.03, Denver County, Colorado",60058.0,790.0,232600.0,4526.0,2809.0,64.0,1331.0,08,031,005503,2012,08031005503,2010_tracts,229.59391666666667,1.2746632006437453,76553.72250426206,1006.9839285085587,296486.66046973516
"Census Tract 68.14, Denver County, Colorado",45294.0,833.0,244800.0,4270.0,2483.0,360.0,1149.0,08,031,006814,2012,08031006814,2010_tracts,229.59391666666667,1.2746632006437453,57734.5950099578,1061.79444613624,312037.55151758884
"Census Tract 70.06, Denver County, Colorado",27936.0,758.0,,4379.0,1392.0,614.0,1330.0,08,031,007006,2012,08031007006,2010_tracts,229.59391666666667,1.2746632006437453,35608.99117318367,966.1947060879589,
"Census Tract 26.02, Denver County, Colorado",49110.0,1059.0,316400.0,2351.0,1890.0,177.0,117.0,08,031,002602,2012,08031002602,2010_tracts,229.59391666666667,1.2746632006437453,62598.70978361433,1349.8683294817263,403303.436683681
"Census Tract 27.01, Denver County, Colorado",31125.0,691.0,167900.0,4354.0,2891.0,87.0,1042.0,08,031,002701,2012,08031002701,2010_tracts,229.59391666666667,1.2746632006437453,39673.89212003657,880.792271644828,214015.95138808482
"Census Tract 2.02, Denver County, Colorado",62963.0,788.0,233500.0,4040.0,1357.0,79.0,2491.0,08,031,000202,2012,08031000202,2010_tracts,229.59391666666667,1.2746632006437453,80256.61910213213,1004.4346021072713,297633.8573503145
"Census Tract 5.02, Denver County, Colorado",46732.0,572.0,312100.0,5326.0,3022.0,409.0,1640.0,08,031,000502,2012,08031000502,2010_tracts,229.59391666666667,1.2746632006437453,59567.5606924835,729.1073507682223,397822.3849209129
"Census Tract 14.01, Denver County, Colorado",33216.0,761.0,163800.0,5999.0,1358.0,64.0,4220.0,08,031,001401,2012,08031001401,2010_tracts,229.59391666666667,1.2746632006437453,42339.21287258264,970.0186956898901,208789.83226544547
"Census Tract 24.02, Denver County, Colorado",61607.0,731.0,293800.0,1833.0,962.0,424.0,371.0,08,031,002402,2012,08031002402,2010_tracts,229.59391666666667,1.2746632006437453,78528.17580205921,931.7787996705778,374496.04834913235
"Census Tract 36.03, Denver County, Colorado",58587.0,906.0,253500.0,3340.0,924.0,1445.0,737.0,08,031,003603,2012,08031003603,2010_tracts,229.59391666666667,1.2746632006437453,74678.6929361151,1154.8448597832332,323127.1213631894
"Census Tract 39.02, Denver County, Colorado",90755.0,1693.0,387800.0,4125.0,3660.0,10.0,128.0,08,031,003902,2012,08031003902,2010_tracts,229.59391666666667,1.2746632006437453,115682.0587744231,2158.0047986898608,494314.3892096444
"Census Tract 40.03, Denver County, Colorado",62917.0,1334.0,238800.0,4473.0,3314.0,576.0,408.0,08,031,004003,2012,08031004003,2010_tracts,229.59391666666667,1.2746632006437453,80197.98459490252,1700.400709658756,304389.57231372636
"Census Tract 46.03, Denver County, Colorado",44437.0,1026.0,159200.0,5486.0,1824.0,19.0,3243.0,08,031,004603,2012,08031004603,2010_tracts,229.59391666666667,1.2746632006437453,56642.20864700611,1307.8044438604827,202926.38154248425
"Census Tract 1.02, Denver County, Colorado",61156.0,903.0,259500.0,3089.0,2249.0,23.0,780.0,08,031,000102,2012,08031000102,2010_tracts,229.59391666666667,1.2746632006437453,77953.30269856889,1151.020870181302,330775.1005670519
"Census Tract 3.03, Denver County, Colorado",74125.0,1018.0,343200.0,4627.0,3673.0,28.0,812.0,08,031,000303,2012,08031000303,2010_tracts,229.59391666666667,1.2746632006437453,94484.40974771763,1297.6071382553328,437464.4104609334
"Census Tract 4.02, Denver County, Colorado",44152.0,890.0,293400.0,4970.0,3176.0,80.0,1628.0,08,031,000402,2012,08031000402,2010_tracts,229.59391666666667,1.2746632006437453,56278.92963482264,1134.4502485729333,373986.1830688749
"Census Tract 9.04, Denver County, Colorado",36541.0,729.0,137100.0,5034.0,1031.0,34.0,3954.0,08,031,000904,2012,08031000904,2010_tracts,229.59391666666667,1.2746632006437453,46577.4680147231,929.2294732692903,174756.3248082575
"Census Tract 9.05, Denver County, Colorado",34073.0,953.0,136900.0,3624.0,768.0,36.0,2790.0,08,031,000905,2012,08031000905,2010_tracts,229.59391666666667,1.2746632006437453,43431.59923553433,1214.7540302134892,174501.39216812872
"Census Tract 20, Denver County, Colorado",65306.0,1271.0,368600.0,1622.0,1158.0,200.0,73.0,08,031,002000,2012,08031002000,2010_tracts,229.59391666666667,1.2746632006437453,83243.15498124043,1620.0969280182003,469840.8557572845
"Census Tract 30.02, Denver County, Colorado",59727.0,922.0,291900.0,2680.0,2299.0,9.0,254.0,08,031,003002,2012,08031003002,2010_tracts,229.59391666666667,1.2746632006437453,76131.80898484898,1175.2394709935331,372074.1882679092
"Census Tract 68.09, Denver County, Colorado",50228.0,909.0,298800.0,6784.0,4768.0,997.0,476.0,08,031,006809,2012,08031006809,2010_tracts,229.59391666666667,1.2746632006437453,64023.78324193404,1158.6688493851645,380869.3643523511
"Census Tract 40.05, Denver County, Colorado",36513.0,851.0,302700.0,2867.0,2281.0,61.0,237.0,08,031,004005,2012,08031004005,2010_tracts,229.59391666666667,1.2746632006437453,46541.77744510507,1084.7383837478271,385840.5508348617
"Census Tract 32.02, Denver County, Colorado",48958.0,739.0,386200.0,3144.0,2738.0,108.0,235.0,08,031,003202,2012,08031003202,2010_tracts,229.59391666666667,1.2746632006437453,62404.96097711648,941.9761052757277,492274.9280886144
"Census Tract 34.01, Denver County, Colorado",84297.0,971.0,470500.0,2273.0,2165.0,10.0,77.0,08,031,003401,2012,08031003401,2010_tracts,229.59391666666667,1.2746632006437453,107450.28382466579,1237.6979678250766,599729.0359028821
"Census Tract 34.02, Denver County, Colorado",106884.0,1533.0,536900.0,4539.0,4022.0,17.0,277.0,08,031,003402,2012,08031003402,2010_tracts,229.59391666666667,1.2746632006437453,136241.10153760607,1954.0586865868615,684366.6724256269
"Census Tract 40.06, Denver County, Colorado",56121.0,920.0,648400.0,4390.0,3612.0,55.0,155.0,08,031,004006,2012,08031004006,2010_tracts,229.59391666666667,1.2746632006437453,71535.37348332762,1172.6901445922456,826491.6192974044
"Census Tract 28.03, Denver County, Colorado",50238.0,832.0,256200.0,4114.0,3608.0,107.0,207.0,08,031,002803,2012,08031002803,2010_tracts,229.59391666666667,1.2746632006437453,64036.529873940475,1060.5197829355961,326568.7120049275
"Census Tract 55.02, Denver County, Colorado",66643.0,1143.0,237500.0,1895.0,897.0,107.0,689.0,08,031,005502,2012,08031005502,2010_tracts,229.59391666666667,1.2746632006437453,84947.37968050112,1456.9400383358009,302732.51015288953
"Census Tract 70.88, Denver County, Colorado",39075.0,1138.0,159400.0,4448.0,2524.0,593.0,764.0,08,031,007088,2012,08031007088,2010_tracts,229.59391666666667,1.2746632006437453,49807.46456515435,1450.5667223325822,203181.314182613
"Census Tract 70.89, Denver County, Colorado",27727.0,725.0,103400.0,4704.0,3634.0,608.0,355.0,08,031,007089,2012,08031007089,2010_tracts,229.59391666666667,1.2746632006437453,35342.586564249126,924.1308204667154,131800.17494656326
"Census Tract 120.01, Denver County, Colorado",71250.0,687.0,394700.0,2220.0,1469.0,97.0,439.0,08,031,012001,2012,08031012001,2010_tracts,229.59391666666667,1.2746632006437453,90819.75304586685,875.693618842253,503109.56529408623
"Census Tract 32.01, Denver County, Colorado",46438.0,763.0,225600.0,5210.0,4434.0,59.0,471.0,08,031,003201,2012,08031003201,2010_tracts,229.59391666666667,1.2746632006437453,59192.80971149424,972.5680220911777,287564.01806522894
"Census Tract 38, Denver County, Colorado",79615.0,1178.0,637300.0,5276.0,4751.0,66.0,179.0,08,031,003800,2012,08031003800,2010_tracts,229.59391666666667,1.2746632006437453,101482.31071925178,1501.553250358332,812342.8577702589
"Census Tract 40.02, Denver County, Colorado",88500.0,1245.0,491000.0,3367.0,3133.0,0.0,150.0,08,031,004002,2012,08031004002,2010_tracts,229.59391666666667,1.2746632006437453,112807.69325697146,1586.955684801463,625859.631516079
"Census Tract 40.04, Denver County, Colorado",87941.0,1602.0,296400.0,2015.0,1778.0,75.0,141.0,08,031,004004,2012,08031004004,2010_tracts,229.59391666666667,1.2746632006437453,112095.1565278116,2042.01044743128,377810.1726708061
"Census Tract 42.01, Denver County, Colorado",89120.0,858.0,440300.0,4786.0,3654.0,272.0,511.0,08,031,004201,2012,08031004201,2010_tracts,229.59391666666667,1.2746632006437453,113597.98444137057,1093.6610261523335,561234.207243441
"Census Tract 42.02, Denver County, Colorado",112132.0,1715.0,422200.0,3734.0,2693.0,366.0,324.0,08,031,004202,2012,08031004202,2010_tracts,229.59391666666667,1.2746632006437453,142930.53401458444,2186.0473891040233,538162.8033117893
"Census Tract 43.06, Denver County, Colorado",81079.0,1172.0,456000.0,4546.0,4100.0,186.0,236.0,08,031,004306,2012,08031004306,2010_tracts,229.59391666666667,1.2746632006437453,103348.41764499422,1493.9052711544696,581246.4194935479
"Census Tract 44.04, Denver County, Colorado",31523.0,798.0,159900.0,6606.0,2122.0,1961.0,1399.0,08,031,004404,2012,08031004404,2010_tracts,229.59391666666667,1.2746632006437453,40181.20807389278,1017.1812341137087,203818.64578293488
"Census Tract 44.05, Denver County, Colorado",66801.0,1056.0,449800.0,8065.0,5627.0,914.0,905.0,08,031,004405,2012,08031004405,2010_tracts,229.59391666666667,1.2746632006437453,85148.77646620283,1346.044339879795,573343.5076495566
"Census Tract 46.02, Denver County, Colorado",38808.0,776.0,144000.0,7526.0,1264.0,66.0,5810.0,08,031,004602,2012,08031004602,2010_tracts,229.59391666666667,1.2746632006437453,49467.12949058247,989.1386436995464,183551.50089269932
"Census Tract 48.01, Denver County, Colorado",60233.0,1487.0,209400.0,2774.0,1549.0,0.0,1109.0,08,031,004801,2012,08031004801,2010_tracts,229.59391666666667,1.2746632006437453,76776.78856437471,1895.4241793572492,266914.4742148003
"Census Tract 70.37, Denver County, Colorado",28803.0,722.0,304700.0,3838.0,1320.0,1025.0,1315.0,08,031,007037,2012,08031007037,2010_tracts,229.59391666666667,1.2746632006437453,36714.124168141796,920.306830864784,388389.87723614916
"Census Tract 83.12, Denver County, Colorado",33661.0,687.0,144100.0,6652.0,572.0,2221.0,3511.0,08,031,008312,2012,08031008312,2010_tracts,229.59391666666667,1.2746632006437453,42906.43799686911,875.693618842253,183678.9672127637
"Census Tract 41.02, Denver County, Colorado",34722.0,1002.0,181000.0,3870.0,597.0,2042.0,1021.0,08,031,004102,2012,08031004102,2010_tracts,229.59391666666667,1.2746632006437453,44258.85565275212,1277.2125270450329,230714.03931651788
"Census Tract 43.02, Denver County, Colorado",75776.0,1269.0,352700.0,2502.0,1956.0,142.0,161.0,08,031,004302,2012,08031004302,2010_tracts,229.59391666666667,1.2746632006437453,96588.87869198044,1617.5476016169127,449573.71086704894
"Census Tract 43.03, Denver County, Colorado",160694.0,1847.0,812500.0,4030.0,3681.0,39.0,65.0,08,031,004303,2012,08031004303,2010_tracts,229.59391666666667,1.2746632006437453,204830.728364246,2354.3029315889976,1035663.8505230431
"Census Tract 47, Denver County, Colorado",53331.0,839.0,201900.0,6407.0,1627.0,2.0,4319.0,08,031,004700,2012,08031004700,2010_tracts,229.59391666666667,1.2746632006437453,67979.06315353158,1069.4424253401023,257354.50020997218
"Census Tract 51.02, Denver County, Colorado",59271.0,734.0,255200.0,3319.0,2674.0,90.0,289.0,08,031,005102,2012,08031005102,2010_tracts,229.59391666666667,1.2746632006437453,75550.56256535543,935.6027892725091,325294.0488042838
"Census Tract 68.13, Denver County, Colorado",26888.0,848.0,150500.0,4075.0,2645.0,917.0,258.0,08,031,006813,2012,08031006813,2010_tracts,229.59391666666667,1.2746632006437453,34273.144138909025,1080.914394145896,191836.81169688367
"Census Tract 83.91, Denver County, Colorado",70016.0,1545.0,160700.0,8247.0,1327.0,3004.0,3543.0,08,031,008391,2012,08031008391,2010_tracts,229.59391666666667,1.2746632006437453,89246.81865627247,1969.3546449945864,204838.37634344987
"Census Tract 153, Denver County, Colorado",46400.0,798.0,269200.0,3506.0,2467.0,309.0,408.0,08,031,015300,2012,08031015300,2010_tracts,229.59391666666667,1.2746632006437453,59144.37250986978,1017.1812341137087,343139.3336132962
"Census Tract 155, Denver County, Colorado",32261.0,752.0,241800.0,3581.0,2055.0,183.0,1174.0,08,031,015500,2012,08031015500,2010_tracts,229.59391666666667,1.2746632006437453,41121.90951596787,958.5467268840964,308213.5619156576
"Census Tract 156, Denver County, Colorado",30278.0,658.0,167700.0,6210.0,1275.0,201.0,4279.0,08,031,015600,2012,08031015600,2010_tracts,229.59391666666667,1.2746632006437453,38594.25238909132,838.7283860235843,213761.01874795608
"Census Tract 157, Denver County, Colorado",42593.0,853.0,225100.0,6701.0,2079.0,40.0,3593.0,08,031,015700,2012,08031015700,2010_tracts,229.59391666666667,1.2746632006437453,54291.72970501904,1087.2877101491147,286926.6864649071
"Census Tract 9800, Denver County, Colorado",44844.0,1243.0,132600.0,1318.0,360.0,562.0,267.0,08,031,980000,2012,08031980000,2010_tracts,229.59391666666667,1.2746632006437453,57160.99656966811,1584.4063584001753,169020.34040536062
"Census Tract 9801, Denver County, Colorado",,,,0.0,0.0,0.0,0.0,08,031,980100,2012,08031980100,2010_tracts,229.59391666666667,1.2746632006437453,,,
"Census Tract 154, Denver County, Colorado",51012.0,1024.0,220900.0,4405.0,2408.0,109.0,1506.0,08,031,015400,2012,08031015400,2010_tracts,229.59391666666667,1.2746632006437453,65023.11919123874,1305.2551174591952,281573.10102220334
"Census Tract 83.04, Denver County, Colorado",39052.0,1361.0,136700.0,3291.0,449.0,919.0,1851.0,08,031,008304,2012,08031008304,2010_tracts,229.59391666666667,1.2746632006437453,49778.14731153954,1734.8166160761373,174246.45952799998
"Census Tract 2.01, Denver County, Colorado",53526.0,1033.0,176000.0,4176.0,1489.0,18.0,2489.0,08,031,000201,2012,08031000201,2010_tracts,229.59391666666667,1.2746632006437453,68227.6224776571,1316.7270862649889,224340.72331329918
"Census Tract 53, Denver County, Colorado",34643.0,796.0,232300.0,1342.0,949.0,109.0,193.0,08,031,005300,2013,08031005300,2010_tracts,232.95708333333334,1.256261078131344,43520.652529704144,999.9838181925497,291829.4484499112
"Census Tract 69.01, Denver County, Colorado",26365.0,695.0,264300.0,5166.0,3011.0,475.0,1226.0,08,031,006901,2013,08031006901,2010_tracts,232.95708333333334,1.256261078131344,33121.323324932884,873.101449301284,332029.8029501142
"Census Tract 70.13, Denver County, Colorado",58778.0,1088.0,173000.0,3283.0,2302.0,497.0,343.0,08,031,007013,2013,08031007013,2010_tracts,232.95708333333334,1.256261078131344,73840.51365040413,1366.8120530069023,217333.1665167225
"Census Tract 83.05, Denver County, Colorado",44500.0,1165.0,115700.0,4092.0,395.0,809.0,2712.0,08,031,008305,2013,08031008305,2010_tracts,232.95708333333334,1.256261078131344,55903.617976844806,1463.5441560230156,145349.40673979648
"Census Tract 28.02, Denver County, Colorado",45707.0,757.0,355200.0,4421.0,3506.0,53.0,712.0,08,031,002802,2013,08031002802,2010_tracts,232.95708333333334,1.256261078131344,57419.92509814934,950.9896361454273,446223.93495225336
"Census Tract 41.04, Denver County, Colorado",54261.0,1164.0,236100.0,4293.0,1666.0,1718.0,589.0,08,031,004104,2013,08031004104,2010_tracts,232.95708333333334,1.256261078131344,68165.98236048485,1462.2878949448843,296603.2405468103
"Census Tract 68.04, Denver County, Colorado",81607.0,1195.0,344700.0,2088.0,1895.0,70.0,43.0,08,031,006804,2013,08031006804,2010_tracts,232.95708333333334,1.256261078131344,102519.69780306458,1501.2319883669559,433033.1936318742
"Census Tract 7.01, Denver County, Colorado",28311.0,721.0,254500.0,3844.0,1605.0,170.0,1984.0,08,031,000701,2013,08031000701,2010_tracts,232.95708333333334,1.256261078131344,35566.00738297648,905.7642373326989,319718.44438442704
"Census Tract 31.02, Denver County, Colorado",26543.0,621.0,294000.0,2939.0,1905.0,418.0,489.0,08,031,003102,2013,08031003102,2010_tracts,232.95708333333334,1.256261078131344,33344.93779684026,780.1381295195646,369340.7569706151
"Census Tract 36.02, Denver County, Colorado",43271.0,908.0,157300.0,4655.0,1006.0,1375.0,2105.0,08,031,003602,2013,08031003602,2010_tracts,232.95708333333334,1.256261078131344,54359.67311182138,1140.6850589432602,197609.8675900604
"Census Tract 67.01, Denver County, Colorado",55700.0,1220.0,422600.0,2569.0,2191.0,30.0,119.0,08,031,006701,2013,08031006701,2010_tracts,232.95708333333334,1.256261078131344,69973.74205191586,1532.6385153202395,530895.931618306
"Census Tract 4.01, Denver County, Colorado",51451.0,867.0,294600.0,3865.0,1996.0,108.0,1545.0,08,031,000401,2013,08031000401,2010_tracts,232.95708333333334,1.256261078131344,64635.888730935774,1089.1783547398752,370094.5136174939
"Census Tract 24.03, Denver County, Colorado",31222.0,708.0,317500.0,2994.0,1629.0,698.0,557.0,08,031,002403,2013,08031002403,2010_tracts,232.95708333333334,1.256261078131344,39222.983381416816,889.4328433169915,398862.8923067017
"Census Tract 119.02, Denver County, Colorado",53497.0,926.0,234600.0,7048.0,3379.0,9.0,3429.0,08,031,011902,2013,08031011902,2010_tracts,232.95708333333334,1.256261078131344,67206.1988967925,1163.2977583496245,294718.8489296133
"Census Tract 7.02, Denver County, Colorado",27556.0,760.0,193400.0,5349.0,1566.0,462.0,3079.0,08,031,000702,2013,08031000702,2010_tracts,232.95708333333334,1.256261078131344,34617.53026898731,954.7584193798214,242960.8925106019
"Census Tract 27.02, Denver County, Colorado",45871.0,858.0,229500.0,5602.0,4642.0,149.0,371.0,08,031,002702,2013,08031002702,2010_tracts,232.95708333333334,1.256261078131344,57625.951914962876,1077.872005036693,288311.9174311434
"Census Tract 39.01, Denver County, Colorado",131413.0,1694.0,666700.0,4649.0,4252.0,35.0,230.0,08,031,003901,2013,08031003901,2010_tracts,232.95708333333334,1.256261078131344,165089.0370604743,2128.1062663544967,837549.260790167
"Census Tract 28.03, Denver County, Colorado",50157.0,870.0,253900.0,4333.0,3853.0,66.0,247.0,08,031,002803,2013,08031002803,2010_tracts,232.95708333333334,1.256261078131344,63010.286895833815,1092.9471379742693,318964.6877375482
"Census Tract 55.02, Denver County, Colorado",66607.0,1165.0,237100.0,1941.0,927.0,90.0,763.0,08,031,005502,2013,08031005502,2010_tracts,232.95708333333334,1.256261078131344,83675.78163109442,1463.5441560230156,297859.50162494165
"Census Tract 70.88, Denver County, Colorado",44496.0,1190.0,157500.0,4126.0,2255.0,643.0,710.0,08,031,007088,2013,08031007088,2010_tracts,232.95708333333334,1.256261078131344,55898.59293253228,1494.9506829762993,197861.11980568667
"Census Tract 70.89, Denver County, Colorado",28253.0,749.0,99700.0,4745.0,3419.0,692.0,512.0,08,031,007089,2013,08031007089,2010_tracts,232.95708333333334,1.256261078131344,35493.14424044486,940.9395475203765,125249.22948969499
"Census Tract 120.01, Denver County, Colorado",69514.0,709.0,412600.0,2027.0,1428.0,72.0,331.0,08,031,012001,2013,08031012001,2010_tracts,232.95708333333334,1.256261078131344,87327.73258522224,890.6891043951229,518333.32083699247
"Census Tract 32.01, Denver County, Colorado",44920.0,788.0,251900.0,5444.0,4370.0,380.0,402.0,08,031,003201,2013,08031003201,2010_tracts,232.95708333333334,1.256261078131344,56431.24762965997,989.933729567499,316452.16558128555
"Census Tract 38, Denver County, Colorado",80690.0,1207.0,600800.0,5491.0,4996.0,25.0,247.0,08,031,003800,2013,08031003800,2010_tracts,232.95708333333334,1.256261078131344,101367.70639441814,1516.307121304532,754761.6557413114
"Census Tract 40.02, Denver County, Colorado",96339.0,1245.0,502200.0,3355.0,3202.0,0.0,70.0,08,031,004002,2013,08031004002,2010_tracts,232.95708333333334,1.256261078131344,121026.93600609554,1564.0450422735232,630894.3134375609
"Census Tract 40.04, Denver County, Colorado",88083.0,1517.0,299500.0,1973.0,1757.0,77.0,105.0,08,031,004004,2013,08031004004,2010_tracts,232.95708333333334,1.256261078131344,110655.24454504317,1905.7480555252487,376250.1929003375
"Census Tract 42.01, Denver County, Colorado",91337.0,873.0,458400.0,4797.0,3724.0,292.0,515.0,08,031,004201,2013,08031004201,2010_tracts,232.95708333333334,1.256261078131344,114743.11809328255,1096.7159212086633,575870.078215408
"Census Tract 42.02, Denver County, Colorado",117837.0,1630.0,423300.0,3893.0,2907.0,370.0,230.0,08,031,004202,2013,08031004202,2010_tracts,232.95708333333334,1.256261078131344,148034.03666376317,2047.7055573540906,531775.3143729978
"Census Tract 43.06, Denver County, Colorado",71061.0,1154.0,459500.0,4991.0,4496.0,249.0,184.0,08,031,004306,2013,08031004306,2010_tracts,232.95708333333334,1.256261078131344,89271.16847309143,1449.725284163571,577251.9654013525
"Census Tract 44.04, Denver County, Colorado",37930.0,826.0,161000.0,6867.0,2222.0,2335.0,1350.0,08,031,004404,2013,08031004404,2010_tracts,232.95708333333334,1.256261078131344,47649.98269352187,1037.67165053649,202258.03357914637
"Census Tract 44.05, Denver County, Colorado",70833.0,1097.0,451300.0,8141.0,5984.0,946.0,763.0,08,031,004405,2013,08031004405,2010_tracts,232.95708333333334,1.256261078131344,88984.74094727749,1378.1184027100842,566950.6245606755
"Census Tract 46.02, Denver County, Colorado",39961.0,831.0,147800.0,7889.0,1270.0,76.0,6006.0,08,031,004602,2013,08031004602,2010_tracts,232.95708333333334,1.256261078131344,50201.44894320663,1043.9529559271468,185675.38734781262
"Census Tract 48.01, Denver County, Colorado",59955.0,1647.0,208200.0,3150.0,1754.0,0.0,1173.0,08,031,004801,2013,08031004801,2010_tracts,232.95708333333334,1.256261078131344,75319.13293936472,2069.0619956823234,261553.5564669458
"Census Tract 70.37, Denver County, Colorado",29936.0,726.0,311800.0,4245.0,1253.0,1174.0,1632.0,08,031,007037,2013,08031007037,2010_tracts,232.95708333333334,1.256261078131344,37607.43163493991,912.0455427233557,391702.20416135306
"Census Tract 83.12, Denver County, Colorado",34410.0,743.0,138400.0,6625.0,689.0,2191.0,3311.0,08,031,008312,2013,08031008312,2010_tracts,232.95708333333334,1.256261078131344,43227.94369849954,933.4019810515886,173866.533213378
"Census Tract 36.01, Denver County, Colorado",38992.0,801.0,183900.0,5020.0,1101.0,690.0,3146.0,08,031,003601,2013,08031003601,2010_tracts,232.95708333333334,1.256261078131344,48984.13195849736,1006.2651235832064,231026.41226835415
"Census Tract 37.01, Denver County, Colorado",67449.0,852.0,331900.0,2834.0,2090.0,198.0,388.0,08,031,003701,2013,08031003701,2010_tracts,232.95708333333334,1.256261078131344,84733.55345888101,1070.334438567905,416953.05183179304
"Census Tract 37.02, Denver County, Colorado",40609.0,753.0,343600.0,4623.0,3503.0,289.0,506.0,08,031,003702,2013,08031003702,2010_tracts,232.95708333333334,1.256261078131344,51015.506121835744,945.964591832902,431651.30644592975
"Census Tract 43.04, Denver County, Colorado",75801.0,1015.0,347300.0,5964.0,4710.0,359.0,825.0,08,031,004304,2013,08031004304,2010_tracts,232.95708333333334,1.256261078131344,95225.845983434,1275.104994303314,436299.4724350157
"Census Tract 50.01, Denver County, Colorado",46492.0,1085.0,217500.0,2635.0,1833.0,405.0,218.0,08,031,005001,2013,08031005001,2010_tracts,232.95708333333334,1.256261078131344,58406.090044482444,1363.0432697725082,273236.7844935673
"Census Tract 55.03, Denver County, Colorado",61042.0,841.0,227200.0,4627.0,2852.0,50.0,1449.0,08,031,005503,2013,08031005503,2010_tracts,232.95708333333334,1.256261078131344,76684.6887312935,1056.5155667084603,285422.51695144136
"Census Tract 68.14, Denver County, Colorado",39892.0,838.0,248600.0,4343.0,2460.0,361.0,1235.0,08,031,006814,2013,08031006814,2010_tracts,232.95708333333334,1.256261078131344,50114.766928815574,1052.7467834740662,312306.5040234521
"Census Tract 70.06, Denver County, Colorado",28255.0,791.0,,4297.0,1602.0,607.0,1162.0,08,031,007006,2013,08031007006,2010_tracts,232.95708333333334,1.256261078131344,35495.656762601124,993.702512801893,
"Census Tract 45.03, Denver County, Colorado",32672.0,819.0,116500.0,4850.0,515.0,0.0,4013.0,08,031,004503,2013,08031004503,2010_tracts,232.95708333333334,1.256261078131344,41044.56194470727,1028.8778229895706,146354.41560230157
"Census Tract 19.01, Denver County, Colorado",27431.0,483.0,221200.0,2751.0,714.0,607.0,1263.0,08,031,001901,2013,08031001901,2010_tracts,232.95708333333334,1.256261078131344,34460.4976342209,606.7741007374391,277884.9504826533
"Census Tract 19.02, Denver County, Colorado",82841.0,1330.0,,646.0,318.0,25.0,155.0,08,031,001902,2013,08031001902,2010_tracts,232.95708333333334,1.256261078131344,104069.92397347867,1670.8272339146874,
"Census Tract 41.06, Denver County, Colorado",134330.0,1795.0,457500.0,11120.0,7827.0,1029.0,1414.0,08,031,004106,2013,08031004106,2010_tracts,232.95708333333334,1.256261078131344,168753.55062538342,2254.9886352457625,574739.4432450898
"Census Tract 41.07, Denver County, Colorado",83750.0,1236.0,348700.0,3872.0,2810.0,450.0,288.0,08,031,004107,2013,08031004107,2010_tracts,232.95708333333334,1.256261078131344,105211.86529350006,1552.738692570341,438058.23794439965
"Census Tract 45.04, Denver County, Colorado",33800.0,859.0,132700.0,3746.0,575.0,16.0,2945.0,08,031,004504,2013,08031004504,2010_tracts,232.95708333333334,1.256261078131344,42461.62444083943,1079.1282661148243,166705.84506802933
"Census Tract 45.05, Denver County, Colorado",32764.0,952.0,116700.0,4463.0,690.0,3.0,3632.0,08,031,004505,2013,08031004505,2010_tracts,232.95708333333334,1.256261078131344,41160.13796389535,1195.9605463810394,146605.66781792784
"Census Tract 45.06, Denver County, Colorado",26322.0,754.0,101600.0,3869.0,230.0,257.0,2844.0,08,031,004506,2013,08031004506,2010_tracts,232.95708333333334,1.256261078131344,33067.30409857324,947.2208529110333,127636.12553814454
"Census Tract 83.86, Denver County, Colorado",47549.0,1220.0,149100.0,4369.0,321.0,911.0,2852.0,08,031,008386,2013,08031008386,2010_tracts,232.95708333333334,1.256261078131344,59733.95800406727,1532.6385153202395,187308.52674938337
"Census Tract 83.87, Denver County, Colorado",53125.0,1396.0,151300.0,6460.0,857.0,1635.0,3565.0,08,031,008387,2013,08031008387,2010_tracts,232.95708333333334,1.256261078131344,66738.86977572764,1753.740465071356,190072.30112127232
"Census Tract 83.88, Denver County, Colorado",53192.0,1119.0,165100.0,6663.0,1463.0,1651.0,3186.0,08,031,008388,2013,08031008388,2010_tracts,232.95708333333334,1.256261078131344,66823.03926796245,1405.7561464289738,207408.7039994849
"Census Tract 83.89, Denver County, Colorado",79208.0,1482.0,232800.0,8931.0,1764.0,2515.0,3024.0,08,031,008389,2013,08031008389,2010_tracts,232.95708333333334,1.256261078131344,99505.92747662749,1861.7789177906516,292457.57898897683
"Census Tract 83.90, Denver County, Colorado",58310.0,1167.0,189200.0,8593.0,1400.0,2407.0,3741.0,08,031,008390,2013,08031008390,2010_tracts,232.95708333333334,1.256261078131344,73252.58346583866,1466.0566781792784,237684.59598245026
"Census Tract 83.04, Denver County, Colorado",40863.0,1407.0,130400.0,3589.0,405.0,837.0,2233.0,08,031,008304,2013,08031008304,2010_tracts,232.95708333333334,1.256261078131344,51334.59643568111,1767.5593369308008,163816.44458832726
"Census Tract 2.01, Denver County, Colorado",53925.0,1016.0,179000.0,4223.0,1453.0,37.0,2569.0,08,031,000201,2013,08031000201,2010_tracts,232.95708333333334,1.256261078131344,67743.87863823272,1276.3612553814455,224870.73298551055
"Census Tract 83.91, Denver County, Colorado",72805.0,1458.0,146800.0,7791.0,1299.0,2196.0,3857.0,08,031,008391,2013,08031008391,2010_tracts,232.95708333333334,1.256261078131344,91462.08779335249,1831.6286519154994,184419.1262696813
"Census Tract 153, Denver County, Colorado",44853.0,786.0,268200.0,3287.0,2227.0,285.0,390.0,08,031,015300,2013,08031015300,2010_tracts,232.95708333333334,1.256261078131344,56347.07813742517,987.4212074112363,336929.22115482646
"Census Tract 154, Denver County, Colorado",52000.0,1017.0,226400.0,4419.0,2612.0,97.0,1328.0,08,031,015400,2013,08031015400,2010_tracts,232.95708333333334,1.256261078131344,65325.57606282988,1277.6175164595768,284417.5080889363
"Census Tract 155, Denver County, Colorado",33779.0,796.0,314100.0,3444.0,2067.0,240.0,916.0,08,031,015500,2013,08031015500,2010_tracts,232.95708333333334,1.256261078131344,42435.242958198665,999.9838181925497,394591.6046410551
"Census Tract 156, Denver County, Colorado",27733.0,714.0,156900.0,6482.0,1194.0,196.0,4668.0,08,031,015600,2013,08031015600,2010_tracts,232.95708333333334,1.256261078131344,34839.88847981656,896.9704097857796,197107.36315880786
"Census Tract 157, Denver County, Colorado",41481.0,857.0,225600.0,5873.0,1966.0,106.0,3210.0,08,031,015700,2013,08031015700,2010_tracts,232.95708333333334,1.256261078131344,52110.965781966275,1076.6157439585618,283412.4992264312
"Census Tract 9800, Denver County, Colorado",44625.0,1125.0,127500.0,1068.0,359.0,448.0,146.0,08,031,980000,2013,08031980000,2010_tracts,232.95708333333334,1.256261078131344,56060.65061161122,1413.293712897762,160173.28746174634
"Census Tract 9801, Denver County, Colorado",,,,0.0,0.0,0.0,0.0,08,031,980100,2013,08031980100,2010_tracts,232.95708333333334,1.256261078131344,,,
"Census Tract 6, Denver County, Colorado",40938.0,726.0,254100.0,2626.0,982.0,86.0,1441.0,08,031,000600,2013,08031000600,2010_tracts,232.95708333333334,1.256261078131344,51428.81601654096,912.0455427233557,319215.9399531745
"Census Tract 8, Denver County, Colorado",9537.0,207.0,,1413.0,136.0,299.0,677.0,08,031,000800,2013,08031000800,2010_tracts,232.95708333333334,1.256261078131344,11980.961902138626,260.0460431731882,
"Census Tract 9.02, Denver County, Colorado",47260.0,1155.0,140000.0,5107.0,1217.0,51.0,3584.0,08,031,000902,2013,08031000902,2010_tracts,232.95708333333334,1.256261078131344,59370.89855248731,1450.9815452417022,175876.55093838816
"Census Tract 26.02, Denver County, Colorado",52775.0,1112.0,321400.0,2394.0,1829.0,112.0,215.0,08,031,002602,2013,08031002602,2010_tracts,232.95708333333334,1.256261078131344,66299.17839838167,1396.9623188820544,403762.31051141396
"Census Tract 27.01, Denver County, Colorado",31929.0,742.0,170900.0,4434.0,3149.0,82.0,931.0,08,031,002701,2013,08031002701,2010_tracts,232.95708333333334,1.256261078131344,40111.15996365568,932.1457199734572,214695.01825264667
"Census Tract 2.02, Denver County, Colorado",55455.0,755.0,243100.0,3863.0,1281.0,60.0,2364.0,08,031,000202,2013,08031000202,2010_tracts,232.95708333333334,1.256261078131344,69665.95808777367,948.4771139891646,305397.06809372973
"Census Tract 5.02, Denver County, Colorado",43242.0,604.0,318500.0,5517.0,2826.0,528.0,1843.0,08,031,000502,2013,08031000502,2010_tracts,232.95708333333334,1.256261078131344,54323.24154055557,758.7816911913317,400119.153384833
"Census Tract 14.01, Denver County, Colorado",32748.0,692.0,161200.0,5898.0,1189.0,64.0,4263.0,08,031,001401,2013,08031001401,2010_tracts,232.95708333333334,1.256261078131344,41140.03778664525,869.3326660668899,202509.28579477264
"Census Tract 24.02, Denver County, Colorado",61603.0,809.0,297200.0,1867.0,959.0,423.0,361.0,08,031,002402,2013,08031002402,2010_tracts,232.95708333333334,1.256261078131344,77389.45119612518,1016.3152122082572,373360.7924206354
"Census Tract 36.03, Denver County, Colorado",61863.0,963.0,258900.0,3262.0,1133.0,1356.0,650.0,08,031,003603,2013,08031003603,2010_tracts,232.95708333333334,1.256261078131344,77716.07907643933,1209.7794182404841,325245.99312820495
"Census Tract 39.02, Denver County, Colorado",92155.0,1755.0,383500.0,4127.0,3663.0,16.0,110.0,08,031,003902,2013,08031003902,2010_tracts,232.95708333333334,1.256261078131344,115770.739655194,2204.7381921205088,481776.1234633704
"Census Tract 40.03, Denver County, Colorado",63914.0,1354.0,239600.0,4502.0,3479.0,442.0,448.0,08,031,004003,2013,08031004003,2010_tracts,232.95708333333334,1.256261078131344,80292.67054768672,1700.9774997898396,301000.15432027
"Census Tract 46.03, Denver County, Colorado",44342.0,973.0,158800.0,5461.0,1936.0,71.0,3132.0,08,031,004603,2013,08031004603,2010_tracts,232.95708333333334,1.256261078131344,55705.12872650005,1222.3420290217975,199494.25920725742
"Census Tract 1.02, Denver County, Colorado",66042.0,887.0,271500.0,3003.0,2206.0,34.0,713.0,08,031,000102,2013,08031000102,2010_tracts,232.95708333333334,1.256261078131344,82965.99412195022,1114.303576302502,341074.8827126599
"Census Tract 3.03, Denver County, Colorado",74142.0,996.0,345400.0,4946.0,3868.0,26.0,924.0,08,031,000303,2013,08031000303,2010_tracts,232.95708333333334,1.256261078131344,93141.7088548141,1251.2360338188184,433912.5763865662
"Census Tract 4.02, Denver County, Colorado",45500.0,885.0,289500.0,5281.0,3478.0,138.0,1568.0,08,031,000402,2013,08031000402,2010_tracts,232.95708333333334,1.256261078131344,57159.87905497615,1111.7910541462393,363687.58211902407
"Census Tract 9.04, Denver County, Colorado",37393.0,818.0,134900.0,4844.0,1109.0,41.0,3674.0,08,031,000904,2013,08031000904,2010_tracts,232.95708333333334,1.256261078131344,46975.370494565344,1027.6215619114394,169469.6194399183
"Census Tract 9.05, Denver County, Colorado",32104.0,901.0,132600.0,3721.0,757.0,66.0,2850.0,08,031,000905,2013,08031000905,2010_tracts,232.95708333333334,1.256261078131344,40331.00565232866,1131.8912313963408,166580.2189602162
"Census Tract 20, Denver County, Colorado",61484.0,1307.0,365000.0,1562.0,1281.0,127.0,47.0,08,031,002000,2013,08031002000,2010_tracts,232.95708333333334,1.256261078131344,77239.95612782755,1641.9332291176665,458535.2935179405
"Census Tract 30.02, Denver County, Colorado",73125.0,1026.0,320800.0,2774.0,2390.0,24.0,253.0,08,031,003002,2013,08031003002,2010_tracts,232.95708333333334,1.256261078131344,91864.09133835453,1288.923866162759,403008.5538645351
"Census Tract 68.09, Denver County, Colorado",51597.0,884.0,318500.0,6889.0,5121.0,799.0,558.0,08,031,006809,2013,08031006809,2010_tracts,232.95708333333334,1.256261078131344,64819.30284834295,1110.534793068108,400119.153384833
"Census Tract 40.05, Denver County, Colorado",37561.0,836.0,307800.0,2938.0,2291.0,69.0,246.0,08,031,004005,2013,08031004005,2010_tracts,232.95708333333334,1.256261078131344,47186.42235569141,1050.2342613178034,386677.15984882764
"Census Tract 32.02, Denver County, Colorado",56034.0,782.0,346700.0,3203.0,2740.0,133.0,243.0,08,031,003202,2013,08031003202,2010_tracts,232.95708333333334,1.256261078131344,70393.33325201173,982.396163098711,435545.71578813693
"Census Tract 34.01, Denver County, Colorado",81806.0,991.0,468800.0,2297.0,2153.0,10.0,93.0,08,031,003401,2013,08031003401,2010_tracts,232.95708333333334,1.256261078131344,102769.69375761272,1244.9547284281618,588935.193427974
"Census Tract 34.02, Denver County, Colorado",105189.0,1467.0,569700.0,4482.0,3870.0,15.0,356.0,08,031,003402,2013,08031003402,2010_tracts,232.95708333333334,1.256261078131344,132144.84654755794,1842.9350016186816,715691.9362114266
"Census Tract 40.06, Denver County, Colorado",58699.0,900.0,714400.0,4588.0,3955.0,64.0,167.0,08,031,004006,2013,08031004006,2010_tracts,232.95708333333334,1.256261078131344,73741.26902523176,1130.6349703182095,897472.9142170321
"Census Tract 41.02, Denver County, Colorado",37717.0,1014.0,178500.0,4071.0,658.0,2133.0,961.0,08,031,004102,2013,08031004102,2010_tracts,232.95708333333334,1.256261078131344,47382.3990838799,1273.8487332251827,224242.6024464449
"Census Tract 43.02, Denver County, Colorado",74145.0,1167.0,354500.0,2413.0,1926.0,128.0,173.0,08,031,004302,2013,08031004302,2010_tracts,232.95708333333334,1.256261078131344,93145.4776380485,1466.0566781792784,445344.5521975614
"Census Tract 43.03, Denver County, Colorado",157639.0,1955.0,789300.0,4014.0,3712.0,46.0,34.0,08,031,004303,2013,08031004303,2010_tracts,232.95708333333334,1.256261078131344,198035.74009554693,2455.9904077467772,991566.8689690698
"Census Tract 47, Denver County, Colorado",53250.0,795.0,209300.0,6099.0,1926.0,2.0,3403.0,08,031,004700,2013,08031004700,2010_tracts,232.95708333333334,1.256261078131344,66895.90241049406,998.7275571144185,262935.4436528903
"Census Tract 51.02, Denver County, Colorado",59940.0,1049.0,251700.0,3398.0,2571.0,101.0,618.0,08,031,005102,2013,08031005102,2010_tracts,232.95708333333334,1.256261078131344,75300.28902319276,1317.8178709597798,316200.91336565925
"Census Tract 68.13, Denver County, Colorado",26975.0,841.0,167700.0,4124.0,2639.0,970.0,306.0,08,031,006813,2013,08031006813,2010_tracts,232.95708333333334,1.256261078131344,33887.642582593005,1056.5155667084603,210674.9828026264
"Census Tract 9.03, Denver County, Colorado",39886.0,1001.0,142800.0,5829.0,1042.0,88.0,4633.0,08,031,000903,2013,08031000903,2010_tracts,232.95708333333334,1.256261078131344,50107.229362346785,1257.5173392094753,179394.0819571559
"Census Tract 11.01, Denver County, Colorado",35231.0,768.0,183400.0,2770.0,732.0,161.0,1821.0,08,031,001101,2013,08031001101,2010_tracts,232.95708333333334,1.256261078131344,44259.33404364538,964.8085080048721,230398.2817292885
"Census Tract 13.01, Denver County, Colorado",40417.0,939.0,149300.0,4566.0,928.0,2.0,3291.0,08,031,001301,2013,08031001301,2010_tracts,232.95708333333334,1.256261078131344,50774.303994834525,1179.629152365332,187559.77896500964
"Census Tract 13.02, Denver County, Colorado",44797.0,1122.0,136100.0,4023.0,976.0,31.0,2823.0,08,031,001302,2013,08031001302,2010_tracts,232.95708333333334,1.256261078131344,56276.72751704981,1409.5249296633679,170977.1327336759
"Census Tract 14.02, Denver County, Colorado",38912.0,767.0,150100.0,4136.0,1108.0,123.0,2503.0,08,031,001402,2013,08031001402,2010_tracts,232.95708333333334,1.256261078131344,48883.631072246855,963.5522469267407,188564.78782751472
"Census Tract 17.02, Denver County, Colorado",52281.0,954.0,264800.0,3385.0,2588.0,231.0,318.0,08,031,001702,2013,08031001702,2010_tracts,232.95708333333334,1.256261078131344,65678.5854257848,1198.4730685373022,332657.9334891799
"Census Tract 18, Denver County, Colorado",35658.0,955.0,215700.0,3260.0,1795.0,33.0,1298.0,08,031,001800,2013,08031001800,2010_tracts,232.95708333333334,1.256261078131344,44795.75752400746,1199.7293296154335,270975.5145529309
"Census Tract 21, Denver County, Colorado",42079.0,784.0,287400.0,5309.0,2859.0,75.0,2148.0,08,031,002100,2013,08031002100,2010_tracts,232.95708333333334,1.256261078131344,52862.20990668882,984.9086852549736,361049.43385494826
"Census Tract 27.03, Denver County, Colorado",37488.0,704.0,196400.0,4938.0,4187.0,85.0,489.0,08,031,002703,2013,08031002703,2010_tracts,232.95708333333334,1.256261078131344,47094.71529698782,884.4077990044661,246729.67574499594
"Census Tract 28.01, Denver County, Colorado",63816.0,999.0,372200.0,2879.0,2427.0,20.0,283.0,08,031,002801,2013,08031002801,2010_tracts,232.95708333333334,1.256261078131344,80169.55696202985,1255.0048170532125,467580.3732804862
"Census Tract 120.10, Denver County, Colorado",58482.0,953.0,308100.0,4853.0,3660.0,0.0,889.0,08,031,012010,2013,08031012010,2010_tracts,232.95708333333334,1.256261078131344,73468.66037127725,1197.2168074591707,387054.0381722671
"Census Tract 35, Denver County, Colorado",33793.0,890.0,116300.0,6940.0,756.0,353.0,5690.0,08,031,003500,2013,08031003500,2010_tracts,232.95708333333334,1.256261078131344,42452.830613292506,1118.072359536896,146103.1633866753
"Census Tract 3.02, Denver County, Colorado",77308.0,985.0,332200.0,4058.0,2958.0,293.0,663.0,08,031,000302,2013,08031000302,2010_tracts,232.95708333333334,1.256261078131344,97119.03142817793,1237.4171619593737,417329.93015523243
"Census Tract 30.04, Denver County, Colorado",55577.0,949.0,347300.0,6105.0,4999.0,168.0,389.0,08,031,003004,2013,08031003004,2010_tracts,232.95708333333334,1.256261078131344,69819.2219393057,1192.1917631466454,436299.4724350157
"Census Tract 31.01, Denver County, Colorado",60625.0,909.0,334500.0,1479.0,914.0,291.0,238.0,08,031,003101,2013,08031003101,2010_tracts,232.95708333333334,1.256261078131344,76160.82786171272,1141.9413200213917,420219.33063493454
"Census Tract 33, Denver County, Colorado",99250.0,1341.0,497200.0,3298.0,2926.0,31.0,204.0,08,031,003300,2013,08031003300,2010_tracts,232.95708333333334,1.256261078131344,124683.91200453589,1684.6461057741321,624613.0080469042
"Census Tract 41.03, Denver County, Colorado",85577.0,990.0,356800.0,5129.0,2944.0,1797.0,274.0,08,031,004103,2013,08031004103,2010_tracts,232.95708333333334,1.256261078131344,107507.05428324602,1243.6984673500306,448233.9526772635
"Census Tract 43.01, Denver County, Colorado",44558.0,759.0,262300.0,4050.0,2942.0,288.0,459.0,08,031,004301,2013,08031004301,2010_tracts,232.95708333333334,1.256261078131344,55976.481119376425,953.50215830169,329517.28079385153
"Census Tract 50.02, Denver County, Colorado",32660.0,823.0,237500.0,6856.0,4243.0,1351.0,631.0,08,031,005002,2013,08031005002,2010_tracts,232.95708333333334,1.256261078131344,41029.48681176969,1033.902867302096,298362.0060561942
"Census Tract 26.01, Denver County, Colorado",40041.0,789.0,303100.0,3141.0,2468.0,209.0,290.0,08,031,002601,2013,08031002601,2010_tracts,232.95708333333334,1.256261078131344,50301.94982945714,991.1899906456304,380772.73278161034
"Census Tract 120.14, Denver County, Colorado",58225.0,990.0,204400.0,6503.0,4398.0,0.0,1371.0,08,031,012014,2013,08031012014,2010_tracts,232.95708333333334,1.256261078131344,73145.8012741975,1243.6984673500306,256779.7643700467
"Census Tract 29.01, Denver County, Colorado",57096.0,879.0,339300.0,2849.0,2286.0,58.0,332.0,08,031,002901,2013,08031002901,2010_tracts,232.95708333333334,1.256261078131344,71727.4825169872,1104.2534876774514,426249.383809965
"Census Tract 30.01, Denver County, Colorado",78347.0,932.0,378600.0,5364.0,4727.0,21.0,195.0,08,031,003001,2013,08031003001,2010_tracts,232.95708333333334,1.256261078131344,98424.2866883564,1170.8353248184126,475620.4441805268
"Census Tract 30.03, Denver County, Colorado",36422.0,1025.0,310600.0,3243.0,2696.0,50.0,293.0,08,031,003003,2013,08031003003,2010_tracts,232.95708333333334,1.256261078131344,45755.54098769981,1287.6676050846274,390194.69086759543
"Census Tract 37.03, Denver County, Colorado",49228.0,794.0,354600.0,2605.0,1967.0,215.0,186.0,08,031,003703,2013,08031003703,2010_tracts,232.95708333333334,1.256261078131344,61843.220354249795,997.4712960362871,445470.1783053746
"Census Tract 44.03, Denver County, Colorado",46829.0,952.0,171300.0,4186.0,1964.0,802.0,1239.0,08,031,004403,2013,08031004403,2010_tracts,232.95708333333334,1.256261078131344,58829.4500278127,1195.9605463810394,215197.5226838992
"Census Tract 51.04, Denver County, Colorado",32163.0,793.0,244300.0,3129.0,1973.0,208.0,741.0,08,031,005104,2013,08031005104,2010_tracts,232.95708333333334,1.256261078131344,40405.12505593841,996.2150349581557,306904.5813874873
"Census Tract 52, Denver County, Colorado",78654.0,1119.0,277200.0,3145.0,2358.0,104.0,331.0,08,031,005200,2013,08031005200,2010_tracts,232.95708333333334,1.256261078131344,98809.95883934273,1405.7561464289738,348235.5708580085
"Census Tract 68.12, Denver County, Colorado",41274.0,835.0,170300.0,2980.0,2424.0,124.0,230.0,08,031,006812,2013,08031006812,2010_tracts,232.95708333333334,1.256261078131344,51850.91973879309,1048.9780002396722,213941.26160576788
"Census Tract 83.06, Denver County, Colorado",40571.0,777.0,160100.0,6424.0,265.0,1637.0,4282.0,08,031,008306,2013,08031008306,2010_tracts,232.95708333333334,1.256261078131344,50967.768200866754,976.1148577080543,201127.39860882817
"Census Tract 119.03, Denver County, Colorado",62835.0,1078.0,233500.0,2661.0,1449.0,0.0,1136.0,08,031,011903,2013,08031011903,2010_tracts,232.95708333333334,1.256261078131344,78937.16484438299,1354.2494422255888,293336.9617436688
"Census Tract 3.01, Denver County, Colorado",55769.0,735.0,314200.0,5012.0,3197.0,33.0,1589.0,08,031,000301,2013,08031000301,2010_tracts,232.95708333333334,1.256261078131344,70060.42406630692,923.3518924265378,394717.23074886826
"Census Tract 10, Denver County, Colorado",24777.0,694.0,146500.0,3633.0,592.0,149.0,2628.0,08,031,001000,2013,08031001000,2010_tracts,232.95708333333334,1.256261078131344,31126.380732860307,871.8451882231527,184042.24794624187
"Census Tract 14.03, Denver County, Colorado",45917.0,1059.0,165700.0,2542.0,1463.0,168.0,830.0,08,031,001403,2013,08031001403,2010_tracts,232.95708333333334,1.256261078131344,57683.73992455692,1330.3804817410933,208162.46064636367
"Census Tract 15, Denver County, Colorado",26500.0,847.0,125400.0,3355.0,856.0,139.0,2313.0,08,031,001500,2013,08031001500,2010_tracts,232.95708333333334,1.256261078131344,33290.918570480615,1064.0531331772484,157535.13919767053
"Census Tract 17.01, Denver County, Colorado",77143.0,1508.0,492900.0,4587.0,3949.0,38.0,263.0,08,031,001701,2013,08031001701,2010_tracts,232.95708333333334,1.256261078131344,96911.74835028626,1894.4417058220665,619211.0854109394
"Census Tract 29.02, Denver County, Colorado",94915.0,1234.0,458900.0,3940.0,3578.0,24.0,181.0,08,031,002902,2013,08031002902,2010_tracts,232.95708333333334,1.256261078131344,119238.02023083651,1550.2261704140783,576498.2087544737
"Census Tract 41.01, Denver County, Colorado",27477.0,892.0,161800.0,4159.0,740.0,1923.0,1163.0,08,031,004101,2013,08031004101,2010_tracts,232.95708333333334,1.256261078131344,34518.28564381494,1120.5848816931589,203263.04244165146
"Census Tract 46.01, Denver County, Colorado",47140.0,1104.0,156400.0,6116.0,1802.0,0.0,3892.0,08,031,004601,2013,08031004601,2010_tracts,232.95708333333334,1.256261078131344,59220.147223111555,1386.9122302570038,196479.2326197422
"Census Tract 68.10, Denver County, Colorado",60491.0,988.0,187200.0,5158.0,3201.0,692.0,703.0,08,031,006810,2013,08031006810,2010_tracts,232.95708333333334,1.256261078131344,75992.48887724313,1241.1859451937678,235172.07382618758
"Census Tract 68.11, Denver County, Colorado",53979.0,775.0,287800.0,6088.0,4323.0,500.0,488.0,08,031,006811,2013,08031006811,2010_tracts,232.95708333333334,1.256261078131344,67811.71673645181,973.6023355517915,361551.9382862008
"Census Tract 5.01, Denver County, Colorado",75795.0,1067.0,331300.0,1977.0,1555.0,5.0,357.0,08,031,000501,2013,08031000501,2010_tracts,232.95708333333334,1.256261078131344,95218.30841696521,1340.430570366144,416199.29518491426
"Census Tract 11.02, Denver County, Colorado",60839.0,1190.0,314300.0,3096.0,1807.0,201.0,967.0,08,031,001102,2013,08031001102,2010_tracts,232.95708333333334,1.256261078131344,76429.66773243283,1494.9506829762993,394842.8568566814
"Census Tract 16, Denver County, Colorado",56100.0,1319.0,275600.0,7997.0,5512.0,1148.0,1240.0,08,031,001600,2013,08031001600,2010_tracts,232.95708333333334,1.256261078131344,70476.24648316839,1657.0083620552425,346225.5531329984
"Census Tract 23, Denver County, Colorado",51250.0,876.0,289800.0,6108.0,2827.0,1621.0,1412.0,08,031,002300,2013,08031002300,2010_tracts,232.95708333333334,1.256261078131344,64383.38025423138,1100.4847044430574,364064.46044246346
"Census Tract 32.03, Denver County, Colorado",140982.0,1051.0,718300.0,3234.0,2806.0,53.0,166.0,08,031,003203,2013,08031003203,2010_tracts,232.95708333333334,1.256261078131344,177110.19931711312,1320.3303931160424,902372.3324217444
"Census Tract 120.14, Denver County, Colorado",59035.0,1046.0,203100.0,6166.0,4134.0,0.0,1211.0,08,031,012014,2014,08031012014,2010_tracts,236.73616666666666,1.2362070434245718,72979.48280856959,1293.072567422102,251073.65051953052
"Census Tract 29.01, Denver County, Colorado",56208.0,918.0,347600.0,2929.0,2467.0,58.0,188.0,08,031,002901,2014,08031002901,2010_tracts,236.73616666666666,1.2362070434245718,69484.72549680833,1134.8380658637568,429705.56829438114
"Census Tract 30.01, Denver County, Colorado",80081.0,910.0,391900.0,5527.0,4775.0,78.0,264.0,08,031,003001,2014,08031003001,2010_tracts,236.73616666666666,1.2362070434245718,98996.69624448313,1124.9484095163602,484469.54031808965
"Census Tract 30.03, Denver County, Colorado",37470.0,987.0,339900.0,3280.0,2720.0,29.0,298.0,08,031,003003,2014,08031003003,2010_tracts,236.73616666666666,1.2362070434245718,46320.6779171187,1220.1363518600524,420186.77406001196
"Census Tract 37.03, Denver County, Colorado",57439.0,834.0,378200.0,2638.0,2050.0,196.0,222.0,08,031,003703,2014,08031003703,2010_tracts,236.73616666666666,1.2362070434245718,71006.49636726397,1030.996674216093,467533.50382317306
"Census Tract 44.03, Denver County, Colorado",47089.0,1049.0,161100.0,4289.0,1862.0,831.0,1361.0,08,031,004403,2014,08031004403,2010_tracts,236.73616666666666,1.2362070434245718,58211.75346781966,1296.7811885523759,199152.9546956985
"Census Tract 51.04, Denver County, Colorado",39366.0,842.0,262700.0,3518.0,2145.0,176.0,996.0,08,031,005104,2014,08031005104,2010_tracts,236.73616666666666,1.2362070434245718,48664.52647145169,1040.8863305634895,324751.590307635
"Census Tract 52, Denver County, Colorado",81645.0,1361.0,280700.0,3244.0,2407.0,222.0,330.0,08,031,005200,2014,08031005200,2010_tracts,236.73616666666666,1.2362070434245718,100930.12406039916,1682.4777861008422,347003.3170892773
"Census Tract 68.12, Denver County, Colorado",42226.0,935.0,181900.0,3150.0,2653.0,73.0,175.0,08,031,006812,2014,08031006812,2010_tracts,236.73616666666666,1.2362070434245718,52200.078615645965,1155.8535856019746,224866.06119892962
"Census Tract 83.06, Denver County, Colorado",38333.0,796.0,152700.0,6380.0,422.0,1663.0,4127.0,08,031,008306,2014,08031008306,2010_tracts,236.73616666666666,1.2362070434245718,47387.524595594106,984.0208065659591,188768.8155309321
"Census Tract 119.03, Denver County, Colorado",57946.0,1013.0,234000.0,2560.0,1438.0,0.0,999.0,08,031,011903,2014,08031011903,2010_tracts,236.73616666666666,1.2362070434245718,71633.25333828024,1252.2777349890912,289272.4481613498
"Census Tract 3.01, Denver County, Colorado",57269.0,780.0,330500.0,5371.0,3428.0,34.0,1709.0,08,031,000301,2014,08031000301,2010_tracts,236.73616666666666,1.2362070434245718,70796.3411698818,964.241493871166,408566.42785182095
"Census Tract 10, Denver County, Colorado",26810.0,709.0,149300.0,3649.0,535.0,155.0,2736.0,08,031,001000,2014,08031001000,2010_tracts,236.73616666666666,1.2362070434245718,33142.71083421277,876.4707937880214,184565.71158328856
"Census Tract 14.03, Denver County, Colorado",51063.0,1160.0,168900.0,3010.0,1699.0,294.0,818.0,08,031,001403,2014,08031001403,2010_tracts,236.73616666666666,1.2362070434245718,63124.44025838891,1434.0001703725034,208795.36963441016
"Census Tract 15, Denver County, Colorado",26731.0,852.0,116500.0,3443.0,946.0,122.0,2323.0,08,031,001500,2014,08031001500,2010_tracts,236.73616666666666,1.2362070434245718,33045.05047778223,1053.2484009977352,144018.1205589626
"Census Tract 17.01, Denver County, Colorado",83654.0,1594.0,472000.0,4695.0,3877.0,64.0,417.0,08,031,001701,2014,08031001701,2010_tracts,236.73616666666666,1.2362070434245718,103413.66401063913,1970.5140272187673,583489.7244963979
"Census Tract 29.02, Denver County, Colorado",99643.0,1357.0,484800.0,4070.0,3583.0,39.0,296.0,08,031,002902,2014,08031002902,2010_tracts,236.73616666666666,1.2362070434245718,123179.37842795461,1677.5329579271438,599313.1746522324
"Census Tract 41.01, Denver County, Colorado",33802.0,921.0,165300.0,4642.0,889.0,1776.0,1421.0,08,031,004101,2014,08031004101,2010_tracts,236.73616666666666,1.2362070434245718,41786.270481837375,1138.5466869940306,204345.02427808172
"Census Tract 46.01, Denver County, Colorado",44805.0,1198.0,155500.0,5863.0,1768.0,2.0,3864.0,08,031,004601,2014,08031004601,2010_tracts,236.73616666666666,1.2362070434245718,55388.256580637935,1480.9760380226369,192230.1952525209
"Census Tract 68.10, Denver County, Colorado",62885.0,963.0,204300.0,5131.0,3440.0,705.0,521.0,08,031,006810,2014,08031006810,2010_tracts,236.73616666666666,1.2362070434245718,77738.8799257542,1190.4673828178627,252557.09897164002
"Census Tract 68.11, Denver County, Colorado",56150.0,815.0,290300.0,5981.0,3859.0,651.0,657.0,08,031,006811,2014,08031006811,2010_tracts,236.73616666666666,1.2362070434245718,69413.0254882897,1007.508740391026,358870.9047061532
"Census Tract 5.01, Denver County, Colorado",84643.0,1099.0,358300.0,1931.0,1519.0,11.0,324.0,08,031,000501,2014,08031000501,2010_tracts,236.73616666666666,1.2362070434245718,104636.27277658603,1358.5915407236043,442932.98365902406
"Census Tract 11.02, Denver County, Colorado",65417.0,1276.0,339700.0,3349.0,1901.0,232.0,1075.0,08,031,001102,2014,08031001102,2010_tracts,236.73616666666666,1.2362070434245718,80868.95615970521,1577.4001874097535,419939.532651327
"Census Tract 16, Denver County, Colorado",61333.0,1393.0,248900.0,9075.0,6151.0,927.0,1797.0,08,031,001600,2014,08031001600,2010_tracts,236.73616666666666,1.2362070434245718,75820.28659435926,1722.0364114904285,307691.93310837593
"Census Tract 23, Denver County, Colorado",59182.0,956.0,307000.0,6539.0,3046.0,1781.0,1499.0,08,031,002300,2014,08031002300,2010_tracts,236.73616666666666,1.2362070434245718,73161.20524395301,1181.8139335138906,379515.56233134354
"Census Tract 32.03, Denver County, Colorado",129706.0,1172.0,729600.0,3089.0,2802.0,0.0,80.0,08,031,003203,2014,08031003203,2010_tracts,236.73616666666666,1.2362070434245718,160343.4707744275,1448.834654893598,901936.6588825675
"Census Tract 83.86, Denver County, Colorado",50177.0,1166.0,162000.0,4688.0,453.0,905.0,3132.0,08,031,008386,2014,08031008386,2010_tracts,236.73616666666666,1.2362070434245718,62029.16081791474,1441.4174126330506,200265.54103478062
"Census Tract 83.87, Denver County, Colorado",51610.0,1254.0,158400.0,6820.0,1000.0,1620.0,3829.0,08,031,008387,2014,08031008387,2010_tracts,236.73616666666666,1.2362070434245718,63800.645511142146,1550.203632454413,195815.19567845218
"Census Tract 83.88, Denver County, Colorado",56082.0,1193.0,175300.0,7168.0,1725.0,1885.0,3327.0,08,031,008388,2014,08031008388,2010_tracts,236.73616666666666,1.2362070434245718,69328.96340933684,1474.795002805514,216707.09471232744
"Census Tract 83.89, Denver County, Colorado",83672.0,1718.0,233200.0,9014.0,2379.0,2456.0,3088.0,08,031,008389,2014,08031008389,2010_tracts,236.73616666666666,1.2362070434245718,103435.91573742077,2123.803700603414,288283.48252661014
"Census Tract 83.90, Denver County, Colorado",58879.0,1164.0,193500.0,9153.0,1715.0,2655.0,3568.0,08,031,008390,2014,08031008390,2010_tracts,236.73616666666666,1.2362070434245718,72786.63450979536,1438.9449985462015,239206.06290265464
"Census Tract 83.04, Denver County, Colorado",42143.0,1448.0,138200.0,3905.0,423.0,800.0,2583.0,08,031,008304,2014,08031008304,2010_tracts,236.73616666666666,1.2362070434245718,52097.473431041726,1790.02779887878,170843.8134012758
"Census Tract 2.01, Denver County, Colorado",50750.0,1043.0,185800.0,3966.0,1457.0,33.0,2362.0,08,031,000201,2014,08031000201,2010_tracts,236.73616666666666,1.2362070434245718,62737.507453797014,1289.3639462918284,229687.26866828543
"Census Tract 36.01, Denver County, Colorado",38012.0,829.0,191400.0,4859.0,1327.0,627.0,2810.0,08,031,003601,2014,08031003601,2010_tracts,236.73616666666666,1.2362070434245718,46990.70213465482,1024.81563899897,236610.02811146303
"Census Tract 37.01, Denver County, Colorado",60500.0,903.0,337200.0,2864.0,2230.0,143.0,349.0,08,031,003701,2014,08031003701,2010_tracts,236.73616666666666,1.2362070434245718,74790.52612718659,1116.2949602123883,416849.0150427656
"Census Tract 37.02, Denver County, Colorado",39901.0,763.0,377200.0,4566.0,3582.0,316.0,401.0,08,031,003702,2014,08031003702,2010_tracts,236.73616666666666,1.2362070434245718,49325.897239683836,943.2259741329483,466297.29677974846
"Census Tract 43.04, Denver County, Colorado",78359.0,1174.0,348100.0,5956.0,4754.0,265.0,776.0,08,031,004304,2014,08031004304,2010_tracts,236.73616666666666,1.2362070434245718,96867.94771570602,1451.3070689804472,430323.67181609344
"Census Tract 50.01, Denver County, Colorado",56182.0,1110.0,238100.0,2709.0,1794.0,401.0,256.0,08,031,005001,2014,08031005001,2010_tracts,236.73616666666666,1.2362070434245718,69452.58411367929,1372.1898182012746,294340.8970393905
"Census Tract 55.03, Denver County, Colorado",61534.0,566.0,223300.0,4693.0,2834.0,44.0,1403.0,08,031,005503,2014,08031005503,2010_tracts,236.73616666666666,1.2362070434245718,76068.7642100876,699.6931865783076,276045.0327967069
"Census Tract 68.14, Denver County, Colorado",44375.0,829.0,262500.0,4256.0,2291.0,564.0,1181.0,08,031,006814,2014,08031006814,2010_tracts,236.73616666666666,1.2362070434245718,54856.68755196537,1024.81563899897,324504.3488989501
"Census Tract 70.06, Denver County, Colorado",29847.0,853.0,,4502.0,1637.0,546.0,1373.0,08,031,007006,2014,08031007006,2010_tracts,236.73616666666666,1.2362070434245718,36897.071625093195,1054.4846080411596,
"Census Tract 83.91, Denver County, Colorado",77580.0,1599.0,161400.0,8097.0,1658.0,2132.0,3722.0,08,031,008391,2014,08031008391,2010_tracts,236.73616666666666,1.2362070434245718,95904.94242887828,1976.6950624358903,199523.81680872588
"Census Tract 153, Denver County, Colorado",42388.0,798.0,261400.0,3404.0,2278.0,317.0,425.0,08,031,015300,2014,08031015300,2010_tracts,236.73616666666666,1.2362070434245718,52400.344156680745,986.4932206528083,323144.52115118306
"Census Tract 154, Denver County, Colorado",52132.0,938.0,232900.0,4364.0,2692.0,98.0,1232.0,08,031,015400,2014,08031015400,2010_tracts,236.73616666666666,1.2362070434245718,64445.94558780977,1159.5622067322483,287912.6204135828
"Census Tract 155, Denver County, Colorado",34559.0,824.0,290600.0,3377.0,2140.0,163.0,875.0,08,031,015500,2014,08031015500,2010_tracts,236.73616666666666,1.2362070434245718,42722.079213709774,1018.6346037818471,359241.7668191806
"Census Tract 156, Denver County, Colorado",26480.0,681.0,161200.0,6375.0,1223.0,124.0,4491.0,08,031,015600,2014,08031015600,2010_tracts,236.73616666666666,1.2362070434245718,32734.76250988266,841.8569965721334,199276.57540004098
"Census Tract 157, Denver County, Colorado",41432.0,901.0,229000.0,5798.0,1934.0,85.0,3067.0,08,031,015700,2014,08031015700,2010_tracts,236.73616666666666,1.2362070434245718,51218.53022316686,1113.8225461255392,283091.41294422693
"Census Tract 9800, Denver County, Colorado",47936.0,1107.0,122000.0,1241.0,463.0,397.0,254.0,08,031,980000,2014,08031980000,2010_tracts,236.73616666666666,1.2362070434245718,59258.82083360027,1368.481197071001,150817.25929779775
"Census Tract 9801, Denver County, Colorado",,,,0.0,0.0,0.0,0.0,08,031,980100,2014,08031980100,2010_tracts,236.73616666666666,1.2362070434245718,,,
"Census Tract 9.03, Denver County, Colorado",39173.0,922.0,142400.0,6310.0,1092.0,97.0,5067.0,08,031,000903,2014,08031000903,2010_tracts,236.73616666666666,1.2362070434245718,48425.93851207075,1139.7828940374552,176035.88298365902
"Census Tract 11.01, Denver County, Colorado",37430.0,775.0,215000.0,2873.0,801.0,153.0,1814.0,08,031,001101,2014,08031001101,2010_tracts,236.73616666666666,1.2362070434245718,46271.22963538172,958.0604586540431,265784.5143362829
"Census Tract 13.01, Denver County, Colorado",43173.0,963.0,154800.0,4924.0,855.0,38.0,3681.0,08,031,001301,2014,08031001301,2010_tracts,236.73616666666666,1.2362070434245718,53370.766685769035,1190.4673828178627,191364.8503221237
"Census Tract 13.02, Denver County, Colorado",40739.0,1126.0,141600.0,3957.0,1105.0,38.0,2730.0,08,031,001302,2014,08031001302,2010_tracts,236.73616666666666,1.2362070434245718,50361.83874207363,1391.9691308960678,175046.91734891935
"Census Tract 14.02, Denver County, Colorado",31449.0,752.0,151400.0,4186.0,1058.0,291.0,2533.0,08,031,001402,2014,08031001402,2010_tracts,236.73616666666666,1.2362070434245718,38877.475308659356,929.627696655278,187161.74637448016
"Census Tract 17.02, Denver County, Colorado",53707.0,1034.0,268200.0,3553.0,2610.0,314.0,343.0,08,031,001702,2014,08031001702,2010_tracts,236.73616666666666,1.2362070434245718,66392.97168120347,1278.2380829010071,331550.72904647014
"Census Tract 18, Denver County, Colorado",38527.0,1065.0,209300.0,3180.0,1837.0,98.0,1136.0,08,031,001800,2014,08031001800,2010_tracts,236.73616666666666,1.2362070434245718,47627.348762018475,1316.560501247169,258738.13418876287
"Census Tract 21, Denver County, Colorado",41595.0,824.0,302000.0,5644.0,2941.0,149.0,2147.0,08,031,002100,2014,08031002100,2010_tracts,236.73616666666666,1.2362070434245718,51420.031971245066,1018.6346037818471,373334.52711422066
"Census Tract 27.03, Denver County, Colorado",37620.0,720.0,190100.0,4978.0,4154.0,128.0,500.0,08,031,002703,2014,08031002703,2010_tracts,236.73616666666666,1.2362070434245718,46506.10897363239,890.0690712656917,235002.9589550111
"Census Tract 28.01, Denver County, Colorado",64555.0,1055.0,372700.0,2948.0,2453.0,24.0,314.0,08,031,002801,2014,08031002801,2010_tracts,236.73616666666666,1.2362070434245718,79803.34568827323,1304.198430812923,460734.3650843379
"Census Tract 26.01, Denver County, Colorado",41845.0,826.0,304100.0,3049.0,2420.0,202.0,239.0,08,031,002601,2014,08031002601,2010_tracts,236.73616666666666,1.2362070434245718,51729.08373210121,1021.1070178686963,375930.5619054123
"Census Tract 26.02, Denver County, Colorado",55181.0,1123.0,320600.0,2551.0,1960.0,123.0,218.0,08,031,002602,2014,08031002602,2010_tracts,236.73616666666666,1.2362070434245718,68215.1408632113,1388.260509765794,396327.9781219177
"Census Tract 27.01, Denver County, Colorado",35309.0,767.0,272000.0,4746.0,3408.0,152.0,822.0,08,031,002701,2014,08031002701,2010_tracts,236.73616666666666,1.2362070434245718,43649.23449627821,948.1708023066466,336248.31581148354
"Census Tract 2.02, Denver County, Colorado",53578.0,763.0,243200.0,3985.0,1414.0,54.0,2371.0,08,031,000202,2014,08031000202,2010_tracts,236.73616666666666,1.2362070434245718,66233.5009726017,943.2259741329483,300645.5529608558
"Census Tract 5.02, Denver County, Colorado",48542.0,605.0,325600.0,5694.0,3025.0,656.0,1747.0,08,031,000502,2014,08031000502,2010_tracts,236.73616666666666,1.2362070434245718,60007.96230191556,747.9052612718659,402509.01333904057
"Census Tract 14.01, Denver County, Colorado",32511.0,638.0,168000.0,6135.0,1144.0,68.0,4495.0,08,031,001401,2014,08031001401,2010_tracts,236.73616666666666,1.2362070434245718,40190.32718877625,788.7000937048767,207682.78329532806
"Census Tract 24.02, Denver County, Colorado",60250.0,829.0,336400.0,1819.0,1033.0,405.0,263.0,08,031,002402,2014,08031002402,2010_tracts,236.73616666666666,1.2362070434245718,74481.47436633045,1024.81563899897,415860.0494080259
"Census Tract 36.03, Denver County, Colorado",61375.0,1065.0,268100.0,2983.0,1258.0,1145.0,444.0,08,031,003603,2014,08031003603,2010_tracts,236.73616666666666,1.2362070434245718,75872.2072901831,1316.560501247169,331427.1083421277
"Census Tract 39.02, Denver County, Colorado",93482.0,1740.0,384000.0,4664.0,4019.0,48.0,345.0,08,031,003902,2014,08031003902,2010_tracts,236.73616666666666,1.2362070434245718,115563.10683341582,2151.000255558755,474703.50467503554
"Census Tract 40.03, Denver County, Colorado",70987.0,1400.0,243100.0,4422.0,3642.0,389.0,188.0,08,031,004003,2014,08031004003,2010_tracts,236.73616666666666,1.2362070434245718,87754.62939158008,1730.6898607944004,300521.9322565134
"Census Tract 46.03, Denver County, Colorado",44445.0,1034.0,161300.0,5789.0,1831.0,52.0,3535.0,08,031,004603,2014,08031004603,2010_tracts,236.73616666666666,1.2362070434245718,54943.222045005095,1278.2380829010071,199400.19610438342
"Census Tract 1.02, Denver County, Colorado",70244.0,897.0,282100.0,3052.0,2104.0,31.0,833.0,08,031,000102,2014,08031000102,2010_tracts,236.73616666666666,1.2362070434245718,86836.12755831562,1108.8777179518409,348734.0069500717
"Census Tract 3.03, Denver County, Colorado",76732.0,1080.0,358700.0,4603.0,3670.0,2.0,831.0,08,031,000303,2014,08031000303,2010_tracts,236.73616666666666,1.2362070434245718,94856.63885605424,1335.1036068985375,443427.4664763939
"Census Tract 4.02, Denver County, Colorado",61696.0,1066.0,307300.0,5054.0,3678.0,130.0,1166.0,08,031,000402,2014,08031000402,2010_tracts,236.73616666666666,1.2362070434245718,76269.02975112238,1317.7967082905934,379886.4244443709
"Census Tract 9.04, Denver County, Colorado",27376.0,812.0,133500.0,4996.0,1118.0,59.0,3698.0,08,031,000904,2014,08031000904,2010_tracts,236.73616666666666,1.2362070434245718,33842.40402079108,1003.8001192607522,165033.64029718033
"Census Tract 9.05, Denver County, Colorado",34732.0,942.0,128600.0,3888.0,893.0,54.0,2894.0,08,031,000905,2014,08031000905,2010_tracts,236.73616666666666,1.2362070434245718,42935.943032222225,1164.5070349059465,158976.22578439993
"Census Tract 20, Denver County, Colorado",68459.0,1406.0,371500.0,1880.0,1550.0,103.0,119.0,08,031,002000,2014,08031002000,2010_tracts,236.73616666666666,1.2362070434245718,84629.49798580277,1738.1071030549479,459250.9166322284
"Census Tract 30.02, Denver County, Colorado",65000.0,1134.0,317400.0,2496.0,2177.0,43.0,176.0,08,031,003002,2014,08031003002,2010_tracts,236.73616666666666,1.2362070434245718,80353.45782259716,1401.8587872434643,392372.1155829591
"Census Tract 68.09, Denver County, Colorado",52896.0,944.0,318300.0,6961.0,4881.0,871.0,708.0,08,031,006809,2014,08031006809,2010_tracts,236.73616666666666,1.2362070434245718,65390.40776898615,1166.9794489927958,393484.7019220412
"Census Tract 40.05, Denver County, Colorado",37096.0,844.0,343300.0,3058.0,2352.0,87.0,207.0,08,031,004005,2014,08031004005,2010_tracts,236.73616666666666,1.2362070434245718,45858.336482877916,1043.3587446503386,424389.8780076555
"Census Tract 32.02, Denver County, Colorado",48553.0,829.0,270300.0,2958.0,2526.0,144.0,179.0,08,031,003202,2014,08031003202,2010_tracts,236.73616666666666,1.2362070434245718,60021.560579393234,1024.81563899897,334146.76383766177
"Census Tract 34.01, Denver County, Colorado",80313.0,1096.0,475300.0,2341.0,2243.0,20.0,37.0,08,031,003401,2014,08031003401,2010_tracts,236.73616666666666,1.2362070434245718,99283.49627855764,1354.8829195933306,587569.2077396989
"Census Tract 34.02, Denver County, Colorado",108627.0,1718.0,603500.0,4746.0,4071.0,9.0,392.0,08,031,003402,2014,08031003402,2010_tracts,236.73616666666666,1.2362070434245718,134285.46250608095,2123.803700603414,746050.9507067291
"Census Tract 40.06, Denver County, Colorado",59275.0,1031.0,736200.0,4680.0,3932.0,68.0,244.0,08,031,004006,2014,08031004006,2010_tracts,236.73616666666666,1.2362070434245718,73276.1724989915,1274.5294617707334,910095.6253691697
"Census Tract 41.02, Denver County, Colorado",42901.0,1024.0,188600.0,4193.0,683.0,2214.0,983.0,08,031,004102,2014,08031004102,2010_tracts,236.73616666666666,1.2362070434245718,53034.51836995755,1265.8760124667615,233148.64838987423
"Census Tract 43.02, Denver County, Colorado",83902.0,1132.0,363200.0,2433.0,1950.0,110.0,221.0,08,031,004302,2014,08031004302,2010_tracts,236.73616666666666,1.2362070434245718,103720.24335740843,1399.3863731566153,448990.3981718045
"Census Tract 43.03, Denver County, Colorado",153750.0,2001.0,839000.0,4037.0,3680.0,78.0,100.0,08,031,004303,2014,08031004303,2010_tracts,236.73616666666666,1.2362070434245718,190066.83292652792,2473.6502938925682,1037177.7094332157
"Census Tract 47, Denver County, Colorado",49275.0,824.0,207300.0,6610.0,2029.0,3.0,3807.0,08,031,004700,2014,08031004700,2010_tracts,236.73616666666666,1.2362070434245718,60914.10206474578,1018.6346037818471,256265.72010191373
"Census Tract 51.02, Denver County, Colorado",61713.0,1003.0,262300.0,3657.0,2841.0,110.0,632.0,08,031,005102,2014,08031005102,2010_tracts,236.73616666666666,1.2362070434245718,76290.0452708606,1239.9156645548455,324257.10749026516
"Census Tract 68.13, Denver County, Colorado",36075.0,885.0,159300.0,4338.0,2717.0,888.0,406.0,08,031,006813,2014,08031006813,2010_tracts,236.73616666666666,1.2362070434245718,44596.16909154143,1094.043233430746,196927.78201753428
"Census Tract 6, Denver County, Colorado",45026.0,755.0,278300.0,2569.0,1021.0,117.0,1338.0,08,031,000600,2014,08031000600,2010_tracts,236.73616666666666,1.2362070434245718,55661.45833723477,933.3363177855517,344036.4201850583
"Census Tract 8, Denver County, Colorado",9363.0,188.0,,1433.0,139.0,291.0,708.0,08,031,000800,2014,08031000800,2010_tracts,236.73616666666666,1.2362070434245718,11574.606547584266,232.4069241638195,
"Census Tract 9.02, Denver County, Colorado",48400.0,1127.0,145200.0,5409.0,1289.0,108.0,3717.0,08,031,000902,2014,08031000902,2010_tracts,236.73616666666666,1.2362070434245718,59832.420901749276,1393.2053379394924,179497.26270524782
"Census Tract 28.03, Denver County, Colorado",51297.0,880.0,304700.0,4261.0,3855.0,82.0,163.0,08,031,002803,2014,08031002803,2010_tracts,236.73616666666666,1.2362070434245718,63413.71270655026,1087.862198213623,376672.28613146703
"Census Tract 55.02, Denver County, Colorado",70676.0,1161.0,232400.0,1996.0,931.0,76.0,800.0,08,031,005502,2014,08031005502,2010_tracts,236.73616666666666,1.2362070434245718,87370.16900107503,1435.2363774159278,287294.5168918705
"Census Tract 70.88, Denver County, Colorado",53359.0,1249.0,167200.0,4479.0,2647.0,590.0,774.0,08,031,007088,2014,08031007088,2010_tracts,236.73616666666666,1.2362070434245718,65962.77163009172,1544.0225972372903,206693.8176605884
"Census Tract 70.89, Denver County, Colorado",26652.0,759.0,96700.0,4815.0,3509.0,534.0,532.0,08,031,007089,2014,08031007089,2010_tracts,236.73616666666666,1.2362070434245718,32947.39012135169,938.28114595925,119541.22109915609
"Census Tract 120.01, Denver County, Colorado",65938.0,715.0,396900.0,2079.0,1299.0,82.0,405.0,08,031,012001,2014,08031012001,2010_tracts,236.73616666666666,1.2362070434245718,81513.02002932942,883.8880360485688,490650.5755352125
"Census Tract 32.01, Denver County, Colorado",51686.0,845.0,242400.0,5223.0,4298.0,199.0,396.0,08,031,003201,2014,08031003201,2010_tracts,236.73616666666666,1.2362070434245718,63894.59724644242,1044.594951693763,299656.5873261162
"Census Tract 45.03, Denver County, Colorado",29384.0,855.0,115700.0,4942.0,334.0,0.0,4253.0,08,031,004503,2014,08031004503,2010_tracts,236.73616666666666,1.2362070434245718,36324.707763987615,1056.957022128009,143029.15492422297
"Census Tract 19.01, Denver County, Colorado",16011.0,350.0,223500.0,2569.0,811.0,461.0,1143.0,08,031,001901,2014,08031001901,2010_tracts,236.73616666666666,1.2362070434245718,19792.91097227082,432.6724651986001,276292.2742053918
"Census Tract 42.01, Denver County, Colorado",90023.0,922.0,456700.0,4755.0,3593.0,259.0,628.0,08,031,004201,2014,08031004201,2010_tracts,236.73616666666666,1.2362070434245718,111287.06667021023,1139.7828940374552,564575.7567320019
"Census Tract 38, Denver County, Colorado",89840.0,1263.0,605400.0,5988.0,5382.0,23.0,289.0,08,031,003800,2014,08031003800,2010_tracts,236.73616666666666,1.2362070434245718,111060.84078126353,1561.329495845234,748399.7440892358
"Census Tract 40.02, Denver County, Colorado",102981.0,1905.0,503400.0,3388.0,3169.0,28.0,107.0,08,031,004002,2014,08031004002,2010_tracts,236.73616666666666,1.2362070434245718,127305.83753890582,2354.9744177238094,622306.6256599295
"Census Tract 40.04, Denver County, Colorado",78900.0,1391.0,346800.0,1925.0,1781.0,57.0,23.0,08,031,004004,2014,08031004004,2010_tracts,236.73616666666666,1.2362070434245718,97536.73572619872,1719.5639974035794,428716.6026596415
"Census Tract 42.02, Denver County, Colorado",120144.0,1375.0,415700.0,4164.0,3055.0,379.0,400.0,08,031,004202,2014,08031004202,2010_tracts,236.73616666666666,1.2362070434245718,148522.85902520176,1699.7846847087862,513891.2679515945
"Census Tract 43.06, Denver County, Colorado",85391.0,1274.0,461700.0,5048.0,4375.0,268.0,130.0,08,031,004306,2014,08031004306,2010_tracts,236.73616666666666,1.2362070434245718,105560.9556450676,1574.9277733229044,570756.7919491248
"Census Tract 44.04, Denver County, Colorado",37679.0,793.0,164500.0,6967.0,2297.0,1801.0,1721.0,08,031,004404,2014,08031004404,2010_tracts,236.73616666666666,1.2362070434245718,46579.04518919444,980.3121854356854,203356.05864334205
"Census Tract 44.05, Denver County, Colorado",76029.0,1168.0,454800.0,8202.0,5946.0,806.0,934.0,08,031,004405,2014,08031004405,2010_tracts,236.73616666666666,1.2362070434245718,93987.58530452677,1443.8898267199,562226.9633494952
"Census Tract 46.02, Denver County, Colorado",41260.0,811.0,147200.0,7528.0,1294.0,92.0,5563.0,08,031,004602,2014,08031004602,2010_tracts,236.73616666666666,1.2362070434245718,51005.902611697835,1002.5639122173277,181969.67679209696
"Census Tract 48.01, Denver County, Colorado",60975.0,1538.0,211200.0,3179.0,1701.0,0.0,1286.0,08,031,004801,2014,08031004801,2010_tracts,236.73616666666666,1.2362070434245718,75377.72447281326,1901.2864327869913,261086.92757126957
"Census Tract 70.37, Denver County, Colorado",34010.0,704.0,281200.0,4099.0,1078.0,1104.0,1713.0,08,031,007037,2014,08031007037,2010_tracts,236.73616666666666,1.2362070434245718,42043.40154686969,870.2897585708986,347621.42061098956
"Census Tract 83.12, Denver County, Colorado",40872.0,831.0,140300.0,7187.0,736.0,1697.0,4059.0,08,031,008312,2014,08031008312,2010_tracts,236.73616666666666,1.2362070434245718,50526.2542788491,1027.2880530858192,173439.8481924674
"Census Tract 45.04, Denver County, Colorado",33855.0,864.0,133900.0,3891.0,712.0,16.0,2987.0,08,031,004504,2014,08031004504,2010_tracts,236.73616666666666,1.2362070434245718,41851.789455138874,1068.08288551883,165528.12311455017
"Census Tract 19.02, Denver County, Colorado",82813.0,1238.0,450000.0,710.0,409.0,25.0,102.0,08,031,001902,2014,08031001902,2010_tracts,236.73616666666666,1.2362070434245718,102374.01388711906,1530.42431975962,556293.1695410573
"Census Tract 41.06, Denver County, Colorado",135967.0,1923.0,457800.0,11405.0,8035.0,1089.0,1529.0,08,031,004106,2014,08031004106,2010_tracts,236.73616666666666,1.2362070434245718,168083.36307330875,2377.2261445054514,565935.584479769
"Census Tract 41.07, Denver County, Colorado",96902.0,1299.0,374300.0,4902.0,3556.0,530.0,391.0,08,031,004107,2014,08031004107,2010_tracts,236.73616666666666,1.2362070434245718,119790.93492192785,1605.8329494085187,462712.2963538172
"Census Tract 45.05, Denver County, Colorado",27629.0,858.0,112000.0,4443.0,654.0,4.0,3703.0,08,031,004505,2014,08031004505,2010_tracts,236.73616666666666,1.2362070434245718,34155.1644027775,1060.6656432582827,138455.18886355203
"Census Tract 45.06, Denver County, Colorado",26856.0,700.0,115600.0,3608.0,226.0,233.0,2704.0,08,031,004506,2014,08031004506,2010_tracts,236.73616666666666,1.2362070434245718,33199.5763582103,865.3449303972002,142905.5342198805
"Census Tract 120.10, Denver County, Colorado",58836.0,1024.0,306500.0,4780.0,3506.0,0.0,845.0,08,031,012010,2014,08031012010,2010_tracts,236.73616666666666,1.2362070434245718,72733.4776069281,1265.8760124667615,378897.45880963124
"Census Tract 35, Denver County, Colorado",33972.0,881.0,98100.0,6627.0,804.0,377.0,5367.0,08,031,003500,2014,08031003500,2010_tracts,236.73616666666666,1.2362070434245718,41996.42567921955,1089.0984052570477,121271.91095995049
"Census Tract 3.02, Denver County, Colorado",84846.0,989.0,337900.0,4215.0,3271.0,308.0,548.0,08,031,000302,2014,08031000302,2010_tracts,236.73616666666666,1.2362070434245718,104887.22280640122,1222.6087659469015,417714.3599731628
"Census Tract 30.04, Denver County, Colorado",48250.0,931.0,344100.0,6145.0,4679.0,250.0,432.0,08,031,003004,2014,08031003004,2010_tracts,236.73616666666666,1.2362070434245718,59646.989845235585,1150.9087574282764,425378.84364239516
"Census Tract 31.01, Denver County, Colorado",60114.0,825.0,315100.0,1335.0,858.0,290.0,128.0,08,031,003101,2014,08031003101,2010_tracts,236.73616666666666,1.2362070434245718,74313.3502084247,1019.8708108252717,389528.8393830826
"Census Tract 33, Denver County, Colorado",109730.0,1575.0,496200.0,3334.0,3020.0,36.0,141.0,08,031,003300,2014,08031003300,2010_tracts,236.73616666666666,1.2362070434245718,135648.99887497825,1947.0260933937006,613405.9349472725
"Census Tract 41.03, Denver County, Colorado",86125.0,972.0,363800.0,5492.0,3439.0,1508.0,459.0,08,031,004103,2014,08031004103,2010_tracts,236.73616666666666,1.2362070434245718,106468.33161494124,1201.5932462086837,449732.12239785923
"Census Tract 43.01, Denver County, Colorado",45274.0,782.0,282500.0,4422.0,3091.0,416.0,500.0,08,031,004301,2014,08031004301,2010_tracts,236.73616666666666,1.2362070434245718,55968.03768400406,966.7139079580152,349228.4897674415
"Census Tract 50.02, Denver County, Colorado",36567.0,842.0,299000.0,7233.0,3980.0,1814.0,713.0,08,031,005002,2014,08031005002,2010_tracts,236.73616666666666,1.2362070434245718,45204.38295690632,1040.8863305634895,369625.905983947
"Census Tract 53, Denver County, Colorado",40588.0,833.0,239100.0,1406.0,933.0,159.0,178.0,08,031,005300,2014,08031005300,2010_tracts,236.73616666666666,1.2362070434245718,50175.17147851652,1029.7604671726683,295577.1040828151
"Census Tract 69.01, Denver County, Colorado",28613.0,726.0,273800.0,5154.0,2819.0,594.0,1197.0,08,031,006901,2014,08031006901,2010_tracts,236.73616666666666,1.2362070434245718,35371.59213350727,897.4863135262391,338473.48848964775
"Census Tract 70.13, Denver County, Colorado",56332.0,1121.0,195100.0,3298.0,2220.0,488.0,356.0,08,031,007013,2014,08031007013,2010_tracts,236.73616666666666,1.2362070434245718,69638.01517019297,1385.788095678945,241183.99417213394
"Census Tract 83.05, Denver County, Colorado",41964.0,1245.0,111100.0,4302.0,438.0,1033.0,2726.0,08,031,008305,2014,08031008305,2010_tracts,236.73616666666666,1.2362070434245718,51876.19237026873,1539.0777690635919,137342.60252446993
"Census Tract 28.02, Denver County, Colorado",46623.0,777.0,331100.0,4461.0,3620.0,54.0,658.0,08,031,002802,2014,08031002802,2010_tracts,236.73616666666666,1.2362070434245718,57635.68098558381,960.5328727408922,409308.15207787574
"Census Tract 41.04, Denver County, Colorado",60710.0,1186.0,244500.0,4477.0,1783.0,1728.0,694.0,08,031,004104,2014,08031004104,2010_tracts,236.73616666666666,1.2362070434245718,75050.12960630575,1466.1415535015421,302252.6221173078
"Census Tract 68.04, Denver County, Colorado",84358.0,1315.0,357300.0,2192.0,1874.0,71.0,134.0,08,031,006804,2014,08031006804,2010_tracts,236.73616666666666,1.2362070434245718,104283.95376921003,1625.6122621033119,441696.7766155995
"Census Tract 7.01, Denver County, Colorado",23750.0,735.0,248000.0,3829.0,1535.0,181.0,2016.0,08,031,000701,2014,08031000701,2010_tracts,236.73616666666666,1.2362070434245718,29359.91728133358,908.6121769170602,306579.3467692938
"Census Tract 31.02, Denver County, Colorado",27572.0,666.0,308600.0,3079.0,1934.0,489.0,506.0,08,031,003102,2014,08031003102,2010_tracts,236.73616666666666,1.2362070434245718,34084.70060130229,823.3138909207648,381493.49360082287
"Census Tract 24.03, Denver County, Colorado",34583.0,770.0,326100.0,3427.0,2021.0,588.0,695.0,08,031,002403,2014,08031002403,2010_tracts,236.73616666666666,1.2362070434245718,42751.748182751966,951.8794234369203,403127.11686075287
"Census Tract 36.02, Denver County, Colorado",40417.0,902.0,152000.0,4513.0,1112.0,1238.0,2012.0,08,031,003602,2014,08031003602,2010_tracts,236.73616666666666,1.2362070434245718,49963.780074090915,1115.0587531689637,187903.4706005349
"Census Tract 67.01, Denver County, Colorado",60429.0,1252.0,421600.0,2713.0,2391.0,44.0,110.0,08,031,006701,2014,08031006701,2010_tracts,236.73616666666666,1.2362070434245718,74702.75542710345,1547.7312183675638,521184.88950779947
"Census Tract 4.01, Denver County, Colorado",53438.0,840.0,315300.0,3569.0,1856.0,96.0,1317.0,08,031,000401,2014,08031000401,2010_tracts,236.73616666666666,1.2362070434245718,66060.43198652226,1038.4139164766402,389776.08079176745
"Census Tract 119.02, Denver County, Colorado",57024.0,939.0,243000.0,7201.0,3083.0,218.0,3389.0,08,031,011902,2014,08031011902,2010_tracts,236.73616666666666,1.2362070434245718,70493.47044424278,1160.798413775673,300398.31155217096
"Census Tract 7.02, Denver County, Colorado",27847.0,713.0,204100.0,5448.0,1816.0,549.0,2833.0,08,031,000702,2014,08031000702,2010_tracts,236.73616666666666,1.2362070434245718,34424.65753824405,881.4156219617197,252309.8575629551
"Census Tract 27.02, Denver County, Colorado",47274.0,870.0,230100.0,5658.0,4708.0,131.0,359.0,08,031,002702,2014,08031002702,2010_tracts,236.73616666666666,1.2362070434245718,58440.45177085321,1075.5001277793774,284451.24069199397
"Census Tract 39.01, Denver County, Colorado",126083.0,1747.0,681900.0,4638.0,4398.0,33.0,172.0,08,031,003901,2014,08031003901,2010_tracts,236.73616666666666,1.2362070434245718,155864.6926561003,2159.653704862727,842969.5829112155
"Census Tract 28.03, Denver County, Colorado",52500.0,969.0,310000.0,4548.0,3990.0,108.0,200.0,08,031,002803,2015,08031002803,2010_tracts,237.01700000000002,1.2347423039978846,64823.970959888946,1196.4652925739501,382770.11423934426
"Census Tract 55.02, Denver County, Colorado",73587.0,1147.0,240200.0,2082.0,968.0,101.0,782.0,08,031,005502,2015,08031005502,2010_tracts,237.01700000000002,1.2347423039978846,90860.98192429234,1416.2494226855738,296585.1014202919
"Census Tract 70.88, Denver County, Colorado",58864.0,1245.0,168900.0,4564.0,2481.0,678.0,817.0,08,031,007088,2015,08031007088,2010_tracts,237.01700000000002,1.2347423039978846,72681.87098253149,1537.2541684773664,208547.97514524273
"Census Tract 70.89, Denver County, Colorado",27719.0,778.0,99500.0,5054.0,3551.0,684.0,616.0,08,031,007089,2015,08031007089,2010_tracts,237.01700000000002,1.2347423039978846,34225.82192451737,960.6295125103543,122856.85924778953
"Census Tract 120.01, Denver County, Colorado",71406.0,782.0,395100.0,2004.0,1361.0,55.0,415.0,08,031,012001,2015,08031012001,2010_tracts,237.01700000000002,1.2347423039978846,88168.00895927295,965.5684817263458,487846.68430956424
"Census Tract 32.01, Denver County, Colorado",58529.0,891.0,268500.0,5452.0,4539.0,197.0,415.0,08,031,003201,2015,08031003201,2010_tracts,237.01700000000002,1.2347423039978846,72268.2323106922,1100.1553928621151,331528.308623432
"Census Tract 38, Denver County, Colorado",89926.0,1338.0,645300.0,6267.0,5440.0,53.0,373.0,08,031,003800,2015,08031003800,2010_tracts,237.01700000000002,1.2347423039978846,111035.43642931378,1652.0852027491696,796779.208769835
"Census Tract 40.02, Denver County, Colorado",99716.0,1821.0,533000.0,3363.0,3100.0,30.0,180.0,08,031,004002,2015,08031004002,2010_tracts,237.01700000000002,1.2347423039978846,123123.56358545307,2248.465735580148,658117.6480308726
"Census Tract 40.04, Denver County, Colorado",76058.0,1367.0,315100.0,1908.0,1745.0,53.0,49.0,08,031,004004,2015,08031004004,2010_tracts,237.01700000000002,1.2347423039978846,93912.0301574711,1687.8927295651083,389067.29998973344
"Census Tract 42.01, Denver County, Colorado",97839.0,952.0,499500.0,4695.0,3706.0,167.0,576.0,08,031,004201,2015,08031004201,2010_tracts,237.01700000000002,1.2347423039978846,120805.95228084903,1175.474673405986,616753.7808469434
"Census Tract 42.02, Denver County, Colorado",113906.0,1134.0,423300.0,4455.0,3258.0,464.0,454.0,08,031,004202,2015,08031004202,2010_tracts,237.01700000000002,1.2347423039978846,140644.55687918304,1400.1977727336011,522666.41728230455
"Census Tract 43.06, Denver County, Colorado",95400.0,1359.0,528700.0,5168.0,4518.0,251.0,148.0,08,031,004306,2015,08031004306,2010_tracts,237.01700000000002,1.2347423039978846,117794.4158013982,1678.0147911331253,652808.2561236817
"Census Tract 44.04, Denver County, Colorado",36125.0,797.0,170200.0,7041.0,2379.0,1986.0,1419.0,08,031,004404,2015,08031004404,2010_tracts,237.01700000000002,1.2347423039978846,44605.06573192358,984.089616286314,210153.14014043997
"Census Tract 44.05, Denver County, Colorado",76650.0,1223.0,446000.0,8194.0,6415.0,445.0,844.0,08,031,004405,2015,08031004405,2010_tracts,237.01700000000002,1.2347423039978846,94642.99760143786,1510.089837789413,550695.0675830565
"Census Tract 46.02, Denver County, Colorado",45644.0,800.0,138500.0,7813.0,1148.0,118.0,5718.0,08,031,004602,2015,08031004602,2010_tracts,237.01700000000002,1.2347423039978846,56358.577723679446,987.7938431983077,171011.80910370703
"Census Tract 48.01, Denver County, Colorado",66875.0,1622.0,220800.0,3222.0,1586.0,0.0,1395.0,08,031,004801,2015,08031004801,2010_tracts,237.01700000000002,1.2347423039978846,82573.39157985854,2002.752017084569,272631.10072273295
"Census Tract 70.37, Denver County, Colorado",32832.0,721.0,270200.0,4058.0,1020.0,1194.0,1621.0,08,031,007037,2015,08031007037,2010_tracts,237.01700000000002,1.2347423039978846,40539.05932485855,890.2492011824748,333627.37054022844
"Census Tract 83.12, Denver County, Colorado",41898.0,984.0,143200.0,7608.0,727.0,1963.0,4364.0,08,031,008312,2015,08031008312,2010_tracts,237.01700000000002,1.2347423039978846,51733.23305290337,1214.9864271339186,176815.09793249707
"Census Tract 36.01, Denver County, Colorado",38286.0,839.0,206600.0,4600.0,1451.0,587.0,2434.0,08,031,003601,2015,08031003601,2010_tracts,237.01700000000002,1.2347423039978846,47273.34385086301,1035.9487930542252,255097.76000596298
"Census Tract 37.01, Denver County, Colorado",58487.0,872.0,343600.0,3195.0,2579.0,228.0,261.0,08,031,003701,2015,08031003701,2010_tracts,237.01700000000002,1.2347423039978846,72216.37313392428,1076.6952890861555,424257.45565367315
"Census Tract 37.02, Denver County, Colorado",41455.0,804.0,424200.0,4734.0,3888.0,316.0,360.0,08,031,003702,2015,08031003702,2010_tracts,237.01700000000002,1.2347423039978846,51186.24221223231,992.7328124142992,523777.68535590265
"Census Tract 43.04, Denver County, Colorado",77868.0,1276.0,348600.0,5908.0,4695.0,118.0,851.0,08,031,004304,2015,08031004304,2010_tracts,237.01700000000002,1.2347423039978846,96146.91372770729,1575.531179901301,430431.1671736626
"Census Tract 50.01, Denver County, Colorado",56761.0,1188.0,249400.0,2913.0,1843.0,429.0,308.0,08,031,005001,2015,08031005001,2010_tracts,237.01700000000002,1.2347423039978846,70085.20791722393,1466.8738571494869,307944.73061707243
"Census Tract 55.03, Denver County, Colorado",62006.0,,235000.0,4691.0,2795.0,113.0,1415.0,08,031,005503,2015,08031005503,2010_tracts,237.01700000000002,1.2347423039978846,76561.43130169284,,290164.4414395029
"Census Tract 68.14, Denver County, Colorado",48600.0,910.0,267800.0,4526.0,2364.0,958.0,875.0,08,031,006814,2015,08031006814,2010_tracts,237.01700000000002,1.2347423039978846,60008.475974297195,1123.615496638075,330663.9890106335
"Census Tract 70.06, Denver County, Colorado",31386.0,913.0,,4610.0,1541.0,682.0,1345.0,08,031,007006,2015,08031007006,2010_tracts,237.01700000000002,1.2347423039978846,38753.62195327761,1127.3197235500686,
"Census Tract 45.03, Denver County, Colorado",34861.0,827.0,124100.0,4440.0,440.0,20.0,3800.0,08,031,004503,2015,08031004503,2010_tracts,237.01700000000002,1.2347423039978846,43044.35145967026,1021.1318854062506,153231.5199261375
"Census Tract 19.01, Denver County, Colorado",18281.0,353.0,234800.0,2626.0,872.0,489.0,1199.0,08,031,001901,2015,08031001901,2010_tracts,237.01700000000002,1.2347423039978846,22572.32405938533,435.8640333112533,289917.4929787033
"Census Tract 19.02, Denver County, Colorado",82788.0,1188.0,450000.0,825.0,459.0,24.0,146.0,08,031,001902,2015,08031001902,2010_tracts,237.01700000000002,1.2347423039978846,102221.84586337688,1466.8738571494869,555634.0367990481
"Census Tract 41.06, Denver County, Colorado",137012.0,1856.0,466400.0,11954.0,8576.0,827.0,1651.0,08,031,004106,2015,08031004106,2010_tracts,237.01700000000002,1.2347423039978846,169174.51255535817,2291.681716220074,575883.8105846134
"Census Tract 41.07, Denver County, Colorado",97500.0,1387.0,389200.0,5672.0,3993.0,568.0,448.0,08,031,004107,2015,08031004107,2010_tracts,237.01700000000002,1.2347423039978846,120387.37463979375,1712.587575645066,480561.7047159767
"Census Tract 45.04, Denver County, Colorado",38222.0,883.0,134200.0,4219.0,661.0,77.0,3239.0,08,031,004504,2015,08031004504,2010_tracts,237.01700000000002,1.2347423039978846,47194.32034340715,1090.2774544301321,165702.41719651612
"Census Tract 45.05, Denver County, Colorado",26597.0,927.0,124300.0,4385.0,560.0,6.0,3674.0,08,031,004505,2015,08031004505,2010_tracts,237.01700000000002,1.2347423039978846,32840.44105943174,1144.606115806039,153478.46838693705
"Census Tract 45.06, Denver County, Colorado",26979.0,723.0,137100.0,3525.0,235.0,375.0,2534.0,08,031,004506,2015,08031004506,2010_tracts,237.01700000000002,1.2347423039978846,33312.11261955893,892.7186857904705,169283.16987811
"Census Tract 83.86, Denver County, Colorado",51325.0,1247.0,171500.0,4788.0,545.0,948.0,3182.0,08,031,008386,2015,08031008386,2010_tracts,237.01700000000002,1.2347423039978846,63373.14875269143,1539.7236530853622,211758.30513563723
"Census Tract 83.87, Denver County, Colorado",56458.0,1160.0,169500.0,7050.0,1129.0,1581.0,4058.0,08,031,008387,2015,08031008387,2010_tracts,237.01700000000002,1.2347423039978846,69711.08099911257,1432.3010726375462,209288.82052764145
"Census Tract 83.88, Denver County, Colorado",56954.0,1268.0,183400.0,7545.0,2082.0,1902.0,3428.0,08,031,008388,2015,08031008388,2010_tracts,237.01700000000002,1.2347423039978846,70323.51318189553,1565.6532414693177,226451.73855321205
"Census Tract 83.89, Denver County, Colorado",85568.0,1740.0,244700.0,9513.0,2371.0,2573.0,3529.0,08,031,008389,2015,08031008389,2010_tracts,237.01700000000002,1.2347423039978846,105654.429468491,2148.4516089563194,302141.44178828236
"Census Tract 83.90, Denver County, Colorado",59831.0,1218.0,193800.0,9547.0,1832.0,2551.0,3788.0,08,031,008390,2015,08031008390,2010_tracts,237.01700000000002,1.2347423039978846,73875.86679049744,1503.9161262694236,239293.05851479006
"Census Tract 83.04, Denver County, Colorado",42017.0,1379.0,165900.0,4014.0,485.0,830.0,2573.0,08,031,008304,2015,08031008304,2010_tracts,237.01700000000002,1.2347423039978846,51880.16738707912,1702.709637213083,204843.74823324906
"Census Tract 2.01, Denver County, Colorado",47969.0,1109.0,194600.0,4045.0,1506.0,59.0,2343.0,08,031,000201,2015,08031000201,2010_tracts,237.01700000000002,1.2347423039978846,59229.353580474526,1369.329215133654,240280.85235798836
"Census Tract 83.91, Denver County, Colorado",73101.0,1584.0,176600.0,8352.0,1650.0,2456.0,3618.0,08,031,008391,2015,08031008391,2010_tracts,237.01700000000002,1.2347423039978846,90260.89716454937,1955.8318095326492,218055.49088602644
"Census Tract 153, Denver County, Colorado",42231.0,865.0,260100.0,3702.0,2444.0,300.0,537.0,08,031,015300,2015,08031015300,2010_tracts,237.01700000000002,1.2347423039978846,52144.40224013467,1068.0520929581703,321156.4732698498
"Census Tract 154, Denver County, Colorado",56691.0,1016.0,238700.0,4218.0,2816.0,53.0,1235.0,08,031,015400,2015,08031015400,2010_tracts,237.01700000000002,1.2347423039978846,69998.77595594407,1254.4981808618509,294732.9879642951
"Census Tract 155, Denver County, Colorado",38080.0,855.0,290300.0,3552.0,2210.0,239.0,880.0,08,031,015500,2015,08031015500,2010_tracts,237.01700000000002,1.2347423039978846,47018.986936239446,1055.7046699181915,358445.69085058593
"Census Tract 156, Denver County, Colorado",26173.0,700.0,166800.0,7124.0,1287.0,110.0,5245.0,08,031,015600,2015,08031015600,2010_tracts,237.01700000000002,1.2347423039978846,32316.910322536634,864.3196127985193,205955.01630684716
"Census Tract 157, Denver County, Colorado",41650.0,944.0,234800.0,5624.0,1978.0,149.0,2897.0,08,031,015700,2015,08031015700,2010_tracts,237.01700000000002,1.2347423039978846,51427.016961511894,1165.596734974003,289917.4929787033
"Census Tract 9800, Denver County, Colorado",45125.0,1181.0,124200.0,1231.0,398.0,446.0,255.0,08,031,980000,2015,08031980000,2010_tracts,237.01700000000002,1.2347423039978846,55717.746467904544,1458.2306610215019,153354.9941565373
"Census Tract 9801, Denver County, Colorado",,,,0.0,0.0,0.0,0.0,08,031,980100,2015,08031980100,2010_tracts,237.01700000000002,1.2347423039978846,,,
"Census Tract 6, Denver County, Colorado",40819.0,804.0,294000.0,2827.0,1114.0,138.0,1454.0,08,031,000600,2015,08031000600,2010_tracts,237.01700000000002,1.2347423039978846,50400.946106889656,992.7328124142992,363014.2373753781
"Census Tract 8, Denver County, Colorado",9849.0,224.0,137500.0,1438.0,223.0,380.0,656.0,08,031,000800,2015,08031000800,2010_tracts,237.01700000000002,1.2347423039978846,12160.976952075165,276.58227609552614,169777.06679970914
"Census Tract 9.02, Denver County, Colorado",49878.0,1084.0,156100.0,5860.0,1253.0,74.0,4200.0,08,031,000902,2015,08031000902,2010_tracts,237.01700000000002,1.2347423039978846,61586.47663880649,1338.460657533707,192743.27365406978
"Census Tract 26.02, Denver County, Colorado",63672.0,1210.0,322000.0,2848.0,2216.0,125.0,271.0,08,031,002602,2015,08031002602,2010_tracts,237.01700000000002,1.2347423039978846,78618.51198015331,1494.0381878374403,397587.0218873189
"Census Tract 27.01, Denver County, Colorado",36602.0,808.0,259300.0,4815.0,3468.0,196.0,761.0,08,031,002701,2015,08031002701,2010_tracts,237.01700000000002,1.2347423039978846,45194.037810930575,997.6717816302908,320168.6794266515
"Census Tract 2.02, Denver County, Colorado",52102.0,657.0,251500.0,3890.0,1637.0,47.0,2054.0,08,031,000202,2015,08031000202,2010_tracts,237.01700000000002,1.2347423039978846,64332.54352289779,811.2256937266102,310537.689455468
"Census Tract 5.02, Denver County, Colorado",50121.0,596.0,342700.0,5880.0,3058.0,596.0,1929.0,08,031,000502,2015,08031000502,2010_tracts,237.01700000000002,1.2347423039978846,61886.51901867798,735.9064131827392,423146.18758007506
"Census Tract 14.01, Denver County, Colorado",38175.0,596.0,167400.0,6324.0,1342.0,68.0,4357.0,08,031,001401,2015,08031001401,2010_tracts,237.01700000000002,1.2347423039978846,47136.28745511924,735.9064131827392,206695.86168924588
"Census Tract 24.02, Denver County, Colorado",55294.0,728.0,353600.0,1830.0,1027.0,447.0,232.0,08,031,002402,2015,08031002402,2010_tracts,237.01700000000002,1.2347423039978846,68273.84095725903,898.8923973104601,436604.878693652
"Census Tract 36.03, Denver County, Colorado",63793.0,1061.0,270400.0,3147.0,1284.0,1192.0,531.0,08,031,003603,2015,08031003603,2010_tracts,237.01700000000002,1.2347423039978846,78767.91579893706,1310.0615845417556,333874.319001028
"Census Tract 39.02, Denver County, Colorado",94583.0,1713.0,424000.0,4718.0,4076.0,52.0,364.0,08,031,003902,2015,08031003902,2010_tracts,237.01700000000002,1.2347423039978846,116785.63133903193,2115.1135667483763,523530.73689510307
"Census Tract 40.03, Denver County, Colorado",72228.0,1427.0,259500.0,4513.0,3601.0,220.0,509.0,08,031,004003,2015,08031004003,2010_tracts,237.01700000000002,1.2347423039978846,89182.96713315921,1761.9772678049815,320415.6278874511
"Census Tract 46.03, Denver County, Colorado",44032.0,972.0,174700.0,5950.0,1967.0,193.0,3446.0,08,031,004603,2015,08031004603,2010_tracts,237.01700000000002,1.2347423039978846,54368.17312963486,1200.169519485944,215709.48050843045
"Census Tract 1.02, Denver County, Colorado",70638.0,923.0,317100.0,3203.0,2343.0,38.0,730.0,08,031,000102,2015,08031000102,2010_tracts,237.01700000000002,1.2347423039978846,87219.72686980257,1139.6671465900474,391536.7845977292
"Census Tract 3.03, Denver County, Colorado",94010.0,1153.0,403900.0,4823.0,3803.0,5.0,908.0,08,031,000303,2015,08031000303,2010_tracts,237.01700000000002,1.2347423039978846,116078.12399884114,1423.657876509561,498712.41658474563
"Census Tract 4.02, Denver County, Colorado",64375.0,1219.0,343700.0,5232.0,3807.0,130.0,1149.0,08,031,000402,2015,08031000402,2010_tracts,237.01700000000002,1.2347423039978846,79486.53581986383,1505.1508685734213,424380.929884073
"Census Tract 9.04, Denver County, Colorado",26279.0,799.0,154500.0,5068.0,1138.0,161.0,3644.0,08,031,000904,2015,08031000904,2010_tracts,237.01700000000002,1.2347423039978846,32447.79300676041,986.5591008943098,190767.68596767317
"Census Tract 9.05, Denver County, Colorado",40000.0,1030.0,137200.0,4067.0,1056.0,24.0,2967.0,08,031,000905,2015,08031000905,2010_tracts,237.01700000000002,1.2347423039978846,49389.69215991539,1271.784573117821,169406.64410850976
"Census Tract 20, Denver County, Colorado",69638.0,1353.0,372100.0,1769.0,1454.0,112.0,90.0,08,031,002000,2015,08031002000,2010_tracts,237.01700000000002,1.2347423039978846,85984.9845658047,1670.6063373091379,459447.6113176129
"Census Tract 30.02, Denver County, Colorado",64725.0,1142.0,342700.0,2424.0,2129.0,41.0,172.0,08,031,003002,2015,08031003002,2010_tracts,237.01700000000002,1.2347423039978846,79918.69562626308,1410.0757111655844,423146.18758007506
"Census Tract 68.09, Denver County, Colorado",53286.0,1006.0,366900.0,7273.0,5077.0,653.0,956.0,08,031,006809,2015,08031006809,2010_tracts,237.01700000000002,1.2347423039978846,65794.47841083127,1242.150757821872,453026.95133682387
"Census Tract 40.05, Denver County, Colorado",36613.0,835.0,368400.0,3062.0,2404.0,47.0,198.0,08,031,004005,2015,08031004005,2010_tracts,237.01700000000002,1.2347423039978846,45207.61997627455,1031.0098238382336,454879.0647928207
"Census Tract 32.02, Denver County, Colorado",51818.0,892.0,290800.0,3093.0,2650.0,100.0,187.0,08,031,003202,2015,08031003202,2010_tracts,237.01700000000002,1.2347423039978846,63981.876708562384,1101.3901351661132,359063.06200258486
"Census Tract 34.01, Denver County, Colorado",81435.0,1304.0,442700.0,2433.0,2303.0,35.0,41.0,08,031,003401,2015,08031003401,2010_tracts,237.01700000000002,1.2347423039978846,100551.23952606773,1610.1039644132416,546620.4179798636
"Census Tract 34.02, Denver County, Colorado",125382.0,1810.0,648200.0,4877.0,4247.0,0.0,321.0,08,031,003402,2015,08031003402,2010_tracts,237.01700000000002,1.2347423039978846,154814.45955986276,2234.883570236171,800359.9614514288
"Census Tract 40.06, Denver County, Colorado",66923.0,1111.0,791000.0,4498.0,3941.0,72.0,244.0,08,031,004006,2015,08031004006,2010_tracts,237.01700000000002,1.2347423039978846,82632.65921045044,1371.79869974165,976681.1624623268
"Census Tract 41.02, Denver County, Colorado",36225.0,1032.0,196400.0,4572.0,868.0,2120.0,1241.0,08,031,004102,2015,08031004102,2010_tracts,237.01700000000002,1.2347423039978846,44728.53996232337,1274.254057725817,242503.38850518456
"Census Tract 43.02, Denver County, Colorado",83615.0,1052.0,362600.0,2333.0,1850.0,113.0,254.0,08,031,004302,2015,08031004302,2010_tracts,237.01700000000002,1.2347423039978846,103242.97774878313,1298.9489038057748,447717.55942963297
"Census Tract 43.03, Denver County, Colorado",163929.0,2056.0,869700.0,4042.0,3733.0,50.0,82.0,08,031,004303,2015,08031004303,2010_tracts,237.01700000000002,1.2347423039978846,202410.07115206923,2538.630177019651,1073855.3817869602
"Census Tract 47, Denver County, Colorado",48912.0,838.0,212100.0,6756.0,1914.0,20.0,4101.0,08,031,004700,2015,08031004700,2010_tracts,237.01700000000002,1.2347423039978846,60393.71557314453,1034.7140507502274,261888.84267795132
"Census Tract 51.02, Denver County, Colorado",62102.0,889.0,271400.0,3537.0,2709.0,95.0,643.0,08,031,005102,2015,08031005102,2010_tracts,237.01700000000002,1.2347423039978846,76679.96656287664,1097.6859082541193,335109.0613050259
"Census Tract 68.13, Denver County, Colorado",40445.0,923.0,187500.0,4466.0,2653.0,1043.0,460.0,08,031,006813,2015,08031006813,2010_tracts,237.01700000000002,1.2347423039978846,49939.15248519444,1139.6671465900474,231514.18199960337
"Census Tract 120.10, Denver County, Colorado",61694.0,1048.0,320200.0,4966.0,3727.0,19.0,628.0,08,031,012010,2015,08031012010,2010_tracts,237.01700000000002,1.2347423039978846,76176.19170284549,1294.0099345897831,395364.4857401227
"Census Tract 35, Denver County, Colorado",39433.0,904.0,131000.0,6676.0,827.0,253.0,5534.0,08,031,003500,2015,08031003500,2010_tracts,237.01700000000002,1.2347423039978846,48689.593273548584,1116.2070428140878,161751.2418237229
"Census Tract 3.02, Denver County, Colorado",82885.0,1099.0,350500.0,4406.0,3519.0,304.0,502.0,08,031,000302,2015,08031000302,2010_tracts,237.01700000000002,1.2347423039978846,102341.61586686467,1356.9817920936753,432777.1775512586
"Census Tract 30.04, Denver County, Colorado",48636.0,936.0,355700.0,6211.0,4761.0,201.0,376.0,08,031,003004,2015,08031003004,2010_tracts,237.01700000000002,1.2347423039978846,60052.92669724112,1155.71879654202,439197.8375320476
"Census Tract 31.01, Denver County, Colorado",55139.0,868.0,333100.0,1451.0,796.0,262.0,269.0,08,031,003101,2015,08031003101,2010_tracts,237.01700000000002,1.2347423039978846,68082.45590013936,1071.756319870164,411292.6614616954
"Census Tract 33, Denver County, Colorado",116698.0,1638.0,554600.0,3604.0,3089.0,41.0,304.0,08,031,003300,2015,08031003300,2010_tracts,237.01700000000002,1.2347423039978846,144091.95739194515,2022.507893948535,684788.0817972268
"Census Tract 41.03, Denver County, Colorado",89630.0,877.0,391100.0,5795.0,3472.0,1470.0,512.0,08,031,004103,2015,08031004103,2010_tracts,237.01700000000002,1.2347423039978846,110669.9527073304,1082.869000606145,482907.7150935727
"Census Tract 43.01, Denver County, Colorado",43952.0,817.0,240600.0,4435.0,3180.0,248.0,555.0,08,031,004301,2015,08031004301,2010_tracts,237.01700000000002,1.2347423039978846,54269.39374531503,1008.7844623662718,297078.99834189104
"Census Tract 50.02, Denver County, Colorado",36096.0,887.0,329500.0,7209.0,3479.0,1800.0,1209.0,08,031,005002,2015,08031005002,2010_tracts,237.01700000000002,1.2347423039978846,44569.258205107646,1095.2164236461238,406847.589167303
"Census Tract 53, Denver County, Colorado",36161.0,923.0,260000.0,1405.0,985.0,169.0,107.0,08,031,005300,2015,08031005300,2010_tracts,237.01700000000002,1.2347423039978846,44649.51645486751,1139.6671465900474,321032.99903945
"Census Tract 69.01, Denver County, Colorado",31449.0,773.0,275400.0,5262.0,2872.0,521.0,1363.0,08,031,006901,2015,08031006901,2010_tracts,237.01700000000002,1.2347423039978846,38831.41071842948,954.4558009903649,340048.03052101744
"Census Tract 70.13, Denver County, Colorado",56940.0,1213.0,211600.0,3512.0,2262.0,505.0,506.0,08,031,007013,2015,08031007013,2010_tracts,237.01700000000002,1.2347423039978846,70306.22678963955,1497.7424147494341,261271.4715259524
"Census Tract 83.05, Denver County, Colorado",46149.0,1374.0,124400.0,4393.0,467.0,898.0,2882.0,08,031,008305,2015,08031008305,2010_tracts,237.01700000000002,1.2347423039978846,56982.12258719838,1696.5359256930935,153601.94261733684
"Census Tract 28.02, Denver County, Colorado",45840.0,811.0,351000.0,4327.0,3567.0,61.0,610.0,08,031,002802,2015,08031002802,2010_tracts,237.01700000000002,1.2347423039978846,56600.58721526303,1001.3760085422845,433394.5487032575
"Census Tract 41.04, Denver County, Colorado",67203.0,1138.0,251800.0,4738.0,2071.0,1620.0,641.0,08,031,004104,2015,08031004104,2010_tracts,237.01700000000002,1.2347423039978846,82978.38705556984,1405.1367419495928,310908.1121466674
"Census Tract 68.04, Denver County, Colorado",83274.0,1399.0,362000.0,2332.0,2038.0,45.0,125.0,08,031,006804,2015,08031006804,2010_tracts,237.01700000000002,1.2347423039978846,102821.93062311984,1727.4044832930406,446976.7140472342
"Census Tract 7.01, Denver County, Colorado",22134.0,720.0,255600.0,3798.0,1524.0,265.0,1862.0,08,031,000701,2015,08031000701,2010_tracts,237.01700000000002,1.2347423039978846,27329.78615668918,889.014458878477,315600.1329018593
"Census Tract 31.02, Denver County, Colorado",29900.0,723.0,324600.0,3132.0,1993.0,497.0,462.0,08,031,003102,2015,08031003102,2010_tracts,237.01700000000002,1.2347423039978846,36918.79488953675,892.7186857904705,400797.35187771334
"Census Tract 36.02, Denver County, Colorado",39130.0,915.0,169000.0,4250.0,1215.0,1107.0,1804.0,08,031,003602,2015,08031003602,2010_tracts,237.01700000000002,1.2347423039978846,48315.466355437224,1129.7892081580644,208671.4493756425
"Census Tract 67.01, Denver County, Colorado",61776.0,1329.0,372300.0,2936.0,2476.0,118.0,129.0,08,031,006701,2015,08031006701,2010_tracts,237.01700000000002,1.2347423039978846,76277.44057177332,1640.9725220131886,459694.55977841245
"Census Tract 4.01, Denver County, Colorado",52872.0,797.0,335100.0,3235.0,1818.0,95.0,1130.0,08,031,000401,2015,08031000401,2010_tracts,237.01700000000002,1.2347423039978846,65283.29509697616,984.089616286314,413762.14606969117
"Census Tract 24.03, Denver County, Colorado",43750.0,866.0,317900.0,3166.0,2101.0,280.0,646.0,08,031,002403,2015,08031002403,2010_tracts,237.01700000000002,1.2347423039978846,54019.97579990745,1069.286835262168,392524.57844092755
"Census Tract 119.02, Denver County, Colorado",61458.0,957.0,244300.0,6864.0,2720.0,410.0,3272.0,08,031,011902,2015,08031011902,2010_tracts,237.01700000000002,1.2347423039978846,75884.79251910199,1181.6483849259755,301647.5448666832
"Census Tract 7.02, Denver County, Colorado",25554.0,748.0,243300.0,5322.0,1606.0,593.0,2812.0,08,031,000702,2015,08031000702,2010_tracts,237.01700000000002,1.2347423039978846,31552.604836361945,923.5872433904177,300412.80256268533
"Census Tract 27.02, Denver County, Colorado",51552.0,927.0,224500.0,5757.0,4883.0,138.0,324.0,08,031,002702,2015,08031002702,2010_tracts,237.01700000000002,1.2347423039978846,63653.43525569895,1144.606115806039,277199.6472475251
"Census Tract 39.01, Denver County, Colorado",131333.0,1720.0,742600.0,4728.0,4420.0,45.0,218.0,08,031,003901,2015,08031003901,2010_tracts,237.01700000000002,1.2347423039978846,162162.41101095418,2123.756762876362,916919.6349488292
"Census Tract 9.03, Denver County, Colorado",39528.0,956.0,144800.0,6593.0,1371.0,72.0,5085.0,08,031,000903,2015,08031000903,2010_tracts,237.01700000000002,1.2347423039978846,48806.89379242838,1180.4136426219777,178790.6856188937
"Census Tract 11.01, Denver County, Colorado",43750.0,861.0,244700.0,2707.0,770.0,134.0,1726.0,08,031,001101,2015,08031001101,2010_tracts,237.01700000000002,1.2347423039978846,54019.97579990745,1063.1131237421787,302141.44178828236
"Census Tract 13.01, Denver County, Colorado",47824.0,924.0,162700.0,4636.0,820.0,34.0,3400.0,08,031,001301,2015,08031001301,2010_tracts,237.01700000000002,1.2347423039978846,59050.31594639483,1140.9018888940454,200892.57286045584
"Census Tract 13.02, Denver County, Colorado",47333.0,1094.0,145500.0,4023.0,974.0,43.0,2897.0,08,031,001302,2015,08031001302,2010_tracts,237.01700000000002,1.2347423039978846,58444.05747513187,1350.8080805736859,179655.00523169222
"Census Tract 14.02, Denver County, Colorado",36667.0,909.0,163700.0,4487.0,936.0,412.0,2787.0,08,031,001402,2015,08031001402,2010_tracts,237.01700000000002,1.2347423039978846,45274.29606069044,1122.3807543340772,202127.31516445373
"Census Tract 17.02, Denver County, Colorado",58242.0,1200.0,268100.0,4049.0,3025.0,300.0,406.0,08,031,001702,2015,08031001702,2010_tracts,237.01700000000002,1.2347423039978846,71913.8612694448,1481.6907647974615,331034.4117018329
"Census Tract 18, Denver County, Colorado",45428.0,1112.0,217200.0,3412.0,1716.0,140.0,1379.0,08,031,001800,2015,08031001800,2010_tracts,237.01700000000002,1.2347423039978846,56091.873386015905,1373.0334420456477,268186.02842834056
"Census Tract 21, Denver County, Colorado",49318.0,848.0,312100.0,5799.0,3240.0,183.0,1971.0,08,031,002100,2015,08031002100,2010_tracts,237.01700000000002,1.2347423039978846,60895.020948567675,1047.0614737902063,385363.0730777398
"Census Tract 27.03, Denver County, Colorado",40294.0,758.0,188600.0,5132.0,4021.0,321.0,469.0,08,031,002703,2015,08031002703,2010_tracts,237.01700000000002,1.2347423039978846,49752.70639729076,935.9346664303965,232872.39853400105
"Census Tract 28.01, Denver County, Colorado",64409.0,1079.0,411400.0,2884.0,2520.0,23.0,173.0,08,031,002801,2015,08031002801,2010_tracts,237.01700000000002,1.2347423039978846,79528.51705819975,1332.2869460137176,507972.98386472976
"Census Tract 26.01, Denver County, Colorado",41826.0,893.0,311900.0,3075.0,2432.0,224.0,179.0,08,031,002601,2015,08031002601,2010_tracts,237.01700000000002,1.2347423039978846,51644.33160701553,1102.624877470111,385116.1246169402
"Census Tract 120.14, Denver County, Colorado",57182.0,1077.0,207800.0,6321.0,4348.0,0.0,1193.0,08,031,012014,2015,08031012014,2010_tracts,237.01700000000002,1.2347423039978846,70605.03442720704,1329.8174614057218,256579.45077076042
"Census Tract 29.01, Denver County, Colorado",65234.0,1039.0,363400.0,3128.0,2521.0,49.0,255.0,08,031,002901,2015,08031002901,2010_tracts,237.01700000000002,1.2347423039978846,80547.17945899801,1282.897253853802,448705.3532728313
"Census Tract 30.01, Denver County, Colorado",98561.0,953.0,423500.0,5745.0,5131.0,83.0,303.0,08,031,003001,2015,08031003001,2010_tracts,237.01700000000002,1.2347423039978846,121697.43622433551,1176.7094157099841,522913.36574310414
"Census Tract 30.03, Denver County, Colorado",45179.0,1068.0,346800.0,3182.0,2566.0,40.0,287.0,08,031,003003,2015,08031003003,2010_tracts,237.01700000000002,1.2347423039978846,55784.42255232043,1318.7047806697408,428208.6310264664
"Census Tract 37.03, Denver County, Colorado",57792.0,897.0,384600.0,2902.0,2200.0,174.0,412.0,08,031,003703,2015,08031003703,2010_tracts,237.01700000000002,1.2347423039978846,71358.22723264575,1107.5638466861026,474881.8901175864
"Census Tract 44.03, Denver County, Colorado",47500.0,1118.0,168800.0,4215.0,1820.0,830.0,1358.0,08,031,004403,2015,08031004403,2010_tracts,237.01700000000002,1.2347423039978846,58650.25943989952,1380.4418958696351,208424.50091484294
"Census Tract 51.04, Denver County, Colorado",38718.0,871.0,274600.0,3678.0,2213.0,308.0,801.0,08,031,005104,2015,08031005104,2010_tracts,237.01700000000002,1.2347423039978846,47806.752526190096,1075.4605467821575,339060.2366778191
"Census Tract 52, Denver County, Colorado",82976.0,1169.0,290700.0,3351.0,2536.0,214.0,380.0,08,031,005200,2015,08031005200,2010_tracts,237.01700000000002,1.2347423039978846,102453.97741652848,1443.4137533735272,358939.58777218504
"Census Tract 68.12, Denver County, Colorado",54526.0,1046.0,184700.0,3675.0,3055.0,79.0,263.0,08,031,006812,2015,08031006812,2010_tracts,237.01700000000002,1.2347423039978846,67325.55886778866,1291.5404499817873,228056.9035484093
"Census Tract 83.06, Denver County, Colorado",38750.0,834.0,173300.0,6630.0,603.0,1930.0,3838.0,08,031,008306,2015,08031008306,2010_tracts,237.01700000000002,1.2347423039978846,47846.26427991803,1029.7750815342358,213980.8412828334
"Census Tract 119.03, Denver County, Colorado",56595.0,1020.0,239700.0,2382.0,1583.0,0.0,668.0,08,031,011903,2015,08031011903,2010_tracts,237.01700000000002,1.2347423039978846,69880.24069476029,1259.4371500778423,295967.73026829294
"Census Tract 3.01, Denver County, Colorado",61603.0,785.0,369800.0,5361.0,3752.0,4.0,1462.0,08,031,000301,2015,08031000301,2010_tracts,237.01700000000002,1.2347423039978846,76063.83015318168,969.2727086383394,456607.70401841775
"Census Tract 10, Denver County, Colorado",27176.0,724.0,157900.0,3750.0,423.0,113.0,2906.0,08,031,001000,2015,08031001000,2010_tracts,237.01700000000002,1.2347423039978846,33555.356853446516,893.9534280944684,194965.80980126598
"Census Tract 14.03, Denver County, Colorado",51054.0,1166.0,180400.0,3241.0,1826.0,349.0,880.0,08,031,001403,2015,08031001403,2010_tracts,237.01700000000002,1.2347423039978846,63038.533588308004,1439.7095264615334,222747.51164121839
"Census Tract 15, Denver County, Colorado",29639.0,919.0,131900.0,3551.0,1159.0,116.0,2178.0,08,031,001500,2015,08031001500,2010_tracts,237.01700000000002,1.2347423039978846,36596.5271481933,1134.728177374056,162862.509897321
"Census Tract 17.01, Denver County, Colorado",81961.0,1623.0,496900.0,5062.0,4222.0,62.0,442.0,08,031,001701,2015,08031001701,2010_tracts,237.01700000000002,1.2347423039978846,101200.71397797062,2003.9867593885667,613543.4508565489
"Census Tract 29.02, Denver County, Colorado",101835.0,1362.0,507900.0,4141.0,3622.0,60.0,279.0,08,031,002902,2015,08031002902,2010_tracts,237.01700000000002,1.2347423039978846,125739.98252762458,1681.719018045119,627125.6162005257
"Census Tract 41.01, Denver County, Colorado",33288.0,927.0,185200.0,4514.0,938.0,1693.0,1482.0,08,031,004101,2015,08031004101,2010_tracts,237.01700000000002,1.2347423039978846,41102.10181548158,1144.606115806039,228674.27470040825
"Census Tract 46.01, Denver County, Colorado",46392.0,1162.0,157300.0,5854.0,1828.0,21.0,3784.0,08,031,004601,2015,08031004601,2010_tracts,237.01700000000002,1.2347423039978846,57282.16496706987,1434.770557245542,194224.96441886725
"Census Tract 68.10, Denver County, Colorado",65504.0,1071.0,184400.0,5233.0,3503.0,628.0,692.0,08,031,006810,2015,08031006810,2010_tracts,237.01700000000002,1.2347423039978846,80880.55988107744,1322.4090075817344,227686.48085720994
"Census Tract 68.11, Denver County, Colorado",60069.0,881.0,298200.0,6199.0,3664.0,765.0,902.0,08,031,006811,2015,08031006811,2010_tracts,237.01700000000002,1.2347423039978846,74169.73545884894,1087.8079698221363,368200.1550521692
"Census Tract 5.01, Denver County, Colorado",89500.0,1231.0,387000.0,1933.0,1444.0,26.0,382.0,08,031,000501,2015,08031000501,2010_tracts,237.01700000000002,1.2347423039978846,110509.43620781068,1519.967776221396,477845.27164718136
"Census Tract 11.02, Denver County, Colorado",71146.0,1406.0,414900.0,3759.0,2083.0,201.0,1295.0,08,031,001102,2015,08031001102,2010_tracts,237.01700000000002,1.2347423039978846,87846.9759602335,1736.0476794210258,512294.5819287223
"Census Tract 16, Denver County, Colorado",68839.0,1449.0,282500.0,9772.0,6406.0,745.0,2212.0,08,031,001600,2015,08031001600,2010_tracts,237.01700000000002,1.2347423039978846,84998.42546491038,1789.141598492935,348814.7008794024
"Census Tract 23, Denver County, Colorado",58861.0,879.0,325900.0,5989.0,2982.0,1466.0,1357.0,08,031,002300,2015,08031002300,2010_tracts,237.01700000000002,1.2347423039978846,72678.16675561949,1085.3384852141405,402402.5168729106
"Census Tract 32.03, Denver County, Colorado",134167.0,1679.0,824500.0,3187.0,2871.0,0.0,108.0,08,031,003203,2015,08031003203,2010_tracts,237.01700000000002,1.2347423039978846,165661.6707004842,2073.1323284124483,1018045.0296462559
"Census Tract 9.03, Denver County, Colorado",37048.0,1047.0,157000.0,6459.0,1540.0,70.0,4816.0,08,031,000903,2016,08031000903,2010_tracts,240.00716666666665,1.2193590746942975,45174.814999274335,1276.6689512049295,191439.3747270047
"Census Tract 11.01, Denver County, Colorado",44596.0,796.0,277200.0,2664.0,852.0,151.0,1578.0,08,031,001101,2016,08031001101,2010_tracts,240.00716666666665,1.2193590746942975,54378.53729506689,970.6098234566608,338006.3355052593
"Census Tract 13.01, Denver County, Colorado",57083.0,957.0,187800.0,5115.0,1031.0,51.0,3569.0,08,031,001301,2016,08031001301,2010_tracts,240.00716666666665,1.2193590746942975,69604.67406077459,1166.9266344824428,228995.63422758906
"Census Tract 13.02, Denver County, Colorado",42595.0,1128.0,160700.0,4078.0,1012.0,53.0,2849.0,08,031,001302,2016,08031001302,2010_tracts,240.00716666666665,1.2193590746942975,51938.599786603605,1375.4370362551676,195951.0033033736
"Census Tract 14.02, Denver County, Colorado",32177.0,983.0,178700.0,4707.0,1047.0,350.0,2931.0,08,031,001402,2016,08031001402,2010_tracts,240.00716666666665,1.2193590746942975,39235.31694643841,1198.6299704244943,217899.46664787096
"Census Tract 17.02, Denver County, Colorado",54784.0,1312.0,282800.0,3983.0,3037.0,198.0,463.0,08,031,001702,2016,08031001702,2010_tracts,240.00716666666665,1.2193590746942975,66801.3675480524,1599.7991059989183,344834.7463235473
"Census Tract 18, Denver County, Colorado",46250.0,1215.0,236900.0,3387.0,1778.0,123.0,1303.0,08,031,001800,2016,08031001800,2010_tracts,240.00716666666665,1.2193590746942975,56395.35720461126,1481.5212757535714,288866.1647950791
"Census Tract 21, Denver County, Colorado",50580.0,889.0,362600.0,5871.0,3470.0,119.0,1910.0,08,031,002100,2016,08031002100,2010_tracts,240.00716666666665,1.2193590746942975,61675.181998037566,1084.0102174032304,442139.60048415227
"Census Tract 27.03, Denver County, Colorado",41053.0,856.0,206500.0,5241.0,4061.0,308.0,515.0,08,031,002703,2016,08031002703,2010_tracts,240.00716666666665,1.2193590746942975,50058.348093425,1043.7713679383187,251797.64892437242
"Census Tract 28.01, Denver County, Colorado",61250.0,1143.0,378400.0,2705.0,2348.0,22.0,180.0,08,031,002801,2016,08031002801,2010_tracts,240.00716666666665,1.2193590746942975,74685.74332502572,1393.7274223755821,461405.4738643222
"Census Tract 26.01, Denver County, Colorado",43542.0,914.0,346400.0,3132.0,2453.0,285.0,232.0,08,031,002601,2016,08031002601,2010_tracts,240.00716666666665,1.2193590746942975,53093.3328303391,1114.494194270588,422385.98347410467
"Census Tract 120.14, Denver County, Colorado",59127.0,1174.0,216800.0,6385.0,4594.0,0.0,1125.0,08,031,012014,2016,08031012014,2010_tracts,240.00716666666665,1.2193590746942975,72097.04400944973,1431.5275536911054,264357.0473937237
"Census Tract 29.01, Denver County, Colorado",74792.0,1084.0,396300.0,3246.0,2742.0,28.0,294.0,08,031,002901,2016,08031002901,2010_tracts,240.00716666666665,1.2193590746942975,91198.30391453589,1321.7852369686184,483232.0013013501
"Census Tract 30.01, Denver County, Colorado",97917.0,1144.0,456800.0,5712.0,5146.0,67.0,330.0,08,031,003001,2016,08031003001,2010_tracts,240.00716666666665,1.2193590746942975,119395.98251684153,1394.9467814502764,557003.2253203552
"Census Tract 30.03, Denver County, Colorado",53261.0,1273.0,368900.0,3291.0,2671.0,54.0,298.0,08,031,003003,2016,08031003003,2010_tracts,240.00716666666665,1.2193590746942975,64944.28367729298,1552.2441020858407,449821.5626547263
"Census Tract 37.03, Denver County, Colorado",61299.0,942.0,431600.0,3093.0,2323.0,162.0,486.0,08,031,003703,2016,08031003703,2010_tracts,240.00716666666665,1.2193590746942975,74745.49191968574,1148.6362483620283,526275.3766380588
"Census Tract 44.03, Denver County, Colorado",52621.0,1214.0,174100.0,4536.0,1981.0,938.0,1439.0,08,031,004403,2016,08031004403,2010_tracts,240.00716666666665,1.2193590746942975,64163.89386948863,1480.3019166788772,212290.4149042772
"Census Tract 51.04, Denver County, Colorado",38176.0,921.0,293800.0,3545.0,2326.0,354.0,526.0,08,031,005104,2016,08031005104,2010_tracts,240.00716666666665,1.2193590746942975,46550.2520355295,1123.029707793448,358247.69614518463
"Census Tract 52, Denver County, Colorado",80156.0,1310.0,308000.0,3468.0,2645.0,229.0,317.0,08,031,005200,2016,08031005200,2010_tracts,240.00716666666665,1.2193590746942975,97738.94599119612,1597.3603878495296,375562.5950058436
"Census Tract 68.12, Denver County, Colorado",57414.0,1321.0,184600.0,3864.0,3179.0,90.0,328.0,08,031,006812,2016,08031006812,2010_tracts,240.00716666666665,1.2193590746942975,70008.2819144984,1610.773337671167,225093.68518856732
"Census Tract 83.06, Denver County, Colorado",37419.0,893.0,199700.0,6365.0,644.0,1832.0,3573.0,08,031,008306,2016,08031008306,2010_tracts,240.00716666666665,1.2193590746942975,45627.19721598592,1088.8876537020076,243506.00721645122
"Census Tract 119.03, Denver County, Colorado",55857.0,1144.0,261400.0,2383.0,1550.0,0.0,709.0,08,031,011903,2016,08031011903,2010_tracts,240.00716666666665,1.2193590746942975,68109.73983519938,1394.9467814502764,318740.46212508937
"Census Tract 3.01, Denver County, Colorado",61658.0,1043.0,384700.0,5465.0,3879.0,5.0,1428.0,08,031,000301,2016,08031000301,2010_tracts,240.00716666666665,1.2193590746942975,75183.241827501,1271.7915149061523,469087.43603489624
"Census Tract 10, Denver County, Colorado",35213.0,902.0,173900.0,4047.0,385.0,124.0,3268.0,08,031,001000,2016,08031001000,2010_tracts,240.00716666666665,1.2193590746942975,42937.2910972103,1099.8618853742564,212046.54308933835
"Census Tract 14.03, Denver County, Colorado",51425.0,1185.0,193100.0,3161.0,1787.0,375.0,828.0,08,031,001403,2016,08031001403,2010_tracts,240.00716666666665,1.2193590746942975,62705.54041615425,1444.9405035127425,235458.23732346884
"Census Tract 15, Denver County, Colorado",35389.0,884.0,157100.0,4170.0,1375.0,215.0,2473.0,08,031,001500,2016,08031001500,2010_tracts,240.00716666666665,1.2193590746942975,43151.89829435649,1077.913422029759,191561.31063447412
"Census Tract 17.01, Denver County, Colorado",86970.0,1648.0,509100.0,5264.0,4351.0,74.0,463.0,08,031,001701,2016,08031001701,2010_tracts,240.00716666666665,1.2193590746942975,106047.65872616305,2009.5037550962022,620775.7049268668
"Census Tract 29.02, Denver County, Colorado",110720.0,1522.0,529100.0,4330.0,3802.0,45.0,301.0,08,031,002902,2016,08031002902,2010_tracts,240.00716666666665,1.2193590746942975,135007.4367501526,1855.8645116847208,645162.8864207529
"Census Tract 41.01, Denver County, Colorado",34325.0,947.0,204400.0,4438.0,1013.0,1665.0,1193.0,08,031,004101,2016,08031004101,2010_tracts,240.00716666666665,1.2193590746942975,41854.50023888176,1154.7330437354997,249236.9948675144
"Census Tract 46.01, Denver County, Colorado",47176.0,1156.0,161000.0,5604.0,1910.0,74.0,3453.0,08,031,004601,2016,08031004601,2010_tracts,240.00716666666665,1.2193590746942975,57524.48370777818,1409.579090346608,196316.8110257819
"Census Tract 68.10, Denver County, Colorado",63867.0,1138.0,222700.0,5583.0,3668.0,765.0,759.0,08,031,006810,2016,08031006810,2010_tracts,240.00716666666665,1.2193590746942975,77876.8060235007,1387.6306270021105,271551.26593442005
"Census Tract 68.11, Denver County, Colorado",58515.0,984.0,329400.0,6190.0,3772.0,776.0,898.0,08,031,006811,2016,08031006811,2010_tracts,240.00716666666665,1.2193590746942975,71350.79625573682,1199.8493294991888,401656.8792043016
"Census Tract 5.01, Denver County, Colorado",97500.0,1455.0,432600.0,1934.0,1559.0,40.0,292.0,08,031,000501,2016,08031000501,2010_tracts,240.00716666666665,1.2193590746942975,118887.509782694,1774.167453680203,527494.7357127531
"Census Tract 11.02, Denver County, Colorado",73750.0,1596.0,398900.0,3707.0,2314.0,106.0,1167.0,08,031,001102,2016,08031001102,2010_tracts,240.00716666666665,1.2193590746942975,89927.73175870444,1946.0970832120988,486402.3348955553
"Census Tract 16, Denver County, Colorado",70128.0,1538.0,327700.0,10830.0,6948.0,1224.0,2136.0,08,031,001600,2016,08031001600,2010_tracts,240.00716666666665,1.2193590746942975,85511.2131901617,1875.3742568798295,399583.9687773213
"Census Tract 23, Denver County, Colorado",71989.0,986.0,348400.0,5988.0,3292.0,1015.0,1514.0,08,031,002300,2016,08031002300,2010_tracts,240.00716666666665,1.2193590746942975,87780.44042816779,1202.2880476485773,424824.7016234932
"Census Tract 32.03, Denver County, Colorado",149116.0,1709.0,899600.0,3122.0,2793.0,0.0,131.0,08,031,003203,2016,08031003203,2010_tracts,240.00716666666665,1.2193590746942975,181825.94778211488,2083.884658652554,1096935.42359499
"Census Tract 36.01, Denver County, Colorado",38542.0,853.0,238700.0,4549.0,1538.0,728.0,2137.0,08,031,003601,2016,08031003601,2010_tracts,240.00716666666665,1.2193590746942975,46996.53745686761,1040.1132907142357,291061.0111295288
"Census Tract 37.01, Denver County, Colorado",59550.0,929.0,360200.0,3394.0,2646.0,272.0,323.0,08,031,003701,2016,08031003701,2010_tracts,240.00716666666665,1.2193590746942975,72612.83289804541,1132.7845803910025,439213.13870488596
"Census Tract 37.02, Denver County, Colorado",43846.0,852.0,427800.0,4840.0,3923.0,359.0,391.0,08,031,003702,2016,08031003702,2010_tracts,240.00716666666665,1.2193590746942975,53464.017989046166,1038.8939316395415,521641.8121542205
"Census Tract 43.04, Denver County, Colorado",84068.0,1329.0,381700.0,5885.0,4748.0,274.0,594.0,08,031,004304,2016,08031004304,2010_tracts,240.00716666666665,1.2193590746942975,102509.0786914002,1620.5282102687213,465429.35881081334
"Census Tract 50.01, Denver County, Colorado",62569.0,1268.0,279000.0,3039.0,1785.0,510.0,349.0,08,031,005001,2016,08031005001,2010_tracts,240.00716666666665,1.2193590746942975,76294.0779445475,1546.1473067123693,340201.181839709
"Census Tract 55.03, Denver County, Colorado",68025.0,960.0,258600.0,4875.0,3022.0,96.0,1387.0,08,031,005503,2016,08031005503,2010_tracts,240.00716666666665,1.2193590746942975,82946.90105607959,1170.5847117065257,315326.2567159453
"Census Tract 68.14, Denver County, Colorado",49074.0,994.0,310100.0,4476.0,2375.0,905.0,998.0,08,031,006814,2016,08031006814,2010_tracts,240.00716666666665,1.2193590746942975,59838.827231547955,1212.0429202461316,378123.24906270165
"Census Tract 70.06, Denver County, Colorado",35465.0,984.0,,4771.0,1472.0,700.0,1687.0,08,031,007006,2016,08031007006,2010_tracts,240.00716666666665,1.2193590746942975,43244.56958403326,1199.8493294991888,
"Census Tract 28.03, Denver County, Colorado",55852.0,1081.0,317300.0,4658.0,3843.0,87.0,292.0,08,031,002803,2016,08031002803,2010_tracts,240.00716666666665,1.2193590746942975,68103.64303982591,1318.1271597445357,386902.63440050057
"Census Tract 55.02, Denver County, Colorado",78810.0,1213.0,282500.0,2048.0,1131.0,93.0,669.0,08,031,005502,2016,08031005502,2010_tracts,240.00716666666665,1.2193590746942975,96097.68867665759,1479.082557604183,344468.93860113906
"Census Tract 70.88, Denver County, Colorado",64892.0,1351.0,207800.0,4621.0,2599.0,686.0,756.0,08,031,007088,2016,08031007088,2010_tracts,240.00716666666665,1.2193590746942975,79126.64907506235,1647.354109911996,253382.81572147502
"Census Tract 70.89, Denver County, Colorado",31813.0,840.0,111000.0,4775.0,3503.0,703.0,351.0,08,031,007089,2016,08031007089,2010_tracts,240.00716666666665,1.2193590746942975,38791.470243249685,1024.26162274321,135348.85729106702
"Census Tract 120.01, Denver County, Colorado",76080.0,788.0,399200.0,2086.0,1416.0,44.0,478.0,08,031,012001,2016,08031012001,2010_tracts,240.00716666666665,1.2193590746942975,92768.83840274216,960.8549508591065,486768.14261796355
"Census Tract 32.01, Denver County, Colorado",60009.0,1032.0,285700.0,5467.0,4480.0,219.0,501.0,08,031,003201,2016,08031003201,2010_tracts,240.00716666666665,1.2193590746942975,73172.5187133301,1258.378565084515,348370.8876401608
"Census Tract 38, Denver County, Colorado",105748.0,1413.0,704100.0,6688.0,5872.0,94.0,411.0,08,031,003800,2016,08031003800,2010_tracts,240.00716666666665,1.2193590746942975,128944.78343077257,1722.9543725430424,858550.7244922549
"Census Tract 40.02, Denver County, Colorado",107411.0,2086.0,538100.0,3417.0,3013.0,25.0,188.0,08,031,004002,2016,08031004002,2010_tracts,240.00716666666665,1.2193590746942975,130972.57757198918,2543.5830298123046,656137.1180930015
"Census Tract 40.04, Denver County, Colorado",76172.0,1392.0,402600.0,1868.0,1671.0,78.0,52.0,08,031,004004,2016,08031004004,2010_tracts,240.00716666666665,1.2193590746942975,92881.01943761403,1697.3478319744622,490913.9634719242
"Census Tract 42.01, Denver County, Colorado",94276.0,1052.0,537700.0,4769.0,3854.0,256.0,451.0,08,031,004201,2016,08031004201,2010_tracts,240.00716666666665,1.2193590746942975,114956.29612587958,1282.765746578401,655649.3744631237
"Census Tract 42.02, Denver County, Colorado",105179.0,1042.0,463700.0,4515.0,3325.0,498.0,484.0,08,031,004202,2016,08031004202,2010_tracts,240.00716666666665,1.2193590746942975,128250.96811727152,1270.572155831458,565416.8029357458
"Census Tract 43.06, Denver County, Colorado",100977.0,1493.0,549000.0,5257.0,4437.0,291.0,233.0,08,031,004306,2016,08031004306,2010_tracts,240.00716666666665,1.2193590746942975,123127.22128540608,1820.503098518586,669428.1320071693
"Census Tract 44.04, Denver County, Colorado",35555.0,809.0,196100.0,6418.0,2314.0,1742.0,1065.0,08,031,004404,2016,08031004404,2010_tracts,240.00716666666665,1.2193590746942975,43354.31190075575,986.4614914276867,239116.31454755174
"Census Tract 44.05, Denver County, Colorado",76390.0,1325.0,464200.0,8252.0,6182.0,562.0,906.0,08,031,004405,2016,08031004405,2010_tracts,240.00716666666665,1.2193590746942975,93146.83971589738,1615.650773969944,566026.4824730929
"Census Tract 46.02, Denver County, Colorado",44833.0,910.0,166400.0,8417.0,1171.0,166.0,6336.0,08,031,004602,2016,08031004602,2010_tracts,240.00716666666665,1.2193590746942975,54667.52539576944,1109.6167579718108,202901.3500291311
"Census Tract 48.01, Denver County, Colorado",64676.0,1219.0,231200.0,3221.0,1598.0,0.0,1379.0,08,031,004801,2016,08031004801,2010_tracts,240.00716666666665,1.2193590746942975,78863.26751492839,1486.3987120523486,281915.81806932157
"Census Tract 70.37, Denver County, Colorado",35117.0,790.0,262200.0,4285.0,886.0,1261.0,1814.0,08,031,007037,2016,08031007037,2010_tracts,240.00716666666665,1.2193590746942975,42820.232626039644,963.293669008495,319715.9493848448
"Census Tract 83.91, Denver County, Colorado",69219.0,1570.0,207900.0,7950.0,1840.0,2443.0,2777.0,08,031,008391,2016,08031008391,2010_tracts,240.00716666666665,1.2193590746942975,84402.81579126458,1914.393747270047,253504.75162894445
"Census Tract 153, Denver County, Colorado",46731.0,913.0,261100.0,3735.0,2465.0,278.0,639.0,08,031,015300,2016,08031015300,2010_tracts,240.00716666666665,1.2193590746942975,56981.868919539214,1113.2748351958935,318374.6544026811
"Census Tract 154, Denver County, Colorado",61250.0,1119.0,267500.0,4402.0,2894.0,46.0,1324.0,08,031,015400,2016,08031015400,2010_tracts,240.00716666666665,1.2193590746942975,74685.74332502572,1364.4628045829188,326178.5524807246
"Census Tract 155, Denver County, Colorado",41069.0,911.0,265500.0,3541.0,2151.0,193.0,995.0,08,031,015500,2016,08031015500,2010_tracts,240.00716666666665,1.2193590746942975,50077.857838620104,1110.836117046505,323739.83433133597
"Census Tract 156, Denver County, Colorado",29144.0,733.0,189900.0,7925.0,1278.0,165.0,6029.0,08,031,015600,2016,08031015600,2010_tracts,240.00716666666665,1.2193590746942975,35537.0008728906,893.7902017509201,231556.2882844471
"Census Tract 157, Denver County, Colorado",41241.0,1052.0,245000.0,5649.0,2228.0,189.0,2929.0,08,031,015700,2016,08031015700,2010_tracts,240.00716666666665,1.2193590746942975,50287.58759946752,1282.765746578401,298742.97330010287
"Census Tract 9800, Denver County, Colorado",50375.0,1219.0,131700.0,1449.0,470.0,517.0,357.0,08,031,980000,2016,08031980000,2010_tracts,240.00716666666665,1.2193590746942975,61425.213387725234,1486.3987120523486,160589.590137239
"Census Tract 9801, Denver County, Colorado",,,,0.0,0.0,0.0,0.0,08,031,980100,2016,08031980100,2010_tracts,240.00716666666665,1.2193590746942975,,,
"Census Tract 83.12, Denver County, Colorado",48306.0,1210.0,159100.0,8034.0,814.0,2030.0,4696.0,08,031,008312,2016,08031008312,2010_tracts,240.00716666666665,1.2193590746942975,58902.359462182736,1475.4244803801,194000.02878386274
"Census Tract 26.02, Denver County, Colorado",67072.0,1244.0,331800.0,2702.0,2148.0,124.0,267.0,08,031,002602,2016,08031002602,2010_tracts,240.00716666666665,1.2193590746942975,81784.85185789592,1516.8826889197062,404583.34098356793
"Census Tract 27.01, Denver County, Colorado",39551.0,853.0,245800.0,4673.0,3290.0,148.0,901.0,08,031,002701,2016,08031002701,2010_tracts,240.00716666666665,1.2193590746942975,48226.87076323416,1040.1132907142357,299718.4605598583
"Census Tract 2.02, Denver County, Colorado",52453.0,680.0,280000.0,3996.0,1769.0,47.0,1970.0,08,031,000202,2016,08031000202,2010_tracts,240.00716666666665,1.2193590746942975,63959.04154493999,829.1641707921223,341420.5409144033
"Census Tract 5.02, Denver County, Colorado",49583.0,653.0,366800.0,5977.0,3151.0,606.0,1913.0,08,031,000502,2016,08031000502,2010_tracts,240.00716666666665,1.2193590746942975,60459.48100056735,796.2414757753762,447260.90859786834
"Census Tract 14.01, Denver County, Colorado",39658.0,657.0,179400.0,6549.0,1305.0,74.0,4562.0,08,031,001401,2016,08031001401,2010_tracts,240.00716666666665,1.2193590746942975,48357.34218422645,801.1189120741534,218753.01800015697
"Census Tract 24.02, Denver County, Colorado",58594.0,870.0,392900.0,1887.0,1148.0,435.0,171.0,08,031,002402,2016,08031002402,2010_tracts,240.00716666666665,1.2193590746942975,71447.12562263767,1060.8423949840387,479086.1804473895
"Census Tract 36.03, Denver County, Colorado",66023.0,1058.0,300300.0,3136.0,1253.0,1295.0,473.0,08,031,003603,2016,08031003603,2010_tracts,240.00716666666665,1.2193590746942975,80505.7441885416,1290.0819010265668,366173.53013069753
"Census Tract 39.02, Denver County, Colorado",95720.0,1649.0,473000.0,4683.0,4057.0,47.0,362.0,08,031,003902,2016,08031003902,2010_tracts,240.00716666666665,1.2193590746942975,116717.05062973815,2010.7231141708967,576756.8423304027
"Census Tract 40.03, Denver County, Colorado",79412.0,1538.0,272300.0,4343.0,3393.0,168.0,513.0,08,031,004003,2016,08031004003,2010_tracts,240.00716666666665,1.2193590746942975,96831.74283962355,1875.3742568798295,332031.4760392572
"Census Tract 46.03, Denver County, Colorado",51324.0,1019.0,215800.0,5978.0,2182.0,215.0,3318.0,08,031,004603,2016,08031004603,2010_tracts,240.00716666666665,1.2193590746942975,62582.38514961013,1242.5268971134892,263137.6883190294
"Census Tract 1.02, Denver County, Colorado",82917.0,1029.0,356900.0,3272.0,2271.0,58.0,778.0,08,031,000102,2016,08031000102,2010_tracts,240.00716666666665,1.2193590746942975,101105.59639642706,1254.720487860432,435189.2537583948
"Census Tract 3.03, Denver County, Colorado",94609.0,1210.0,431700.0,4937.0,3884.0,10.0,897.0,08,031,000303,2016,08031000303,2010_tracts,240.00716666666665,1.2193590746942975,115362.34269775279,1475.4244803801,526397.3125455283
"Census Tract 4.02, Denver County, Colorado",72684.0,1309.0,400000.0,4948.0,3803.0,58.0,949.0,08,031,000402,2016,08031000402,2010_tracts,240.00716666666665,1.2193590746942975,88627.89498508032,1596.1410287748354,487743.629877719
"Census Tract 9.04, Denver County, Colorado",25481.0,806.0,175000.0,5111.0,1052.0,195.0,3719.0,08,031,000904,2016,08031000904,2010_tracts,240.00716666666665,1.2193590746942975,31070.488582285394,982.8034142036038,213387.83807150208
"Census Tract 9.05, Denver County, Colorado",50952.0,1116.0,153200.0,4203.0,1155.0,16.0,3008.0,08,031,000905,2016,08031000905,2010_tracts,240.00716666666665,1.2193590746942975,62128.78357382384,1360.804727358836,186805.81024316637
"Census Tract 20, Denver County, Colorado",83929.0,1568.0,418600.0,1918.0,1601.0,102.0,128.0,08,031,002000,2016,08031002000,2010_tracts,240.00716666666665,1.2193590746942975,102339.5877800177,1911.9550291206585,510423.70866703294
"Census Tract 83.86, Denver County, Colorado",54482.0,1227.0,183700.0,4905.0,631.0,894.0,3298.0,08,031,008386,2016,08031008386,2010_tracts,240.00716666666665,1.2193590746942975,66433.12110749472,1496.153584649903,223996.26202134244
"Census Tract 83.87, Denver County, Colorado",54487.0,1238.0,186200.0,7028.0,938.0,1657.0,4144.0,08,031,008387,2016,08031008387,2010_tracts,240.00716666666665,1.2193590746942975,66439.21790286819,1509.5665344715403,227044.6597080782
"Census Tract 83.88, Denver County, Colorado",55807.0,1249.0,205700.0,8532.0,1912.0,1919.0,4152.0,08,031,008388,2016,08031008388,2010_tracts,240.00716666666665,1.2193590746942975,68048.77188146467,1522.9794842931776,250822.161664617
"Census Tract 83.89, Denver County, Colorado",85465.0,1827.0,254000.0,10222.0,2605.0,3116.0,3340.0,08,031,008389,2016,08031008389,2010_tracts,240.00716666666665,1.2193590746942975,104212.52331874814,2227.7690294664817,309717.20497235155
"Census Tract 83.90, Denver County, Colorado",61053.0,1304.0,197600.0,9336.0,1880.0,2436.0,3975.0,08,031,008390,2016,08031008390,2010_tracts,240.00716666666665,1.2193590746942975,74445.52958731094,1590.044233401364,240945.35315959319
"Census Tract 30.02, Denver County, Colorado",71618.0,1214.0,388700.0,2560.0,2151.0,49.0,220.0,08,031,003002,2016,08031003002,2010_tracts,240.00716666666665,1.2193590746942975,87328.0582114562,1480.3019166788772,473964.8723336734
"Census Tract 68.09, Denver County, Colorado",54119.0,1115.0,364600.0,7325.0,5196.0,592.0,853.0,08,031,006809,2016,08031006809,2010_tracts,240.00716666666665,1.2193590746942975,65990.49376338068,1359.5853682841416,444578.3186335409
"Census Tract 40.05, Denver County, Colorado",48533.0,876.0,413800.0,3069.0,2302.0,70.0,305.0,08,031,004005,2016,08031004005,2010_tracts,240.00716666666665,1.2193590746942975,59179.15397213834,1068.1585494322046,504570.7851085003
"Census Tract 32.02, Denver County, Colorado",54161.0,978.0,310600.0,3136.0,2631.0,91.0,212.0,08,031,003202,2016,08031003202,2010_tracts,240.00716666666665,1.2193590746942975,66041.70684451784,1192.533175051023,378732.9286000488
"Census Tract 34.01, Denver County, Colorado",85742.0,1235.0,462000.0,2542.0,2307.0,41.0,109.0,08,031,003401,2016,08031003401,2010_tracts,240.00716666666665,1.2193590746942975,104550.28578243846,1505.9084572474574,563343.8925087654
"Census Tract 34.02, Denver County, Colorado",126250.0,1801.0,677300.0,4821.0,4192.0,10.0,336.0,08,031,003402,2016,08031003402,2010_tracts,240.00716666666665,1.2193590746942975,153944.08318015505,2196.0656935244297,825871.9012904477
"Census Tract 40.06, Denver County, Colorado",74221.0,1208.0,900600.0,4666.0,3907.0,51.0,223.0,08,031,004006,2016,08031004006,2010_tracts,240.00716666666665,1.2193590746942975,90502.04988288546,1472.9857622307113,1098154.7826696844
"Census Tract 41.02, Denver County, Colorado",36394.0,1114.0,218800.0,4769.0,952.0,2324.0,1179.0,08,031,004102,2016,08031004102,2010_tracts,240.00716666666665,1.2193590746942975,44377.354164424265,1358.3660092094474,266795.7655431123
"Census Tract 43.02, Denver County, Colorado",83085.0,1017.0,394600.0,2419.0,2064.0,75.0,225.0,08,031,004302,2016,08031004302,2010_tracts,240.00716666666665,1.2193590746942975,101310.4487209757,1240.0881789641005,481159.0908743698
"Census Tract 43.03, Denver County, Colorado",175313.0,2114.0,927000.0,4054.0,3749.0,44.0,116.0,08,031,004303,2016,08031004303,2010_tracts,240.00716666666665,1.2193590746942975,213769.49746188137,2577.7250839037447,1130345.8622416137
"Census Tract 47, Denver County, Colorado",57417.0,870.0,229600.0,6782.0,1758.0,15.0,4296.0,08,031,004700,2016,08031004700,2010_tracts,240.00716666666665,1.2193590746942975,70011.93999172248,1060.8423949840387,279964.8435498107
"Census Tract 51.02, Denver County, Colorado",61349.0,1085.0,293600.0,3736.0,2828.0,85.0,738.0,08,031,005102,2016,08031005102,2010_tracts,240.00716666666665,1.2193590746942975,74806.45987342046,1323.0045960433129,358003.8243302457
"Census Tract 68.13, Denver County, Colorado",39164.0,995.0,200900.0,4258.0,2729.0,1094.0,243.0,08,031,006813,2016,08031006813,2010_tracts,240.00716666666665,1.2193590746942975,47754.97880132747,1213.262279320826,244969.23810608438
"Census Tract 83.04, Denver County, Colorado",47112.0,1385.0,166000.0,4114.0,521.0,902.0,2505.0,08,031,008304,2016,08031008304,2010_tracts,240.00716666666665,1.2193590746942975,57446.444726997746,1688.812318451602,202413.6063992534
"Census Tract 2.01, Denver County, Colorado",49342.0,1135.0,206800.0,4082.0,1536.0,73.0,2399.0,08,031,000201,2016,08031000201,2010_tracts,240.00716666666665,1.2193590746942975,60165.61546356603,1383.9725497780278,252163.45664678072
"Census Tract 45.03, Denver County, Colorado",35208.0,852.0,157200.0,4085.0,474.0,16.0,3474.0,08,031,004503,2016,08031004503,2010_tracts,240.00716666666665,1.2193590746942975,42931.194301836826,1038.8939316395415,191683.24654194358
"Census Tract 19.01, Denver County, Colorado",23125.0,380.0,256100.0,2642.0,886.0,454.0,1241.0,08,031,001901,2016,08031001901,2010_tracts,240.00716666666665,1.2193590746942975,28197.67860230563,463.356448383833,312277.8590292096
"Census Tract 19.02, Denver County, Colorado",85521.0,1250.0,450000.0,812.0,503.0,21.0,169.0,08,031,001902,2016,08031001902,2010_tracts,240.00716666666665,1.2193590746942975,104280.80742693102,1524.1988433678719,548711.5836124339
"Census Tract 41.06, Denver County, Colorado",136307.0,1721.0,503600.0,12563.0,8963.0,911.0,1505.0,08,031,004106,2016,08031004106,2010_tracts,240.00716666666665,1.2193590746942975,166207.17739435562,2098.516967548886,614069.2300160482
"Census Tract 41.07, Denver County, Colorado",103750.0,1481.0,435000.0,6937.0,5158.0,586.0,627.0,08,031,004107,2016,08031004107,2010_tracts,240.00716666666665,1.2193590746942975,126508.50399953336,1805.8707896222545,530421.1974920194
"Census Tract 45.04, Denver County, Colorado",42256.0,997.0,151500.0,4506.0,551.0,83.0,3515.0,08,031,004504,2016,08031004504,2010_tracts,240.00716666666665,1.2193590746942975,51525.237060282234,1215.7009974702146,184732.89981618608
"Census Tract 45.05, Denver County, Colorado",30192.0,983.0,162200.0,4606.0,626.0,105.0,3709.0,08,031,004505,2016,08031004505,2010_tracts,240.00716666666665,1.2193590746942975,36814.88918317023,1198.6299704244943,197780.04191541506
"Census Tract 45.06, Denver County, Colorado",29464.0,784.0,163400.0,3721.0,331.0,294.0,2686.0,08,031,004506,2016,08031004506,2010_tracts,240.00716666666665,1.2193590746942975,35927.19577679278,955.9775145603293,199243.2728050482
"Census Tract 120.10, Denver County, Colorado",62056.0,1114.0,336200.0,5154.0,3779.0,16.0,803.0,08,031,012010,2016,08031012010,2010_tracts,240.00716666666665,1.2193590746942975,75668.54673922932,1358.3660092094474,409948.5209122228
"Census Tract 35, Denver County, Colorado",43585.0,953.0,153900.0,6920.0,840.0,281.0,5710.0,08,031,003500,2016,08031003500,2010_tracts,240.00716666666665,1.2193590746942975,53145.76527055095,1162.0491981836656,187659.36159545238
"Census Tract 3.02, Denver County, Colorado",79405.0,1043.0,360100.0,4413.0,3382.0,313.0,610.0,08,031,000302,2016,08031000302,2010_tracts,240.00716666666665,1.2193590746942975,96823.20732610069,1271.7915149061523,439091.20279741654
"Census Tract 30.04, Denver County, Colorado",51129.0,967.0,368500.0,6217.0,4951.0,194.0,390.0,08,031,003004,2016,08031003004,2010_tracts,240.00716666666665,1.2193590746942975,62344.61013004473,1179.1202252293856,449333.81902484864
"Census Tract 31.01, Denver County, Colorado",65795.0,849.0,353400.0,1576.0,870.0,238.0,328.0,08,031,003101,2016,08031003101,2010_tracts,240.00716666666665,1.2193590746942975,80227.7303195113,1035.2358544154586,430921.49699696474
"Census Tract 33, Denver County, Colorado",121071.0,1648.0,583100.0,3560.0,3079.0,18.0,314.0,08,031,003300,2016,08031003300,2010_tracts,240.00716666666665,1.2193590746942975,147629.0225323133,2009.5037550962022,711008.2764542449
"Census Tract 41.03, Denver County, Colorado",91214.0,,410200.0,5600.0,3339.0,1395.0,530.0,08,031,004103,2016,08031004103,2010_tracts,240.00716666666665,1.2193590746942975,111222.61863916565,,500181.09243960085
"Census Tract 43.01, Denver County, Colorado",45256.0,869.0,260800.0,4540.0,3273.0,279.0,519.0,08,031,004301,2016,08031004301,2010_tracts,240.00716666666665,1.2193590746942975,55183.31428436513,1059.6230359093445,318008.8466802728
"Census Tract 50.02, Denver County, Colorado",37278.0,935.0,328100.0,7179.0,3435.0,1497.0,1445.0,08,031,005002,2016,08031005002,2010_tracts,240.00716666666665,1.2193590746942975,45455.26758645402,1140.1007348391681,400071.712407199
"Census Tract 53, Denver County, Colorado",39470.0,1015.0,313300.0,1363.0,1027.0,156.0,99.0,08,031,005300,2016,08031005300,2010_tracts,240.00716666666665,1.2193590746942975,48128.102678183925,1237.649460814712,382025.1981017234
"Census Tract 69.01, Denver County, Colorado",31770.0,856.0,285800.0,5478.0,2832.0,717.0,1493.0,08,031,006901,2016,08031006901,2010_tracts,240.00716666666665,1.2193590746942975,38739.037803037834,1043.7713679383187,348492.8235476302
"Census Tract 70.13, Denver County, Colorado",59470.0,1300.0,218900.0,3646.0,2552.0,255.0,580.0,08,031,007013,2016,08031007013,2010_tracts,240.00716666666665,1.2193590746942975,72515.28417206988,1585.1667971025868,266917.7014505817
"Census Tract 83.05, Denver County, Colorado",48551.0,1446.0,138900.0,4519.0,406.0,746.0,3200.0,08,031,008305,2016,08031008305,2010_tracts,240.00716666666665,1.2193590746942975,59201.10243548284,1763.193222007954,169368.97547503794
"Census Tract 28.02, Denver County, Colorado",44881.0,854.0,393100.0,4334.0,3441.0,155.0,619.0,08,031,002802,2016,08031002802,2010_tracts,240.00716666666665,1.2193590746942975,54726.05463135477,1041.33264978893,479330.05226232833
"Census Tract 41.04, Denver County, Colorado",68684.0,1197.0,267300.0,4739.0,2085.0,1663.0,600.0,08,031,004104,2016,08031004104,2010_tracts,240.00716666666665,1.2193590746942975,83750.45868630313,1459.572812409074,325934.68066578574
"Census Tract 68.04, Denver County, Colorado",84049.0,1572.0,394300.0,2423.0,1972.0,37.0,172.0,08,031,006804,2016,08031006804,2010_tracts,240.00716666666665,1.2193590746942975,102485.91086898101,1916.8324654194357,480793.2831519615
"Census Tract 7.01, Denver County, Colorado",22371.0,737.0,293900.0,3906.0,1636.0,184.0,1936.0,08,031,000701,2016,08031000701,2010_tracts,240.00716666666665,1.2193590746942975,27278.281859986128,898.6676380496973,358369.63205265405
"Census Tract 31.02, Denver County, Colorado",30000.0,786.0,347500.0,3318.0,2138.0,525.0,460.0,08,031,003102,2016,08031003102,2010_tracts,240.00716666666665,1.2193590746942975,36580.77224082893,958.4162327097179,423727.27845626837
"Census Tract 36.02, Denver County, Colorado",44601.0,905.0,193900.0,4594.0,1462.0,999.0,1903.0,08,031,003602,2016,08031003602,2010_tracts,240.00716666666665,1.2193590746942975,54384.63409044036,1103.5199625983391,236433.72458322428
"Census Tract 67.01, Denver County, Colorado",66190.0,1422.0,459600.0,3231.0,2755.0,185.0,97.0,08,031,006701,2016,08031006701,2010_tracts,240.00716666666665,1.2193590746942975,80709.37715401556,1733.928604215291,560417.4307294991
"Census Tract 4.01, Denver County, Colorado",62583.0,919.0,364600.0,3237.0,1886.0,49.0,1189.0,08,031,000401,2016,08031000401,2010_tracts,240.00716666666665,1.2193590746942975,76311.14897159323,1120.5909896440594,444578.3186335409
"Census Tract 24.03, Denver County, Colorado",43182.0,946.0,327800.0,3633.0,2203.0,349.0,876.0,08,031,002403,2016,08031002403,2010_tracts,240.00716666666665,1.2193590746942975,52654.36356344915,1153.5136846608054,399705.9046847907
"Census Tract 119.02, Denver County, Colorado",62515.0,1024.0,247100.0,6602.0,2788.0,438.0,2963.0,08,031,011902,2016,08031011902,2010_tracts,240.00716666666665,1.2193590746942975,76228.232554514,1248.6236924869606,301303.6273569609
"Census Tract 7.02, Denver County, Colorado",24721.0,808.0,274700.0,5173.0,1803.0,587.0,2412.0,08,031,000702,2016,08031000702,2010_tracts,240.00716666666665,1.2193590746942975,30143.77568551773,985.2421323529924,334957.9378185235
"Census Tract 27.02, Denver County, Colorado",54228.0,981.0,243700.0,5957.0,4968.0,95.0,369.0,08,031,002702,2016,08031002702,2010_tracts,240.00716666666665,1.2193590746942975,66123.40390252236,1196.1912522751059,297157.8065030003
"Census Tract 39.01, Denver County, Colorado",135396.0,1740.0,761500.0,4597.0,4262.0,77.0,211.0,08,031,003901,2016,08031003901,2010_tracts,240.00716666666665,1.2193590746942975,165096.3412773091,2121.6847899680774,928541.9353797075
"Census Tract 6, Denver County, Colorado",42292.0,854.0,356600.0,2973.0,1304.0,130.0,1418.0,08,031,000600,2016,08031000600,2010_tracts,240.00716666666665,1.2193590746942975,51569.13398697123,1041.33264978893,434823.4460359865
"Census Tract 8, Denver County, Colorado",11410.0,261.0,,1448.0,258.0,471.0,624.0,08,031,000800,2016,08031000800,2010_tracts,240.00716666666665,1.2193590746942975,13912.887042261935,318.25271849521164,
"Census Tract 9.02, Denver County, Colorado",55738.0,1085.0,183800.0,6093.0,1261.0,168.0,4396.0,08,031,000902,2016,08031000902,2010_tracts,240.00716666666665,1.2193590746942975,67964.63610531075,1323.0045960433129,224118.1979288119
"Census Tract 36.01, Denver County, Colorado",48700.0,857.0,265400.0,4775.0,1539.0,666.0,2463.0,08,031,003601,2017,08031003601,2010_tracts,245.11958333333334,1.1939271138066965,58144.25044238612,1023.1955365323389,316868.25600429723
"Census Tract 37.01, Denver County, Colorado",54861.0,941.0,398100.0,3375.0,2591.0,315.0,349.0,08,031,003701,2017,08031003701,2010_tracts,245.11958333333334,1.1939271138066965,65500.03539054917,1123.4854140921013,475302.3840064459
"Census Tract 37.02, Denver County, Colorado",49375.0,965.0,425400.0,4877.0,4062.0,390.0,369.0,08,031,003702,2017,08031003702,2010_tracts,245.11958333333334,1.1939271138066965,58950.15124420564,1152.139664823462,507896.59421336866
"Census Tract 43.04, Denver County, Colorado",94861.0,1481.0,385800.0,5896.0,4683.0,34.0,892.0,08,031,004304,2017,08031004304,2010_tracts,245.11958333333334,1.1939271138066965,113257.11994281704,1768.2060555477174,460617.0805066235
"Census Tract 50.01, Denver County, Colorado",65762.0,1417.0,281300.0,2704.0,1799.0,269.0,303.0,08,031,005001,2017,08031005001,2010_tracts,245.11958333333334,1.1939271138066965,78515.03485815597,1691.794720264089,335851.6971138237
"Census Tract 55.03, Denver County, Colorado",69302.0,921.0,272200.0,4826.0,2983.0,76.0,1338.0,08,031,005503,2017,08031005503,2010_tracts,245.11958333333334,1.1939271138066965,82741.53684103167,1099.6068718159675,324986.96037818276
"Census Tract 68.14, Denver County, Colorado",52150.0,1079.0,332100.0,4955.0,2521.0,975.0,1181.0,08,031,006814,2017,08031006814,2010_tracts,245.11958333333334,1.1939271138066965,62263.298985019224,1288.2473557974256,396503.1944952039
"Census Tract 70.06, Denver County, Colorado",36464.0,1079.0,,4836.0,1762.0,597.0,1643.0,08,031,007006,2017,08031007006,2010_tracts,245.11958333333334,1.1939271138066965,43535.35827784738,1288.2473557974256,
"Census Tract 83.04, Denver County, Colorado",48468.0,1337.0,173100.0,3850.0,492.0,871.0,2258.0,08,031,008304,2017,08031008304,2010_tracts,245.11958333333334,1.1939271138066965,57867.25935198297,1596.2805511595532,206668.78339993916
"Census Tract 45.03, Denver County, Colorado",38493.0,950.0,175000.0,4232.0,620.0,17.0,3449.0,08,031,004503,2017,08031004503,2010_tracts,245.11958333333334,1.1939271138066965,45957.836391761164,1134.2307581163616,208937.24491617188
"Census Tract 45.04, Denver County, Colorado",41800.0,1033.0,181800.0,4393.0,566.0,112.0,3373.0,08,031,004504,2017,08031004504,2010_tracts,245.11958333333334,1.1939271138066965,49906.15335711991,1233.3267085623174,217055.9492900574
"Census Tract 45.05, Denver County, Colorado",24891.0,1004.0,174800.0,4747.0,696.0,147.0,3830.0,08,031,004505,2017,08031004505,2010_tracts,245.11958333333334,1.1939271138066965,29718.039789762483,1198.7028222619233,208698.45949341054
"Census Tract 45.06, Denver County, Colorado",35355.0,813.0,174700.0,4020.0,352.0,340.0,2976.0,08,031,004506,2017,08031004506,2010_tracts,245.11958333333334,1.1939271138066965,42211.29310863576,970.6627435248442,208579.06678202987
"Census Tract 83.86, Denver County, Colorado",59832.0,1372.0,212600.0,5259.0,637.0,846.0,3619.0,08,031,008386,2017,08031008386,2010_tracts,245.11958333333334,1.1939271138066965,71435.04707328226,1638.0680001427875,253828.90439530366
"Census Tract 83.87, Denver County, Colorado",63383.0,1256.0,203500.0,7446.0,830.0,1647.0,4588.0,08,031,008387,2017,08031008387,2010_tracts,245.11958333333334,1.1939271138066965,75674.68225440984,1499.5724549412107,242964.16765966272
"Census Tract 83.88, Denver County, Colorado",60824.0,1391.0,224900.0,9583.0,2036.0,2183.0,4689.0,08,031,008388,2017,08031008388,2010_tracts,245.11958333333334,1.1939271138066965,72619.42277017851,1660.752615305115,268514.207895126
"Census Tract 83.89, Denver County, Colorado",80917.0,1860.0,269100.0,10589.0,2753.0,3196.0,3397.0,08,031,008389,2017,08031008389,2010_tracts,245.11958333333334,1.1939271138066965,96609.00026789645,2220.7044316804554,321285.786325382
"Census Tract 83.90, Denver County, Colorado",64545.0,1543.0,221800.0,9485.0,1962.0,2633.0,4215.0,08,031,008390,2017,08031008390,2010_tracts,245.11958333333334,1.1939271138066965,77062.02556065323,1842.2295366037326,264813.03384232527
"Census Tract 83.91, Denver County, Colorado",67768.0,1504.0,229100.0,6898.0,1703.0,1885.0,2592.0,08,031,008391,2017,08031008391,2010_tracts,245.11958333333334,1.1939271138066965,80910.05264845221,1795.6663791652716,273528.70177311415
"Census Tract 153, Denver County, Colorado",49333.0,1024.0,262300.0,3770.0,2539.0,259.0,608.0,08,031,015300,2017,08031015300,2010_tracts,245.11958333333334,1.1939271138066965,58900.006305425755,1222.5813645380572,313167.0819514965
"Census Tract 154, Denver County, Colorado",68342.0,1197.0,326900.0,4605.0,3128.0,64.0,1293.0,08,031,015400,2017,08031015400,2010_tracts,245.11958333333334,1.1939271138066965,81595.36681177725,1429.1307552266157,390294.77350340906
"Census Tract 155, Denver County, Colorado",49918.0,1034.0,315700.0,3794.0,2264.0,192.0,1149.0,08,031,015500,2017,08031015500,2010_tracts,245.11958333333334,1.1939271138066965,59598.45366700267,1234.5206356761241,376922.78982877405
"Census Tract 156, Denver County, Colorado",34565.0,822.0,195800.0,8536.0,1341.0,180.0,6254.0,08,031,015600,2017,08031015600,2010_tracts,245.11958333333334,1.1939271138066965,41268.090688728465,981.4080875491045,233770.92888335118
"Census Tract 19.01, Denver County, Colorado",26224.0,429.0,288200.0,2787.0,980.0,331.0,1399.0,08,031,001901,2017,08031001901,2010_tracts,245.11958333333334,1.1939271138066965,31309.54463246681,512.1947318230727,344089.7941990899
"Census Tract 19.02, Denver County, Colorado",,,500000.0,798.0,540.0,21.0,169.0,08,031,001902,2017,08031001902,2010_tracts,245.11958333333334,1.1939271138066965,,,596963.5569033482
"Census Tract 9.02, Denver County, Colorado",55871.0,1091.0,201000.0,6248.0,1218.0,175.0,4605.0,08,031,000902,2017,08031000902,2010_tracts,245.11958333333334,1.1939271138066965,66705.90177549394,1302.574481163106,239979.349875146
"Census Tract 2.01, Denver County, Colorado",52031.0,1206.0,229100.0,3881.0,1438.0,69.0,2285.0,08,031,000201,2017,08031000201,2010_tracts,245.11958333333334,1.1939271138066965,62121.22165847622,1439.876099250876,273528.70177311415
"Census Tract 6, Denver County, Colorado",50682.0,942.0,455600.0,3248.0,1612.0,42.0,1460.0,08,031,000600,2017,08031000600,2010_tracts,245.11958333333334,1.1939271138066965,60510.61398195099,1124.679341205908,543953.193050331
"Census Tract 8, Denver County, Colorado",9578.0,242.0,,1441.0,171.0,455.0,686.0,08,031,000800,2017,08031000800,2010_tracts,245.11958333333334,1.1939271138066965,11435.433896040538,288.9303615412205,
"Census Tract 9.03, Denver County, Colorado",42719.0,1100.0,168000.0,6453.0,1536.0,33.0,4844.0,08,031,000903,2017,08031000903,2010_tracts,245.11958333333334,1.1939271138066965,51003.37237470827,1313.3198251873662,200579.755119525
"Census Tract 11.01, Denver County, Colorado",49602.0,853.0,286600.0,2626.0,764.0,117.0,1641.0,08,031,001101,2017,08031001101,2010_tracts,245.11958333333334,1.1939271138066965,59221.17269903976,1018.4198280771121,342179.5108169992
"Census Tract 13.01, Denver County, Colorado",54911.0,1135.0,199000.0,5451.0,1049.0,113.0,3886.0,08,031,001301,2017,08031001301,2010_tracts,245.11958333333334,1.1939271138066965,65559.73174623951,1355.1072741706005,237591.4956475326
"Census Tract 13.02, Denver County, Colorado",43478.0,1285.0,208200.0,4295.0,1046.0,50.0,3032.0,08,031,001302,2017,08031001302,2010_tracts,245.11958333333334,1.1939271138066965,51909.56305408755,1534.196341241605,248575.6250945542
"Census Tract 14.02, Denver County, Colorado",42944.0,1045.0,190900.0,4941.0,838.0,423.0,3185.0,08,031,001402,2017,08031001402,2010_tracts,245.11958333333334,1.1939271138066965,51272.00597531477,1247.6538339279978,227920.68602569835
"Census Tract 17.02, Denver County, Colorado",64709.0,1438.0,374800.0,4107.0,3105.0,200.0,431.0,08,031,001702,2017,08031001702,2010_tracts,245.11958333333334,1.1939271138066965,77257.82960731752,1716.8671896540295,447483.8822547498
"Census Tract 18, Denver County, Colorado",47576.0,1218.0,262500.0,3417.0,1722.0,170.0,1370.0,08,031,001800,2017,08031001800,2010_tracts,245.11958333333334,1.1939271138066965,56802.27636646739,1454.2032246165563,313405.8673742578
"Census Tract 21, Denver County, Colorado",67996.0,978.0,370100.0,6136.0,3886.0,106.0,1724.0,08,031,002100,2017,08031002100,2010_tracts,245.11958333333334,1.1939271138066965,81182.26803040014,1167.6607173029493,441872.42481985834
"Census Tract 27.03, Denver County, Colorado",41260.0,982.0,221200.0,5219.0,3978.0,309.0,502.0,08,031,002703,2017,08031002703,2010_tracts,245.11958333333334,1.1939271138066965,49261.4327156643,1172.436425758176,264096.67757404124
"Census Tract 28.01, Denver County, Colorado",64771.0,1193.0,411100.0,2791.0,2331.0,32.0,241.0,08,031,002801,2017,08031002801,2010_tracts,245.11958333333334,1.1939271138066965,77331.85308837354,1424.355046771389,490823.4364859329
"Census Tract 26.01, Denver County, Colorado",48153.0,1034.0,359700.0,3316.0,2471.0,321.0,361.0,08,031,002601,2017,08031002601,2010_tracts,245.11958333333334,1.1939271138066965,57491.17231113386,1234.5206356761241,429455.5828362687
"Census Tract 28.03, Denver County, Colorado",55307.0,1162.0,358500.0,4655.0,3982.0,86.0,292.0,08,031,002803,2017,08031002803,2010_tracts,245.11958333333334,1.1939271138066965,66032.52688330696,1387.3433062433812,428022.8702997007
"Census Tract 55.02, Denver County, Colorado",80625.0,1361.0,298400.0,2111.0,1233.0,97.0,670.0,08,031,005502,2017,08031005502,2010_tracts,245.11958333333334,1.1939271138066965,96260.37355066491,1624.9348018909138,356267.8507599182
"Census Tract 70.88, Denver County, Colorado",63878.0,1395.0,252200.0,4904.0,2596.0,823.0,931.0,08,031,007088,2017,08031007088,2010_tracts,245.11958333333334,1.1939271138066965,76265.67617574416,1665.5283237603417,301108.41810204886
"Census Tract 70.89, Denver County, Colorado",30777.0,865.0,125700.0,5102.0,3746.0,642.0,504.0,08,031,007089,2017,08031007089,2010_tracts,245.11958333333334,1.1939271138066965,36745.494781628695,1032.7469534427923,150076.63820550175
"Census Tract 157, Denver County, Colorado",43659.0,1070.0,270800.0,5901.0,2043.0,226.0,3184.0,08,031,015700,2017,08031015700,2010_tracts,245.11958333333334,1.1939271138066965,52125.66386168656,1277.5020117731651,323315.4624188534
"Census Tract 9800, Denver County, Colorado",51971.0,1344.0,143600.0,1428.0,543.0,369.0,377.0,08,031,980000,2017,08031980000,2010_tracts,245.11958333333334,1.1939271138066965,62049.58603164782,1604.6380409562,171447.9335426416
"Census Tract 9801, Denver County, Colorado",,,,0.0,0.0,0.0,0.0,08,031,980100,2017,08031980100,2010_tracts,245.11958333333334,1.1939271138066965,,,
"Census Tract 26.02, Denver County, Colorado",77500.0,1395.0,359000.0,2724.0,2197.0,137.0,249.0,08,031,002602,2017,08031002602,2010_tracts,245.11958333333334,1.1939271138066965,92529.35132001898,1665.5283237603417,428619.83385660406
"Census Tract 27.01, Denver County, Colorado",38193.0,907.0,240000.0,4721.0,3604.0,155.0,604.0,08,031,002701,2017,08031002701,2010_tracts,245.11958333333334,1.1939271138066965,45599.65825761916,1082.8918922226737,286542.50731360714
"Census Tract 120.01, Denver County, Colorado",74808.0,1042.0,429400.0,2114.0,1454.0,0.0,545.0,08,031,012001,2017,08031012001,2010_tracts,245.11958333333334,1.1939271138066965,89315.29952965135,1244.0720525865777,512672.30266859545
"Census Tract 32.01, Denver County, Colorado",61364.0,1117.0,293700.0,5567.0,4476.0,262.0,521.0,08,031,003201,2017,08031003201,2010_tracts,245.11958333333334,1.1939271138066965,73264.14341163413,1333.61658612208,350656.39332502673
"Census Tract 38, Denver County, Colorado",107168.0,1480.0,762500.0,7140.0,6211.0,91.0,480.0,08,031,003800,2017,08031003800,2010_tracts,245.11958333333334,1.1939271138066965,127950.78093243604,1767.0121284339107,910369.4242776061
"Census Tract 40.02, Denver County, Colorado",114881.0,2143.0,584500.0,3529.0,2932.0,26.0,371.0,08,031,004002,2017,08031004002,2010_tracts,245.11958333333334,1.1939271138066965,137159.5407612271,2558.5858048877503,697850.398020014
"Census Tract 40.04, Denver County, Colorado",76809.0,1629.0,404100.0,1942.0,1711.0,50.0,80.0,08,031,004004,2017,08031004004,2010_tracts,245.11958333333334,1.1939271138066965,91704.34768437855,1944.9072683911086,482465.94668928604
"Census Tract 42.01, Denver County, Colorado",103167.0,1007.0,583400.0,4866.0,3951.0,276.0,377.0,08,031,004201,2017,08031004201,2010_tracts,245.11958333333334,1.1939271138066965,123173.87855009545,1202.2846036033434,696537.0781948267
"Census Tract 42.02, Denver County, Colorado",108242.0,1023.0,474100.0,4625.0,3294.0,574.0,488.0,08,031,004202,2017,08031004202,2010_tracts,245.11958333333334,1.1939271138066965,129233.05865266443,1221.3874374242505,566040.8446557547
"Census Tract 43.06, Denver County, Colorado",102808.0,1648.0,609300.0,5490.0,4471.0,280.0,356.0,08,031,004306,2017,08031004306,2010_tracts,245.11958333333334,1.1939271138066965,122745.25871623885,1967.5918835534358,727459.7904424202
"Census Tract 44.04, Denver County, Colorado",35771.0,895.0,234900.0,6526.0,1812.0,1999.0,1295.0,08,031,004404,2017,08031004404,2010_tracts,245.11958333333334,1.1939271138066965,42707.96678797934,1068.5647668569934,280453.479033193
"Census Tract 44.05, Denver County, Colorado",82048.0,1375.0,527900.0,8593.0,6405.0,474.0,1062.0,08,031,004405,2017,08031004405,2010_tracts,245.11958333333334,1.1939271138066965,97959.33183361184,1641.6497814842076,630274.123378555
"Census Tract 46.02, Denver County, Colorado",48731.0,947.0,192000.0,7480.0,1260.0,235.0,5220.0,08,031,004602,2017,08031004602,2010_tracts,245.11958333333334,1.1939271138066965,58181.26218291413,1130.6489767749415,229234.00585088573
"Census Tract 48.01, Denver County, Colorado",74886.0,1610.0,256100.0,3677.0,1433.0,0.0,1613.0,08,031,004801,2017,08031004801,2010_tracts,245.11958333333334,1.1939271138066965,89408.42584452828,1922.2226532287814,305764.733845895
"Census Tract 70.37, Denver County, Colorado",37141.0,854.0,256900.0,4503.0,889.0,1351.0,1884.0,08,031,007037,2017,08031007037,2010_tracts,245.11958333333334,1.1939271138066965,44343.64693389452,1019.6137551909188,306719.87553694035
"Census Tract 83.12, Denver County, Colorado",55366.0,1343.0,185900.0,8139.0,725.0,2027.0,4907.0,08,031,008312,2017,08031008312,2010_tracts,245.11958333333334,1.1939271138066965,66102.96858302156,1603.4441138423933,221951.05045666487
"Census Tract 120.10, Denver County, Colorado",67913.0,1217.0,358900.0,5245.0,3548.0,0.0,845.0,08,031,012010,2017,08031012010,2010_tracts,245.11958333333334,1.1939271138066965,81083.17207995418,1453.0092975027496,428500.4411452234
"Census Tract 35, Denver County, Colorado",45943.0,1019.0,171600.0,6687.0,960.0,259.0,5389.0,08,031,003500,2017,08031003500,2010_tracts,245.11958333333334,1.1939271138066965,54852.593389621055,1216.6117289690237,204877.89272922912
"Census Tract 3.02, Denver County, Colorado",90202.0,1023.0,418100.0,4573.0,3708.0,255.0,478.0,08,031,000302,2017,08031000302,2010_tracts,245.11958333333334,1.1939271138066965,107694.61351959163,1221.3874374242505,499180.9262825798
"Census Tract 30.04, Denver County, Colorado",59044.0,1085.0,400000.0,6190.0,4913.0,138.0,462.0,08,031,003004,2017,08031003004,2010_tracts,245.11958333333334,1.1939271138066965,70494.23250760259,1295.4109184802658,477570.8455226786
"Census Tract 31.01, Denver County, Colorado",57750.0,848.0,382000.0,1692.0,949.0,254.0,331.0,08,031,003101,2017,08031003101,2010_tracts,245.11958333333334,1.1939271138066965,68949.29082233673,1012.4501925080787,456080.15747415804
"Census Tract 2.02, Denver County, Colorado",52946.0,659.0,321800.0,3994.0,1817.0,110.0,1898.0,08,031,000202,2017,08031000202,2010_tracts,245.11958333333334,1.1939271138066965,63213.66496760935,786.797967998613,384205.74522299494
"Census Tract 5.02, Denver County, Colorado",52042.0,627.0,411000.0,5916.0,3414.0,311.0,1898.0,08,031,000502,2017,08031000502,2010_tracts,245.11958333333334,1.1939271138066965,62134.354856728096,748.5923003567987,490704.04377455224
"Census Tract 14.01, Denver County, Colorado",40680.0,714.0,186200.0,6461.0,1411.0,75.0,4329.0,08,031,001401,2017,08031001401,2010_tracts,245.11958333333334,1.1939271138066965,48568.95498965641,852.4639592579813,222309.2285908069
"Census Tract 24.02, Denver County, Colorado",72031.0,903.0,445900.0,1988.0,1265.0,331.0,241.0,08,031,002402,2017,08031002402,2010_tracts,245.11958333333334,1.1939271138066965,85999.76393461015,1078.116183767447,532372.1000464059
"Census Tract 36.03, Denver County, Colorado",67375.0,1111.0,340000.0,3245.0,1621.0,1325.0,173.0,08,031,003603,2017,08031003603,2010_tracts,245.11958333333334,1.1939271138066965,80440.83929272617,1326.4530234392398,405935.2186942768
"Census Tract 39.02, Denver County, Colorado",111656.0,1682.0,538100.0,4749.0,4080.0,53.0,449.0,08,031,003902,2017,08031003902,2010_tracts,245.11958333333334,1.1939271138066965,133309.1258192005,2008.1854054228634,642452.1799393834
"Census Tract 40.03, Denver County, Colorado",76921.0,1644.0,303400.0,4335.0,3434.0,13.0,633.0,08,031,004003,2017,08031004003,2010_tracts,245.11958333333334,1.1939271138066965,91838.0675211249,1962.816175098209,362237.4863289517
"Census Tract 46.03, Denver County, Colorado",52700.0,1061.0,230700.0,5936.0,2285.0,208.0,3182.0,08,031,004603,2017,08031004603,2010_tracts,245.11958333333334,1.1939271138066965,62919.9588976129,1266.7566677489049,275438.9851552049
"Census Tract 1.02, Denver County, Colorado",84211.0,1194.0,387400.0,3456.0,2378.0,64.0,834.0,08,031,000102,2017,08031000102,2010_tracts,245.11958333333334,1.1939271138066965,100541.79618077572,1425.5489738851957,462527.36388871423
"Census Tract 3.03, Denver County, Colorado",88014.0,1140.0,459200.0,4426.0,3667.0,27.0,607.0,08,031,000303,2017,08031000303,2010_tracts,245.11958333333334,1.1939271138066965,105082.30099458258,1361.076909739634,548251.330660035
"Census Tract 4.02, Denver County, Colorado",83011.0,1361.0,431700.0,5174.0,4107.0,67.0,740.0,08,031,000402,2017,08031000402,2010_tracts,245.11958333333334,1.1939271138066965,99109.08364420768,1624.9348018909138,515418.3350303509
"Census Tract 9.04, Denver County, Colorado",25039.0,866.0,194800.0,5179.0,1186.0,195.0,3651.0,08,031,000904,2017,08031000904,2010_tracts,245.11958333333334,1.1939271138066965,29894.74100260587,1033.940880556599,232577.00176954447
"Census Tract 9.05, Denver County, Colorado",55101.0,1168.0,175000.0,4221.0,1231.0,6.0,2923.0,08,031,000905,2017,08031000905,2010_tracts,245.11958333333334,1.1939271138066965,65786.57789786278,1394.5068689262214,208937.24491617188
"Census Tract 20, Denver County, Colorado",79365.0,1622.0,459300.0,1962.0,1596.0,124.0,146.0,08,031,002000,2017,08031002000,2010_tracts,245.11958333333334,1.1939271138066965,94756.02538726847,1936.5497785944617,548370.7233714156
"Census Tract 30.02, Denver County, Colorado",82959.0,1518.0,438500.0,2498.0,2101.0,35.0,254.0,08,031,003002,2017,08031003002,2010_tracts,245.11958333333334,1.1939271138066965,99046.99943428973,1812.3813587585653,523537.0394042364
"Census Tract 68.09, Denver County, Colorado",61484.0,1222.0,390800.0,7342.0,5697.0,449.0,799.0,08,031,006809,2017,08031006809,2010_tracts,245.11958333333334,1.1939271138066965,73407.41466529093,1458.978933071783,466586.716075657
"Census Tract 40.05, Denver County, Colorado",52045.0,968.0,421300.0,3279.0,2346.0,46.0,448.0,08,031,004005,2017,08031004005,2010_tracts,245.11958333333334,1.1939271138066965,62137.93663806952,1155.721446164882,503001.4930467612
"Census Tract 32.02, Denver County, Colorado",58575.0,1202.0,340700.0,3328.0,2793.0,80.0,226.0,08,031,003202,2017,08031003202,2010_tracts,245.11958333333334,1.1939271138066965,69934.28069122725,1435.1003907956492,406770.9676739415
"Census Tract 34.01, Denver County, Colorado",101047.0,1577.0,518400.0,2684.0,2438.0,28.0,134.0,08,031,003401,2017,08031003401,2010_tracts,245.11958333333334,1.1939271138066965,120642.75306882526,1882.8230584731602,618931.8157973915
"Census Tract 34.02, Denver County, Colorado",141136.0,2110.0,714300.0,4716.0,4205.0,7.0,273.0,08,031,003402,2017,08031003402,2010_tracts,245.11958333333334,1.1939271138066965,168506.09713422193,2519.1862101321294,852822.1373921233
"Census Tract 40.06, Denver County, Colorado",87647.0,1259.0,888700.0,4820.0,4116.0,6.0,281.0,08,031,004006,2017,08031004006,2010_tracts,245.11958333333334,1.1939271138066965,104644.12974381553,1503.1542362826308,1061043.026040011
"Census Tract 41.02, Denver County, Colorado",43222.0,1269.0,245100.0,5066.0,1052.0,2409.0,1314.0,08,031,004102,2017,08031004102,2010_tracts,245.11958333333334,1.1939271138066965,51603.917712953036,1515.0935074206977,292631.5355940213
"Census Tract 43.02, Denver County, Colorado",85286.0,1241.0,401500.0,2409.0,2100.0,66.0,194.0,08,031,004302,2017,08031004302,2010_tracts,245.11958333333334,1.1939271138066965,101825.26782811791,1481.6635482341103,479361.73619338864
"Census Tract 43.03, Denver County, Colorado",179653.0,2269.0,934400.0,4020.0,3680.0,44.0,134.0,08,031,004303,2017,08031004303,2010_tracts,245.11958333333334,1.1939271138066965,214492.58777671444,2709.0206212273943,1115605.4951409772
"Census Tract 47, Denver County, Colorado",60101.0,984.0,245900.0,7237.0,2006.0,10.0,4739.0,08,031,004700,2017,08031004700,2010_tracts,245.11958333333334,1.1939271138066965,71756.21346689627,1174.8242799857894,293586.6772850667
"Census Tract 51.02, Denver County, Colorado",66750.0,1077.0,332200.0,4019.0,3058.0,41.0,808.0,08,031,005102,2017,08031005102,2010_tracts,245.11958333333334,1.1939271138066965,79694.634846597,1285.8595015698122,396622.5872065846
"Census Tract 68.13, Denver County, Colorado",46473.0,1114.0,220200.0,4267.0,2640.0,1088.0,309.0,08,031,006813,2017,08031006813,2010_tracts,245.11958333333334,1.1939271138066965,55485.374759938604,1330.03480478066,262902.7504602346
"Census Tract 33, Denver County, Colorado",126500.0,1734.0,621200.0,3505.0,2987.0,28.0,328.0,08,031,003300,2017,08031003300,2010_tracts,245.11958333333334,1.1939271138066965,151031.77989654712,2070.2696153408115,741667.5230967199
"Census Tract 41.03, Denver County, Colorado",113250.0,1324.0,435200.0,5485.0,3509.0,1290.0,417.0,08,031,004103,2017,08031004103,2010_tracts,245.11958333333334,1.1939271138066965,135212.24563860838,1580.7594986800661,519597.0799286743
"Census Tract 43.01, Denver County, Colorado",46121.0,908.0,328900.0,4651.0,3494.0,285.0,445.0,08,031,004301,2017,08031004301,2010_tracts,245.11958333333334,1.1939271138066965,55065.11241587865,1084.0858193364804,392682.6277310225
"Census Tract 50.02, Denver County, Colorado",40875.0,988.0,294000.0,7408.0,3452.0,1762.0,1341.0,08,031,005002,2017,08031005002,2010_tracts,245.11958333333334,1.1939271138066965,48801.770776848716,1179.5999884410162,351014.57145916874
"Census Tract 53, Denver County, Colorado",41450.0,1302.0,324000.0,1371.0,1073.0,110.0,49.0,08,031,005300,2017,08031005300,2010_tracts,245.11958333333334,1.1939271138066965,49488.27886728757,1554.4931021763189,386832.38487336965
"Census Tract 69.01, Denver County, Colorado",35078.0,963.0,362900.0,5819.0,3557.0,626.0,1196.0,08,031,006901,2017,08031006901,2010_tracts,245.11958333333334,1.1939271138066965,41880.5752981113,1149.7518105958486,433276.1496004501
"Census Tract 70.13, Denver County, Colorado",62026.0,1367.0,227600.0,3799.0,2585.0,230.0,629.0,08,031,007013,2017,08031007013,2010_tracts,245.11958333333334,1.1939271138066965,74054.52316097416,1632.098364573754,271737.81110240414
"Census Tract 83.05, Denver County, Colorado",52500.0,1439.0,162300.0,4652.0,531.0,809.0,3025.0,08,031,008305,2017,08031008305,2010_tracts,245.11958333333334,1.1939271138066965,62681.17347485157,1718.0611167678362,193774.37057082684
"Census Tract 28.02, Denver County, Colorado",54656.0,916.0,394500.0,4347.0,3180.0,118.0,889.0,08,031,002802,2017,08031002802,2010_tracts,245.11958333333334,1.1939271138066965,65255.280332218805,1093.637236246934,471004.2463967418
"Census Tract 41.04, Denver County, Colorado",79117.0,1217.0,287800.0,4866.0,2170.0,1443.0,795.0,08,031,004104,2017,08031004104,2010_tracts,245.11958333333334,1.1939271138066965,94459.9314630444,1453.0092975027496,343612.22335356724
"Census Tract 68.04, Denver County, Colorado",84646.0,1687.0,416200.0,2776.0,2257.0,70.0,209.0,08,031,006804,2017,08031006804,2010_tracts,245.11958333333334,1.1939271138066965,101061.15447528163,2014.1550409918968,496912.4647663471
"Census Tract 7.01, Denver County, Colorado",30610.0,746.0,376900.0,4351.0,1733.0,314.0,2128.0,08,031,000701,2017,08031000701,2010_tracts,245.11958333333334,1.1939271138066965,36546.10895362298,890.6696268997956,449991.1291937439
"Census Tract 31.02, Denver County, Colorado",43720.0,892.0,409400.0,3428.0,2389.0,464.0,402.0,08,031,003102,2017,08031003102,2010_tracts,245.11958333333334,1.1939271138066965,52198.49341562877,1064.9829855155733,488793.76039246155
"Census Tract 36.02, Denver County, Colorado",45420.0,965.0,238800.0,4253.0,1361.0,762.0,1868.0,08,031,003602,2017,08031003602,2010_tracts,245.11958333333334,1.1939271138066965,54228.16950910015,1152.139664823462,285109.7947770391
"Census Tract 67.01, Denver County, Colorado",71196.0,1492.0,484800.0,3384.0,2902.0,202.0,104.0,08,031,006701,2017,08031006701,2010_tracts,245.11958333333334,1.1939271138066965,85002.83479458156,1781.3392537995912,578815.8647734864
"Census Tract 4.01, Denver County, Colorado",60341.0,989.0,385700.0,3428.0,1884.0,45.0,1396.0,08,031,000401,2017,08031000401,2010_tracts,245.11958333333334,1.1939271138066965,72042.75597420987,1180.793915554823,460497.6877952428
"Census Tract 24.03, Denver County, Colorado",43447.0,1025.0,355600.0,3685.0,2132.0,392.0,839.0,08,031,002403,2017,08031002403,2010_tracts,245.11958333333334,1.1939271138066965,51872.55131355954,1223.7752916518639,424560.48166966124
"Census Tract 119.02, Denver County, Colorado",60716.0,1129.0,255200.0,6415.0,3045.0,668.0,2225.0,08,031,011902,2017,08031011902,2010_tracts,245.11958333333334,1.1939271138066965,72490.47864188738,1347.9437114877603,304690.19944346894
"Census Tract 7.02, Denver County, Colorado",25091.0,799.0,323400.0,5128.0,1722.0,745.0,2289.0,08,031,000702,2017,08031000702,2010_tracts,245.11958333333334,1.1939271138066965,29956.82521252382,953.9477639315505,386116.0286050856
"Census Tract 27.02, Denver County, Colorado",56434.0,1106.0,239900.0,5913.0,4786.0,97.0,553.0,08,031,002702,2017,08031002702,2010_tracts,245.11958333333334,1.1939271138066965,67378.08274056712,1320.4833878702063,286423.1146022265
"Census Tract 39.01, Denver County, Colorado",135074.0,1813.0,742100.0,4275.0,3829.0,87.0,266.0,08,031,003901,2017,08031003901,2010_tracts,245.11958333333334,1.1939271138066965,161268.51097032573,2164.5898573315408,886013.3111559495
"Census Tract 120.14, Denver County, Colorado",63355.0,1228.0,229900.0,6414.0,4765.0,0.0,1059.0,08,031,012014,2017,08031012014,2010_tracts,245.11958333333334,1.1939271138066965,75641.25229522325,1466.1424957546233,274483.8434641595
"Census Tract 29.01, Denver County, Colorado",79063.0,1265.0,436500.0,3310.0,2853.0,6.0,228.0,08,031,002901,2017,08031002901,2010_tracts,245.11958333333334,1.1939271138066965,94395.45939889885,1510.317798965471,521149.185176623
"Census Tract 30.01, Denver County, Colorado",101227.0,1081.0,487900.0,5722.0,5070.0,114.0,431.0,08,031,003001,2017,08031003001,2010_tracts,245.11958333333334,1.1939271138066965,120857.65994931046,1290.635210025039,582517.0388262873
"Census Tract 30.03, Denver County, Colorado",56144.0,1294.0,435600.0,3386.0,2759.0,123.0,258.0,08,031,003003,2017,08031003003,2010_tracts,245.11958333333334,1.1939271138066965,67031.84387756317,1544.9416852658653,520074.65077419695
"Census Tract 37.03, Denver County, Colorado",62061.0,1020.0,444200.0,3177.0,2440.0,127.0,481.0,08,031,003703,2017,08031003703,2010_tracts,245.11958333333334,1.1939271138066965,74096.31060995739,1217.8056560828304,530342.4239529346
"Census Tract 44.03, Denver County, Colorado",52963.0,1251.0,203700.0,4533.0,1987.0,876.0,1465.0,08,031,004403,2017,08031004403,2010_tracts,245.11958333333334,1.1939271138066965,63233.96172854406,1493.6028193721772,243202.95308242406
"Census Tract 51.04, Denver County, Colorado",42008.0,967.0,337800.0,3731.0,2265.0,390.0,616.0,08,031,005104,2017,08031005104,2010_tracts,245.11958333333334,1.1939271138066965,50154.4901967917,1154.5275190510754,403308.57904390205
"Census Tract 52, Denver County, Colorado",91637.0,1463.0,351800.0,3458.0,2715.0,254.0,253.0,08,031,005200,2017,08031005200,2010_tracts,245.11958333333334,1.1939271138066965,109407.89892790424,1746.7153674991969,420023.5586371958
"Census Tract 68.12, Denver County, Colorado",59509.0,1391.0,232800.0,3833.0,3070.0,151.0,379.0,08,031,006812,2017,08031006812,2010_tracts,245.11958333333334,1.1939271138066965,71049.4086155227,1660.752615305115,277946.23209419893
"Census Tract 83.06, Denver County, Colorado",43182.0,950.0,227400.0,6830.0,660.0,1700.0,3855.0,08,031,008306,2017,08031008306,2010_tracts,245.11958333333334,1.1939271138066965,51556.160628400765,1134.2307581163616,271499.0256796428
"Census Tract 119.03, Denver County, Colorado",58456.0,1296.0,276000.0,2460.0,1735.0,0.0,505.0,08,031,011903,2017,08031011903,2010_tracts,245.11958333333334,1.1939271138066965,69792.20336468425,1547.3295394934787,329523.8834106482
"Census Tract 3.01, Denver County, Colorado",69929.0,1140.0,418600.0,5742.0,3993.0,5.0,1599.0,08,031,000301,2017,08031000301,2010_tracts,245.11958333333334,1.1939271138066965,83490.12914138848,1361.076909739634,499777.88983948313
"Census Tract 10, Denver County, Colorado",37407.0,1011.0,190400.0,4238.0,472.0,165.0,3278.0,08,031,001000,2017,08031001000,2010_tracts,245.11958333333334,1.1939271138066965,44661.231546167095,1207.0603120585702,227323.72246879502
"Census Tract 14.03, Denver County, Colorado",54981.0,1242.0,223000.0,3458.0,2015.0,354.0,920.0,08,031,001403,2017,08031001403,2010_tracts,245.11958333333334,1.1939271138066965,65643.30664420598,1482.857475347917,266245.7463788933
"Census Tract 15, Denver County, Colorado",39808.0,900.0,167700.0,4225.0,1469.0,222.0,2413.0,08,031,001500,2017,08031001500,2010_tracts,245.11958333333334,1.1939271138066965,47527.85054641697,1074.5344024260269,200221.576985383
"Census Tract 17.01, Denver County, Colorado",95921.0,1759.0,557600.0,5878.0,4864.0,69.0,520.0,08,031,001701,2017,08031001701,2010_tracts,245.11958333333334,1.1939271138066965,114522.68268345213,2100.1177931859793,665733.758658614
"Census Tract 29.02, Denver County, Colorado",115337.0,1543.0,577900.0,4387.0,3823.0,56.0,329.0,08,031,002902,2017,08031002902,2010_tracts,245.11958333333334,1.1939271138066965,137703.97152512296,1842.2295366037326,689970.4790688899
"Census Tract 41.01, Denver County, Colorado",37380.0,1009.0,227900.0,4603.0,1175.0,1661.0,1222.0,08,031,004101,2017,08031004101,2010_tracts,245.11958333333334,1.1939271138066965,44628.99551409431,1204.6724578309568,272095.9892365461
"Census Tract 46.01, Denver County, Colorado",47390.0,1270.0,176200.0,5638.0,1887.0,71.0,3535.0,08,031,004601,2017,08031004601,2010_tracts,245.11958333333334,1.1939271138066965,56580.20592329935,1516.2874345345044,210369.9574527399
"Census Tract 68.10, Denver County, Colorado",63660.0,1186.0,240500.0,5485.0,3101.0,1187.0,678.0,08,031,006810,2017,08031006810,2010_tracts,245.11958333333334,1.1939271138066965,76005.40006493429,1415.997556974742,287139.4708705105
"Census Tract 68.11, Denver County, Colorado",58826.0,1102.0,354400.0,6345.0,4019.0,742.0,954.0,08,031,006811,2017,08031006811,2010_tracts,245.11958333333334,1.1939271138066965,70233.95639679272,1315.7076794149796,423127.76913309324
"Census Tract 5.01, Denver County, Colorado",108152.0,1636.0,489600.0,2018.0,1606.0,107.0,277.0,08,031,000501,2017,08031000501,2010_tracts,245.11958333333334,1.1939271138066965,129125.60521242184,1953.2647581877554,584546.7149197586
"Census Tract 11.02, Denver County, Colorado",78526.0,1712.0,401100.0,3827.0,2446.0,61.0,1199.0,08,031,001102,2017,08031001102,2010_tracts,245.11958333333334,1.1939271138066965,93754.32053878465,2044.0032188370644,478884.16534786596
"Census Tract 16, Denver County, Colorado",74471.0,1750.0,346500.0,10639.0,6980.0,892.0,1787.0,08,031,001600,2017,08031001600,2010_tracts,245.11958333333334,1.1939271138066965,88912.94609229849,2089.372449161719,413695.74493402033
"Census Tract 23, Denver County, Colorado",74611.0,1091.0,381000.0,5801.0,2899.0,1341.0,1382.0,08,031,002300,2017,08031002300,2010_tracts,245.11958333333334,1.1939271138066965,89080.09588823143,1302.574481163106,454886.2303603513
"Census Tract 32.03, Denver County, Colorado",173750.0,1769.0,957500.0,3170.0,2897.0,10.0,123.0,08,031,003203,2017,08031003203,2010_tracts,245.11958333333334,1.1939271138066965,207444.83602391352,2112.057064324046,1143185.211469912
"Census Tract 41.06, Denver County, Colorado",142083.0,1826.0,536900.0,12640.0,9257.0,1061.0,1297.0,08,031,004106,2017,08031004106,2010_tracts,245.11958333333334,1.1939271138066965,169636.74611099684,2180.110909811028,641019.4674028154
"Census Tract 41.07, Denver County, Colorado",112039.0,1547.0,474200.0,9123.0,6598.0,709.0,883.0,08,031,004107,2017,08031004107,2010_tracts,245.11958333333334,1.1939271138066965,133766.39990378846,1847.0052450589594,566160.2373671355
"Census Tract 9.03, Denver County, Colorado",43594.0,1160.0,183100.0,6654.0,1654.0,37.0,4734.0,08,031,000903,2018,08031000903,2010_tracts,251.10683333333336,1.165459787699923,50807.053984990445,1351.9333537319108,213395.68712785593
"Census Tract 11.01, Denver County, Colorado",55568.0,933.0,399500.0,2652.0,961.0,95.0,1408.0,08,031,001101,2018,08031001101,2010_tracts,251.10683333333336,1.165459787699923,64762.26948290932,1087.3739819240282,465601.1851861193
"Census Tract 13.01, Denver County, Colorado",53180.0,1198.0,243600.0,5428.0,1127.0,120.0,3733.0,08,031,001301,2018,08031001301,2010_tracts,251.10683333333336,1.165459787699923,61979.15150988191,1396.2208256645079,283906.00428370124
"Census Tract 13.02, Denver County, Colorado",42474.0,1183.0,223600.0,4076.0,1151.0,8.0,2656.0,08,031,001302,2018,08031001302,2010_tracts,251.10683333333336,1.165459787699923,49501.73902276653,1378.738928849009,260596.8085297028
"Census Tract 14.02, Denver County, Colorado",45840.0,968.0,234700.0,4945.0,1103.0,608.0,2571.0,08,031,001402,2018,08031001402,2010_tracts,251.10683333333336,1.165459787699923,53424.67666816447,1128.1650744935255,273533.41217317194
"Census Tract 17.02, Denver County, Colorado",65408.0,1556.0,424900.0,4253.0,3134.0,187.0,552.0,08,031,001702,2018,08031001702,2010_tracts,251.10683333333336,1.165459787699923,76230.39379387657,1813.4554296610804,495203.8637936973
"Census Tract 18, Denver County, Colorado",47725.0,1126.0,281000.0,3457.0,1631.0,214.0,1431.0,08,031,001800,2018,08031001800,2010_tracts,251.10683333333336,1.165459787699923,55621.56836797883,1312.3077209501134,327494.2003436784
"Census Tract 21, Denver County, Colorado",72064.0,1256.0,399100.0,6613.0,4399.0,164.0,1387.0,08,031,002100,2018,08031002100,2010_tracts,251.10683333333336,1.165459787699923,83987.69414080726,1463.8174933511034,465135.0012710393
"Census Tract 27.03, Denver County, Colorado",46076.0,1044.0,220100.0,5129.0,4017.0,320.0,325.0,08,031,002703,2018,08031002703,2010_tracts,251.10683333333336,1.165459787699923,53699.72517806166,1216.7400183587197,256517.69927275306
"Census Tract 28.01, Denver County, Colorado",66096.0,1232.0,453100.0,2733.0,2288.0,51.0,253.0,08,031,002801,2018,08031002801,2010_tracts,251.10683333333336,1.165459787699923,77032.23012781411,1435.8464584463052,528069.8298068352
"Census Tract 26.01, Denver County, Colorado",50858.0,1151.0,384100.0,3518.0,2606.0,295.0,440.0,08,031,002601,2018,08031002601,2010_tracts,251.10683333333336,1.165459787699923,59272.95388284269,1341.4442156426114,447653.1044555405
"Census Tract 120.10, Denver County, Colorado",70273.0,1306.0,363500.0,5282.0,3337.0,15.0,1108.0,08,031,012010,2018,08031012010,2010_tracts,251.10683333333336,1.165459787699923,81900.3556610367,1522.0904827360996,423644.63282892207
"Census Tract 35, Denver County, Colorado",54602.0,1110.0,211400.0,6626.0,902.0,251.0,5360.0,08,031,003500,2018,08031003500,2010_tracts,251.10683333333336,1.165459787699923,63636.4353279912,1293.6603643469145,246378.19911976374
"Census Tract 3.02, Denver County, Colorado",94661.0,1116.0,440400.0,4589.0,3704.0,76.0,630.0,08,031,000302,2018,08031000302,2010_tracts,251.10683333333336,1.165459787699923,110323.58896346242,1300.653123073114,513268.49050304614
"Census Tract 30.04, Denver County, Colorado",65052.0,1178.0,459700.0,6312.0,5154.0,150.0,427.0,08,031,003004,2018,08031003004,2010_tracts,251.10683333333336,1.165459787699923,75815.4901094554,1372.9116299105094,535761.8644056546
"Census Tract 31.01, Denver County, Colorado",64250.0,941.0,429800.0,1754.0,994.0,274.0,329.0,08,031,003101,2018,08031003101,2010_tracts,251.10683333333336,1.165459787699923,74880.79135972005,1096.6976602256277,500914.61675342696
"Census Tract 33, Denver County, Colorado",135875.0,1700.0,644000.0,3388.0,2939.0,30.0,263.0,08,031,003300,2018,08031003300,2010_tracts,251.10683333333336,1.165459787699923,158356.84865372704,1981.2816390898693,750556.1032787504
"Census Tract 41.03, Denver County, Colorado",115977.0,2090.0,459300.0,5452.0,3492.0,1368.0,241.0,08,031,004103,2018,08031004103,2010_tracts,251.10683333333336,1.165459787699923,135166.52979807399,2435.8109562928394,535295.6804905747
"Census Tract 43.01, Denver County, Colorado",46871.0,987.0,381800.0,4923.0,3732.0,305.0,396.0,08,031,004301,2018,08031004301,2010_tracts,251.10683333333336,1.165459787699923,54626.26570928309,1150.3088104598241,444972.5469438306
"Census Tract 50.02, Denver County, Colorado",41946.0,1114.0,290000.0,8199.0,3745.0,1852.0,1747.0,08,031,005002,2018,08031005002,2010_tracts,251.10683333333336,1.165459787699923,48886.376254860974,1298.3222034977143,337983.3384329777
"Census Tract 53, Denver County, Colorado",44770.0,1420.0,359300.0,1435.0,1148.0,122.0,36.0,08,031,005300,2018,08031005300,2010_tracts,251.10683333333336,1.165459787699923,52177.634695325556,1654.9528985338907,418749.7017205824
"Census Tract 69.01, Denver County, Colorado",45613.0,1039.0,412500.0,6045.0,3858.0,563.0,1260.0,08,031,006901,2018,08031006901,2010_tracts,251.10683333333336,1.165459787699923,53160.11729635659,1210.9127194202201,480752.1624262183
"Census Tract 120.14, Denver County, Colorado",66708.0,1366.0,242200.0,6467.0,4947.0,0.0,1105.0,08,031,012014,2018,08031012014,2010_tracts,251.10683333333336,1.165459787699923,77745.49151788648,1592.018069998095,282274.36058092135
"Census Tract 29.01, Denver County, Colorado",81779.0,1548.0,462500.0,3414.0,2901.0,18.0,284.0,08,031,002901,2018,08031002901,2010_tracts,251.10683333333336,1.165459787699923,95310.13597831201,1804.1317513594809,539025.1518112144
"Census Tract 30.01, Denver County, Colorado",102313.0,1333.0,501700.0,5658.0,4976.0,102.0,441.0,08,031,003001,2018,08031003001,2010_tracts,251.10683333333336,1.165459787699923,119241.68725894223,1553.5578970039974,584711.1754890514
"Census Tract 30.03, Denver County, Colorado",57981.0,1364.0,498900.0,3321.0,2563.0,163.0,353.0,08,031,003003,2018,08031003003,2010_tracts,251.10683333333336,1.165459787699923,67574.52395062924,1589.6871504226951,581447.8880834916
"Census Tract 37.03, Denver County, Colorado",62680.0,1112.0,474000.0,3163.0,2393.0,107.0,466.0,08,031,003703,2018,08031003703,2010_tracts,251.10683333333336,1.165459787699923,73051.01949303118,1295.9912839223146,552427.9393697636
"Census Tract 44.03, Denver County, Colorado",59229.0,1264.0,267700.0,4370.0,1943.0,666.0,1508.0,08,031,004403,2018,08031004403,2010_tracts,251.10683333333336,1.165459787699923,69029.01776567874,1473.1411716527027,311993.5851672694
"Census Tract 51.04, Denver County, Colorado",44926.0,1009.0,355200.0,3658.0,2117.0,464.0,617.0,08,031,005104,2018,08031005104,2010_tracts,251.10683333333336,1.165459787699923,52359.44642220675,1175.9489257892224,413971.3165910127
"Census Tract 52, Denver County, Colorado",107875.0,1691.0,402300.0,3617.0,2916.0,255.0,133.0,08,031,005200,2018,08031005200,2010_tracts,251.10683333333336,1.165459787699923,125723.9745981292,1970.79250100057,468864.4725916791
"Census Tract 68.12, Denver County, Colorado",66462.0,1548.0,265700.0,3955.0,3085.0,131.0,432.0,08,031,006812,2018,08031006812,2010_tracts,251.10683333333336,1.165459787699923,77458.78841011229,1804.1317513594809,309662.66559186956
"Census Tract 83.06, Denver County, Colorado",46250.0,1068.0,241000.0,7141.0,716.0,1718.0,4139.0,08,031,008306,2018,08031008306,2010_tracts,251.10683333333336,1.165459787699923,53902.515181121445,1244.711053263518,280875.80883568147
"Census Tract 119.03, Denver County, Colorado",61750.0,1369.0,307700.0,2540.0,1612.0,0.0,759.0,08,031,011903,2018,08031011903,2010_tracts,251.10683333333336,1.165459787699923,71967.14189047024,1595.5144493611947,358611.97667526634
"Census Tract 3.01, Denver County, Colorado",72173.0,1069.0,472500.0,5900.0,4158.0,5.0,1577.0,08,031,000301,2018,08031000301,2010_tracts,251.10683333333336,1.165459787699923,84114.72925766655,1245.8765130512177,550679.7496882137
"Census Tract 10, Denver County, Colorado",42917.0,1130.0,208300.0,4560.0,474.0,172.0,3597.0,08,031,001000,2018,08031001000,2010_tracts,251.10683333333336,1.165459787699923,50018.0377087176,1316.969560100913,242765.27377789398
"Census Tract 14.03, Denver County, Colorado",58583.0,1502.0,251400.0,3269.0,2030.0,228.0,825.0,08,031,001403,2018,08031001403,2010_tracts,251.10683333333336,1.165459787699923,68276.1307428246,1750.5206011252844,292996.5906277607
"Census Tract 15, Denver County, Colorado",50185.0,995.0,211600.0,4550.0,1478.0,203.0,2710.0,08,031,001500,2018,08031001500,2010_tracts,251.10683333333336,1.165459787699923,58488.59944572064,1159.6324887614235,246611.29107730373
"Census Tract 17.01, Denver County, Colorado",93654.0,1783.0,615300.0,6523.0,5321.0,65.0,577.0,08,031,001701,2018,08031001701,2010_tracts,251.10683333333336,1.165459787699923,109149.9709572486,2078.014801468963,717107.4073717627
"Census Tract 29.02, Denver County, Colorado",120446.0,1552.0,628200.0,4150.0,3622.0,48.0,285.0,08,031,002902,2018,08031002902,2010_tracts,251.10683333333336,1.165459787699923,140374.96958930494,1808.7935905102806,732141.8386330917
"Census Tract 41.01, Denver County, Colorado",37294.0,1076.0,279000.0,4810.0,1280.0,1551.0,1338.0,08,031,004101,2018,08031004101,2010_tracts,251.10683333333336,1.165459787699923,43464.65732248093,1254.0347315651172,325163.2807682785
"Census Tract 46.01, Denver County, Colorado",49848.0,1274.0,193400.0,5537.0,1868.0,76.0,3412.0,08,031,004601,2018,08031004601,2010_tracts,251.10683333333336,1.165459787699923,58095.83949726577,1484.795769529702,225399.92294116513
"Census Tract 68.10, Denver County, Colorado",64865.0,1184.0,278100.0,5572.0,3435.0,826.0,887.0,08,031,006810,2018,08031006810,2010_tracts,251.10683333333336,1.165459787699923,75597.54912915551,1379.904388636709,324114.3669593486
"Census Tract 68.11, Denver County, Colorado",65549.0,1146.0,406600.0,6404.0,4245.0,678.0,834.0,08,031,006811,2018,08031006811,2010_tracts,251.10683333333336,1.165459787699923,76394.72362394226,1335.6169167041119,473875.9496787887
"Census Tract 5.01, Denver County, Colorado",114896.0,1826.0,579000.0,2158.0,1726.0,111.0,288.0,08,031,000501,2018,08031000501,2010_tracts,251.10683333333336,1.165459787699923,133906.66776757035,2128.1295723400594,674801.2170782555
"Census Tract 11.02, Denver County, Colorado",87917.0,1739.0,559700.0,4407.0,2965.0,39.0,1273.0,08,031,001102,2018,08031001102,2010_tracts,251.10683333333336,1.165459787699923,102463.72815521414,2026.7345708101664,652307.843175647
"Census Tract 16, Denver County, Colorado",83503.0,1735.0,420700.0,11461.0,7276.0,1295.0,1918.0,08,031,001600,2018,08031001600,2010_tracts,251.10683333333336,1.165459787699923,97319.38865230668,2022.0727316593666,490308.93268535763
"Census Tract 23, Denver County, Colorado",84200.0,1025.0,456100.0,5705.0,3004.0,1367.0,1172.0,08,031,002300,2018,08031002300,2010_tracts,251.10683333333336,1.165459787699923,98131.71412433352,1194.5962823924212,531566.209169935
"Census Tract 32.03, Denver County, Colorado",177813.0,1744.0,1044100.0,2954.0,2740.0,11.0,82.0,08,031,003203,2018,08031003203,2010_tracts,251.10683333333336,1.165459787699923,207233.90123028643,2032.561869748666,1216856.5643374897
"Census Tract 7.01, Denver County, Colorado",37008.0,799.0,436900.0,4582.0,1813.0,218.0,2391.0,08,031,000701,2018,08031000701,2010_tracts,251.10683333333336,1.165459787699923,43131.33582319875,931.2023703722385,509189.3812460964
"Census Tract 31.02, Denver County, Colorado",43219.0,913.0,476900.0,3480.0,2512.0,438.0,376.0,08,031,003102,2018,08031003102,2010_tracts,251.10683333333336,1.165459787699923,50370.006564602976,1064.0647861700297,555807.7727540933
"Census Tract 36.02, Denver County, Colorado",46679.0,1018.0,314800.0,4624.0,1304.0,784.0,2258.0,08,031,003602,2018,08031003602,2010_tracts,251.10683333333336,1.165459787699923,54402.49743004471,1186.4380638785217,366886.7411679358
"Census Tract 67.01, Denver County, Colorado",76866.0,1570.0,551100.0,3538.0,2905.0,197.0,138.0,08,031,006701,2018,08031006701,2010_tracts,251.10683333333336,1.165459787699923,89584.23204134229,1829.7718666888793,642284.8890014276
"Census Tract 4.01, Denver County, Colorado",66136.0,1060.0,419700.0,3508.0,1805.0,73.0,1502.0,08,031,000401,2018,08031000401,2010_tracts,251.10683333333336,1.165459787699923,77078.84851932211,1235.3873749619186,489143.4728976577
"Census Tract 24.03, Denver County, Colorado",46758.0,1093.0,403400.0,4217.0,2271.0,563.0,1070.0,08,031,002403,2018,08031002403,2010_tracts,251.10683333333336,1.165459787699923,54494.568753273,1273.847547956016,470146.47835814895
"Census Tract 119.02, Denver County, Colorado",62180.0,1207.0,279800.0,6707.0,3197.0,704.0,2366.0,08,031,011902,2018,08031011902,2010_tracts,251.10683333333336,1.165459787699923,72468.28959918121,1406.7099637538072,326095.6485984385
"Census Tract 7.02, Denver County, Colorado",32572.0,1002.0,416300.0,5568.0,1930.0,363.0,2930.0,08,031,000702,2018,08031000702,2010_tracts,251.10683333333336,1.165459787699923,37961.35620496189,1167.790707275323,485180.909619478
"Census Tract 27.02, Denver County, Colorado",61611.0,1190.0,289700.0,6271.0,4966.0,85.0,705.0,08,031,002702,2018,08031002702,2010_tracts,251.10683333333336,1.165459787699923,71805.14297997997,1386.8971473629085,337633.7004966677
"Census Tract 39.01, Denver County, Colorado",126964.0,1786.0,761200.0,4250.0,3744.0,121.0,279.0,08,031,003901,2018,08031003901,2010_tracts,251.10683333333336,1.165459787699923,147971.43648553305,2081.5111808320626,887147.9903971815
"Census Tract 70.13, Denver County, Colorado",68773.0,1481.0,257300.0,3918.0,2667.0,196.0,667.0,08,031,007013,2018,08031007013,2010_tracts,251.10683333333336,1.165459787699923,80152.16597948682,1726.045945583586,299872.8033751902
"Census Tract 83.05, Denver County, Colorado",51837.0,1437.0,207100.0,4742.0,550.0,668.0,3239.0,08,031,008305,2018,08031008305,2010_tracts,251.10683333333336,1.165459787699923,60413.93901500091,1674.7657149247896,241366.72203265407
"Census Tract 28.02, Denver County, Colorado",56576.0,1073.0,395900.0,4261.0,3342.0,92.0,667.0,08,031,002802,2018,08031002802,2010_tracts,251.10683333333336,1.165459787699923,65937.05294891084,1250.5383522020174,461405.52995039953
"Census Tract 41.04, Denver County, Colorado",91337.0,1451.0,341100.0,4740.0,2473.0,1386.0,467.0,08,031,004104,2018,08031004104,2010_tracts,251.10683333333336,1.165459787699923,106449.60062914787,1691.0821519525884,397538.3335844438
"Census Tract 68.04, Denver County, Colorado",87010.0,1746.0,435800.0,2967.0,2402.0,105.0,219.0,08,031,006804,2018,08031006804,2010_tracts,251.10683333333336,1.165459787699923,101406.65612777031,2034.8927893240657,507907.37547962647
"Census Tract 28.03, Denver County, Colorado",60560.0,1215.0,370300.0,4721.0,3890.0,82.0,331.0,08,031,002803,2018,08031002803,2010_tracts,251.10683333333336,1.165459787699923,70580.24474310734,1416.0336420554065,431569.75938528153
"Census Tract 55.02, Denver County, Colorado",77039.0,1378.0,342300.0,2131.0,1273.0,103.0,674.0,08,031,005502,2018,08031005502,2010_tracts,251.10683333333336,1.165459787699923,89785.85658461438,1606.003587450494,398936.88532968366
"Census Tract 70.88, Denver County, Colorado",64450.0,1437.0,239800.0,5162.0,2603.0,705.0,1114.0,08,031,007088,2018,08031007088,2010_tracts,251.10683333333336,1.165459787699923,75113.88331726004,1674.7657149247896,279477.25709044153
"Census Tract 70.89, Denver County, Colorado",32500.0,997.0,158000.0,5080.0,3759.0,881.0,272.0,08,031,007089,2018,08031007089,2010_tracts,251.10683333333336,1.165459787699923,37877.4431002475,1161.9634083368232,184142.64645658786
"Census Tract 120.01, Denver County, Colorado",78696.0,1081.0,436800.0,2040.0,1398.0,0.0,507.0,08,031,012001,2018,08031012001,2010_tracts,251.10683333333336,1.165459787699923,91717.02345283315,1259.8620305036168,509072.8352673264
"Census Tract 32.01, Denver County, Colorado",63438.0,1150.0,323000.0,5678.0,4875.0,89.0,442.0,08,031,003201,2018,08031003201,2010_tracts,251.10683333333336,1.165459787699923,73934.43801210773,1340.2787558549117,376443.51142707514
"Census Tract 38, Denver County, Colorado",107574.0,1541.0,811500.0,6989.0,5905.0,137.0,455.0,08,031,003800,2018,08031003800,2010_tracts,251.10683333333336,1.165459787699923,125373.17120203153,1795.9735328455815,945770.6177184876
"Census Tract 40.02, Denver County, Colorado",110571.0,2190.0,633800.0,3453.0,2820.0,31.0,392.0,08,031,004002,2018,08031004002,2010_tracts,251.10683333333336,1.165459787699923,128866.0541857682,2552.356935062832,738668.4134442112
"Census Tract 40.04, Denver County, Colorado",77731.0,1606.0,431400.0,1967.0,1658.0,47.0,152.0,08,031,004004,2018,08031004004,2010_tracts,251.10683333333336,1.165459787699923,90592.35475770272,1871.7284190460764,502779.3524137468
"Census Tract 42.01, Denver County, Colorado",107662.0,1219.0,629900.0,4809.0,3856.0,222.0,447.0,08,031,004201,2018,08031004201,2010_tracts,251.10683333333336,1.165459787699923,125475.73166334911,1420.6954812062063,734123.1202721816
"Census Tract 42.02, Denver County, Colorado",122500.0,1095.0,550500.0,4722.0,3394.0,575.0,458.0,08,031,004202,2018,08031004202,2010_tracts,251.10683333333336,1.165459787699923,142768.82399324057,1276.178467531416,641585.6131288076
"Census Tract 43.06, Denver County, Colorado",106599.0,1696.0,649800.0,5308.0,4363.0,234.0,271.0,08,031,004306,2018,08031004306,2010_tracts,251.10683333333336,1.165459787699923,124236.8479090241,1976.6197999390695,757315.77004741
"Census Tract 44.04, Denver County, Colorado",37976.0,937.0,267900.0,6217.0,1804.0,1987.0,1325.0,08,031,004404,2018,08031004404,2010_tracts,251.10683333333336,1.165459787699923,44259.500897692276,1092.035821074828,312226.6771248094
"Census Tract 44.05, Denver County, Colorado",84866.0,1446.0,555600.0,8902.0,6244.0,527.0,1227.0,08,031,004405,2018,08031004405,2010_tracts,251.10683333333336,1.165459787699923,98907.91034294167,1685.254853014089,647529.4580460773
"Census Tract 46.02, Denver County, Colorado",44555.0,947.0,224200.0,7242.0,1705.0,185.0,4492.0,08,031,004602,2018,08031004602,2010_tracts,251.10683333333336,1.165459787699923,51927.06084097007,1103.6904189518273,261296.08440232277
"Census Tract 48.01, Denver County, Colorado",71875.0,1543.0,297100.0,3471.0,1302.0,0.0,1626.0,08,031,004801,2018,08031004801,2010_tracts,251.10683333333336,1.165459787699923,83767.42224093198,1798.3044524209813,346258.10292564717
"Census Tract 70.37, Denver County, Colorado",39530.0,918.0,315900.0,4492.0,764.0,1284.0,2027.0,08,031,007037,2018,08031007037,2010_tracts,251.10683333333336,1.165459787699923,46070.62540777796,1069.8920851085295,368168.7469344057
"Census Tract 83.12, Denver County, Colorado",58550.0,1349.0,223800.0,8463.0,746.0,1987.0,5235.0,08,031,008312,2018,08031008312,2010_tracts,251.10683333333336,1.165459787699923,68237.6705698305,1572.2052536071963,260829.9004872428
"Census Tract 36.01, Denver County, Colorado",52188.0,963.0,328300.0,4596.0,1633.0,682.0,2173.0,08,031,003601,2018,08031003601,2010_tracts,251.10683333333336,1.165459787699923,60823.015400483586,1122.337775555026,382620.44830188475
"Census Tract 37.01, Denver County, Colorado",67946.0,1033.0,454600.0,3532.0,2675.0,349.0,387.0,08,031,003701,2018,08031003701,2010_tracts,251.10683333333336,1.165459787699923,79188.33073505897,1203.9199606940206,529818.0194883851
"Census Tract 37.02, Denver County, Colorado",53354.0,1037.0,481500.0,5250.0,4271.0,289.0,531.0,08,031,003702,2018,08031003702,2010_tracts,251.10683333333336,1.165459787699923,62181.941512941696,1208.5817998448204,561168.887777513
"Census Tract 43.04, Denver County, Colorado",100043.0,1646.0,433400.0,5866.0,4619.0,98.0,588.0,08,031,004304,2018,08031004304,2010_tracts,251.10683333333336,1.165459787699923,116596.09354086341,1918.3468105540735,505110.27198914665
"Census Tract 50.01, Denver County, Colorado",68694.0,1351.0,305600.0,2655.0,1856.0,241.0,239.0,08,031,005001,2018,08031005001,2010_tracts,251.10683333333336,1.165459787699923,80060.09465625852,1574.536173182596,356164.5111210965
"Census Tract 55.03, Denver County, Colorado",78260.0,1031.0,315600.0,4747.0,3037.0,74.0,1262.0,08,031,005503,2018,08031005503,2010_tracts,251.10683333333336,1.165459787699923,91208.88298539598,1201.5890411186208,367819.10899809573
"Census Tract 68.14, Denver County, Colorado",55284.0,1114.0,346800.0,5148.0,2474.0,1396.0,1051.0,08,031,006814,2018,08031006814,2010_tracts,251.10683333333336,1.165459787699923,64431.27890320255,1298.3222034977143,404181.4543743333
"Census Tract 70.06, Denver County, Colorado",42133.0,1176.0,,5300.0,1664.0,878.0,1963.0,08,031,007006,2018,08031007006,2010_tracts,251.10683333333336,1.165459787699923,49104.31723516086,1370.5807103351096,
"Census Tract 41.06, Denver County, Colorado",148795.0,2017.0,573300.0,12959.0,9482.0,1040.0,1320.0,08,031,004106,2018,08031004106,2010_tracts,251.10683333333336,1.165459787699923,173414.58911081005,2350.7323917907447,668158.0962883659
"Census Tract 41.07, Denver County, Colorado",118692.0,1640.0,509100.0,11430.0,8206.0,827.0,1217.0,08,031,004107,2018,08031004107,2010_tracts,251.10683333333336,1.165459787699923,138330.75312167927,1911.354051827874,593335.5779180308
"Census Tract 45.04, Denver County, Colorado",43750.0,1069.0,191200.0,4395.0,606.0,83.0,3422.0,08,031,004504,2018,08031004504,2010_tracts,251.10683333333336,1.165459787699923,50988.86571187164,1245.8765130512177,222835.9114082253
"Census Tract 45.05, Denver County, Colorado",33684.0,1085.0,188500.0,5048.0,556.0,100.0,4140.0,08,031,004505,2018,08031004505,2010_tracts,251.10683333333336,1.165459787699923,39257.34748888421,1264.5238696544166,219689.1699814355
"Census Tract 45.06, Denver County, Colorado",30795.0,868.0,213300.0,3847.0,296.0,267.0,2942.0,08,031,004506,2018,08031004506,2010_tracts,251.10683333333336,1.165459787699923,35890.33416221913,1011.6190957235333,248592.5727163936
"Census Tract 45.03, Denver County, Colorado",38641.0,1069.0,200400.0,4223.0,823.0,18.0,3319.0,08,031,004503,2018,08031004503,2010_tracts,251.10683333333336,1.165459787699923,45034.53165651273,1245.8765130512177,233558.1414550646
"Census Tract 19.01, Denver County, Colorado",26607.0,578.0,313000.0,3080.0,878.0,511.0,1600.0,08,031,001901,2018,08031001901,2010_tracts,251.10683333333336,1.165459787699923,31009.388571331852,673.6357572905555,364788.9135500759
"Census Tract 19.02, Denver County, Colorado",125625.0,,522700.0,818.0,564.0,10.0,193.0,08,031,001902,2018,08031001902,2010_tracts,251.10683333333336,1.165459787699923,146410.88582980284,,609185.8310307498
"Census Tract 83.86, Denver County, Colorado",70536.0,1454.0,226300.0,5577.0,497.0,807.0,3956.0,08,031,008386,2018,08031008386,2010_tracts,251.10683333333336,1.165459787699923,82206.87158520178,1694.5785313156882,263743.5499564926
"Census Tract 83.87, Denver County, Colorado",74922.0,1371.0,235600.0,7488.0,691.0,1610.0,4873.0,08,031,008387,2018,08031008387,2010_tracts,251.10683333333336,1.165459787699923,87318.57821405363,1597.8453689365945,274582.3259821019
"Census Tract 83.88, Denver County, Colorado",62875.0,1474.0,246200.0,9517.0,2084.0,2239.0,4401.0,08,031,008388,2018,08031008388,2010_tracts,251.10683333333336,1.165459787699923,73278.28415163266,1717.8877270696867,286936.1997317211
"Census Tract 83.89, Denver County, Colorado",83313.0,2015.0,296000.0,10866.0,2764.0,3180.0,3640.0,08,031,008389,2018,08031008389,2010_tracts,251.10683333333336,1.165459787699923,97097.95129264369,2348.401472215345,344976.09715917724
"Census Tract 83.90, Denver County, Colorado",63640.0,1555.0,254000.0,9755.0,2327.0,3182.0,3654.0,08,031,008390,2018,08031008390,2010_tracts,251.10683333333336,1.165459787699923,74169.8608892231,1812.2899698733804,296026.78607578046
"Census Tract 83.04, Denver County, Colorado",49402.0,1427.0,205700.0,4052.0,537.0,880.0,2406.0,08,031,008304,2018,08031008304,2010_tracts,251.10683333333336,1.165459787699923,57576.0444319516,1663.1111170477902,239735.07832987417
"Census Tract 2.01, Denver County, Colorado",55541.0,1267.0,257400.0,3850.0,1619.0,35.0,2092.0,08,031,000201,2018,08031000201,2010_tracts,251.10683333333336,1.165459787699923,64730.80206864143,1476.6375510158025,299989.3493539602
"Census Tract 83.91, Denver County, Colorado",73906.0,1679.0,258900.0,7045.0,2102.0,1744.0,2812.0,08,031,008391,2018,08031008391,2010_tracts,251.10683333333336,1.165459787699923,86134.47106975052,1956.8069835481708,301737.5390355101
"Census Tract 153, Denver County, Colorado",46786.0,1138.0,335600.0,3983.0,2913.0,231.0,640.0,08,031,015300,2018,08031015300,2010_tracts,251.10683333333336,1.165459787699923,54527.2016273286,1326.2932384025125,391128.3047520942
"Census Tract 154, Denver County, Colorado",70208.0,1243.0,356700.0,4945.0,3224.0,83.0,1477.0,08,031,015400,2018,08031015400,2010_tracts,251.10683333333336,1.165459787699923,81824.6007748362,1448.6665161110045,415719.50627256255
"Census Tract 155, Denver County, Colorado",52057.0,1134.0,318300.0,3915.0,2285.0,188.0,1234.0,08,031,015500,2018,08031015500,2010_tracts,251.10683333333336,1.165459787699923,60670.3401682949,1321.6313992517128,370965.8504248855
"Census Tract 156, Denver County, Colorado",44816.0,919.0,196000.0,8870.0,1229.0,213.0,6635.0,08,031,015600,2018,08031015600,2010_tracts,251.10683333333336,1.165459787699923,52231.24584555975,1071.0575448962293,228430.11838918494
"Census Tract 157, Denver County, Colorado",46959.0,1054.0,281900.0,5939.0,2086.0,324.0,3099.0,08,031,015700,2018,08031015700,2010_tracts,251.10683333333336,1.165459787699923,54728.82617060069,1228.394616235719,328543.1141526083
"Census Tract 9800, Denver County, Colorado",54592.0,1395.0,187000.0,1519.0,537.0,389.0,453.0,08,031,980000,2018,08031980000,2010_tracts,251.10683333333336,1.165459787699923,63624.7807301142,1625.8164038413927,217940.98029988562
"Census Tract 9801, Denver County, Colorado",,,,0.0,0.0,0.0,0.0,08,031,980100,2018,08031980100,2010_tracts,251.10683333333336,1.165459787699923,,,
"Census Tract 6, Denver County, Colorado",62664.0,1152.0,497000.0,3165.0,1994.0,57.0,955.0,08,031,000600,2018,08031000600,2010_tracts,251.10683333333336,1.165459787699923,73032.37213642798,1342.6096754303114,579233.5144868618
"Census Tract 8, Denver County, Colorado",9766.0,241.0,,1462.0,182.0,485.0,684.0,08,031,000800,2018,08031000800,2010_tracts,251.10683333333336,1.165459787699923,11381.88028667745,280.8758088356815,
"Census Tract 9.02, Denver County, Colorado",56042.0,1129.0,221700.0,6276.0,1176.0,182.0,4743.0,08,031,000902,2018,08031000902,2010_tracts,251.10683333333336,1.165459787699923,65314.69742227909,1315.8041003132132,258382.43493307295
"Census Tract 26.02, Denver County, Colorado",80286.0,1545.0,389500.0,2842.0,2281.0,151.0,272.0,08,031,002602,2018,08031002602,2010_tracts,251.10683333333336,1.165459787699923,93570.10451527602,1800.635371996381,453946.58730912005
"Census Tract 27.01, Denver County, Colorado",41957.0,977.0,238400.0,4700.0,3611.0,207.0,519.0,08,031,002701,2018,08031002701,2010_tracts,251.10683333333336,1.165459787699923,48899.19631252567,1138.6542125828248,277845.61338766164
"Census Tract 2.02, Denver County, Colorado",57181.0,757.0,378800.0,3991.0,1808.0,144.0,1814.0,08,031,000202,2018,08031000202,2010_tracts,251.10683333333336,1.165459787699923,66642.1561204693,882.2530592888418,441476.16758073086
"Census Tract 5.02, Denver County, Colorado",69858.0,722.0,499700.0,5844.0,3729.0,221.0,1618.0,08,031,000502,2018,08031000502,2010_tracts,251.10683333333336,1.165459787699923,81416.68984914123,841.4619667193444,582380.2559136515
"Census Tract 14.01, Denver County, Colorado",43287.0,707.0,218100.0,6548.0,1351.0,87.0,4454.0,08,031,001401,2018,08031001401,2010_tracts,251.10683333333336,1.165459787699923,50449.25783016657,823.9800699038457,254186.77969735322
"Census Tract 24.02, Denver County, Colorado",73125.0,908.0,504500.0,2009.0,1283.0,309.0,248.0,08,031,002402,2018,08031002402,2010_tracts,251.10683333333336,1.165459787699923,85224.24697555687,1058.2374872315302,587974.4628946112
"Census Tract 36.03, Denver County, Colorado",64539.0,1222.0,406500.0,3405.0,1791.0,1248.0,209.0,08,031,003603,2018,08031003603,2010_tracts,251.10683333333336,1.165459787699923,75217.60923836533,1424.191860569306,473759.4037000187
"Census Tract 39.02, Denver County, Colorado",116310.0,1638.0,598400.0,4678.0,3858.0,52.0,529.0,08,031,003902,2018,08031003902,2010_tracts,251.10683333333336,1.165459787699923,135554.62790737805,1909.023132252474,697411.136959634
"Census Tract 40.03, Denver County, Colorado",78784.0,1737.0,333200.0,4294.0,3356.0,14.0,616.0,08,031,004003,2018,08031004003,2010_tracts,251.10683333333336,1.165459787699923,91819.58391415075,2024.4036512347664,388331.2012616144
"Census Tract 46.03, Denver County, Colorado",56176.0,1149.0,247600.0,5910.0,2108.0,129.0,3323.0,08,031,004603,2018,08031004603,2010_tracts,251.10683333333336,1.165459787699923,65470.86903383088,1339.1132960672116,288567.843434501
"Census Tract 1.02, Denver County, Colorado",87798.0,1592.0,434900.0,3402.0,2360.0,62.0,722.0,08,031,000102,2018,08031000102,2010_tracts,251.10683333333336,1.165459787699923,102325.03844047785,1855.4119820182775,506858.46167069656
"Census Tract 3.03, Denver County, Colorado",92133.0,1365.0,484600.0,4441.0,3788.0,28.0,475.0,08,031,000303,2018,08031000303,2010_tracts,251.10683333333336,1.165459787699923,107377.30662015702,1590.852610210395,564781.8131193827
"Census Tract 4.02, Denver County, Colorado",87667.0,1561.0,475600.0,5193.0,4013.0,24.0,874.0,08,031,000402,2018,08031000402,2010_tracts,251.10683333333336,1.165459787699923,102172.36320828916,1819.28272859958,554292.6750300834
"Census Tract 9.04, Denver County, Colorado",26511.0,872.0,220600.0,5276.0,1260.0,219.0,3665.0,08,031,000904,2018,08031000904,2010_tracts,251.10683333333336,1.165459787699923,30897.50443171266,1016.280934874333,257100.42916660305
"Census Tract 9.05, Denver County, Colorado",60242.0,1310.0,228000.0,4243.0,1299.0,0.0,2902.0,08,031,000905,2018,08031000905,2010_tracts,251.10683333333336,1.165459787699923,70209.62853061876,1526.7523218868992,265724.8315955825
"Census Tract 20, Denver County, Colorado",100947.0,1650.0,530200.0,2202.0,1670.0,190.0,179.0,08,031,002000,2018,08031002000,2010_tracts,251.10683333333336,1.165459787699923,117649.66918894414,1923.008649704873,617926.7794384992
"Census Tract 30.02, Denver County, Colorado",91033.0,1600.0,462500.0,2645.0,2065.0,56.0,415.0,08,031,003002,2018,08031003002,2010_tracts,251.10683333333336,1.165459787699923,106095.3008536871,1864.7356603198768,539025.1518112144
"Census Tract 68.09, Denver County, Colorado",68333.0,1368.0,427700.0,7720.0,5864.0,447.0,879.0,08,031,006809,2018,08031006809,2010_tracts,251.10683333333336,1.165459787699923,79639.36367289885,1594.3489895734947,498467.1511992571
"Census Tract 40.05, Denver County, Colorado",57555.0,1085.0,424800.0,3300.0,2428.0,83.0,412.0,08,031,004005,2018,08031004005,2010_tracts,251.10683333333336,1.165459787699923,67078.03808106907,1264.5238696544166,495087.3178149273
"Census Tract 32.02, Denver County, Colorado",58125.0,1315.0,390200.0,3320.0,2878.0,42.0,182.0,08,031,003202,2018,08031003202,2010_tracts,251.10683333333336,1.165459787699923,67742.35016005803,1532.579620825399,454762.40916051
"Census Tract 34.01, Denver County, Colorado",98144.0,1466.0,548000.0,2579.0,2341.0,31.0,151.0,08,031,003401,2018,08031003401,2010_tracts,251.10683333333336,1.165459787699923,114382.88540402125,1708.5640487680873,638671.9636595579
"Census Tract 34.02, Denver County, Colorado",154073.0,2285.0,780400.0,4699.0,4344.0,7.0,167.0,08,031,003402,2018,08031003402,2010_tracts,251.10683333333336,1.165459787699923,179565.88587029025,2663.075614894324,909524.81832102
"Census Tract 40.06, Denver County, Colorado",80298.0,1395.0,878600.0,4893.0,3720.0,5.0,424.0,08,031,004006,2018,08031004006,2010_tracts,251.10683333333336,1.165459787699923,93584.09003272842,1625.8164038413927,1023972.9694731524
"Census Tract 41.02, Denver County, Colorado",51958.0,1472.0,306400.0,5190.0,1215.0,2255.0,1494.0,08,031,004102,2018,08031004102,2010_tracts,251.10683333333336,1.165459787699923,60554.9596493126,1715.5568074942869,357096.87895125645
"Census Tract 43.02, Denver County, Colorado",89872.0,1424.0,482200.0,2534.0,2131.0,90.0,263.0,08,031,004302,2018,08031004302,2010_tracts,251.10683333333336,1.165459787699923,104742.20204016748,1659.6147376846905,561984.709628903
"Census Tract 43.03, Denver County, Colorado",209000.0,2299.0,990900.0,4057.0,3512.0,67.0,233.0,08,031,004303,2018,08031004303,2010_tracts,251.10683333333336,1.165459787699923,243581.09562928393,2679.3920519221233,1154854.1036318538
"Census Tract 47, Denver County, Colorado",62482.0,1068.0,264600.0,7426.0,2049.0,74.0,4818.0,08,031,004700,2018,08031004700,2010_tracts,251.10683333333336,1.165459787699923,72820.25845506659,1244.711053263518,308380.65982539963
"Census Tract 51.02, Denver County, Colorado",76105.0,1595.0,366500.0,3511.0,2976.0,30.0,401.0,08,031,005102,2018,08031005102,2010_tracts,251.10683333333336,1.165459787699923,88697.31714290264,1858.9083613813773,427141.0121920218
"Census Tract 68.13, Denver County, Colorado",48647.0,1212.0,212200.0,4500.0,2627.0,1180.0,480.0,08,031,006813,2018,08031006813,2010_tracts,251.10683333333336,1.165459787699923,56696.12229223816,1412.5372626923067,247310.56694992367
"Census Tract 19.01, Denver County, Colorado",31266.0,877.0,347000.0,3346.0,998.0,697.0,1519.0,08,031,001901,2019,08031001901,2010_tracts,255.65741666666668,1.1447151445179404,35790.66370849792,1003.9151817422338,397216.1551477253
"Census Tract 19.02, Denver County, Colorado",86875.0,,500000.0,778.0,542.0,11.0,176.0,08,031,001902,2019,08031001902,2010_tracts,255.65741666666668,1.1447151445179404,99447.12817999607,,572357.5722589702
"Census Tract 41.06, Denver County, Colorado",150881.0,2052.0,603200.0,13570.0,9972.0,858.0,1346.0,08,031,004106,2019,08031004106,2010_tracts,255.65741666666668,1.1447151445179404,172715.76572001138,2348.9554765508137,690492.1751732216
"Census Tract 41.07, Denver County, Colorado",121466.0,1683.0,573600.0,13352.0,9711.0,863.0,1258.0,08,031,004107,2019,08031004107,2010_tracts,255.65741666666668,1.1447151445179404,139043.96974401615,1926.5555882236938,656608.6068954907
"Census Tract 45.04, Denver County, Colorado",52125.0,1130.0,202500.0,4638.0,422.0,187.0,3798.0,08,031,004504,2019,08031004504,2010_tracts,255.65741666666668,1.1447151445179404,59668.27690799764,1293.5281133052727,231804.81676488294
"Census Tract 45.05, Denver County, Colorado",33750.0,1121.0,205800.0,4884.0,523.0,140.0,3995.0,08,031,004505,2019,08031004505,2010_tracts,255.65741666666668,1.1447151445179404,38634.13612748049,1283.2256770046113,235582.37674179213
"Census Tract 45.06, Denver County, Colorado",32406.0,996.0,235800.0,3795.0,319.0,258.0,2895.0,08,031,004506,2019,08031004506,2010_tracts,255.65741666666668,1.1447151445179404,37095.63897324838,1140.1362839398687,269923.83107733034
"Census Tract 83.86, Denver County, Colorado",68000.0,1482.0,253900.0,5449.0,359.0,698.0,4037.0,08,031,008386,2019,08031008386,2010_tracts,255.65741666666668,1.1447151445179404,77840.62982721995,1696.4678441755877,290643.17519310507
"Census Tract 83.87, Denver County, Colorado",76948.0,1462.0,252300.0,7596.0,639.0,1714.0,4876.0,08,031,008387,2019,08031008387,2010_tracts,255.65741666666668,1.1447151445179404,88083.54094036648,1673.5735412852289,288811.63096187636
"Census Tract 83.88, Denver County, Colorado",62060.0,1552.0,278900.0,10738.0,1993.0,2394.0,5034.0,08,031,008388,2019,08031008388,2010_tracts,255.65741666666668,1.1447151445179404,71041.02186878338,1776.5979042918436,319261.0538060536
"Census Tract 83.89, Denver County, Colorado",84097.0,2149.0,329700.0,11639.0,2465.0,3466.0,4329.0,08,031,008389,2019,08031008389,2010_tracts,255.65741666666668,1.1447151445179404,96267.10950852523,2459.9928455690538,377412.58314756496
"Census Tract 83.90, Denver County, Colorado",70452.0,1620.0,282700.0,9739.0,2223.0,2691.0,4216.0,08,031,008390,2019,08031008390,2010_tracts,255.65741666666668,1.1447151445179404,80647.47136157793,1854.4385341190634,323610.97135522176
"Census Tract 83.91, Denver County, Colorado",76464.0,1642.0,280000.0,7315.0,2320.0,1764.0,2881.0,08,031,008391,2019,08031008391,2010_tracts,255.65741666666668,1.1447151445179404,87529.4988104198,1879.6222672984582,320520.2404650233
"Census Tract 153, Denver County, Colorado",53100.0,1267.0,436800.0,4019.0,3102.0,128.0,593.0,08,031,015300,2019,08031015300,2010_tracts,255.65741666666668,1.1447151445179404,60784.37417390264,1450.3540881042304,500011.57512543636
"Census Tract 154, Denver County, Colorado",70900.0,1221.0,386600.0,4868.0,3108.0,57.0,1508.0,08,031,015400,2019,08031015400,2010_tracts,255.65741666666668,1.1447151445179404,81160.30374632198,1397.6971914564053,442546.87487063574
"Census Tract 155, Denver County, Colorado",51441.0,1213.0,366700.0,3576.0,2103.0,233.0,985.0,08,031,015500,2019,08031015500,2010_tracts,255.65741666666668,1.1447151445179404,58885.29174914737,1388.5394703002617,419767.04349472874
"Census Tract 156, Denver County, Colorado",51182.0,939.0,253900.0,8879.0,1217.0,305.0,6736.0,08,031,015600,2019,08031015600,2010_tracts,255.65741666666668,1.1447151445179404,58588.81052671723,1074.8875207023461,290643.17519310507
"Census Tract 157, Denver County, Colorado",52481.0,949.0,303700.0,6011.0,2195.0,348.0,2976.0,08,031,015700,2019,08031015700,2010_tracts,255.65741666666668,1.1447151445179404,60075.79549944603,1086.3346721475255,347649.9893900985
"Census Tract 9800, Denver County, Colorado",54125.0,1517.0,203500.0,1708.0,603.0,464.0,491.0,08,031,980000,2019,08031980000,2010_tracts,255.65741666666668,1.1447151445179404,61957.707197033524,1736.5328742337156,232949.5319094009
"Census Tract 9801, Denver County, Colorado",,,,0.0,0.0,0.0,0.0,08,031,980100,2019,08031980100,2010_tracts,255.65741666666668,1.1447151445179404,,,
"Census Tract 83.04, Denver County, Colorado",58750.0,1430.0,220700.0,3790.0,521.0,857.0,2213.0,08,031,008304,2019,08031008304,2010_tracts,255.65741666666668,1.1447151445179404,67252.014740429,1636.9426566606548,252638.63239510945
"Census Tract 2.01, Denver County, Colorado",62639.0,1244.0,290100.0,3820.0,1750.0,53.0,1899.0,08,031,000201,2019,08031000201,2010_tracts,255.65741666666668,1.1447151445179404,71703.81193745926,1424.025639780318,332081.8634246545
"Census Tract 6, Denver County, Colorado",73417.0,1247.0,563600.0,3490.0,2335.0,13.0,964.0,08,031,000600,2019,08031000600,2010_tracts,255.65741666666668,1.1447151445179404,84041.55176507363,1427.4597852138718,645161.4554503112
"Census Tract 8, Denver County, Colorado",13125.0,302.0,381300.0,1437.0,146.0,627.0,599.0,08,031,000800,2019,08031000800,2010_tracts,255.65741666666668,1.1447151445179404,15024.386271797968,345.703973644418,436479.8846046907
"Census Tract 9.02, Denver County, Colorado",58382.0,1230.0,255000.0,6145.0,1367.0,181.0,4450.0,08,031,000902,2019,08031000902,2010_tracts,255.65741666666668,1.1447151445179404,66830.7595672464,1407.9996277570667,291902.3618520748
"Census Tract 26.02, Denver County, Colorado",86447.0,1642.0,411700.0,2885.0,2333.0,117.0,302.0,08,031,002602,2019,08031002602,2010_tracts,255.65741666666668,1.1447151445179404,98957.1900981424,1879.6222672984582,471279.22499803605
"Census Tract 27.01, Denver County, Colorado",44375.0,1072.0,230400.0,4592.0,3489.0,180.0,570.0,08,031,002701,2019,08031002701,2010_tracts,255.65741666666668,1.1447151445179404,50796.734537983604,1227.1346349232322,263742.36929693347
"Census Tract 2.02, Denver County, Colorado",60855.0,799.0,452300.0,4006.0,1904.0,251.0,1628.0,08,031,000202,2019,08031000202,2010_tracts,255.65741666666668,1.1447151445179404,69661.64011963927,914.6274004698344,517754.65986546443
"Census Tract 5.02, Denver County, Colorado",76185.0,595.0,558000.0,6006.0,3951.0,263.0,1437.0,08,031,000502,2019,08031000502,2010_tracts,255.65741666666668,1.1447151445179404,87210.1232850993,681.1055109881745,638751.0506410107
"Census Tract 14.01, Denver County, Colorado",42179.0,765.0,277500.0,6401.0,1587.0,154.0,4166.0,08,031,001401,2019,08031001401,2010_tracts,255.65741666666668,1.1447151445179404,48282.94008062221,875.7070855562245,317658.45260372845
"Census Tract 24.02, Denver County, Colorado",75000.0,976.0,524000.0,2034.0,1256.0,368.0,226.0,08,031,002402,2019,08031002402,2010_tracts,255.65741666666668,1.1447151445179404,85853.63583884553,1117.2419810495098,599830.7357274008
"Census Tract 36.03, Denver County, Colorado",79000.0,1580.0,440800.0,3530.0,1868.0,1187.0,317.0,08,031,003603,2019,08031003603,2010_tracts,255.65741666666668,1.1447151445179404,90432.49641691729,1808.649928338346,504590.43570350815
"Census Tract 39.02, Denver County, Colorado",124636.0,1750.0,640700.0,4502.0,3869.0,17.0,307.0,08,031,003902,2019,08031003902,2010_tracts,255.65741666666668,1.1447151445179404,142672.71675213802,2003.2515029063957,733418.9930926444
"Census Tract 40.03, Denver County, Colorado",83438.0,1740.0,360000.0,4217.0,3230.0,12.0,590.0,08,031,004003,2019,08031004003,2010_tracts,255.65741666666668,1.1447151445179404,95512.74222828791,1991.8043514612164,412097.4520264586
"Census Tract 46.03, Denver County, Colorado",61034.0,1185.0,270100.0,6117.0,2344.0,142.0,3327.0,08,031,004603,2019,08031004603,2010_tracts,255.65741666666668,1.1447151445179404,69866.54413050797,1356.4874462537593,309187.5605342957
"Census Tract 1.02, Denver County, Colorado",102625.0,1953.0,464600.0,3491.0,2365.0,67.0,846.0,08,031,000102,2019,08031000102,2010_tracts,255.65741666666668,1.1447151445179404,117476.39170615363,2235.628677243538,531834.6561430352
"Census Tract 3.03, Denver County, Colorado",111222.0,1495.0,560700.0,4665.0,3771.0,45.0,618.0,08,031,000303,2019,08031000303,2010_tracts,255.65741666666668,1.1447151445179404,127317.50780357436,1711.3491410543209,641841.7815312092
"Census Tract 4.02, Denver County, Colorado",86278.0,1603.0,528100.0,5750.0,4068.0,57.0,1216.0,08,031,000402,2019,08031000402,2010_tracts,255.65741666666668,1.1447151445179404,98763.73323871887,1834.9783766622586,604524.0678199243
"Census Tract 9.04, Denver County, Colorado",30313.0,948.0,267700.0,5583.0,1321.0,177.0,4026.0,08,031,000904,2019,08031000904,2010_tracts,255.65741666666668,1.1447151445179404,34699.75017577233,1085.1899570030075,306440.24418745266
"Census Tract 9.05, Denver County, Colorado",62569.0,1556.0,238300.0,4263.0,1306.0,37.0,2876.0,08,031,000905,2019,08031000905,2010_tracts,255.65741666666668,1.1447151445179404,71623.68187734301,1781.1767648699154,272785.6189386252
"Census Tract 20, Denver County, Colorado",105962.0,1769.0,568600.0,2256.0,1685.0,193.0,215.0,08,031,002000,2019,08031002000,2010_tracts,255.65741666666668,1.1447151445179404,121296.30614341001,2025.0010906522366,650885.0311729009
"Census Tract 30.02, Denver County, Colorado",91875.0,1622.0,488200.0,2780.0,2070.0,37.0,496.0,08,031,003002,2019,08031003002,2010_tracts,255.65741666666668,1.1447151445179404,105170.70390258578,1856.7279644080993,558849.9335536585
"Census Tract 68.09, Denver County, Colorado",73398.0,1500.0,482500.0,7800.0,6331.0,385.0,655.0,08,031,006809,2019,08031006809,2010_tracts,255.65741666666668,1.1447151445179404,84019.80217732779,1717.0727167769107,552325.0572299062
"Census Tract 40.05, Denver County, Colorado",59913.0,1191.0,435400.0,3299.0,2423.0,122.0,535.0,08,031,004005,2019,08031004005,2010_tracts,255.65741666666668,1.1447151445179404,68583.31845350337,1363.3557371208672,498408.9739231113
"Census Tract 32.02, Denver County, Colorado",61555.0,1318.0,502600.0,3456.0,2950.0,134.0,161.0,08,031,003202,2019,08031003202,2010_tracts,255.65741666666668,1.1447151445179404,70462.94072080182,1508.7345604746454,575333.8316347168
"Census Tract 34.01, Denver County, Colorado",120179.0,2075.0,593500.0,2658.0,2398.0,15.0,176.0,08,031,003401,2019,08031003401,2010_tracts,255.65741666666668,1.1447151445179404,137570.72135302157,2375.2839248747264,679388.4382713976
"Census Tract 34.02, Denver County, Colorado",163355.0,2459.0,846200.0,4856.0,4327.0,38.0,281.0,08,031,003402,2019,08031003402,2010_tracts,255.65741666666668,1.1447151445179404,186994.94243272816,2814.8545403696157,968657.9552910812
"Census Tract 41.02, Denver County, Colorado",56087.0,1562.0,345500.0,5054.0,1383.0,1905.0,1506.0,08,031,004102,2019,08031004102,2010_tracts,255.65741666666668,1.1447151445179404,64203.63831057773,1788.045055737023,395499.08243094845
"Census Tract 43.02, Denver County, Colorado",101368.0,1428.0,569400.0,2662.0,2246.0,76.0,292.0,08,031,004302,2019,08031004302,2010_tracts,255.65741666666668,1.1447151445179404,116037.48476949458,1634.653226371619,651800.8032885153
"Census Tract 43.03, Denver County, Colorado",203438.0,2699.0,1031100.0,4199.0,3592.0,59.0,254.0,08,031,004303,2019,08031004303,2010_tracts,255.65741666666668,1.1447151445179404,232878.55957044076,3089.586175053921,1180315.7855124483
"Census Tract 47, Denver County, Colorado",72699.0,1143.0,322600.0,7221.0,2714.0,168.0,3872.0,08,031,004700,2019,08031004700,2010_tracts,255.65741666666668,1.1447151445179404,83219.64629130975,1308.409410184006,369285.1056214876
"Census Tract 51.02, Denver County, Colorado",88984.0,1822.0,399300.0,3519.0,2940.0,12.0,423.0,08,031,005102,2019,08031005102,2010_tracts,255.65741666666668,1.1447151445179404,101861.3324197844,2085.6709933116877,457084.7572060136
"Census Tract 68.13, Denver County, Colorado",49824.0,1270.0,228200.0,4293.0,2295.0,1172.0,631.0,08,031,006813,2019,08031006813,2010_tracts,255.65741666666668,1.1447151445179404,57034.287360461865,1453.7882335377844,261223.995978994
"Census Tract 40.06, Denver County, Colorado",86912.0,1410.0,878500.0,4857.0,3653.0,16.0,438.0,08,031,004006,2019,08031004006,2010_tracts,255.65741666666668,1.1447151445179404,99489.48264034324,1614.048353770296,1005632.2544590107
"Census Tract 120.10, Denver County, Colorado",72598.0,1384.0,414300.0,5322.0,3361.0,29.0,1062.0,08,031,012010,2019,08031012010,2010_tracts,255.65741666666668,1.1447151445179404,83104.03006171343,1584.2857600128295,474255.4843737827
"Census Tract 35, Denver County, Colorado",55587.0,1172.0,241700.0,6636.0,832.0,228.0,5448.0,08,031,003500,2019,08031003500,2010_tracts,255.65741666666668,1.1447151445179404,63631.280738318754,1341.6061493750262,276677.6504299862
"Census Tract 3.02, Denver County, Colorado",97907.0,1144.0,530600.0,4587.0,3568.0,99.0,619.0,08,031,000302,2019,08031000302,2010_tracts,255.65741666666668,1.1447151445179404,112075.62565431799,1309.554125328524,607385.8556812191
"Census Tract 30.04, Denver County, Colorado",85761.0,1272.0,483200.0,6559.0,5495.0,229.0,383.0,08,031,003004,2019,08031003004,2010_tracts,255.65741666666668,1.1447151445179404,98171.91550900308,1456.0776638268203,553126.3578310688
"Census Tract 31.01, Denver County, Colorado",70833.0,952.0,490000.0,1812.0,989.0,314.0,391.0,08,031,003101,2019,08031003101,2010_tracts,255.65741666666668,1.1447151445179404,81083.60783163928,1089.7688175810792,560910.4208137908
"Census Tract 33, Denver County, Colorado",128750.0,1652.0,696900.0,3215.0,2757.0,26.0,327.0,08,031,003300,2019,08031003300,2010_tracts,255.65741666666668,1.1447151445179404,147382.07485668483,1891.0694187436377,797751.9842145527
"Census Tract 41.03, Denver County, Colorado",124160.0,1717.0,488400.0,5593.0,3403.0,1355.0,498.0,08,031,004103,2019,08031004103,2010_tracts,255.65741666666668,1.1447151445179404,142127.8323433475,1965.4759031373037,559078.8765825621
"Census Tract 43.01, Denver County, Colorado",47366.0,1170.0,405400.0,5086.0,3781.0,195.0,616.0,08,031,004301,2019,08031004301,2010_tracts,255.65741666666668,1.1447151445179404,54220.577535236764,1339.3167190859904,464067.5195875731
"Census Tract 50.02, Denver County, Colorado",46717.0,1214.0,279100.0,8056.0,3752.0,1412.0,1860.0,08,031,005002,2019,08031005002,2010_tracts,255.65741666666668,1.1447151445179404,53477.657406444625,1389.6841854447796,319489.99683495716
"Census Tract 53, Denver County, Colorado",44388.0,1488.0,407500.0,1547.0,1214.0,146.0,55.0,08,031,005300,2019,08031005300,2010_tracts,255.65741666666668,1.1447151445179404,50811.61583486234,1703.3361350426953,466471.42139106075
"Census Tract 69.01, Denver County, Colorado",51451.0,1130.0,431500.0,5827.0,3911.0,479.0,1156.0,08,031,006901,2019,08031006901,2010_tracts,255.65741666666668,1.1447151445179404,58896.73890059255,1293.5281133052727,493944.58485949127
"Census Tract 70.13, Denver County, Colorado",73874.0,1557.0,274600.0,3927.0,2747.0,237.0,658.0,08,031,007013,2019,08031007013,2010_tracts,255.65741666666668,1.1447151445179404,84564.68658611833,1782.3214800144333,314338.77868462645
"Census Tract 9.03, Denver County, Colorado",46071.0,1246.0,231000.0,6021.0,1595.0,14.0,4243.0,08,031,000903,2019,08031000903,2010_tracts,255.65741666666668,1.1447151445179404,52738.17142308603,1426.3150700693539,264429.1983836442
"Census Tract 11.01, Denver County, Colorado",55536.0,994.0,452300.0,2484.0,950.0,135.0,1269.0,08,031,001101,2019,08031001101,2010_tracts,255.65741666666668,1.1447151445179404,63572.90026594834,1137.8468536508328,517754.65986546443
"Census Tract 13.01, Denver County, Colorado",56936.0,1289.0,285800.0,5259.0,1286.0,88.0,3493.0,08,031,001301,2019,08031001301,2010_tracts,255.65741666666668,1.1447151445179404,65175.501468273455,1475.5378212836251,327159.5883032274
"Census Tract 83.05, Denver County, Colorado",60819.0,1474.0,239600.0,4792.0,472.0,552.0,3478.0,08,031,008305,2019,08031008305,2010_tracts,255.65741666666668,1.1447151445179404,69620.43037443662,1687.3101230194443,274273.7486264985
"Census Tract 28.02, Denver County, Colorado",62931.0,1192.0,443900.0,4060.0,3211.0,129.0,543.0,08,031,002802,2019,08031002802,2010_tracts,255.65741666666668,1.1447151445179404,72038.0687596585,1364.500452265385,508139.0526515138
"Census Tract 41.04, Denver County, Colorado",97692.0,1493.0,372100.0,4758.0,2373.0,1474.0,537.0,08,031,004104,2019,08031004104,2010_tracts,255.65741666666668,1.1447151445179404,111829.51189824664,1709.059710765285,425948.5052751256
"Census Tract 68.04, Denver County, Colorado",89968.0,1754.0,452400.0,3168.0,2634.0,135.0,186.0,08,031,006804,2019,08031006804,2010_tracts,255.65741666666668,1.1447151445179404,102987.73212199006,2007.8303634844676,517869.1313799163
"Census Tract 7.01, Denver County, Colorado",44145.0,953.0,451400.0,4516.0,1957.0,279.0,2143.0,08,031,000701,2019,08031000701,2010_tracts,255.65741666666668,1.1447151445179404,50533.45005474448,1090.9135327255972,516724.4162353983
"Census Tract 31.02, Denver County, Colorado",50195.0,977.0,653000.0,3527.0,2659.0,257.0,340.0,08,031,003102,2019,08031003102,2010_tracts,255.65741666666668,1.1447151445179404,57458.97667907802,1118.3866961940278,747498.9893702151
"Census Tract 36.02, Denver County, Colorado",54013.0,1099.0,364500.0,4862.0,1442.0,704.0,2423.0,08,031,003602,2019,08031003602,2010_tracts,255.65741666666668,1.1447151445179404,61829.49910084752,1258.0419438252165,417248.6701767893
"Census Tract 67.01, Denver County, Colorado",81309.0,1657.0,559000.0,4080.0,3318.0,260.0,173.0,08,031,006701,2019,08031006701,2010_tracts,255.65741666666668,1.1447151445179404,93075.64368560922,1896.7929944662274,639895.7657855287
"Census Tract 4.01, Denver County, Colorado",85694.0,1300.0,460600.0,3601.0,1909.0,72.0,1527.0,08,031,000401,2019,08031000401,2010_tracts,255.65741666666668,1.1447151445179404,98095.21959432038,1488.1296878733226,527255.7955649634
"Census Tract 24.03, Denver County, Colorado",51725.0,1133.0,414600.0,4529.0,2384.0,775.0,978.0,08,031,002403,2019,08031002403,2010_tracts,255.65741666666668,1.1447151445179404,59210.390850190466,1296.9622587388264,474598.8989171381
"Census Tract 119.02, Denver County, Colorado",59543.0,1353.0,314900.0,6229.0,3077.0,622.0,2242.0,08,031,011902,2019,08031011902,2010_tracts,255.65741666666668,1.1447151445179404,68159.77385003172,1548.7995905327734,360470.7990086994
"Census Tract 7.02, Denver County, Colorado",45000.0,1207.0,520800.0,4799.0,1784.0,260.0,2438.0,08,031,000702,2019,08031000702,2010_tracts,255.65741666666668,1.1447151445179404,51512.18150330732,1381.671179433154,596167.6472649433
"Census Tract 27.02, Denver County, Colorado",70000.0,1280.0,364100.0,6495.0,5200.0,43.0,732.0,08,031,002702,2019,08031002702,2010_tracts,255.65741666666668,1.1447151445179404,80130.06011625583,1465.2353849829638,416790.7841189821
"Census Tract 39.01, Denver County, Colorado",133583.0,1799.0,840100.0,4204.0,3669.0,139.0,211.0,08,031,003901,2019,08031003901,2010_tracts,255.65741666666668,1.1447151445179404,152914.48315014003,2059.342544987775,961675.1929095217
"Census Tract 120.14, Denver County, Colorado",64531.0,1440.0,276800.0,6819.0,5185.0,56.0,1225.0,08,031,012014,2019,08031012014,2010_tracts,255.65741666666668,1.1447151445179404,73869.61299088721,1648.3898081058342,316857.1520025659
"Census Tract 29.01, Denver County, Colorado",83397.0,1557.0,487600.0,3559.0,2898.0,44.0,306.0,08,031,002901,2019,08031002901,2010_tracts,255.65741666666668,1.1447151445179404,95465.80890736268,1782.3214800144333,558163.1044669477
"Census Tract 30.01, Denver County, Colorado",110243.0,1691.0,551400.0,5874.0,5084.0,49.0,480.0,08,031,003001,2019,08031003001,2010_tracts,255.65741666666668,1.1447151445179404,126196.83167709131,1935.7133093798373,631195.9306871924
"Census Tract 30.03, Denver County, Colorado",70950.0,1528.0,505500.0,3346.0,2495.0,190.0,442.0,08,031,003003,2019,08031003003,2010_tracts,255.65741666666668,1.1447151445179404,81217.53950354787,1749.124740823413,578653.5055538189
"Census Tract 37.03, Denver County, Colorado",63291.0,1190.0,544500.0,3266.0,2435.0,61.0,519.0,08,031,003703,2019,08031003703,2010_tracts,255.65741666666668,1.1447151445179404,72450.16621168496,1362.211021976349,623297.3961900185
"Census Tract 44.03, Denver County, Colorado",62266.0,1345.0,296200.0,4342.0,1881.0,716.0,1577.0,08,031,004403,2019,08031004403,2010_tracts,255.65741666666668,1.1447151445179404,71276.83318855408,1539.64186937663,339064.62580621394
"Census Tract 51.04, Denver County, Colorado",42500.0,1073.0,370800.0,3863.0,1937.0,852.0,690.0,08,031,005104,2019,08031005104,2010_tracts,255.65741666666668,1.1447151445179404,48650.39364201247,1228.27935006775,424460.3755872523
"Census Tract 52, Denver County, Colorado",101369.0,1712.0,434400.0,3479.0,2969.0,105.0,150.0,08,031,005200,2019,08031005200,2010_tracts,255.65741666666668,1.1447151445179404,116038.62948463911,1959.752327414714,497264.2587785933
"Census Tract 68.12, Denver County, Colorado",68586.0,1627.0,263100.0,4096.0,3278.0,136.0,380.0,08,031,006812,2019,08031006812,2010_tracts,255.65741666666668,1.1447151445179404,78511.43290190746,1862.4515401306892,301174.5545226701
"Census Tract 83.06, Denver County, Colorado",49769.0,1139.0,260700.0,7188.0,684.0,1614.0,4195.0,08,031,008306,2019,08031008306,2010_tracts,255.65741666666668,1.1447151445179404,56971.32802751338,1303.830549605934,298427.2381758271
"Census Tract 119.03, Denver County, Colorado",74598.0,1404.0,336200.0,2496.0,1615.0,0.0,641.0,08,031,011903,2019,08031011903,2010_tracts,255.65741666666668,1.1447151445179404,85393.46035074932,1607.1800629031884,384853.23158693156
"Census Tract 3.01, Denver County, Colorado",93360.0,1223.0,511400.0,5869.0,4423.0,6.0,1275.0,08,031,000301,2019,08031000301,2010_tracts,255.65741666666668,1.1447151445179404,106870.60589219492,1399.9866217454412,585407.3249064748
"Census Tract 10, Denver County, Colorado",45929.0,1127.0,204000.0,4803.0,541.0,228.0,3714.0,08,031,001000,2019,08031001000,2010_tracts,255.65741666666668,1.1447151445179404,52575.62187256449,1290.0939678717189,233521.88948165986
"Census Tract 14.03, Denver County, Colorado",62463.0,1592.0,287500.0,3032.0,2093.0,41.0,742.0,08,031,001403,2019,08031001403,2010_tracts,255.65741666666668,1.1447151445179404,71502.34207202411,1822.3865100725611,329105.6040489079
"Census Tract 15, Denver County, Colorado",49737.0,1150.0,235700.0,4377.0,1453.0,182.0,2551.0,08,031,001500,2019,08031001500,2010_tracts,255.65741666666668,1.1447151445179404,56934.69714288881,1316.4224161956315,269809.35956287856
"Census Tract 17.01, Denver County, Colorado",95487.0,1850.0,653100.0,7500.0,6219.0,71.0,401.0,08,031,001701,2019,08031001701,2010_tracts,255.65741666666668,1.1447151445179404,109305.41500458457,2117.7230173581897,747613.4608846669
"Census Tract 29.02, Denver County, Colorado",123125.0,1639.0,675200.0,4239.0,3659.0,37.0,272.0,08,031,002902,2019,08031002902,2010_tracts,255.65741666666668,1.1447151445179404,140943.05216877142,1876.1881218649044,772911.6655785134
"Census Tract 41.01, Denver County, Colorado",43234.0,1180.0,328400.0,4589.0,1323.0,1621.0,1118.0,08,031,004101,2019,08031004101,2010_tracts,255.65741666666668,1.1447151445179404,49490.61455808864,1350.7638705311697,375924.45345969166
"Census Tract 46.01, Denver County, Colorado",61142.0,1220.0,255400.0,6481.0,1973.0,81.0,4263.0,08,031,004601,2019,08031004601,2010_tracts,255.65741666666668,1.1447151445179404,69990.17336611591,1396.5524763118874,292360.247909882
"Census Tract 13.02, Denver County, Colorado",47028.0,1200.0,260500.0,3974.0,1052.0,23.0,2644.0,08,031,001302,2019,08031001302,2010_tracts,255.65741666666668,1.1447151445179404,53833.6638163897,1373.6581734215285,298198.29514692345
"Census Tract 14.02, Denver County, Colorado",49904.0,1025.0,265900.0,4743.0,1125.0,315.0,2533.0,08,031,001402,2019,08031001402,2010_tracts,255.65741666666668,1.1447151445179404,57125.864572023296,1173.333023130889,304379.7569273204
"Census Tract 17.02, Denver County, Colorado",75323.0,1598.0,442900.0,4491.0,3204.0,122.0,705.0,08,031,001702,2019,08031001702,2010_tracts,255.65741666666668,1.1447151445179404,86223.37883052483,1829.2548009396687,506994.3375069958
"Census Tract 18, Denver County, Colorado",46510.0,1077.0,298700.0,3570.0,1659.0,179.0,1543.0,08,031,001800,2019,08031001800,2010_tracts,255.65741666666668,1.1447151445179404,53240.70137152941,1232.8582106458218,341926.4136675088
"Census Tract 21, Denver County, Colorado",75973.0,1383.0,434300.0,6568.0,4286.0,262.0,1567.0,08,031,002100,2019,08031002100,2010_tracts,255.65741666666668,1.1447151445179404,86967.4436744615,1583.1410448683116,497149.78726414155
"Census Tract 27.03, Denver County, Colorado",49911.0,1090.0,244400.0,5217.0,3864.0,379.0,489.0,08,031,002703,2019,08031002703,2010_tracts,255.65741666666668,1.1447151445179404,57133.877578034924,1247.7395075245552,279768.3813201846
"Census Tract 28.01, Denver County, Colorado",75215.0,1366.0,502700.0,3002.0,2538.0,34.0,264.0,08,031,002801,2019,08031002801,2010_tracts,255.65741666666668,1.1447151445179404,86099.7495949169,1563.6808874115065,575448.3031491686
"Census Tract 26.01, Denver County, Colorado",52890.0,1272.0,419300.0,3869.0,2649.0,312.0,760.0,08,031,002601,2019,08031002601,2010_tracts,255.65741666666668,1.1447151445179404,60543.98399355387,1456.0776638268203,479979.06009637244
"Census Tract 28.03, Denver County, Colorado",60213.0,1269.0,370700.0,4999.0,4112.0,73.0,367.0,08,031,002803,2019,08031002803,2010_tracts,255.65741666666668,1.1447151445179404,68926.73299685874,1452.6435183932665,424345.90407280053
"Census Tract 55.02, Denver County, Colorado",78821.0,1591.0,365600.0,2223.0,1369.0,90.0,692.0,08,031,005502,2019,08031005502,2010_tracts,255.65741666666668,1.1447151445179404,90227.59240604858,1821.2417949280432,418507.856835759
"Census Tract 70.88, Denver County, Colorado",63706.0,1548.0,253400.0,4922.0,2475.0,686.0,1099.0,08,031,007088,2019,08031007088,2010_tracts,255.65741666666668,1.1447151445179404,72925.22299665991,1772.0190437137717,290070.8176208461
"Census Tract 70.89, Denver County, Colorado",33256.0,1053.0,178600.0,5194.0,3667.0,1091.0,261.0,08,031,007089,2019,08031007089,2010_tracts,255.65741666666668,1.1447151445179404,38068.646846088624,1205.3850471773912,204446.12481090415
"Census Tract 120.01, Denver County, Colorado",82434.0,1131.0,456000.0,1977.0,1415.0,0.0,459.0,08,031,012001,2019,08031012001,2010_tracts,255.65741666666668,1.1447151445179404,94363.4482231919,1294.6728284497906,521990.1059001808
"Census Tract 32.01, Denver County, Colorado",65509.0,1240.0,345900.0,5853.0,5073.0,77.0,424.0,08,031,003201,2019,08031003201,2010_tracts,255.65741666666668,1.1447151445179404,74989.14440222576,1419.446779202246,395956.9684887556
"Census Tract 38, Denver County, Colorado",108560.0,1696.0,844200.0,6850.0,5820.0,146.0,371.0,08,031,003800,2019,08031003800,2010_tracts,255.65741666666668,1.1447151445179404,124270.27608886761,1941.436885102427,966368.5250020453
"Census Tract 40.02, Denver County, Colorado",124727.0,2148.0,686800.0,3525.0,2814.0,0.0,494.0,08,031,004002,2019,08031004002,2010_tracts,255.65741666666668,1.1447151445179404,142776.88583028916,2458.848130424536,786190.3612549215
"Census Tract 40.04, Denver County, Colorado",82240.0,1720.0,460900.0,1965.0,1723.0,41.0,145.0,08,031,004004,2019,08031004004,2010_tracts,255.65741666666668,1.1447151445179404,94141.37348515542,1968.9100485708575,527599.2101083187
"Census Tract 42.01, Denver County, Colorado",122431.0,1327.0,668100.0,4979.0,4035.0,243.0,416.0,08,031,004201,2019,08031004201,2010_tracts,255.65741666666668,1.1447151445179404,140148.61985847595,1519.036996775307,764784.188052436
"Census Tract 42.02, Denver County, Colorado",125875.0,1276.0,589200.0,4567.0,3462.0,577.0,257.0,08,031,004202,2019,08031004202,2010_tracts,255.65741666666668,1.1447151445179404,144091.01881619575,1460.656524404892,674466.1631499705
"Census Tract 43.06, Denver County, Colorado",117517.0,1559.0,649000.0,5325.0,4243.0,330.0,409.0,08,031,004306,2019,08031004306,2010_tracts,255.65741666666668,1.1447151445179404,134523.48963831482,1784.6109103034692,742920.1287921433
"Census Tract 44.04, Denver County, Colorado",47830.0,1095.0,298500.0,6698.0,1902.0,2445.0,1313.0,08,031,004404,2019,08031004404,2010_tracts,255.65741666666668,1.1447151445179404,54751.72536229309,1253.4630832471448,341697.47063860524
"Census Tract 44.05, Denver County, Colorado",85871.0,1460.0,582600.0,8976.0,6419.0,468.0,1206.0,08,031,004405,2019,08031004405,2010_tracts,255.65741666666668,1.1447151445179404,98297.83417490007,1671.284110996193,666911.0431961521
"Census Tract 46.02, Denver County, Colorado",51992.0,990.0,263800.0,7698.0,1799.0,206.0,4754.0,08,031,004602,2019,08031004602,2010_tracts,255.65741666666668,1.1447151445179404,59516.02979377676,1133.267993072761,301975.8551238327
"Census Tract 48.01, Denver County, Colorado",84167.0,1614.0,328000.0,3627.0,1431.0,0.0,1756.0,08,031,004801,2019,08031004801,2010_tracts,255.65741666666668,1.1447151445179404,96347.2395686415,1847.5702432519558,375466.5674018845
"Census Tract 70.37, Denver County, Colorado",41352.0,1016.0,337500.0,4361.0,1140.0,1112.0,1513.0,08,031,007037,2019,08031007037,2010_tracts,255.65741666666668,1.1447151445179404,47336.26065610587,1163.0305868302275,386341.3612748049
"Census Tract 83.12, Denver County, Colorado",59844.0,1483.0,235000.0,8245.0,717.0,2033.0,4972.0,08,031,008312,2019,08031008312,2010_tracts,255.65741666666668,1.1447151445179404,68504.33310853163,1697.6125593201057,269008.058961716
"Census Tract 68.10, Denver County, Colorado",65234.0,1295.0,291100.0,5836.0,3393.0,816.0,1006.0,08,031,006810,2019,08031006810,2010_tracts,255.65741666666668,1.1447151445179404,74674.34773748333,1482.406112150733,333226.5785691725
"Census Tract 68.11, Denver County, Colorado",67245.0,1209.0,435400.0,6497.0,4638.0,596.0,622.0,08,031,006811,2019,08031006811,2010_tracts,255.65741666666668,1.1447151445179404,76976.3698931089,1383.96060972219,498408.9739231113
"Census Tract 5.01, Denver County, Colorado",118125.0,2000.0,618200.0,2183.0,1667.0,126.0,358.0,08,031,000501,2019,08031000501,2010_tracts,255.65741666666668,1.1447151445179404,135219.4764461817,2289.430289035881,707662.9023409907
"Census Tract 11.02, Denver County, Colorado",88993.0,1761.0,590700.0,4799.0,3222.0,44.0,1403.0,08,031,001102,2019,08031001102,2010_tracts,255.65741666666668,1.1447151445179404,101871.63485608507,2015.8433694960931,676183.2358667474
"Census Tract 16, Denver County, Colorado",86189.0,1799.0,450300.0,12361.0,7821.0,1612.0,1831.0,08,031,001600,2019,08031001600,2010_tracts,255.65741666666668,1.1447151445179404,98661.85359085677,2059.342544987775,515465.2295764286
"Census Tract 23, Denver County, Colorado",92850.0,1171.0,474200.0,5528.0,2950.0,1222.0,1044.0,08,031,002300,2019,08031002300,2010_tracts,255.65741666666668,1.1447151445179404,106286.80116849077,1340.4614342305083,542823.9215304074
"Census Tract 32.03, Denver County, Colorado",197813.0,1725.0,1161000.0,3032.0,2800.0,29.0,96.0,08,031,003203,2019,08031003203,2010_tracts,255.65741666666668,1.1447151445179404,226439.53688252735,1974.6336242934472,1329014.2827853288
"Census Tract 36.01, Denver County, Colorado",63250.0,1161.0,382100.0,4552.0,1694.0,629.0,2119.0,08,031,003601,2019,08031003601,2010_tracts,255.65741666666668,1.1447151445179404,72403.23289075973,1329.0142827853288,437395.65672030504
"Census Tract 37.01, Denver County, Colorado",78459.0,1139.0,537100.0,3677.0,2843.0,304.0,414.0,08,031,003701,2019,08031003701,2010_tracts,255.65741666666668,1.1447151445179404,89813.2055237331,1303.830549605934,614826.5041205859
"Census Tract 37.02, Denver County, Colorado",53329.0,1130.0,534700.0,4994.0,3961.0,268.0,450.0,08,031,003702,2019,08031003702,2010_tracts,255.65741666666668,1.1447151445179404,61046.51394199725,1293.5281133052727,612079.1877737427
"Census Tract 43.04, Denver County, Colorado",93661.0,1551.0,463300.0,5739.0,4796.0,167.0,477.0,08,031,004304,2019,08031004304,2010_tracts,255.65741666666668,1.1447151445179404,107215.16515069483,1775.4531891473257,530346.5264551617
"Census Tract 50.01, Denver County, Colorado",73191.0,1417.0,328900.0,2718.0,1642.0,373.0,416.0,08,031,005001,2019,08031005001,2010_tracts,255.65741666666668,1.1447151445179404,83782.84614241259,1622.0613597819215,376496.8110319506
"Census Tract 55.03, Denver County, Colorado",81369.0,1098.0,356800.0,5025.0,3289.0,63.0,1367.0,08,031,005503,2019,08031005503,2010_tracts,255.65741666666668,1.1447151445179404,93144.3265942803,1256.8972286806986,408434.36356400116
"Census Tract 68.14, Denver County, Colorado",57500.0,1150.0,359500.0,5296.0,2527.0,1083.0,1386.0,08,031,006814,2019,08031006814,2010_tracts,255.65741666666668,1.1447151445179404,65821.12080978157,1316.4224161956315,411525.0944541996
"Census Tract 70.06, Denver County, Colorado",48941.0,1217.0,,5228.0,1811.0,849.0,1871.0,08,031,007006,2019,08031007006,2010_tracts,255.65741666666668,1.1447151445179404,56023.50388785252,1393.1183308783336,
"Census Tract 45.03, Denver County, Colorado",42684.0,1119.0,207900.0,4390.0,704.0,139.0,3533.0,08,031,004503,2019,08031004503,2010_tracts,255.65741666666668,1.1447151445179404,48861.02122860377,1280.9362467155754,237986.2785452798
"Census Tract 33, Denver County, Colorado",131250.0,1667.0,743400.0,3176.0,2796.0,9.0,232.0,08,031,003300,2020,08031003300,2020_tracts,258.8111666666667,1.1307661892486607,148413.06233888672,1884.9872374775173,840611.5850874543
"Census Tract 34.01, Denver County, Colorado",138147.0,2138.0,640400.0,2563.0,2333.0,0.0,158.0,08,031,003401,2020,08031003401,2020_tracts,258.8111666666667,1.1307661892486607,156211.95674613473,2417.5781126136367,724142.6675948423
"Census Tract 34.02, Denver County, Colorado",187065.0,2311.0,864600.0,4997.0,4502.0,56.0,267.0,08,031,003402,2020,08031003402,2020_tracts,258.8111666666667,1.1307661892486607,211526.7771918007,2613.200663353655,977660.447224392
"Census Tract 35.01, Denver County, Colorado",60119.0,1173.0,303000.0,3333.0,612.0,117.0,2465.0,08,031,003501,2020,08031003501,2020_tracts,258.8111666666667,1.1307661892486607,67980.53253144023,1326.388739988679,342622.1553423442
"Census Tract 35.02, Denver County, Colorado",47248.0,1190.0,268500.0,3686.0,273.0,25.0,3322.0,08,031,003502,2020,08031003502,2020_tracts,258.8111666666667,1.1307661892486607,53426.44090962072,1345.6117652059063,303610.7218132654
"Census Tract 36.01, Denver County, Colorado",66364.0,1234.0,426600.0,4888.0,1979.0,650.0,2097.0,08,031,003601,2020,08031003601,2020_tracts,258.8111666666667,1.1307661892486607,75042.16738329812,1395.3654775328473,482384.85633347864
"Census Tract 36.02, Denver County, Colorado",55262.0,1137.0,390000.0,4755.0,1433.0,626.0,2473.0,08,031,003602,2020,08031003602,2020_tracts,258.8111666666667,1.1307661892486607,62488.40115025949,1285.681157175727,440998.81380697765
"Census Tract 36.03, Denver County, Colorado",67216.0,1712.0,491500.0,3500.0,1773.0,1131.0,393.0,08,031,003603,2020,08031003603,2020_tracts,258.8111666666667,1.1307661892486607,76005.58017653797,1935.871715993707,555771.5820157167
"Census Tract 37.01, Denver County, Colorado",78994.0,1132.0,592200.0,3359.0,2695.0,109.0,452.0,08,031,003701,2020,08031003701,2020_tracts,258.8111666666667,1.1307661892486607,89323.74435350871,1280.0273262294838,669639.7372730569
"Census Tract 37.02, Denver County, Colorado",59593.0,1270.0,563300.0,5199.0,4178.0,263.0,367.0,08,031,003702,2020,08031003702,2020_tracts,258.8111666666667,1.1307661892486607,67385.74951589544,1436.0730603457991,636960.5944037705
"Census Tract 37.03, Denver County, Colorado",57527.0,1142.0,606000.0,3050.0,2295.0,271.0,257.0,08,031,003703,2020,08031003703,2020_tracts,258.8111666666667,1.1307661892486607,65049.5865689077,1291.3349881219706,685244.3106846884
"Census Tract 38.01, Denver County, Colorado",85500.0,1690.0,718800.0,3234.0,2722.0,57.0,262.0,08,031,003801,2020,08031003801,2020_tracts,258.8111666666667,1.1307661892486607,96680.50918076049,1910.9948598302365,812794.7368319373
"Census Tract 38.02, Denver County, Colorado",172778.0,2172.0,919000.0,3803.0,3232.0,124.0,153.0,08,031,003802,2020,08031003802,2020_tracts,258.8111666666667,1.1307661892486607,195371.52064600508,2456.024163048091,1039174.1279195192
"Census Tract 39.01, Denver County, Colorado",113098.0,1655.0,847900.0,4218.0,3562.0,141.0,200.0,08,031,003901,2020,08031003901,2020_tracts,258.8111666666667,1.1307661892486607,127887.39447164502,1871.4180432065334,958776.6518639394
"Census Tract 39.02, Denver County, Colorado",138750.0,1855.0,681900.0,4181.0,3552.0,22.0,234.0,08,031,003902,2020,08031003902,2020_tracts,258.8111666666667,1.1307661892486607,156893.80875825166,2097.5712810562654,771069.4644486617
"Census Tract 40.02, Denver County, Colorado",131354.0,2333.0,724600.0,3509.0,2835.0,0.0,497.0,08,031,004002,2020,08031004002,2020_tracts,258.8111666666667,1.1307661892486607,148530.66202256858,2638.0775195171254,819353.1807295795
"Census Tract 40.03, Denver County, Colorado",95893.0,1988.0,398400.0,4856.0,3944.0,13.0,519.0,08,031,004003,2020,08031004003,2020_tracts,258.8111666666667,1.1307661892486607,108432.56218562182,2247.9631842263375,450497.24979666644
"Census Tract 40.04, Denver County, Colorado",78000.0,1733.0,459600.0,1911.0,1657.0,40.0,129.0,08,031,004004,2020,08031004004,2020_tracts,258.8111666666667,1.1307661892486607,88199.76276139553,1959.617805967929,519700.14057868446
"Census Tract 40.05, Denver County, Colorado",61151.0,1211.0,445000.0,3248.0,2183.0,298.0,529.0,08,031,004005,2020,08031004005,2020_tracts,258.8111666666667,1.1307661892486607,69147.48323874486,1369.3578551801281,503190.954215654
"Census Tract 40.06, Denver County, Colorado",63654.0,1429.0,837700.0,4887.0,3654.0,16.0,472.0,08,031,004006,2020,08031004006,2020_tracts,258.8111666666667,1.1307661892486607,71977.79101043424,1615.864884436336,947242.836733603
"Census Tract 41.01, Denver County, Colorado",53830.0,1253.0,361700.0,4600.0,1304.0,1674.0,1135.0,08,031,004101,2020,08031004101,2020_tracts,258.8111666666667,1.1307661892486607,60869.143967255404,1416.8500351285718,408998.1306512406
"Census Tract 41.02, Denver County, Colorado",62500.0,1649.0,390100.0,5276.0,1222.0,2174.0,1651.0,08,031,004102,2020,08031004102,2020_tracts,258.8111666666667,1.1307661892486607,70672.88682804129,1864.6334460710414,441111.89042590256
"Census Tract 41.03, Denver County, Colorado",137904.0,1938.0,574100.0,6526.0,3573.0,1575.0,469.0,08,031,004103,2020,08031004103,2020_tracts,258.8111666666667,1.1307661892486607,155937.1805621473,2191.4248747639044,649172.8692476561
"Census Tract 41.04, Denver County, Colorado",115295.0,1782.0,426400.0,5174.0,2362.0,1822.0,528.0,08,031,004104,2020,08031004104,2020_tracts,258.8111666666667,1.1307661892486607,130371.68778942434,2015.0253492411134,482158.70309562894
"Census Tract 41.08, Denver County, Colorado",153833.0,2237.0,599200.0,7447.0,5599.0,521.0,520.0,08,031,004108,2020,08031004108,2020_tracts,258.8111666666667,1.1307661892486607,173949.15519068923,2529.523965349254,677555.1005977974
"Census Tract 41.09, Denver County, Colorado",126400.0,,634800.0,1032.0,523.0,0.0,327.0,08,031,004109,2020,08031004109,2020_tracts,258.8111666666667,1.1307661892486607,142928.84632103072,,717810.3769350498
"Census Tract 41.10, Denver County, Colorado",141875.0,,652600.0,4901.0,3493.0,399.0,687.0,08,031,004110,2020,08031004110,2020_tracts,258.8111666666667,1.1307661892486607,160427.45309965374,,737938.015103676
"Census Tract 41.11, Denver County, Colorado",161081.0,1449.0,638800.0,5803.0,4314.0,438.0,547.0,08,031,004111,2020,08031004111,2020_tracts,258.8111666666667,1.1307661892486607,182144.9485303635,1638.4802082213093,722333.4416920445
"Census Tract 41.12, Denver County, Colorado",90931.0,1741.0,554800.0,6070.0,4422.0,638.0,379.0,08,031,004112,2020,08031004112,2020_tracts,258.8111666666667,1.1307661892486607,102821.70035456997,1968.6639354819183,627349.0817951569
"Census Tract 41.13, Denver County, Colorado",136875.0,2024.0,564300.0,1884.0,1495.0,74.0,158.0,08,031,004113,2020,08031004113,2020_tracts,258.8111666666667,1.1307661892486607,154773.62215341043,2288.6707670392893,638091.3605930192
"Census Tract 42.01, Denver County, Colorado",139432.0,1436.0,759600.0,4844.0,3592.0,269.0,579.0,08,031,004201,2020,08031004201,2020_tracts,258.8111666666667,1.1307661892486607,157664.99129931926,1623.7802477610767,858929.9973532826
"Census Tract 42.02, Denver County, Colorado",126949.0,1357.0,620800.0,4649.0,3463.0,441.0,312.0,08,031,004202,2020,08031004202,2020_tracts,258.8111666666667,1.1307661892486607,143549.63695892823,1534.4497188104326,701979.6502855686
"Census Tract 43.02, Denver County, Colorado",93456.0,1273.0,595400.0,3023.0,2168.0,109.0,706.0,08,031,004302,2020,08031004302,2020_tracts,258.8111666666667,1.1307661892486607,105676.88498242284,1439.465358913545,673258.1890786525
"Census Tract 43.03, Denver County, Colorado",193542.0,2690.0,1108800.0,4003.0,3149.0,50.0,353.0,08,031,004303,2020,08031004303,2020_tracts,258.8111666666667,1.1307661892486607,218850.74979956428,3041.761049078897,1253793.550638915
"Census Tract 43.06, Denver County, Colorado",119211.0,1626.0,700200.0,4792.0,3668.0,244.0,361.0,08,031,004306,2020,08031004306,2020_tracts,258.8111666666667,1.1307661892486607,134799.7681865221,1838.6258237183222,791762.4857119122
"Census Tract 43.07, Denver County, Colorado",52097.0,1070.0,531800.0,1824.0,1567.0,30.0,151.0,08,031,004307,2020,08031004307,2020_tracts,258.8111666666667,1.1307661892486607,58909.526161287475,1209.919822496067,601341.4594424377
"Census Tract 43.08, Denver County, Colorado",60021.0,1421.0,465600.0,3241.0,2443.0,126.0,288.0,08,031,004308,2020,08031004308,2020_tracts,258.8111666666667,1.1307661892486607,67869.71744489386,1606.818754922347,526484.7377141764
"Census Tract 32.05, Denver County, Colorado",63523.0,1294.0,441500.0,3244.0,2901.0,67.0,130.0,08,031,003205,2020,08031003205,2020_tracts,258.8111666666667,1.1307661892486607,71829.66063964268,1463.211448887767,499233.27255328366
"Census Tract 43.09, Denver County, Colorado",89311.0,1383.0,443400.0,4060.0,2825.0,34.0,1025.0,08,031,004309,2020,08031004309,2020_tracts,258.8111666666667,1.1307661892486607,100989.85912798713,1563.8496397308977,501381.72831285617
"Census Tract 43.10, Denver County, Colorado",127706.0,1733.0,547300.0,2481.0,1956.0,109.0,270.0,08,031,004310,2020,08031004310,2020_tracts,258.8111666666667,1.1307661892486607,144405.62696418946,1959.617805967929,618868.335375792
"Census Tract 44.03, Denver County, Colorado",71468.0,1376.0,335400.0,4397.0,2149.0,590.0,1415.0,08,031,004403,2020,08031004403,2020_tracts,258.8111666666667,1.1307661892486607,80813.59801322328,1555.934276406157,379258.97987400077
"Census Tract 44.04, Denver County, Colorado",54231.0,1206.0,338000.0,6045.0,1668.0,1862.0,1500.0,08,031,004404,2020,08031004404,2020_tracts,258.8111666666667,1.1307661892486607,61322.58120914412,1363.7040242338849,382198.9719660473
"Census Tract 44.06, Denver County, Colorado",103438.0,1619.0,685200.0,4309.0,2890.0,485.0,408.0,08,031,004406,2020,08031004406,2020_tracts,258.8111666666667,1.1307661892486607,116964.19308350296,1830.7104603935816,774800.9928731823
"Census Tract 44.07, Denver County, Colorado",84456.0,1656.0,528600.0,5187.0,3626.0,277.0,883.0,08,031,004407,2020,08031004407,2020_tracts,258.8111666666667,1.1307661892486607,95499.98927918488,1872.548809395782,597723.0076368421
"Census Tract 45.03, Denver County, Colorado",40663.0,1124.0,222800.0,5096.0,644.0,76.0,4341.0,08,031,004503,2020,08031004503,2020_tracts,258.8111666666667,1.1307661892486607,45980.34555341829,1270.9811967154947,251934.7069646016
"Census Tract 45.04, Denver County, Colorado",51083.0,1194.0,276100.0,4535.0,402.0,129.0,3813.0,08,031,004504,2020,08031004504,2020_tracts,258.8111666666667,1.1307661892486607,57762.929245389336,1350.1348299629008,312204.5448515552
"Census Tract 45.05, Denver County, Colorado",34000.0,1129.0,212100.0,5088.0,465.0,232.0,4181.0,08,031,004505,2020,08031004505,2020_tracts,258.8111666666667,1.1307661892486607,38446.05043445446,1276.635027661738,239835.50873964094
"Census Tract 45.06, Denver County, Colorado",33958.0,1023.0,263500.0,3685.0,375.0,116.0,2953.0,08,031,004506,2020,08031004506,2020_tracts,258.8111666666667,1.1307661892486607,38398.55825450602,1156.77381160138,297956.8908670221
"Census Tract 46.01, Denver County, Colorado",69877.0,1388.0,305500.0,6885.0,1703.0,54.0,4481.0,08,031,004601,2020,08031004601,2020_tracts,258.8111666666667,1.1307661892486607,79014.54900612867,1569.503470677141,345449.0708154658
"Census Tract 46.02, Denver County, Colorado",41911.0,1045.0,285100.0,7185.0,1718.0,143.0,4405.0,08,031,004602,2020,08031004602,2020_tracts,258.8111666666667,1.1307661892486607,47391.541757600615,1181.6506677648504,322381.44055479317
"Census Tract 46.03, Denver County, Colorado",63772.0,1352.0,288100.0,6037.0,2272.0,160.0,3454.0,08,031,004603,2020,08031004603,2020_tracts,258.8111666666667,1.1307661892486607,72111.22142076559,1528.7958878641894,325773.7391225391
"Census Tract 47, Denver County, Colorado",74831.0,1200.0,379600.0,7424.0,3000.0,159.0,3805.0,08,031,004700,2020,08031004700,2020_tracts,258.8111666666667,1.1307661892486607,84616.36470766652,1356.9194270983928,429238.8454387916
"Census Tract 48.01, Denver County, Colorado",82716.0,1714.0,359400.0,3825.0,1508.0,0.0,1987.0,08,031,004801,2020,08031004801,2020_tracts,258.8111666666667,1.1307661892486607,93532.45610989221,1938.1332483722044,406397.36841596867
"Census Tract 50.01, Denver County, Colorado",80893.0,1250.0,365000.0,2649.0,1439.0,508.0,248.0,08,031,005001,2020,08031005001,2020_tracts,258.8111666666667,1.1307661892486607,91471.0693468919,1413.4577365608259,412729.65907576116
"Census Tract 50.03, Denver County, Colorado",49192.0,1315.0,613800.0,2616.0,1584.0,141.0,622.0,08,031,005003,2020,08031005003,2020_tracts,258.8111666666667,1.1307661892486607,55624.650381520114,1486.9575388619887,694064.2869608279
"Census Tract 50.04, Denver County, Colorado",45823.0,1216.0,237700.0,5849.0,2625.0,1431.0,857.0,08,031,005004,2020,08031005004,2020_tracts,258.8111666666667,1.1307661892486607,51815.09908994138,1375.0116861263714,268783.12318440666
"Census Tract 51.02, Denver County, Colorado",102875.0,1793.0,453400.0,3738.0,3241.0,0.0,342.0,08,031,005102,2020,08031005102,2020_tracts,258.8111666666667,1.1307661892486607,116327.57171895597,2027.4637773228485,512689.39020534273
"Census Tract 51.04, Denver County, Colorado",55287.0,1149.0,371700.0,3929.0,2303.0,550.0,910.0,08,031,005104,2020,08031005104,2020_tracts,258.8111666666667,1.1307661892486607,62516.6703049907,1299.2503514467112,420305.79254372715
"Census Tract 52, Denver County, Colorado",90278.0,1842.0,445700.0,3643.0,3113.0,120.0,209.0,08,031,005200,2020,08031005200,2020_tracts,258.8111666666667,1.1307661892486607,102083.31003299059,2082.871320596033,503982.4905481281
"Census Tract 53, Denver County, Colorado",61471.0,1694.0,434000.0,1718.0,1197.0,264.0,75.0,08,031,005300,2020,08031005300,2020_tracts,258.8111666666667,1.1307661892486607,69509.32841930442,1915.5179245872312,490752.5261339187
"Census Tract 55.02, Denver County, Colorado",79545.0,1652.0,376900.0,2052.0,1248.0,63.0,658.0,08,031,005502,2020,08031005502,2020_tracts,258.8111666666667,1.1307661892486607,89946.79652378471,1868.0257446387875,426185.7767278202
"Census Tract 55.03, Denver County, Colorado",90625.0,1077.0,378800.0,5279.0,3309.0,0.0,1133.0,08,031,005503,2020,08031005503,2020_tracts,258.8111666666667,1.1307661892486607,102475.68590065987,1217.8351858208075,428334.23248739267
"Census Tract 67.01, Denver County, Colorado",86786.0,1718.0,597000.0,4141.0,3528.0,115.0,168.0,08,031,006701,2020,08031006701,2020_tracts,258.8111666666667,1.1307661892486607,98134.67450013426,1942.6563131291991,675067.4149814504
"Census Tract 68.04, Denver County, Colorado",92568.0,1775.0,471800.0,3068.0,2578.0,102.0,152.0,08,031,006804,2020,08031006804,2020_tracts,258.8111666666667,1.1307661892486607,104672.76460637002,2007.1099859163728,533495.4880875181
"Census Tract 68.10, Denver County, Colorado",56991.0,1368.0,321900.0,6315.0,3316.0,939.0,1516.0,08,031,006810,2020,08031006810,2020_tracts,258.8111666666667,1.1307661892486607,64443.49589147042,1546.8881468921677,363993.6363191439
"Census Tract 68.12, Denver County, Colorado",68452.0,1504.0,289900.0,4185.0,3349.0,159.0,280.0,08,031,006812,2020,08031006812,2020_tracts,258.8111666666667,1.1307661892486607,77403.20718644932,1700.6723486299857,327809.1182631867
"Census Tract 68.13, Denver County, Colorado",52894.0,1357.0,275300.0,4433.0,2229.0,822.0,1010.0,08,031,006813,2020,08031006813,2020_tracts,258.8111666666667,1.1307661892486607,59810.746814118655,1534.4497188104326,311299.9319001563
"Census Tract 68.14, Denver County, Colorado",59151.0,1198.0,391500.0,4970.0,2609.0,682.0,1331.0,08,031,006814,2020,08031006814,2020_tracts,258.8111666666667,1.1307661892486607,66885.95086024753,1354.6578947198955,442694.9630908507
"Census Tract 68.15, Denver County, Colorado",109583.0,1950.0,626500.0,2139.0,1759.0,96.0,83.0,08,031,006815,2020,08031006815,2020_tracts,258.8111666666667,1.1307661892486607,123912.75131643598,2204.9940690348885,708425.0175642859
"Census Tract 68.16, Denver County, Colorado",53610.0,1390.0,433800.0,5146.0,4190.0,263.0,604.0,08,031,006816,2020,08031006816,2020_tracts,258.8111666666667,1.1307661892486607,60620.375405620696,1571.7650030556383,490526.372896069
"Census Tract 68.17, Denver County, Colorado",120987.0,1919.0,498500.0,2646.0,1842.0,394.0,112.0,08,031,006817,2020,08031006817,2020_tracts,258.8111666666667,1.1307661892486607,136808.0089386277,2169.9403171681797,563686.9453404574
"Census Tract 68.18, Denver County, Colorado",59616.0,1234.0,359600.0,4072.0,3428.0,264.0,187.0,08,031,006818,2020,08031006818,2020_tracts,258.8111666666667,1.1307661892486607,67411.75713824815,1395.3654775328473,406623.5216538184
"Census Tract 69.02, Denver County, Colorado",52288.0,1132.0,393100.0,3528.0,2423.0,283.0,269.0,08,031,006902,2020,08031006902,2020_tracts,258.8111666666667,1.1307661892486607,59125.50250343397,1280.0273262294838,444504.1889936485
"Census Tract 69.03, Denver County, Colorado",63088.0,1255.0,567900.0,2537.0,1476.0,316.0,351.0,08,031,006903,2020,08031006903,2020_tracts,258.8111666666667,1.1307661892486607,71337.77734731951,1419.1115675070691,642162.1188743144
"Census Tract 70.06, Denver County, Colorado",47302.0,1255.0,,4250.0,1678.0,608.0,1330.0,08,031,007006,2020,08031007006,2020_tracts,258.8111666666667,1.1307661892486607,53487.50228384015,1419.1115675070691,
"Census Tract 70.13, Denver County, Colorado",75369.0,1564.0,283000.0,4333.0,2807.0,372.0,584.0,08,031,007013,2020,08031007013,2020_tracts,258.8111666666667,1.1307661892486607,85224.7169174823,1768.5183199849052,320006.83155737096
"Census Tract 70.37, Denver County, Colorado",44610.0,1015.0,320100.0,4643.0,1320.0,1183.0,1599.0,08,031,007037,2020,08031007037,2020_tracts,258.8111666666667,1.1307661892486607,50443.479702382756,1147.7276820873906,361958.2571784963
"Census Tract 70.88, Denver County, Colorado",54879.0,1680.0,276200.0,5230.0,2684.0,481.0,1401.0,08,031,007088,2020,08031007088,2020_tracts,258.8111666666667,1.1307661892486607,62055.317699777246,1899.68719793775,312317.62147048005
"Census Tract 70.90, Denver County, Colorado",42563.0,1086.0,207000.0,1714.0,775.0,654.0,153.0,08,031,007090,2020,08031007090,2020_tracts,258.8111666666667,1.1307661892486607,48128.80131299074,1228.0120815240455,234068.60117447277
"Census Tract 70.91, Denver County, Colorado",33398.0,1073.0,194500.0,3402.0,3057.0,186.0,121.0,08,031,007091,2020,08031007091,2020_tracts,258.8111666666667,1.1307661892486607,37765.32918852677,1213.3121210638128,219934.0238088645
"Census Tract 83.04, Denver County, Colorado",64375.0,1486.0,237600.0,4098.0,411.0,675.0,2782.0,08,031,008304,2020,08031008304,2020_tracts,258.8111666666667,1.1307661892486607,72793.07343288253,1680.3185572235097,268670.04656548175
"Census Tract 83.05, Denver County, Colorado",61773.0,1671.0,285800.0,5741.0,564.0,534.0,4388.0,08,031,008305,2020,08031008305,2020_tracts,258.8111666666667,1.1307661892486607,69850.81980845751,1889.510302234512,323172.9768872672
"Census Tract 83.06, Denver County, Colorado",48135.0,1193.0,303100.0,7097.0,623.0,1619.0,4023.0,08,031,008306,2020,08031008306,2020_tracts,258.8111666666667,1.1307661892486607,54429.43051948428,1349.0040637736522,342735.23196126905
"Census Tract 83.12, Denver County, Colorado",59914.0,1336.0,265500.0,7484.0,878.0,1714.0,4366.0,08,031,008312,2020,08031008312,2020_tracts,258.8111666666667,1.1307661892486607,67748.72546264426,1510.7036288362106,300218.4232455194
"Census Tract 83.86, Denver County, Colorado",68155.0,1566.0,289900.0,4873.0,325.0,594.0,3594.0,08,031,008386,2020,08031008386,2020_tracts,258.8111666666667,1.1307661892486607,77067.36962824246,1770.7798523634026,327809.1182631867
"Census Tract 83.87, Denver County, Colorado",85588.0,1577.0,282700.0,7329.0,542.0,1892.0,4346.0,08,031,008387,2020,08031008387,2020_tracts,258.8111666666667,1.1307661892486607,96780.01660541438,1783.218280445138,319667.6017005964
"Census Tract 83.88, Denver County, Colorado",76128.0,1644.0,290700.0,11421.0,2294.0,2386.0,5392.0,08,031,008388,2020,08031008388,2020_tracts,258.8111666666667,1.1307661892486607,86082.96845512204,1858.979615124798,328713.73121458566
"Census Tract 83.89, Denver County, Colorado",87159.0,2272.0,355100.0,14014.0,2373.0,4480.0,5487.0,08,031,008389,2020,08031008389,2020_tracts,258.8111666666667,1.1307661892486607,98556.45028872402,2569.100781972957,401535.0738021994
"Census Tract 83.90, Denver County, Colorado",76571.0,1696.0,321300.0,9402.0,1984.0,3555.0,3486.0,08,031,008390,2020,08031008390,2020_tracts,258.8111666666667,1.1307661892486607,86583.89787695919,1917.7794569657285,363315.1766055947
"Census Tract 83.91, Denver County, Colorado",78595.0,1770.0,311400.0,7305.0,1787.0,1957.0,3207.0,08,031,008391,2020,08031008391,2020_tracts,258.8111666666667,1.1307661892486607,88872.56864399849,2001.4561549701293,352120.5913320329
"Census Tract 119.02, Denver County, Colorado",45750.0,1356.0,362600.0,6144.0,3469.0,415.0,2067.0,08,031,011902,2020,08031011902,2020_tracts,258.8111666666667,1.1307661892486607,51732.553158126226,1533.3189526211838,410015.8202215644
"Census Tract 119.03, Denver County, Colorado",81071.0,1352.0,375000.0,2600.0,1685.0,0.0,661.0,08,031,011903,2020,08031011903,2020_tracts,258.8111666666667,1.1307661892486607,91672.34572857818,1528.7958878641894,424037.3209682478
"Census Tract 120.10, Denver County, Colorado",73975.0,1498.0,473700.0,5505.0,3748.0,31.0,902.0,08,031,012010,2020,08031012010,2020_tracts,258.8111666666667,1.1307661892486607,83648.42884966967,1693.8877514944936,535643.9438470906
"Census Tract 120.15, Denver County, Colorado",70127.0,1669.0,314300.0,3518.0,2636.0,0.0,587.0,08,031,012015,2020,08031012015,2020_tracts,258.8111666666667,1.1307661892486607,79297.24055344083,1887.2487698560146,355399.813280854
"Census Tract 120.16, Denver County, Colorado",61707.0,1366.0,278400.0,2977.0,1981.0,34.0,813.0,08,031,012016,2020,08031012016,2020_tracts,258.8111666666667,1.1307661892486607,69776.1892399671,1544.6266145136706,314805.3070868271
"Census Tract 153, Denver County, Colorado",54147.0,1325.0,509800.0,3973.0,3052.0,188.0,578.0,08,031,015300,2020,08031015300,2020_tracts,258.8111666666667,1.1307661892486607,61227.59684924723,1498.2652007544755,576464.6032789672
"Census Tract 154, Denver County, Colorado",81984.0,1285.0,414000.0,5399.0,3267.0,71.0,1833.0,08,031,015400,2020,08031015400,2020_tracts,258.8111666666667,1.1307661892486607,92704.73525936219,1453.034553184529,468137.20234894555
"Census Tract 155, Denver County, Colorado",50520.0,1306.0,406100.0,3421.0,2019.0,318.0,773.0,08,031,015500,2020,08031015500,2020_tracts,258.8111666666667,1.1307661892486607,57126.30788084234,1476.7806431587508,459204.1494538811
"Census Tract 156, Denver County, Colorado",69000.0,1302.0,294600.0,8737.0,1109.0,621.0,6227.0,08,031,015600,2020,08031015600,2020_tracts,258.8111666666667,1.1307661892486607,78022.86705815759,1472.2575784017563,333123.71935265546
"Census Tract 157, Denver County, Colorado",68305.0,1275.0,337600.0,6087.0,2583.0,357.0,2854.0,08,031,015700,2020,08031015700,2020_tracts,258.8111666666667,1.1307661892486607,77236.98455662977,1441.7268912920424,381746.66549034783
"Census Tract 158, Denver County, Colorado",56981.0,1505.0,228700.0,1874.0,519.0,722.0,466.0,08,031,015800,2020,08031015800,2020_tracts,258.8111666666667,1.1307661892486607,64432.188229577936,1701.8031148192342,258606.2274811687
"Census Tract 9800.01, Denver County, Colorado",,,,0.0,0.0,0.0,0.0,08,031,980001,2020,08031980001,2020_tracts,258.8111666666667,1.1307661892486607,,,
"Census Tract 9801, Denver County, Colorado",,,,0.0,0.0,0.0,0.0,08,031,980100,2020,08031980100,2020_tracts,258.8111666666667,1.1307661892486607,,,
"Census Tract 9802, Denver County, Colorado",86875.0,,541700.0,780.0,547.0,54.0,150.0,08,031,980200,2020,08031980200,2020_tracts,258.8111666666667,1.1307661892486607,98235.3126909774,,612536.0447159995
"Census Tract 120.01, Denver County, Colorado",76902.0,1096.0,534900.0,2123.0,1619.0,0.0,391.0,08,031,012001,2020,08031012001,2020_tracts,258.8111666666667,1.1307661892486607,86958.18148560051,1239.3197434165322,604846.8346291085
"Census Tract 1.02, Denver County, Colorado",106339.0,2030.0,514100.0,3667.0,2282.0,72.0,1106.0,08,031,000102,2020,08031000102,2020_tracts,258.8111666666667,1.1307661892486607,120244.54579851333,2295.455364174781,581326.8978927365
"Census Tract 2.01, Denver County, Colorado",65730.0,1069.0,333100.0,3381.0,1597.0,65.0,1511.0,08,031,000201,2020,08031000201,2020_tracts,258.8111666666667,1.1307661892486607,74325.26161931446,1208.7890563068183,376658.21763872885
"Census Tract 2.02, Denver County, Colorado",69643.0,1232.0,509200.0,4380.0,1835.0,288.0,1896.0,08,031,000202,2020,08031000202,2020_tracts,258.8111666666667,1.1307661892486607,78749.94971784447,1393.10394515435,575786.143565418
"Census Tract 3.01, Denver County, Colorado",100232.0,1470.0,596000.0,5403.0,4160.0,7.0,1058.0,08,031,000301,2020,08031000301,2020_tracts,258.8111666666667,1.1307661892486607,113338.95668077176,1662.2262981955312,673936.6487922018
"Census Tract 3.02, Denver County, Colorado",92113.0,1266.0,584000.0,4863.0,3827.0,103.0,545.0,08,031,000302,2020,08031000302,2020_tracts,258.8111666666667,1.1307661892486607,104158.26599026188,1431.5499955888044,660367.4545212178
"Census Tract 3.03, Denver County, Colorado",77442.0,1361.0,579900.0,5071.0,3851.0,45.0,684.0,08,031,000303,2020,08031000303,2020_tracts,258.8111666666667,1.1307661892486607,87568.79522779478,1538.972783567427,655731.3131452983
"Census Tract 4.01, Denver County, Colorado",98477.0,1431.0,478300.0,3754.0,2026.0,53.0,1463.0,08,031,000401,2020,08031000401,2020_tracts,258.8111666666667,1.1307661892486607,111354.46201864036,1618.1264168148334,540845.4683176344
"Census Tract 4.03, Denver County, Colorado",105278.0,1936.0,593100.0,3399.0,2704.0,0.0,603.0,08,031,000403,2020,08031000403,2020_tracts,258.8111666666667,1.1307661892486607,119044.8028717205,2189.1633423854073,670657.4268433807
"Census Tract 4.04, Denver County, Colorado",88208.0,1692.0,479900.0,2142.0,1566.0,50.0,282.0,08,031,000404,2020,08031000404,2020_tracts,258.8111666666667,1.1307661892486607,99742.62402124587,1913.2563922087338,542654.6942204323
"Census Tract 5.01, Denver County, Colorado",126667.0,2068.0,647400.0,2154.0,1700.0,129.0,277.0,08,031,000501,2020,08031000501,2020_tracts,258.8111666666667,1.1307661892486607,143230.7608935601,2338.42447936623,732058.0309195829
"Census Tract 5.03, Denver County, Colorado",38361.0,508.0,592300.0,2534.0,1683.0,135.0,643.0,08,031,000503,2020,08031000503,2020_tracts,258.8111666666667,1.1307661892486607,43377.321785767876,574.4292241383196,669752.8138919817
"Census Tract 5.04, Denver County, Colorado",103153.0,1389.0,539700.0,3556.0,2668.0,9.0,661.0,08,031,000504,2020,08031000504,2020_tracts,258.8111666666667,1.1307661892486607,116641.92471956709,1570.6342368663898,610274.5123375022
"Census Tract 6, Denver County, Colorado",89485.0,1462.0,587600.0,3435.0,2225.0,84.0,940.0,08,031,000600,2020,08031000600,2020_tracts,258.8111666666667,1.1307661892486607,101186.6124449164,1653.180168681542,664438.212802513
"Census Tract 7.03, Denver County, Colorado",38500.0,1154.0,458200.0,1898.0,897.0,159.0,744.0,08,031,000703,2020,08031000703,2020_tracts,258.8111666666667,1.1307661892486607,43534.49828607344,1304.9041823929545,518117.06791373633
"Census Tract 7.04, Denver County, Colorado",90528.0,1216.0,620400.0,3093.0,1702.0,99.0,1266.0,08,031,000704,2020,08031000704,2020_tracts,258.8111666666667,1.1307661892486607,102366.00158030275,1375.0116861263714,701527.3438098691
"Census Tract 7.05, Denver County, Colorado",76164.0,1212.0,599300.0,2775.0,1248.0,96.0,1198.0,08,031,000705,2020,08031000705,2020_tracts,258.8111666666667,1.1307661892486607,86123.67603793499,1370.4886213693767,677668.1772167224
"Census Tract 7.06, Denver County, Colorado",72250.0,1353.0,538300.0,2252.0,1351.0,47.0,726.0,08,031,000706,2020,08031000706,2020_tracts,258.8111666666667,1.1307661892486607,81697.85717321573,1529.926654053438,608691.439672554
"Census Tract 8, Denver County, Colorado",20492.0,268.0,528400.0,1414.0,132.0,657.0,522.0,08,031,000800,2020,08031000800,2020_tracts,258.8111666666667,1.1307661892486607,23171.660750083556,303.04533871864106,597496.8543989923
"Census Tract 9.02, Denver County, Colorado",52538.0,1339.0,297100.0,6034.0,1261.0,166.0,4520.0,08,031,000902,2020,08031000902,2020_tracts,258.8111666666667,1.1307661892486607,59408.19405074613,1514.0959274039567,335950.6348257771
"Census Tract 9.03, Denver County, Colorado",51422.0,1389.0,290200.0,6547.0,1625.0,15.0,4668.0,08,031,000903,2020,08031000903,2020_tracts,258.8111666666667,1.1307661892486607,58146.25898354463,1570.6342368663898,328148.34811996133
"Census Tract 9.04, Denver County, Colorado",33932.0,1024.0,321400.0,5418.0,1103.0,158.0,4056.0,08,031,000904,2020,08031000904,2020_tracts,258.8111666666667,1.1307661892486607,38369.158333585554,1157.9045777906285,363428.25322451955
"Census Tract 9.05, Denver County, Colorado",63696.0,1486.0,326300.0,4225.0,1358.0,40.0,2780.0,08,031,000905,2020,08031000905,2020_tracts,258.8111666666667,1.1307661892486607,72025.28319038269,1680.3185572235097,368969.007551838
"Census Tract 10, Denver County, Colorado",,,252200.0,4931.0,638.0,0.0,4077.0,08,031,001000,2020,08031001000,2020_tracts,258.8111666666667,1.1307661892486607,,,285179.2329285122
"Census Tract 11.01, Denver County, Colorado",59698.0,1517.0,459700.0,2481.0,1126.0,110.0,1079.0,08,031,001101,2020,08031001101,2020_tracts,258.8111666666667,1.1307661892486607,67504.47996576654,1715.3723090902183,519813.2171976093
"Census Tract 11.02, Denver County, Colorado",96175.0,1796.0,599000.0,4818.0,3654.0,40.0,717.0,08,031,001102,2020,08031001102,2020_tracts,258.8111666666667,1.1307661892486607,108751.43825098994,2030.8560758905946,677328.9473599477
"Census Tract 13.01, Denver County, Colorado",58190.0,1245.0,333400.0,5570.0,1669.0,63.0,3394.0,08,031,001301,2020,08031001301,2020_tracts,258.8111666666667,1.1307661892486607,65799.28455237957,1407.8039056145826,376997.44749550347
"Census Tract 13.02, Denver County, Colorado",51912.0,1258.0,314700.0,4015.0,1323.0,12.0,2461.0,08,031,001302,2020,08031001302,2020_tracts,258.8111666666667,1.1307661892486607,58700.33441627647,1422.503866074815,355852.1197565535
"Census Tract 14.01, Denver County, Colorado",40163.0,805.0,317900.0,5498.0,1537.0,142.0,3507.0,08,031,001401,2020,08031001401,2020_tracts,258.8111666666667,1.1307661892486607,45414.96245879396,910.2667823451718,359470.5715621492
"Census Tract 14.02, Denver County, Colorado",56250.0,1267.0,325000.0,4802.0,967.0,119.0,3313.0,08,031,001402,2020,08031001402,2020_tracts,258.8111666666667,1.1307661892486607,63605.59814523716,1432.680761778053,367499.01150581473
"Census Tract 14.03, Denver County, Colorado",66155.0,1681.0,377700.0,3409.0,2554.0,22.0,591.0,08,031,001403,2020,08031001403,2020_tracts,258.8111666666667,1.1307661892486607,74805.83724974515,1900.8179641269985,427090.38967921917
"Census Tract 15, Denver County, Colorado",53668.0,1165.0,309000.0,4458.0,1568.0,221.0,2487.0,08,031,001500,2020,08031001500,2020_tracts,258.8111666666667,1.1307661892486607,60685.95984459712,1317.3426104746898,349406.75247783615
"Census Tract 16.01, Denver County, Colorado",118264.0,1850.0,585000.0,2862.0,1901.0,412.0,474.0,08,031,001601,2020,08031001601,2020_tracts,258.8111666666667,1.1307661892486607,133728.93260530362,2091.9174501100224,661498.2207104665
"Census Tract 16.02, Denver County, Colorado",104545.0,1831.0,435700.0,3559.0,2934.0,243.0,244.0,08,031,001602,2020,08031001602,2020_tracts,258.8111666666667,1.1307661892486607,118215.95125500123,2070.4328925142977,492674.82865564147
"Census Tract 16.03, Denver County, Colorado",64763.0,1652.0,450800.0,5792.0,3728.0,581.0,1108.0,08,031,001603,2020,08031001603,2020_tracts,258.8111666666667,1.1307661892486607,73231.81071431101,1868.0257446387875,509749.39811329625
"Census Tract 17.03, Denver County, Colorado",96711.0,2045.0,588000.0,2801.0,2414.0,38.0,273.0,08,031,001703,2020,08031001703,2020_tracts,258.8111666666667,1.1307661892486607,109357.52892842723,2312.416857013511,664890.5192782125
"Census Tract 17.04, Denver County, Colorado",80537.0,1350.0,671900.0,2225.0,1721.0,0.0,70.0,08,031,001704,2020,08031001704,2020_tracts,258.8111666666667,1.1307661892486607,91068.51658351939,1526.534355485692,759761.8025561752
"Census Tract 17.05, Denver County, Colorado",117902.0,2046.0,850900.0,2775.0,2345.0,26.0,121.0,08,031,001705,2020,08031001705,2020_tracts,258.8111666666667,1.1307661892486607,133319.59524479558,2313.54762320276,962168.9504316854
"Census Tract 17.06, Denver County, Colorado",74004.0,1709.0,598300.0,2150.0,1334.0,226.0,274.0,08,031,001706,2020,08031001706,2020_tracts,258.8111666666667,1.1307661892486607,83681.22106915788,1932.4794174259612,676537.4110274736
"Census Tract 17.07, Denver County, Colorado",108500.0,1601.0,466500.0,2496.0,1909.0,81.0,300.0,08,031,001707,2020,08031001707,2020_tracts,258.8111666666667,1.1307661892486607,122688.13153347968,1810.3566689871056,527502.4272845002
"Census Tract 18, Denver County, Colorado",51738.0,1189.0,362600.0,3332.0,1786.0,93.0,1292.0,08,031,001800,2020,08031001800,2020_tracts,258.8111666666667,1.1307661892486607,58503.581099347204,1344.4809990166575,410015.8202215644
"Census Tract 19.01, Denver County, Colorado",48554.0,1102.0,492500.0,3503.0,930.0,736.0,1689.0,08,031,001901,2020,08031001901,2020_tracts,258.8111666666667,1.1307661892486607,54903.22155277947,1246.104340552024,556902.3482049654
"Census Tract 20, Denver County, Colorado",107604.0,1807.0,653200.0,2510.0,1852.0,238.0,281.0,08,031,002000,2020,08031002000,2020_tracts,258.8111666666667,1.1307661892486607,121674.96502791288,2043.29450397233,738616.4748172251
"Census Tract 21.01, Denver County, Colorado",107768.0,1340.0,445700.0,3743.0,2297.0,186.0,846.0,08,031,002101,2020,08031002101,2020_tracts,258.8111666666667,1.1307661892486607,121860.41068294966,1515.2266935932053,503982.4905481281
"Census Tract 21.02, Denver County, Colorado",71320.0,1518.0,446100.0,3081.0,2173.0,67.0,727.0,08,031,002102,2020,08031002102,2020_tracts,258.8111666666667,1.1307661892486607,80646.24461721448,1716.5030752794669,504434.7970238275
"Census Tract 23, Denver County, Colorado",102250.0,1043.0,479700.0,5379.0,2823.0,1168.0,1139.0,08,031,002300,2020,08031002300,2020_tracts,258.8111666666667,1.1307661892486607,115620.84285067556,1179.389135386353,542428.5409825825
"Census Tract 24.02, Denver County, Colorado",88269.0,1109.0,534400.0,2043.0,1164.0,312.0,330.0,08,031,002402,2020,08031002402,2020_tracts,258.8111666666667,1.1307661892486607,99811.60075879002,1254.0197038767647,604281.4515344843
"Census Tract 24.04, Denver County, Colorado",54122.0,1551.0,594100.0,1467.0,867.0,335.0,189.0,08,031,002404,2020,08031002404,2020_tracts,258.8111666666667,1.1307661892486607,61199.32769451601,1753.8183595246728,671788.1930326293
"Census Tract 24.05, Denver County, Colorado",83114.0,1322.0,572600.0,3381.0,1659.0,423.0,771.0,08,031,002405,2020,08031002405,2020_tracts,258.8111666666667,1.1307661892486607,93982.50105321319,1494.8729021867293,647476.719963783
"Census Tract 26.02, Denver County, Colorado",85227.0,1682.0,433500.0,3045.0,2503.0,99.0,287.0,08,031,002602,2020,08031002602,2020_tracts,258.8111666666667,1.1307661892486607,96371.8100110956,1901.9487303162473,490187.1430392944
"Census Tract 26.03, Denver County, Colorado",90208.0,1775.0,415300.0,2124.0,1551.0,117.0,366.0,08,031,002603,2020,08031002603,2020_tracts,258.8111666666667,1.1307661892486607,102004.15639974318,2007.1099859163728,469607.19839496876
"Census Tract 26.04, Denver County, Colorado",33869.0,973.0,,1937.0,1284.0,178.0,444.0,08,031,002604,2020,08031002604,2020_tracts,258.8111666666667,1.1307661892486607,38297.92006366289,1100.235502138947,
"Census Tract 27.04, Denver County, Colorado",43342.0,1026.0,838200.0,1834.0,1220.0,37.0,398.0,08,031,002704,2020,08031002704,2020_tracts,258.8111666666667,1.1307661892486607,49009.66817441545,1160.166110169126,947808.2198282274
"Census Tract 27.05, Denver County, Colorado",54327.0,1308.0,257900.0,2545.0,1797.0,103.0,459.0,08,031,002705,2020,08031002705,2020_tracts,258.8111666666667,1.1307661892486607,61431.13476331199,1479.042175537248,291624.6002072296
"Census Tract 27.06, Denver County, Colorado",73003.0,1360.0,400000.0,3065.0,2485.0,34.0,287.0,08,031,002706,2020,08031002706,2020_tracts,258.8111666666667,1.1307661892486607,82549.32411371998,1537.8420173781785,452306.47569946427
"Census Tract 27.07, Denver County, Colorado",85263.0,1419.0,349800.0,3383.0,2636.0,0.0,363.0,08,031,002707,2020,08031002707,2020_tracts,258.8111666666667,1.1307661892486607,96412.51759390856,1604.5572225438495,395542.0129991815
"Census Tract 27.08, Denver County, Colorado",49700.0,1120.0,255100.0,2433.0,1924.0,114.0,237.0,08,031,002708,2020,08031002708,2020_tracts,258.8111666666667,1.1307661892486607,56199.07960565844,1266.4581319585,288458.45487733337
"Census Tract 27.09, Denver County, Colorado",58434.0,1204.0,265600.0,2589.0,1843.0,42.0,189.0,08,031,002709,2020,08031002709,2020_tracts,258.8111666666667,1.1307661892486607,66075.19150255623,1361.4424918553875,300331.49986444425
"Census Tract 28.01, Denver County, Colorado",71771.0,1442.0,444400.0,2952.0,2449.0,43.0,270.0,08,031,002801,2020,08031002801,2020_tracts,258.8111666666667,1.1307661892486607,81156.22016856563,1630.5648448965687,502512.4945021048
"Census Tract 28.02, Denver County, Colorado",59202.0,1256.0,442600.0,4488.0,3651.0,142.0,503.0,08,031,002802,2020,08031002802,2020_tracts,258.8111666666667,1.1307661892486607,66943.61993589922,1420.242333696318,500477.1153614572
"Census Tract 28.04, Denver County, Colorado",71263.0,1233.0,310900.0,2112.0,1556.0,14.0,174.0,08,031,002804,2020,08031002804,2020_tracts,258.8111666666667,1.1307661892486607,80581.79094442731,1394.2347113435985,351555.2082374086
"Census Tract 28.05, Denver County, Colorado",80196.0,1444.0,512700.0,2623.0,2373.0,0.0,169.0,08,031,002805,2020,08031002805,2020_tracts,258.8111666666667,1.1307661892486607,90682.9253129856,1632.826377275066,579743.8252277883
"Census Tract 29.01, Denver County, Colorado",75598.0,1584.0,510300.0,3412.0,2805.0,45.0,254.0,08,031,002901,2020,08031002901,2020_tracts,258.8111666666667,1.1307661892486607,85483.66237482025,1791.1336437698785,577029.9863735916
"Census Tract 29.02, Denver County, Colorado",124096.0,1611.0,728100.0,4233.0,3723.0,7.0,223.0,08,031,002902,2020,08031002902,2020_tracts,258.8111666666667,1.1307661892486607,140323.5610210018,1821.6643308795924,823310.8623919499
"Census Tract 30.02, Denver County, Colorado",100417.0,1634.0,548100.0,3021.0,2137.0,127.0,596.0,08,031,003002,2020,08031003002,2020_tracts,258.8111666666667,1.1307661892486607,113548.14842578275,1847.6719532323116,619772.9483271909
"Census Tract 30.03, Denver County, Colorado",68864.0,1455.0,558500.0,3224.0,2361.0,181.0,520.0,08,031,003003,2020,08031003003,2020_tracts,258.8111666666667,1.1307661892486607,77869.08285641977,1645.2648053568014,631532.916695377
"Census Tract 30.04, Denver County, Colorado",111616.0,1279.0,555700.0,6783.0,5565.0,223.0,469.0,08,031,003004,2020,08031003004,2020_tracts,258.8111666666667,1.1307661892486607,126211.59897917851,1446.249956049037,628366.7713654807
"Census Tract 30.05, Denver County, Colorado",120313.0,2093.0,598800.0,2766.0,2399.0,0.0,281.0,08,031,003005,2020,08031003005,2020_tracts,258.8111666666667,1.1307661892486607,136045.8725270741,2366.6936340974466,677102.794122098
"Census Tract 30.06, Denver County, Colorado",102024.0,1828.0,659700.0,3621.0,2769.0,52.0,594.0,08,031,003006,2020,08031003006,2020_tracts,258.8111666666667,1.1307661892486607,115365.28969190536,2067.040593946552,745966.4550473414
"Census Tract 31.01, Denver County, Colorado",78897.0,989.0,598500.0,1773.0,1057.0,377.0,273.0,08,031,003101,2020,08031003101,2020_tracts,258.8111666666667,1.1307661892486607,89214.06003315159,1118.3277611669255,676763.5642653235
"Census Tract 31.02, Denver County, Colorado",50250.0,1121.0,672800.0,3426.0,2450.0,348.0,381.0,08,031,003102,2020,08031003102,2020_tracts,258.8111666666667,1.1307661892486607,56821.001009745196,1267.5888981477485,760779.492126499
"Census Tract 32.02, Denver County, Colorado",67684.0,1515.0,394000.0,3386.0,2770.0,179.0,141.0,08,031,003202,2020,08031003202,2020_tracts,258.8111666666667,1.1307661892486607,76534.77875310635,1713.110776711721,445521.8785639723
"Census Tract 32.03, Denver County, Colorado",233158.0,1632.0,1178200.0,3172.0,2946.0,26.0,123.0,08,031,003203,2020,08031003203,2020_tracts,258.8111666666667,1.1307661892486607,263647.18315283925,1845.4104208538142,1332268.724172772
"Census Tract 32.04, Denver County, Colorado",62188.0,1246.0,333500.0,2403.0,2136.0,15.0,147.0,08,031,003204,2020,08031003204,2020_tracts,258.8111666666667,1.1307661892486607,70320.08777699572,1408.9346718038312,377110.5241144283
"Census Tract 1.02, Denver County, Colorado",109348.0,2100.0,585500.0,3747.0,2372.0,76.0,1104.0,08,031,000102,2021,08031000102,2020_tracts,270.96975000000003,1.0800279982052117,118098.90154774349,2268.0587962309446,632356.3929491515
"Census Tract 2.01, Denver County, Colorado",77570.0,1138.0,367700.0,3504.0,1561.0,85.0,1753.0,08,031,000201,2021,08031000201,2020_tracts,270.96975000000003,1.0800279982052117,83777.77182077827,1229.071861957531,397126.29494005634
"Census Tract 2.02, Denver County, Colorado",82626.0,1180.0,523300.0,4327.0,1819.0,394.0,1773.0,08,031,000202,2021,08031000202,2020_tracts,270.96975000000003,1.0800279982052117,89238.39337970382,1274.4330378821498,565178.6514607873
"Census Tract 3.01, Denver County, Colorado",106753.0,1580.0,672600.0,5383.0,4444.0,1.0,774.0,08,031,000301,2021,08031000301,2020_tracts,270.96975000000003,1.0800279982052117,115296.22889240096,1706.4442371642344,726426.8315928254
"Census Tract 3.02, Denver County, Colorado",107822.0,1427.0,603100.0,4709.0,3778.0,0.0,565.0,08,031,000302,2021,08031000302,2020_tracts,270.96975000000003,1.0800279982052117,116450.77882248233,1541.1999534388372,651364.8857175632
"Census Tract 3.03, Denver County, Colorado",91746.0,1522.0,638700.0,4998.0,4284.0,38.0,267.0,08,031,000303,2021,08031000303,2020_tracts,270.96975000000003,1.0800279982052117,99088.24872333535,1643.8026132683322,689813.8824536687
"Census Tract 4.01, Denver County, Colorado",103158.0,1421.0,492400.0,3473.0,1935.0,4.0,1342.0,08,031,000401,2021,08031000401,2020_tracts,270.96975000000003,1.0800279982052117,111413.52823885322,1534.7197854496058,531805.7863162463
"Census Tract 4.03, Denver County, Colorado",107708.0,2004.0,630700.0,3680.0,2679.0,0.0,872.0,08,031,000403,2021,08031000403,2020_tracts,270.96975000000003,1.0800279982052117,116327.65563068693,2164.376108403244,681173.658468027
"Census Tract 4.04, Denver County, Colorado",104688.0,1824.0,527000.0,2423.0,1863.0,65.0,286.0,08,031,000404,2021,08031000404,2020_tracts,270.96975000000003,1.0800279982052117,113065.9710761072,1969.9710687263062,569174.7550541465
"Census Tract 5.01, Denver County, Colorado",142560.0,1964.0,671700.0,2087.0,1547.0,104.0,345.0,08,031,000501,2021,08031000501,2020_tracts,270.96975000000003,1.0800279982052117,153968.79142413498,2121.1749884750357,725454.8063944407
"Census Tract 5.03, Denver County, Colorado",81553.0,516.0,633000.0,2573.0,1742.0,0.0,752.0,08,031,000503,2021,08031000503,2020_tracts,270.96975000000003,1.0800279982052117,88079.52333762962,557.2944470738893,683657.722863899
"Census Tract 5.04, Denver County, Colorado",104081.0,1518.0,590400.0,3354.0,2560.0,16.0,451.0,08,031,000504,2021,08031000504,2020_tracts,270.96975000000003,1.0800279982052117,112410.39408119663,1639.4825012755114,637648.530140357
"Census Tract 6, Denver County, Colorado",100200.0,1508.0,617500.0,3795.0,2400.0,97.0,1002.0,08,031,000600,2021,08031000600,2020_tracts,270.96975000000003,1.0800279982052117,108218.80542016221,1628.6822212934592,666917.2888917183
"Census Tract 7.03, Denver County, Colorado",46811.0,1335.0,543400.0,2119.0,1046.0,208.0,838.0,08,031,000703,2021,08031000703,2020_tracts,270.96975000000003,1.0800279982052117,50557.19062398416,1441.8373776039575,586887.214224712
"Census Tract 7.04, Denver County, Colorado",96921.0,1331.0,598300.0,3273.0,2186.0,113.0,919.0,08,031,000704,2021,08031000704,2020_tracts,270.96975000000003,1.0800279982052117,104677.39361404732,1437.5172656111367,646180.7513261781
"Census Tract 7.05, Denver County, Colorado",97295.0,1239.0,595200.0,2597.0,1214.0,92.0,1147.0,08,031,000705,2021,08031000705,2020_tracts,270.96975000000003,1.0800279982052117,105081.32408537607,1338.1546897762573,642832.664531742
"Census Tract 7.06, Denver County, Colorado",80370.0,1544.0,607300.0,2397.0,1308.0,156.0,816.0,08,031,000706,2021,08031000706,2020_tracts,270.96975000000003,1.0800279982052117,86801.85021575286,1667.563229228847,655901.0033100251
"Census Tract 8, Denver County, Colorado",19650.0,239.0,535700.0,1133.0,88.0,457.0,505.0,08,031,000800,2021,08031000800,2020_tracts,270.96975000000003,1.0800279982052117,21222.55016473241,258.12669157104557,578570.9986385319
"Census Tract 9.02, Denver County, Colorado",55205.0,1443.0,333200.0,5282.0,1278.0,28.0,3811.0,08,031,000902,2021,08031000902,2020_tracts,270.96975000000003,1.0800279982052117,59622.94564091871,1558.4804014101205,359865.3290019765
"Census Tract 9.03, Denver County, Colorado",52890.0,1445.0,323200.0,5906.0,1280.0,10.0,4300.0,08,031,000903,2021,08031000903,2020_tracts,270.96975000000003,1.0800279982052117,57122.68082507364,1560.640457406531,349065.0490199244
"Census Tract 9.04, Denver County, Colorado",33078.0,1118.0,351800.0,5143.0,1094.0,179.0,3746.0,08,031,000904,2021,08031000904,2020_tracts,270.96975000000003,1.0800279982052117,35725.16612463199,1207.4713019934266,379953.84976859344
"Census Tract 9.05, Denver County, Colorado",65227.0,1772.0,347400.0,3716.0,1252.0,65.0,2319.0,08,031,000905,2021,08031000905,2020_tracts,270.96975000000003,1.0800279982052117,70446.98623893133,1913.809612819635,375201.72657649056
"Census Tract 10, Denver County, Colorado",42236.0,618.0,324000.0,4293.0,818.0,0.0,3397.0,08,031,001000,2021,08031001000,2020_tracts,270.96975000000003,1.0800279982052117,45616.06253219532,667.4573028908208,349929.0714184886
"Census Tract 11.01, Denver County, Colorado",72798.0,1530.0,491300.0,2641.0,1224.0,116.0,1189.0,08,031,001101,2021,08031001101,2020_tracts,270.96975000000003,1.0800279982052117,78623.87821334299,1652.442837253974,530617.7555182205
"Census Tract 11.02, Denver County, Colorado",100520.0,1872.0,632900.0,5145.0,3681.0,4.0,915.0,08,031,001102,2021,08031001102,2020_tracts,270.96975000000003,1.0800279982052117,108564.41437958788,2021.8124126401563,683549.7200640785
"Census Tract 13.01, Denver County, Colorado",67530.0,1309.0,382200.0,5082.0,1649.0,77.0,3142.0,08,031,001301,2021,08031001301,2020_tracts,270.96975000000003,1.0800279982052117,72934.29071879794,1413.756649650622,412786.7009140319
"Census Tract 13.02, Denver County, Colorado",63110.0,1379.0,340200.0,3770.0,1166.0,4.0,2413.0,08,031,001302,2021,08031001302,2020_tracts,270.96975000000003,1.0800279982052117,68160.56696673091,1489.3586095249868,367425.524989413
"Census Tract 14.01, Denver County, Colorado",37008.0,852.0,343800.0,5362.0,1419.0,98.0,3481.0,08,031,001401,2021,08031001401,2020_tracts,270.96975000000003,1.0800279982052117,39969.67615757848,920.1838544708403,371313.62578295177
"Census Tract 14.02, Denver County, Colorado",63643.0,1537.0,337800.0,4584.0,801.0,139.0,3282.0,08,031,001402,2021,08031001402,2020_tracts,270.96975000000003,1.0800279982052117,68736.22188977429,1660.0030332414103,364833.4577937205
"Census Tract 14.03, Denver County, Colorado",67885.0,1697.0,434000.0,3339.0,2455.0,24.0,521.0,08,031,001403,2021,08031001403,2020_tracts,270.96975000000003,1.0800279982052117,73317.7006581608,1832.8075129542442,468732.1512210619
"Census Tract 15, Denver County, Colorado",67917.0,1341.0,357600.0,4005.0,1449.0,180.0,2118.0,08,031,001500,2021,08031001500,2020_tracts,270.96975000000003,1.0800279982052117,73352.26155410336,1448.317545593189,386218.0121581837
"Census Tract 16.01, Denver County, Colorado",99929.0,1911.0,595100.0,2633.0,1910.0,192.0,471.0,08,031,001601,2021,08031001601,2020_tracts,270.96975000000003,1.0800279982052117,107926.1178326486,2063.9335045701596,642724.6617319215
"Census Tract 16.02, Denver County, Colorado",101910.0,1863.0,410800.0,4570.0,3367.0,247.0,746.0,08,031,001602,2021,08031001602,2020_tracts,270.96975000000003,1.0800279982052117,110065.65329709311,2012.0921606563093,443675.50166270096
"Census Tract 16.03, Denver County, Colorado",61236.0,1745.0,519000.0,5816.0,3615.0,613.0,1139.0,08,031,001603,2021,08031001603,2020_tracts,270.96975000000003,1.0800279982052117,66136.59449809435,1884.6488568680943,560534.5310685049
"Census Tract 17.03, Denver County, Colorado",99116.0,2176.0,710300.0,3113.0,2523.0,52.0,416.0,08,031,001703,2021,08031001703,2020_tracts,270.96975000000003,1.0800279982052117,107048.05507010776,2350.1409240945404,767143.8871251618
"Census Tract 17.04, Denver County, Colorado",85461.0,1354.0,676300.0,2397.0,1840.0,0.0,165.0,08,031,001704,2021,08031001704,2020_tracts,270.96975000000003,1.0800279982052117,92300.2727546156,1462.3579095698567,730422.9351861847
"Census Tract 17.05, Denver County, Colorado",102525.0,2223.0,868700.0,3118.0,2497.0,0.0,223.0,08,031,001705,2021,08031001705,2020_tracts,270.96975000000003,1.0800279982052117,110729.87051598933,2400.9022400101853,938220.3220408674
"Census Tract 17.06, Denver County, Colorado",96672.0,1777.0,593100.0,2191.0,1470.0,239.0,161.0,08,031,001706,2021,08031001706,2020_tracts,270.96975000000003,1.0800279982052117,104408.46664249423,1919.209752810661,640564.605735511
"Census Tract 17.07, Denver County, Colorado",113152.0,1655.0,496200.0,2440.0,1785.0,81.0,407.0,08,031,001707,2021,08031001707,2020_tracts,270.96975000000003,1.0800279982052117,122207.32805291611,1787.4463370296253,535909.892709426
"Census Tract 18, Denver County, Colorado",54738.0,1254.0,391700.0,3195.0,1630.0,103.0,1277.0,08,031,001800,2021,08031001800,2020_tracts,270.96975000000003,1.0800279982052117,59118.57256575688,1354.3551097493355,423046.9668969814
"Census Tract 19.01, Denver County, Colorado",69375.0,1431.0,521400.0,3371.0,1145.0,643.0,1408.0,08,031,001901,2021,08031001901,2020_tracts,270.96975000000003,1.0800279982052117,74926.94237548656,1545.520065431658,563126.5982641974
"Census Tract 20, Denver County, Colorado",102520.0,1959.0,690600.0,2812.0,1921.0,252.0,480.0,08,031,002000,2021,08031002000,2020_tracts,270.96975000000003,1.0800279982052117,110724.4703759983,2115.7748484840095,745867.3355605191
"Census Tract 21.01, Denver County, Colorado",104300.0,1389.0,464700.0,3408.0,2048.0,214.0,798.0,08,031,002101,2021,08031002101,2020_tracts,270.96975000000003,1.0800279982052117,112646.92021280358,1500.158889507039,501889.01076596184
"Census Tract 21.02, Denver County, Colorado",82076.0,1713.0,511200.0,3030.0,2373.0,63.0,361.0,08,031,002102,2021,08031002102,2020_tracts,270.96975000000003,1.0800279982052117,88644.37798069096,1850.0879609255276,552110.3126825042
"Census Tract 23, Denver County, Colorado",110313.0,922.0,516200.0,4793.0,2685.0,701.0,1058.0,08,031,002300,2021,08031002300,2020_tracts,270.96975000000003,1.0800279982052117,119141.12856601151,995.7858143452052,557510.4526735302
"Census Tract 24.02, Denver County, Colorado",71188.0,996.0,596400.0,1949.0,1051.0,281.0,368.0,08,031,002402,2021,08031002402,2020_tracts,270.96975000000003,1.0800279982052117,76885.03313623261,1075.7078862123908,644128.6981295883
"Census Tract 24.04, Denver County, Colorado",63500.0,1626.0,617500.0,1353.0,874.0,226.0,168.0,08,031,002404,2021,08031002404,2020_tracts,270.96975000000003,1.0800279982052117,68581.77788603095,1756.1255250816741,666917.2888917183
"Census Tract 24.05, Denver County, Colorado",85123.0,1471.0,550200.0,3900.0,1745.0,808.0,860.0,08,031,002405,2021,08031002405,2020_tracts,270.96975000000003,1.0800279982052117,91935.22329122224,1588.7211853598665,594231.4046125074
"Census Tract 26.02, Denver County, Colorado",91741.0,1735.0,456600.0,2907.0,2273.0,128.0,288.0,08,031,002602,2021,08031002602,2020_tracts,270.96975000000003,1.0800279982052117,99082.84858334433,1873.8485768860423,493140.78398049966
"Census Tract 26.03, Denver County, Colorado",92850.0,1801.0,400600.0,2415.0,1554.0,127.0,566.0,08,031,002603,2021,08031002603,2020_tracts,270.96975000000003,1.0800279982052117,100280.59963335391,1945.1304247675862,432659.2160810078
"Census Tract 26.04, Denver County, Colorado",24297.0,934.0,,1973.0,1347.0,257.0,343.0,08,031,002604,2021,08031002604,2020_tracts,270.96975000000003,1.0800279982052117,26241.44027239203,1008.7461503236677,
"Census Tract 27.04, Denver County, Colorado",40742.0,1133.0,,1997.0,1360.0,45.0,420.0,08,031,002704,2021,08031002704,2020_tracts,270.96975000000003,1.0800279982052117,44002.500702876736,1223.6717219665047,
"Census Tract 27.05, Denver County, Colorado",58454.0,1361.0,271600.0,2733.0,1959.0,143.0,529.0,08,031,002705,2021,08031002705,2020_tracts,270.96975000000003,1.0800279982052117,63131.95660708744,1469.918105557293,293335.6043125355
"Census Tract 27.06, Denver County, Colorado",67083.0,1439.0,444600.0,3061.0,2551.0,50.0,298.0,08,031,002706,2021,08031002706,2020_tracts,270.96975000000003,1.0800279982052117,72451.51820360021,1554.1602894172995,480180.4480020371
"Census Tract 27.07, Denver County, Colorado",91304.0,1561.0,369800.0,3320.0,2315.0,6.0,537.0,08,031,002707,2021,08031002707,2020_tracts,270.96975000000003,1.0800279982052117,98610.87634812864,1685.9237051983355,399394.3537362873
"Census Tract 27.08, Denver County, Colorado",56242.0,1169.0,267400.0,2531.0,1971.0,217.0,160.0,08,031,002708,2021,08031002708,2020_tracts,270.96975000000003,1.0800279982052117,60742.93467505751,1262.5527299018925,288799.4867200736
"Census Tract 27.09, Denver County, Colorado",61358.0,1273.0,261600.0,2478.0,1763.0,57.0,217.0,08,031,002709,2021,08031002709,2020_tracts,270.96975000000003,1.0800279982052117,66268.35791387538,1374.8756417152345,282535.3243304834
"Census Tract 28.01, Denver County, Colorado",73750.0,1599.0,511700.0,2854.0,2314.0,44.0,343.0,08,031,002801,2021,08031002801,2020_tracts,270.96975000000003,1.0800279982052117,79652.06486763436,1726.9647691301334,552650.3266816068
"Census Tract 28.02, Denver County, Colorado",67684.0,1313.0,467500.0,4356.0,3597.0,76.0,403.0,08,031,002802,2021,08031002802,2020_tracts,270.96975000000003,1.0800279982052117,73100.61503052154,1418.076761643443,504913.0891609365
"Census Tract 28.04, Denver County, Colorado",73438.0,1335.0,365900.0,1964.0,1615.0,21.0,133.0,08,031,002804,2021,08031002804,2020_tracts,270.96975000000003,1.0800279982052117,79315.09613219433,1441.8373776039575,395182.244543287
"Census Tract 28.05, Denver County, Colorado",86830.0,1575.0,534400.0,2808.0,2517.0,0.0,194.0,08,031,002805,2021,08031002805,2020_tracts,270.96975000000003,1.0800279982052117,93778.83108415853,1701.0440971732085,577166.9622408651
"Census Tract 29.01, Denver County, Colorado",79850.0,1650.0,539900.0,3465.0,2746.0,49.0,331.0,08,031,002901,2021,08031002901,2020_tracts,270.96975000000003,1.0800279982052117,86240.23565668616,1782.0461970385993,583107.1162309938
"Census Tract 29.02, Denver County, Colorado",130227.0,1684.0,763700.0,3917.0,3421.0,10.0,224.0,08,031,002902,2021,08031002902,2020_tracts,270.96975000000003,1.0800279982052117,140648.8061222701,1818.7671489775764,824817.3822293201
"Census Tract 30.02, Denver County, Colorado",89400.0,1671.0,593000.0,2713.0,1911.0,142.0,502.0,08,031,003002,2021,08031003002,2020_tracts,270.96975000000003,1.0800279982052117,96554.50303954592,1804.7267850009086,640456.6029356905
"Census Tract 30.03, Denver County, Colorado",65865.0,1568.0,591000.0,3136.0,2281.0,187.0,478.0,08,031,003003,2021,08031003003,2020_tracts,270.96975000000003,1.0800279982052117,71136.04410178626,1693.4839011857719,638296.5469392801
"Census Tract 30.04, Denver County, Colorado",120536.0,1346.0,587600.0,6786.0,5350.0,190.0,535.0,08,031,003004,2021,08031003004,2020_tracts,270.96975000000003,1.0800279982052117,130182.25479166339,1453.717685584215,634624.4517453824
"Census Tract 30.05, Denver County, Colorado",135000.0,2439.0,663000.0,3120.0,2159.0,0.0,459.0,08,031,003005,2021,08031003005,2020_tracts,270.96975000000003,1.0800279982052117,145803.77975770357,2634.1882876225113,716058.5628100553
"Census Tract 30.06, Denver County, Colorado",111830.0,1861.0,708200.0,3493.0,2842.0,54.0,252.0,08,031,003006,2021,08031003006,2020_tracts,270.96975000000003,1.0800279982052117,120779.53103928882,2009.9321046598989,764875.8283289309
"Census Tract 31.01, Denver County, Colorado",100571.0,1287.0,655600.0,1672.0,972.0,345.0,269.0,08,031,003101,2021,08031003101,2020_tracts,270.96975000000003,1.0800279982052117,108619.49580749634,1389.9960336901074,708066.3556233367
"Census Tract 31.02, Denver County, Colorado",62875.0,1137.0,637900.0,3754.0,2546.0,458.0,524.0,08,031,003102,2021,08031003102,2020_tracts,270.96975000000003,1.0800279982052117,67906.76038715268,1227.9918339593257,688949.8600551045
"Census Tract 32.02, Denver County, Colorado",68345.0,1559.0,416700.0,3432.0,2806.0,169.0,208.0,08,031,003202,2021,08031003202,2020_tracts,270.96975000000003,1.0800279982052117,73814.5135373352,1683.763649201925,450047.6668521117
"Census Tract 32.03, Denver County, Colorado",250001.0,1694.0,1238500.0,3242.0,2877.0,37.0,250.0,08,031,003203,2021,08031003203,2020_tracts,270.96975000000003,1.0800279982052117,270008.0795793011,1829.5674289596286,1337614.6757771547
"Census Tract 32.04, Denver County, Colorado",54638.0,1293.0,381100.0,2279.0,2030.0,36.0,115.0,08,031,003204,2021,08031003204,2020_tracts,270.96975000000003,1.0800279982052117,59010.56976593636,1396.4762016793386,411598.67011600616
"Census Tract 32.05, Denver County, Colorado",72958.0,1369.0,465300.0,3237.0,2875.0,71.0,87.0,08,031,003205,2021,08031003205,2020_tracts,270.96975000000003,1.0800279982052117,78796.68269305583,1478.5583295429349,502537.027564885
"Census Tract 33, Denver County, Colorado",129973.0,1795.0,764900.0,3311.0,2782.0,10.0,268.0,08,031,003300,2021,08031003300,2020_tracts,270.96975000000003,1.0800279982052117,140374.47901072598,1938.650256778355,826113.4158271664
"Census Tract 34.01, Denver County, Colorado",136087.0,2311.0,651300.0,2555.0,2260.0,12.0,200.0,08,031,003401,2021,08031003401,2020_tracts,270.96975000000003,1.0800279982052117,146977.77019175264,2495.944703852244,703422.2352310544
"Census Tract 34.02, Denver County, Colorado",195917.0,2680.0,940900.0,4747.0,4249.0,51.0,309.0,08,031,003402,2021,08031003402,2020_tracts,270.96975000000003,1.0800279982052117,211595.84532437046,2894.4750351899675,1016198.3435112836
"Census Tract 35.01, Denver County, Colorado",60556.0,1220.0,324100.0,3070.0,495.0,178.0,2342.0,08,031,003501,2021,08031003501,2020_tracts,270.96975000000003,1.0800279982052117,65402.1754593148,1317.6341578103581,350037.0742183091
"Census Tract 35.02, Denver County, Colorado",48920.0,1217.0,295300.0,3642.0,269.0,24.0,3281.0,08,031,003502,2021,08031003502,2020_tracts,270.96975000000003,1.0800279982052117,52834.96967219895,1314.3940738157426,318932.267869999
"Census Tract 36.01, Denver County, Colorado",77500.0,1352.0,455800.0,4498.0,1784.0,467.0,2104.0,08,031,003601,2021,08031003601,2020_tracts,270.96975000000003,1.0800279982052117,83702.1698609039,1460.197853573446,492276.76158193545
"Census Tract 36.02, Denver County, Colorado",58484.0,1236.0,428400.0,4439.0,1431.0,470.0,2289.0,08,031,003602,2021,08031003602,2020_tracts,270.96975000000003,1.0800279982052117,63164.3574470336,1334.9146057816415,462683.99443111266
"Census Tract 36.03, Denver County, Colorado",81462.0,1714.0,538700.0,3421.0,1891.0,785.0,518.0,08,031,003603,2021,08031003603,2020_tracts,270.96975000000003,1.0800279982052117,87981.24078979295,1851.1679889237328,581811.0826331475
"Census Tract 37.01, Denver County, Colorado",85429.0,1232.0,630200.0,3591.0,2816.0,299.0,341.0,08,031,003701,2021,08031003701,2020_tracts,270.96975000000003,1.0800279982052117,92265.71185867302,1330.5944937888207,680633.6444689244
"Census Tract 37.02, Denver County, Colorado",62158.0,1314.0,595300.0,5027.0,3871.0,220.0,357.0,08,031,003702,2021,08031003702,2020_tracts,270.96975000000003,1.0800279982052117,67132.38031243955,1419.1567896416482,642940.6673315625
"Census Tract 37.03, Denver County, Colorado",65000.0,1288.0,593800.0,3107.0,2186.0,298.0,352.0,08,031,003703,2021,08031003703,2020_tracts,270.96975000000003,1.0800279982052117,70201.81988333876,1391.0760616883126,641320.6253342547
"Census Tract 38.01, Denver County, Colorado",88924.0,1729.0,691800.0,2959.0,2509.0,75.0,170.0,08,031,003801,2021,08031003801,2020_tracts,270.96975000000003,1.0800279982052117,96040.40971240024,1867.368408896811,747163.3691583654
"Census Tract 38.02, Denver County, Colorado",164527.0,2326.0,1016800.0,3469.0,2887.0,53.0,192.0,08,031,003802,2021,08031003802,2020_tracts,270.96975000000003,1.0800279982052117,177693.76646070887,2512.1451238253226,1098172.4685750592
"Census Tract 39.01, Denver County, Colorado",109250.0,2090.0,915700.0,4869.0,4019.0,109.0,341.0,08,031,003901,2021,08031003901,2020_tracts,270.96975000000003,1.0800279982052117,117993.05880391937,2257.258516248892,988981.6379565123
"Census Tract 39.02, Denver County, Colorado",150441.0,1995.0,723700.0,4215.0,3572.0,15.0,213.0,08,031,003902,2021,08031003902,2020_tracts,270.96975000000003,1.0800279982052117,162480.49207799026,2154.6558564193974,781616.2623011117
"Census Tract 40.02, Denver County, Colorado",138500.0,2097.0,771300.0,3325.0,2739.0,0.0,533.0,08,031,004002,2021,08031004002,2020_tracts,270.96975000000003,1.0800279982052117,149583.87775142182,2264.818712236329,833025.5950156797
"Census Tract 40.03, Denver County, Colorado",106830.0,2129.0,443800.0,4869.0,4008.0,13.0,536.0,08,031,004003,2021,08031004003,2020_tracts,270.96975000000003,1.0800279982052117,115379.39104826277,2299.3796081788955,479316.4256034729
"Census Tract 40.04, Denver County, Colorado",83542.0,1902.0,512600.0,1890.0,1597.0,13.0,180.0,08,031,004004,2021,08031004004,2020_tracts,270.96975000000003,1.0800279982052117,90227.6990260598,2054.2132525863126,553622.3518799915
"Census Tract 40.05, Denver County, Colorado",65662.0,1466.0,466700.0,3090.0,1908.0,328.0,527.0,08,031,004005,2021,08031004005,2020_tracts,270.96975000000003,1.0800279982052117,70916.7984181506,1583.3210453688403,504049.06676237227
"Census Tract 40.06, Denver County, Colorado",70256.0,1641.0,861100.0,4586.0,3606.0,19.0,480.0,08,031,004006,2021,08031004006,2020_tracts,270.96975000000003,1.0800279982052117,75878.44704190535,1772.3259450547523,930012.1092545078
"Census Tract 41.01, Denver County, Colorado",56032.0,1254.0,372800.0,4605.0,1154.0,1614.0,1343.0,08,031,004101,2021,08031004101,2020_tracts,270.96975000000003,1.0800279982052117,60516.12879543442,1354.3551097493355,402634.4377309029
"Census Tract 41.02, Denver County, Colorado",61982.0,1729.0,422200.0,4404.0,1168.0,1423.0,1616.0,08,031,004102,2021,08031004102,2020_tracts,270.96975000000003,1.0800279982052117,66942.29538475543,1867.368408896811,455987.82084224035
"Census Tract 41.03, Denver County, Colorado",135966.0,2008.0,650600.0,6380.0,3585.0,1195.0,661.0,08,031,004103,2021,08031004103,2020_tracts,270.96975000000003,1.0800279982052117,146847.0868039698,2168.696220396065,702666.2156323107
"Census Tract 41.04, Denver County, Colorado",111186.0,2020.0,457600.0,5174.0,2197.0,1755.0,734.0,08,031,004104,2021,08031004104,2020_tracts,270.96975000000003,1.0800279982052117,120083.99300844467,2181.6565563745276,494220.8119787049
"Census Tract 41.08, Denver County, Colorado",177125.0,2582.0,633400.0,7761.0,5523.0,578.0,589.0,08,031,004108,2021,08031004108,2020_tracts,270.96975000000003,1.0800279982052117,191299.95918209813,2788.6322913658564,684089.7340631811
"Census Tract 41.09, Denver County, Colorado",152188.0,,671200.0,2332.0,974.0,312.0,483.0,08,031,004109,2021,08031004109,2020_tracts,270.96975000000003,1.0800279982052117,164367.30099085474,,724914.7923953381
"Census Tract 41.10, Denver County, Colorado",146667.0,1090.0,692100.0,5018.0,3574.0,273.0,815.0,08,031,004110,2021,08031004110,2020_tracts,270.96975000000003,1.0800279982052117,158404.46641276378,1177.2305180436808,747487.377557827
"Census Tract 41.11, Denver County, Colorado",158810.0,1530.0,658700.0,6620.0,4281.0,805.0,544.0,08,031,004111,2021,08031004111,2020_tracts,270.96975000000003,1.0800279982052117,171519.24639496967,1652.442837253974,711414.442417773
"Census Tract 41.12, Denver County, Colorado",105357.0,1898.0,572600.0,6223.0,4390.0,608.0,431.0,08,031,004112,2021,08031004112,2020_tracts,270.96975000000003,1.0800279982052117,113788.50980690648,2049.893140593492,618424.0317723042
"Census Tract 41.13, Denver County, Colorado",143210.0,1991.0,511200.0,1985.0,1280.0,118.0,300.0,08,031,004113,2021,08031004113,2020_tracts,270.96975000000003,1.0800279982052117,154670.80962296837,2150.3357444265766,552110.3126825042
"Census Tract 42.01, Denver County, Colorado",141681.0,1406.0,826300.0,4669.0,3521.0,173.0,545.0,08,031,004201,2021,08031004201,2020_tracts,270.96975000000003,1.0800279982052117,153019.4468137126,1518.5193654765276,892427.1349169664
"Census Tract 42.02, Denver County, Colorado",134474.0,1470.0,664200.0,4652.0,3212.0,524.0,439.0,08,031,004202,2021,08031004202,2020_tracts,270.96975000000003,1.0800279982052117,145235.68503064764,1587.641157361661,717354.5964079016
"Census Tract 43.02, Denver County, Colorado",95625.0,1301.0,627800.0,2935.0,2112.0,66.0,699.0,08,031,004302,2021,08031004302,2020_tracts,270.96975000000003,1.0800279982052117,103277.67732837336,1405.1164256649804,678041.5772732319
"Census Tract 43.03, Denver County, Colorado",215815.0,2880.0,1162500.0,3836.0,3010.0,36.0,326.0,08,031,004303,2021,08031004303,2020_tracts,270.96975000000003,1.0800279982052117,233086.24243265775,3110.4806348310094,1255532.5479135585
"Census Tract 43.06, Denver County, Colorado",108571.0,1940.0,803300.0,5050.0,3837.0,391.0,330.0,08,031,004306,2021,08031004306,2020_tracts,270.96975000000003,1.0800279982052117,117259.71979313804,2095.2543165181105,867586.4909582465
"Census Tract 43.07, Denver County, Colorado",55625.0,1163.0,605000.0,2278.0,1629.0,72.0,386.0,08,031,004307,2021,08031004307,2020_tracts,270.96975000000003,1.0800279982052117,60076.5574001649,1256.0725619126613,653416.938914153
"Census Tract 43.08, Denver County, Colorado",57644.0,1503.0,357600.0,3491.0,2433.0,81.0,351.0,08,031,004308,2021,08031004308,2020_tracts,270.96975000000003,1.0800279982052117,62257.133928541225,1623.2820813024332,386218.0121581837
"Census Tract 43.09, Denver County, Colorado",93235.0,1422.0,469600.0,3999.0,2570.0,114.0,1050.0,08,031,004309,2021,08031004309,2020_tracts,270.96975000000003,1.0800279982052117,100696.41041266291,1535.799813447811,507181.1479571674
"Census Tract 43.10, Denver County, Colorado",133708.0,2038.0,584400.0,2308.0,1717.0,183.0,233.0,08,031,004310,2021,08031004310,2020_tracts,270.96975000000003,1.0800279982052117,144408.38358402243,2201.0970603422215,631168.3621511257
"Census Tract 44.03, Denver County, Colorado",75859.0,1480.0,370600.0,4124.0,1982.0,318.0,1557.0,08,031,004403,2021,08031004403,2020_tracts,270.96975000000003,1.0800279982052117,81929.84391584915,1598.4414373437132,400258.3761348514
"Census Tract 44.04, Denver County, Colorado",58931.0,1273.0,358900.0,6521.0,1917.0,1928.0,1616.0,08,031,004404,2021,08031004404,2020_tracts,270.96975000000003,1.0800279982052117,63647.12996223133,1374.8756417152345,387622.04855585046
"Census Tract 44.06, Denver County, Colorado",132813.0,1683.0,812400.0,3834.0,3004.0,190.0,344.0,08,031,004406,2021,08031004406,2020_tracts,270.96975000000003,1.0800279982052117,143441.75852562877,1817.6871209793712,877414.7457419139
"Census Tract 44.07, Denver County, Colorado",90896.0,1764.0,563800.0,5177.0,3654.0,202.0,1020.0,08,031,004407,2021,08031004407,2020_tracts,270.96975000000003,1.0800279982052117,98170.22492486092,1905.1693888339935,608919.7853880983
"Census Tract 45.03, Denver County, Colorado",39434.0,1250.0,243400.0,5108.0,703.0,89.0,4264.0,08,031,004503,2021,08031004503,2020_tracts,270.96975000000003,1.0800279982052117,42589.82408122432,1350.0349977565145,262878.81476314855
"Census Tract 45.04, Denver County, Colorado",49595.0,1349.0,349200.0,4154.0,504.0,162.0,3447.0,08,031,004504,2021,08031004504,2020_tracts,270.96975000000003,1.0800279982052117,53563.98857098747,1456.9577695788305,377145.7769732599
"Census Tract 45.05, Denver County, Colorado",33674.0,1168.0,245200.0,5031.0,685.0,129.0,4101.0,08,031,004505,2021,08031004505,2020_tracts,270.96975000000003,1.0800279982052117,36368.8628115623,1261.4727019036873,264822.8651599179
"Census Tract 45.06, Denver County, Colorado",38171.0,1084.0,278400.0,3478.0,348.0,117.0,2815.0,08,031,004506,2021,08031004506,2020_tracts,270.96975000000003,1.0800279982052117,41225.74871949114,1170.7503500544494,300679.79470033094
"Census Tract 46.01, Denver County, Colorado",73903.0,1457.0,331500.0,6167.0,1816.0,16.0,3701.0,08,031,004601,2021,08031004601,2020_tracts,270.96975000000003,1.0800279982052117,79817.30915135976,1573.6007933849935,358029.28140502766
"Census Tract 46.02, Denver County, Colorado",58908.0,1208.0,324700.0,7187.0,2019.0,83.0,4669.0,08,031,004602,2021,08031004602,2020_tracts,270.96975000000003,1.0800279982052117,63622.28931827261,1304.6738218318958,350685.0910172322
"Census Tract 46.03, Denver County, Colorado",61696.0,1434.0,318700.0,5474.0,2194.0,47.0,3043.0,08,031,004603,2021,08031004603,2020_tracts,270.96975000000003,1.0800279982052117,66633.40737726874,1548.7601494262735,344204.923028001
"Census Tract 47, Denver County, Colorado",77996.0,1238.0,417700.0,7074.0,2794.0,179.0,3670.0,08,031,004700,2021,08031004700,2020_tracts,270.96975000000003,1.0800279982052117,84237.86374801368,1337.0746617780521,451127.6948503169
"Census Tract 48.01, Denver County, Colorado",100585.0,1945.0,404300.0,3500.0,1435.0,0.0,1713.0,08,031,004801,2021,08031004801,2020_tracts,270.96975000000003,1.0800279982052117,108634.61619947122,2100.6544565091367,436655.3196743671
"Census Tract 50.01, Denver County, Colorado",89605.0,1372.0,401900.0,2583.0,1438.0,504.0,223.0,08,031,005001,2021,08031005001,2020_tracts,270.96975000000003,1.0800279982052117,96775.90877917799,1481.7984135375505,434063.2524786746
"Census Tract 50.03, Denver County, Colorado",50466.0,1293.0,637500.0,2572.0,1409.0,408.0,569.0,08,031,005003,2021,08031005003,2020_tracts,270.96975000000003,1.0800279982052117,54504.69295742421,1396.4762016793386,688517.8488558225
"Census Tract 50.04, Denver County, Colorado",50189.0,1311.0,255700.0,5725.0,2344.0,1498.0,979.0,08,031,005004,2021,08031005004,2020_tracts,270.96975000000003,1.0800279982052117,54205.525201921366,1415.9167056470326,276163.1591410726
"Census Tract 51.02, Denver County, Colorado",106000.0,1955.0,521600.0,3780.0,2828.0,0.0,698.0,08,031,005102,2021,08031005102,2020_tracts,270.96975000000003,1.0800279982052117,114482.96780975243,2111.4547364911887,563342.6038638384
"Census Tract 51.04, Denver County, Colorado",57697.0,1226.0,392500.0,4032.0,2061.0,630.0,1071.0,08,031,005104,2021,08031005104,2020_tracts,270.96975000000003,1.0800279982052117,62314.3754124461,1324.1143257995896,423910.98929554556
"Census Tract 52, Denver County, Colorado",105379.0,1908.0,473100.0,3475.0,2907.0,100.0,218.0,08,031,005200,2021,08031005200,2020_tracts,270.96975000000003,1.0800279982052117,113812.270422867,2060.6934205755438,510961.24595088564
"Census Tract 53, Denver County, Colorado",58917.0,1822.0,482900.0,1791.0,1194.0,254.0,107.0,08,031,005300,2021,08031005300,2020_tracts,270.96975000000003,1.0800279982052117,63632.00957025646,1967.8110127298958,521545.52033329674
"Census Tract 55.02, Denver County, Colorado",89625.0,1718.0,436600.0,2068.0,1136.0,143.0,678.0,08,031,005502,2021,08031005502,2020_tracts,270.96975000000003,1.0800279982052117,96797.5093391421,1855.4881009165535,471540.2240163954
"Census Tract 55.03, Denver County, Colorado",92530.0,1156.0,421500.0,4810.0,3145.0,83.0,913.0,08,031,005503,2021,08031005503,2020_tracts,270.96975000000003,1.0800279982052117,99934.99067392823,1248.5123659252247,455231.8012434967
"Census Tract 67.01, Denver County, Colorado",87384.0,1758.0,619600.0,4160.0,3408.0,189.0,203.0,08,031,006701,2021,08031006701,2020_tracts,270.96975000000003,1.0800279982052117,94377.16659516422,1898.689220844762,669185.3476879492
"Census Tract 68.04, Denver County, Colorado",97944.0,1828.0,505700.0,3260.0,2815.0,154.0,157.0,08,031,006804,2021,08031006804,2020_tracts,270.96975000000003,1.0800279982052117,105782.26225621125,1974.291180719127,546170.1586923755
"Census Tract 68.10, Denver County, Colorado",57141.0,1439.0,398300.0,6202.0,3465.0,881.0,1621.0,08,031,006810,2021,08031006810,2020_tracts,270.96975000000003,1.0800279982052117,61713.879845444,1554.1602894172995,430175.1516851358
"Census Tract 68.12, Denver County, Colorado",72928.0,1574.0,298000.0,3977.0,3273.0,96.0,221.0,08,031,006812,2021,08031006812,2020_tracts,270.96975000000003,1.0800279982052117,78764.28185310967,1699.9640691750033,321848.34346515307
"Census Tract 68.13, Denver County, Colorado",57297.0,1364.0,263800.0,4314.0,2093.0,798.0,987.0,08,031,006813,2021,08031006813,2020_tracts,270.96975000000003,1.0800279982052117,61882.364213164015,1473.1581895519087,284911.38592653483
"Census Tract 68.14, Denver County, Colorado",60711.0,1393.0,407300.0,4450.0,2439.0,801.0,837.0,08,031,006814,2021,08031006814,2020_tracts,270.96975000000003,1.0800279982052117,65569.57979903661,1504.4790014998598,439895.40366898273
"Census Tract 68.15, Denver County, Colorado",122628.0,2198.0,641900.0,2207.0,1731.0,64.0,189.0,08,031,006815,2021,08031006815,2020_tracts,270.96975000000003,1.0800279982052117,132441.6733639087,2373.901540055055,693269.9720479253
"Census Tract 68.16, Denver County, Colorado",62067.0,1413.0,442800.0,5049.0,3840.0,237.0,730.0,08,031,006816,2021,08031006816,2020_tracts,270.96975000000003,1.0800279982052117,67034.09776460288,1526.0795614639642,478236.3976052677
"Census Tract 68.17, Denver County, Colorado",154063.0,2944.0,522700.0,2284.0,1525.0,75.0,136.0,08,031,006817,2021,08031006817,2020_tracts,270.96975000000003,1.0800279982052117,166392.3534874895,3179.6024267161433,564530.6346618641
"Census Tract 68.18, Denver County, Colorado",66531.0,1245.0,418800.0,4485.0,3215.0,179.0,865.0,08,031,006818,2021,08031006818,2020_tracts,270.96975000000003,1.0800279982052117,71855.34274859093,1344.6348577654885,452315.72564834263
"Census Tract 69.02, Denver County, Colorado",56029.0,1183.0,424300.0,3226.0,2481.0,162.0,229.0,08,031,006902,2021,08031006902,2020_tracts,270.96975000000003,1.0800279982052117,60512.8887114398,1277.6731218767654,458255.8796384713
"Census Tract 69.03, Denver County, Colorado",65341.0,1314.0,529700.0,2695.0,1809.0,403.0,388.0,08,031,006903,2021,08031006903,2020_tracts,270.96975000000003,1.0800279982052117,70570.10943072673,1419.1567896416482,572090.8306493006
"Census Tract 70.06, Denver County, Colorado",60806.0,1387.0,,4138.0,1270.0,1097.0,1145.0,08,031,007006,2021,08031007006,2020_tracts,270.96975000000003,1.0800279982052117,65672.1824588661,1497.9988335106286,
"Census Tract 70.13, Denver County, Colorado",79596.0,1669.0,316200.0,4000.0,2552.0,375.0,508.0,08,031,007013,2021,08031007013,2020_tracts,270.96975000000003,1.0800279982052117,85965.90854514203,1802.5667290044983,341504.8530324879
"Census Tract 70.37, Denver County, Colorado",45391.0,1047.0,369200.0,4234.0,1367.0,987.0,1419.0,08,031,007037,2021,08031007037,2020_tracts,270.96975000000003,1.0800279982052117,49023.550866532765,1130.7893141208567,398746.33693736413
"Census Tract 70.88, Denver County, Colorado",57283.0,1729.0,294700.0,5035.0,2131.0,632.0,1620.0,08,031,007088,2021,08031007088,2020_tracts,270.96975000000003,1.0800279982052117,61867.24382118914,1867.368408896811,318284.25107107585
"Census Tract 70.90, Denver County, Colorado",50770.0,1273.0,215300.0,1754.0,738.0,684.0,149.0,08,031,007090,2021,08031007090,2020_tracts,270.96975000000003,1.0800279982052117,54833.0214688786,1374.8756417152345,232530.02801358208
"Census Tract 70.91, Denver County, Colorado",33216.0,1161.0,210300.0,3457.0,3020.0,171.0,219.0,08,031,007091,2021,08031007091,2020_tracts,270.96975000000003,1.0800279982052117,35874.20998838431,1253.9125059162507,227129.88802255603
"Census Tract 83.04, Denver County, Colorado",66667.0,1595.0,275800.0,3723.0,356.0,609.0,2567.0,08,031,008304,2021,08031008304,2020_tracts,270.96975000000003,1.0800279982052117,72002.22655634685,1722.6446571373126,297871.72190499736
"Census Tract 83.05, Denver County, Colorado",69038.0,1711.0,318400.0,5414.0,368.0,515.0,4172.0,08,031,008305,2021,08031008305,2020_tracts,270.96975000000003,1.0800279982052117,74562.97294009141,1847.9279049291172,343880.9146285394
"Census Tract 83.06, Denver County, Colorado",55871.0,1261.0,334900.0,7131.0,488.0,1653.0,4173.0,08,031,008306,2021,08031008306,2020_tracts,270.96975000000003,1.0800279982052117,60342.244287723384,1361.9153057367719,361701.3765989254
"Census Tract 83.12, Denver County, Colorado",60219.0,1242.0,289300.0,7160.0,753.0,1552.0,4398.0,08,031,008312,2021,08031008312,2020_tracts,270.96975000000003,1.0800279982052117,65038.20602391964,1341.394773770873,312452.09988076775
"Census Tract 83.86, Denver County, Colorado",85139.0,1689.0,325800.0,4624.0,293.0,584.0,3532.0,08,031,008386,2021,08031008386,2020_tracts,270.96975000000003,1.0800279982052117,91952.50373919352,1824.1672889686024,351873.12181525794
"Census Tract 83.87, Denver County, Colorado",99667.0,1813.0,312100.0,7115.0,690.0,1690.0,4287.0,08,031,008387,2021,08031008387,2020_tracts,270.96975000000003,1.0800279982052117,107643.15049711883,1958.0907607460488,337076.73823984654
"Census Tract 83.88, Denver County, Colorado",86676.0,1785.0,362900.0,12383.0,2607.0,2367.0,6219.0,08,031,008388,2021,08031008388,2020_tracts,270.96975000000003,1.0800279982052117,93612.50677243492,1927.8499767963028,391942.1605486713
"Census Tract 83.89, Denver County, Colorado",102768.0,2360.0,382600.0,14012.0,2488.0,4050.0,5851.0,08,031,008389,2021,08031008389,2020_tracts,270.96975000000003,1.0800279982052117,110992.3173195532,2548.8660757642997,413218.71211331396
"Census Tract 83.90, Denver County, Colorado",75426.0,1771.0,344900.0,10358.0,1885.0,3756.0,4066.0,08,031,008390,2021,08031008390,2020_tracts,270.96975000000003,1.0800279982052117,81462.1917926263,1912.7295848214299,372501.6565809775
"Census Tract 83.91, Denver County, Colorado",80090.0,2138.0,346500.0,7056.0,1398.0,1927.0,3184.0,08,031,008391,2021,08031008391,2020_tracts,270.96975000000003,1.0800279982052117,86499.4423762554,2309.0998601627425,374229.70137810585
"Census Tract 119.02, Denver County, Colorado",58152.0,1447.0,383100.0,5813.0,3217.0,412.0,1822.0,08,031,011902,2021,08031011902,2020_tracts,270.96975000000003,1.0800279982052117,62805.788151629466,1562.8005134029413,413758.7261124166
"Census Tract 119.03, Denver County, Colorado",87750.0,1366.0,403200.0,2363.0,1451.0,36.0,671.0,08,031,011903,2021,08031011903,2020_tracts,270.96975000000003,1.0800279982052117,94772.45684250732,1475.318245548319,435467.28887634136
"Census Tract 120.01, Denver County, Colorado",86042.0,991.0,570200.0,2029.0,1596.0,0.0,266.0,08,031,012001,2021,08031012001,2020_tracts,270.96975000000003,1.0800279982052117,92927.76902157282,1070.3077462213648,615831.9645766116
"Census Tract 120.10, Denver County, Colorado",83091.0,1568.0,511200.0,5485.0,3934.0,41.0,766.0,08,031,012010,2021,08031012010,2020_tracts,270.96975000000003,1.0800279982052117,89740.60639886925,1693.4839011857719,552110.3126825042
"Census Tract 120.15, Denver County, Colorado",81111.0,1738.0,354000.0,3902.0,2656.0,0.0,825.0,08,031,012015,2021,08031012015,2020_tracts,270.96975000000003,1.0800279982052117,87602.15096242292,1877.088660880658,382329.91136464494
"Census Tract 120.16, Denver County, Colorado",63463.0,1422.0,308300.0,2729.0,1858.0,50.0,467.0,08,031,012016,2021,08031012016,2020_tracts,270.96975000000003,1.0800279982052117,68541.81685009736,1535.799813447811,332972.63184666674
"Census Tract 153, Denver County, Colorado",55017.0,1352.0,558400.0,3895.0,2907.0,232.0,545.0,08,031,015300,2021,08031015300,2020_tracts,270.96975000000003,1.0800279982052117,59419.900377256134,1460.197853573446,603087.6341977902
"Census Tract 154, Denver County, Colorado",86017.0,1286.0,466000.0,4740.0,3145.0,73.0,1184.0,08,031,015400,2021,08031015400,2020_tracts,270.96975000000003,1.0800279982052117,92900.7683216177,1388.9160056919022,503293.0471636286
"Census Tract 155, Denver County, Colorado",52296.0,1370.0,451000.0,3598.0,2069.0,467.0,722.0,08,031,015500,2021,08031015500,2020_tracts,270.96975000000003,1.0800279982052117,56481.14419413975,1479.63835754114,487092.62719055044
"Census Tract 156, Denver County, Colorado",76827.0,1312.0,342900.0,8225.0,1479.0,447.0,5493.0,08,031,015600,2021,08031015600,2020_tracts,270.96975000000003,1.0800279982052117,82975.3110181118,1416.9967336452378,370341.60058456706
"Census Tract 157, Denver County, Colorado",70614.0,1398.0,391500.0,5449.0,2203.0,313.0,2579.0,08,031,015700,2021,08031015700,2020_tracts,270.96975000000003,1.0800279982052117,76265.09706526282,1509.879141490886,422830.96129734034
"Census Tract 158, Denver County, Colorado",59191.0,1616.0,247100.0,2314.0,604.0,951.0,356.0,08,031,015800,2021,08031015800,2020_tracts,270.96975000000003,1.0800279982052117,63927.93724176468,1745.325245099622,266874.9183565078
"Census Tract 9800.01, Denver County, Colorado",,,,0.0,0.0,0.0,0.0,08,031,980001,2021,08031980001,2020_tracts,270.96975000000003,1.0800279982052117,,,
"Census Tract 9801, Denver County, Colorado",,,,0.0,0.0,0.0,0.0,08,031,980100,2021,08031980100,2020_tracts,270.96975000000003,1.0800279982052117,,,
"Census Tract 9802, Denver County, Colorado",137750.0,,550000.0,717.0,481.0,64.0,138.0,08,031,980200,2021,08031980200,2020_tracts,270.96975000000003,1.0800279982052117,148773.8567527679,,594015.3990128664
Census Tract 1.02; Denver County; Colorado,140064.0,2193.0,711300.0,3620.0,2417.0,52.0,981.0,08,031,000102,2022,08031000102,2020_tracts,292.6549166666667,1.0,140064.0,2193.0,711300.0
Census Tract 2.01; Denver County; Colorado,76875.0,1181.0,465300.0,3537.0,1539.0,90.0,1764.0,08,031,000201,2022,08031000201,2020_tracts,292.6549166666667,1.0,76875.0,1181.0,465300.0
Census Tract 2.02; Denver County; Colorado,81287.0,1276.0,609200.0,3996.0,2000.0,143.0,1502.0,08,031,000202,2022,08031000202,2020_tracts,292.6549166666667,1.0,81287.0,1276.0,609200.0
Census Tract 3.01; Denver County; Colorado,134375.0,1746.0,811700.0,5169.0,4333.0,2.0,678.0,08,031,000301,2022,08031000301,2020_tracts,292.6549166666667,1.0,134375.0,1746.0,811700.0
Census Tract 3.02; Denver County; Colorado,114158.0,1767.0,649500.0,4963.0,3833.0,0.0,764.0,08,031,000302,2022,08031000302,2020_tracts,292.6549166666667,1.0,114158.0,1767.0,649500.0
Census Tract 3.03; Denver County; Colorado,89298.0,1867.0,714200.0,5385.0,4403.0,37.0,468.0,08,031,000303,2022,08031000303,2020_tracts,292.6549166666667,1.0,89298.0,1867.0,714200.0
Census Tract 4.01; Denver County; Colorado,112077.0,1434.0,636400.0,3362.0,1866.0,33.0,1263.0,08,031,000401,2022,08031000401,2020_tracts,292.6549166666667,1.0,112077.0,1434.0,636400.0
Census Tract 4.03; Denver County; Colorado,106250.0,1898.0,763900.0,3860.0,2474.0,8.0,1075.0,08,031,000403,2022,08031000403,2020_tracts,292.6549166666667,1.0,106250.0,1898.0,763900.0
Census Tract 4.04; Denver County; Colorado,133533.0,2210.0,757400.0,2448.0,2007.0,63.0,258.0,08,031,000404,2022,08031000404,2020_tracts,292.6549166666667,1.0,133533.0,2210.0,757400.0
Census Tract 5.01; Denver County; Colorado,154625.0,2059.0,836700.0,1886.0,1512.0,33.0,293.0,08,031,000501,2022,08031000501,2020_tracts,292.6549166666667,1.0,154625.0,2059.0,836700.0
Census Tract 5.03; Denver County; Colorado,87292.0,596.0,672900.0,2521.0,1957.0,6.0,394.0,08,031,000503,2022,08031000503,2020_tracts,292.6549166666667,1.0,87292.0,596.0,672900.0
Census Tract 5.04; Denver County; Colorado,131486.0,1640.0,724900.0,3444.0,2690.0,30.0,465.0,08,031,000504,2022,08031000504,2020_tracts,292.6549166666667,1.0,131486.0,1640.0,724900.0
Census Tract 6; Denver County; Colorado,110841.0,1582.0,719900.0,4496.0,2664.0,148.0,1353.0,08,031,000600,2022,08031000600,2020_tracts,292.6549166666667,1.0,110841.0,1582.0,719900.0
Census Tract 7.03; Denver County; Colorado,66075.0,1480.0,804300.0,2372.0,1283.0,186.0,785.0,08,031,000703,2022,08031000703,2020_tracts,292.6549166666667,1.0,66075.0,1480.0,804300.0
Census Tract 7.04; Denver County; Colorado,113542.0,1699.0,620600.0,3439.0,2688.0,35.0,646.0,08,031,000704,2022,08031000704,2020_tracts,292.6549166666667,1.0,113542.0,1699.0,620600.0
Census Tract 7.05; Denver County; Colorado,104565.0,1289.0,785900.0,2515.0,1225.0,65.0,1002.0,08,031,000705,2022,08031000705,2020_tracts,292.6549166666667,1.0,104565.0,1289.0,785900.0
Census Tract 7.06; Denver County; Colorado,89861.0,1714.0,688500.0,2818.0,1416.0,200.0,853.0,08,031,000706,2022,08031000706,2020_tracts,292.6549166666667,1.0,89861.0,1714.0,688500.0
Census Tract 8; Denver County; Colorado,26250.0,272.0,,1110.0,108.0,431.0,524.0,08,031,000800,2022,08031000800,2020_tracts,292.6549166666667,1.0,26250.0,272.0,
Census Tract 9.02; Denver County; Colorado,60115.0,1752.0,386200.0,5107.0,1103.0,9.0,3879.0,08,031,000902,2022,08031000902,2020_tracts,292.6549166666667,1.0,60115.0,1752.0,386200.0
Census Tract 9.03; Denver County; Colorado,57484.0,1551.0,384800.0,5289.0,1277.0,12.0,3658.0,08,031,000903,2022,08031000903,2020_tracts,292.6549166666667,1.0,57484.0,1551.0,384800.0
Census Tract 9.04; Denver County; Colorado,43581.0,1256.0,413400.0,4928.0,872.0,170.0,3628.0,08,031,000904,2022,08031000904,2020_tracts,292.6549166666667,1.0,43581.0,1256.0,413400.0
Census Tract 9.05; Denver County; Colorado,71906.0,1841.0,417400.0,2958.0,1276.0,108.0,1492.0,08,031,000905,2022,08031000905,2020_tracts,292.6549166666667,1.0,71906.0,1841.0,417400.0
Census Tract 10; Denver County; Colorado,46314.0,,370900.0,4044.0,885.0,0.0,3085.0,08,031,001000,2022,08031001000,2020_tracts,292.6549166666667,1.0,46314.0,,370900.0
Census Tract 11.01; Denver County; Colorado,82083.0,1745.0,692900.0,2629.0,1381.0,158.0,942.0,08,031,001101,2022,08031001101,2020_tracts,292.6549166666667,1.0,82083.0,1745.0,692900.0
Census Tract 11.02; Denver County; Colorado,111390.0,2307.0,691200.0,5001.0,3914.0,0.0,496.0,08,031,001102,2022,08031001102,2020_tracts,292.6549166666667,1.0,111390.0,2307.0,691200.0
Census Tract 13.01; Denver County; Colorado,72159.0,1316.0,450900.0,4692.0,1503.0,50.0,2904.0,08,031,001301,2022,08031001301,2020_tracts,292.6549166666667,1.0,72159.0,1316.0,450900.0
Census Tract 13.02; Denver County; Colorado,67963.0,1488.0,434300.0,3742.0,1223.0,13.0,2274.0,08,031,001302,2022,08031001302,2020_tracts,292.6549166666667,1.0,67963.0,1488.0,434300.0
Census Tract 14.01; Denver County; Colorado,40398.0,785.0,412000.0,5322.0,1230.0,82.0,3078.0,08,031,001401,2022,08031001401,2020_tracts,292.6549166666667,1.0,40398.0,785.0,412000.0
Census Tract 14.02; Denver County; Colorado,65772.0,1617.0,410700.0,4432.0,805.0,42.0,3189.0,08,031,001402,2022,08031001402,2020_tracts,292.6549166666667,1.0,65772.0,1617.0,410700.0
Census Tract 14.03; Denver County; Colorado,84554.0,1953.0,511400.0,3317.0,2398.0,22.0,553.0,08,031,001403,2022,08031001403,2020_tracts,292.6549166666667,1.0,84554.0,1953.0,511400.0
Census Tract 15; Denver County; Colorado,66304.0,1505.0,423200.0,4258.0,1561.0,240.0,2127.0,08,031,001500,2022,08031001500,2020_tracts,292.6549166666667,1.0,66304.0,1505.0,423200.0
Census Tract 16.01; Denver County; Colorado,90833.0,2374.0,621000.0,3359.0,2100.0,267.0,878.0,08,031,001601,2022,08031001601,2020_tracts,292.6549166666667,1.0,90833.0,2374.0,621000.0
Census Tract 16.02; Denver County; Colorado,106875.0,1923.0,454000.0,5019.0,3614.0,172.0,923.0,08,031,001602,2022,08031001602,2020_tracts,292.6549166666667,1.0,106875.0,1923.0,454000.0
Census Tract 16.03; Denver County; Colorado,68874.0,1812.0,583000.0,6018.0,3767.0,594.0,950.0,08,031,001603,2022,08031001603,2020_tracts,292.6549166666667,1.0,68874.0,1812.0,583000.0
Census Tract 17.03; Denver County; Colorado,111042.0,2430.0,783800.0,3387.0,2571.0,56.0,518.0,08,031,001703,2022,08031001703,2020_tracts,292.6549166666667,1.0,111042.0,2430.0,783800.0
Census Tract 17.04; Denver County; Colorado,88083.0,1434.0,722400.0,2585.0,1991.0,51.0,125.0,08,031,001704,2022,08031001704,2020_tracts,292.6549166666667,1.0,88083.0,1434.0,722400.0
Census Tract 17.05; Denver County; Colorado,110667.0,2426.0,830500.0,3311.0,2606.0,0.0,295.0,08,031,001705,2022,08031001705,2020_tracts,292.6549166666667,1.0,110667.0,2426.0,830500.0
Census Tract 17.06; Denver County; Colorado,103089.0,1793.0,628500.0,2516.0,1546.0,273.0,340.0,08,031,001706,2022,08031001706,2020_tracts,292.6549166666667,1.0,103089.0,1793.0,628500.0
Census Tract 17.07; Denver County; Colorado,122583.0,1810.0,554000.0,2242.0,1707.0,61.0,361.0,08,031,001707,2022,08031001707,2020_tracts,292.6549166666667,1.0,122583.0,1810.0,554000.0
Census Tract 18; Denver County; Colorado,59695.0,1392.0,429100.0,3192.0,1745.0,84.0,1144.0,08,031,001800,2022,08031001800,2020_tracts,292.6549166666667,1.0,59695.0,1392.0,429100.0
Census Tract 19.01; Denver County; Colorado,67690.0,1519.0,571600.0,3813.0,1291.0,631.0,1655.0,08,031,001901,2022,08031001901,2020_tracts,292.6549166666667,1.0,67690.0,1519.0,571600.0
Census Tract 20; Denver County; Colorado,110725.0,2248.0,711700.0,3586.0,2237.0,421.0,683.0,08,031,002000,2022,08031002000,2020_tracts,292.6549166666667,1.0,110725.0,2248.0,711700.0
Census Tract 21.01; Denver County; Colorado,116667.0,1454.0,619000.0,3238.0,1988.0,211.0,710.0,08,031,002101,2022,08031002101,2020_tracts,292.6549166666667,1.0,116667.0,1454.0,619000.0
Census Tract 21.02; Denver County; Colorado,89561.0,1817.0,600500.0,3240.0,2171.0,123.0,415.0,08,031,002102,2022,08031002102,2020_tracts,292.6549166666667,1.0,89561.0,1817.0,600500.0
Census Tract 23; Denver County; Colorado,121000.0,992.0,640600.0,4548.0,2687.0,412.0,1007.0,08,031,002300,2022,08031002300,2020_tracts,292.6549166666667,1.0,121000.0,992.0,640600.0
Census Tract 24.02; Denver County; Colorado,77303.0,1154.0,704500.0,1944.0,1038.0,235.0,464.0,08,031,002402,2022,08031002402,2020_tracts,292.6549166666667,1.0,77303.0,1154.0,704500.0
Census Tract 24.04; Denver County; Colorado,62569.0,,681100.0,1495.0,879.0,311.0,244.0,08,031,002404,2022,08031002404,2020_tracts,292.6549166666667,1.0,62569.0,,681100.0
Census Tract 24.05; Denver County; Colorado,93480.0,1671.0,590700.0,4303.0,2124.0,588.0,912.0,08,031,002405,2022,08031002405,2020_tracts,292.6549166666667,1.0,93480.0,1671.0,590700.0
Census Tract 26.02; Denver County; Colorado,96896.0,1836.0,563500.0,2946.0,2212.0,203.0,334.0,08,031,002602,2022,08031002602,2020_tracts,292.6549166666667,1.0,96896.0,1836.0,563500.0
Census Tract 26.03; Denver County; Colorado,98350.0,1918.0,478400.0,2682.0,1652.0,56.0,711.0,08,031,002603,2022,08031002603,2020_tracts,292.6549166666667,1.0,98350.0,1918.0,478400.0
Census Tract 26.04; Denver County; Colorado,28780.0,1147.0,,2067.0,1328.0,213.0,490.0,08,031,002604,2022,08031002604,2020_tracts,292.6549166666667,1.0,28780.0,1147.0,
Census Tract 27.04; Denver County; Colorado,44184.0,1201.0,,1948.0,1413.0,42.0,370.0,08,031,002704,2022,08031002704,2020_tracts,292.6549166666667,1.0,44184.0,1201.0,
Census Tract 27.05; Denver County; Colorado,68681.0,1479.0,359900.0,2743.0,1910.0,113.0,551.0,08,031,002705,2022,08031002705,2020_tracts,292.6549166666667,1.0,68681.0,1479.0,359900.0
Census Tract 27.06; Denver County; Colorado,89222.0,1651.0,547100.0,3308.0,2941.0,0.0,193.0,08,031,002706,2022,08031002706,2020_tracts,292.6549166666667,1.0,89222.0,1651.0,547100.0
Census Tract 27.07; Denver County; Colorado,91333.0,1553.0,409800.0,3311.0,2234.0,41.0,593.0,08,031,002707,2022,08031002707,2020_tracts,292.6549166666667,1.0,91333.0,1553.0,409800.0
Census Tract 27.08; Denver County; Colorado,65781.0,1239.0,344200.0,2584.0,2057.0,205.0,232.0,08,031,002708,2022,08031002708,2020_tracts,292.6549166666667,1.0,65781.0,1239.0,344200.0
Census Tract 27.09; Denver County; Colorado,67592.0,1391.0,337100.0,2448.0,1654.0,126.0,342.0,08,031,002709,2022,08031002709,2020_tracts,292.6549166666667,1.0,67592.0,1391.0,337100.0
Census Tract 28.01; Denver County; Colorado,85689.0,1740.0,606000.0,2832.0,2388.0,40.0,253.0,08,031,002801,2022,08031002801,2020_tracts,292.6549166666667,1.0,85689.0,1740.0,606000.0
Census Tract 28.02; Denver County; Colorado,74307.0,1374.0,541000.0,4537.0,3558.0,71.0,572.0,08,031,002802,2022,08031002802,2020_tracts,292.6549166666667,1.0,74307.0,1374.0,541000.0
Census Tract 28.04; Denver County; Colorado,83083.0,1461.0,426400.0,1825.0,1574.0,3.0,148.0,08,031,002804,2022,08031002804,2020_tracts,292.6549166666667,1.0,83083.0,1461.0,426400.0
Census Tract 28.05; Denver County; Colorado,104097.0,2063.0,641100.0,2969.0,2777.0,0.0,91.0,08,031,002805,2022,08031002805,2020_tracts,292.6549166666667,1.0,104097.0,2063.0,641100.0
Census Tract 29.01; Denver County; Colorado,89831.0,1839.0,650200.0,3617.0,2873.0,60.0,340.0,08,031,002901,2022,08031002901,2020_tracts,292.6549166666667,1.0,89831.0,1839.0,650200.0
Census Tract 29.02; Denver County; Colorado,151136.0,2008.0,914000.0,4028.0,3648.0,2.0,151.0,08,031,002902,2022,08031002902,2020_tracts,292.6549166666667,1.0,151136.0,2008.0,914000.0
Census Tract 30.02; Denver County; Colorado,97090.0,1741.0,651300.0,2796.0,1948.0,155.0,486.0,08,031,003002,2022,08031003002,2020_tracts,292.6549166666667,1.0,97090.0,1741.0,651300.0
Census Tract 30.03; Denver County; Colorado,76818.0,1506.0,741200.0,2927.0,2176.0,111.0,369.0,08,031,003003,2022,08031003003,2020_tracts,292.6549166666667,1.0,76818.0,1506.0,741200.0
Census Tract 30.04; Denver County; Colorado,126037.0,1493.0,777400.0,6569.0,5173.0,189.0,517.0,08,031,003004,2022,08031003004,2020_tracts,292.6549166666667,1.0,126037.0,1493.0,777400.0
Census Tract 30.05; Denver County; Colorado,150263.0,2670.0,711100.0,3198.0,2273.0,0.0,539.0,08,031,003005,2022,08031003005,2020_tracts,292.6549166666667,1.0,150263.0,2670.0,711100.0
Census Tract 30.06; Denver County; Colorado,131736.0,2088.0,826300.0,3474.0,2871.0,13.0,209.0,08,031,003006,2022,08031003006,2020_tracts,292.6549166666667,1.0,131736.0,2088.0,826300.0
Census Tract 31.01; Denver County; Colorado,107688.0,1566.0,726700.0,1676.0,1086.0,322.0,190.0,08,031,003101,2022,08031003101,2020_tracts,292.6549166666667,1.0,107688.0,1566.0,726700.0
Census Tract 31.02; Denver County; Colorado,56184.0,1251.0,668100.0,4028.0,2698.0,440.0,629.0,08,031,003102,2022,08031003102,2020_tracts,292.6549166666667,1.0,56184.0,1251.0,668100.0
Census Tract 32.02; Denver County; Colorado,70795.0,1554.0,473800.0,3277.0,2707.0,194.0,130.0,08,031,003202,2022,08031003202,2020_tracts,292.6549166666667,1.0,70795.0,1554.0,473800.0
Census Tract 32.03; Denver County; Colorado,250001.0,1705.0,1645000.0,3138.0,2784.0,18.0,275.0,08,031,003203,2022,08031003203,2020_tracts,292.6549166666667,1.0,250001.0,1705.0,1645000.0
Census Tract 32.04; Denver County; Colorado,67619.0,1420.0,438400.0,2174.0,1909.0,2.0,169.0,08,031,003204,2022,08031003204,2020_tracts,292.6549166666667,1.0,67619.0,1420.0,438400.0
Census Tract 32.05; Denver County; Colorado,82926.0,1433.0,493800.0,3180.0,2862.0,48.0,101.0,08,031,003205,2022,08031003205,2020_tracts,292.6549166666667,1.0,82926.0,1433.0,493800.0
Census Tract 33; Denver County; Colorado,145481.0,1809.0,886000.0,3271.0,2761.0,0.0,255.0,08,031,003300,2022,08031003300,2020_tracts,292.6549166666667,1.0,145481.0,1809.0,886000.0
Census Tract 34.01; Denver County; Colorado,148882.0,2211.0,772900.0,2490.0,2235.0,9.0,157.0,08,031,003401,2022,08031003401,2020_tracts,292.6549166666667,1.0,148882.0,2211.0,772900.0
Census Tract 34.02; Denver County; Colorado,220724.0,2702.0,1069200.0,4698.0,4054.0,46.0,409.0,08,031,003402,2022,08031003402,2020_tracts,292.6549166666667,1.0,220724.0,2702.0,1069200.0
Census Tract 35.01; Denver County; Colorado,63220.0,1351.0,351100.0,3267.0,484.0,241.0,2462.0,08,031,003501,2022,08031003501,2020_tracts,292.6549166666667,1.0,63220.0,1351.0,351100.0
Census Tract 35.02; Denver County; Colorado,54583.0,1441.0,338000.0,3594.0,245.0,52.0,3223.0,08,031,003502,2022,08031003502,2020_tracts,292.6549166666667,1.0,54583.0,1441.0,338000.0
Census Tract 36.01; Denver County; Colorado,108011.0,1678.0,564100.0,4503.0,1906.0,409.0,1943.0,08,031,003601,2022,08031003601,2020_tracts,292.6549166666667,1.0,108011.0,1678.0,564100.0
Census Tract 36.02; Denver County; Colorado,74357.0,1364.0,481100.0,4499.0,1630.0,591.0,2041.0,08,031,003602,2022,08031003602,2020_tracts,292.6549166666667,1.0,74357.0,1364.0,481100.0
Census Tract 36.03; Denver County; Colorado,100694.0,1846.0,619300.0,3501.0,1717.0,822.0,443.0,08,031,003603,2022,08031003603,2020_tracts,292.6549166666667,1.0,100694.0,1846.0,619300.0
Census Tract 37.01; Denver County; Colorado,94402.0,1529.0,701000.0,3782.0,2916.0,388.0,329.0,08,031,003701,2022,08031003701,2020_tracts,292.6549166666667,1.0,94402.0,1529.0,701000.0
Census Tract 37.02; Denver County; Colorado,71063.0,1422.0,604000.0,5037.0,3952.0,159.0,411.0,08,031,003702,2022,08031003702,2020_tracts,292.6549166666667,1.0,71063.0,1422.0,604000.0
Census Tract 37.03; Denver County; Colorado,77174.0,1432.0,704100.0,3054.0,1984.0,276.0,521.0,08,031,003703,2022,08031003703,2020_tracts,292.6549166666667,1.0,77174.0,1432.0,704100.0
Census Tract 38.01; Denver County; Colorado,87411.0,2064.0,831300.0,2922.0,2331.0,75.0,230.0,08,031,003801,2022,08031003801,2020_tracts,292.6549166666667,1.0,87411.0,2064.0,831300.0
Census Tract 38.02; Denver County; Colorado,202798.0,2516.0,1096600.0,3231.0,2663.0,114.0,133.0,08,031,003802,2022,08031003802,2020_tracts,292.6549166666667,1.0,202798.0,2516.0,1096600.0
Census Tract 39.01; Denver County; Colorado,118867.0,2099.0,1084900.0,5582.0,4849.0,21.0,290.0,08,031,003901,2022,08031003901,2020_tracts,292.6549166666667,1.0,118867.0,2099.0,1084900.0
Census Tract 39.02; Denver County; Colorado,157098.0,2239.0,833300.0,4081.0,3525.0,20.0,183.0,08,031,003902,2022,08031003902,2020_tracts,292.6549166666667,1.0,157098.0,2239.0,833300.0
Census Tract 40.02; Denver County; Colorado,152150.0,2333.0,890100.0,3062.0,2703.0,0.0,287.0,08,031,004002,2022,08031004002,2020_tracts,292.6549166666667,1.0,152150.0,2333.0,890100.0
Census Tract 40.03; Denver County; Colorado,115798.0,2257.0,531900.0,4814.0,3938.0,0.0,364.0,08,031,004003,2022,08031004003,2020_tracts,292.6549166666667,1.0,115798.0,2257.0,531900.0
Census Tract 40.04; Denver County; Colorado,113125.0,2024.0,626300.0,1844.0,1543.0,62.0,116.0,08,031,004004,2022,08031004004,2020_tracts,292.6549166666667,1.0,113125.0,2024.0,626300.0
Census Tract 40.05; Denver County; Colorado,69176.0,1608.0,580500.0,3388.0,1910.0,399.0,662.0,08,031,004005,2022,08031004005,2020_tracts,292.6549166666667,1.0,69176.0,1608.0,580500.0
Census Tract 40.06; Denver County; Colorado,60100.0,1830.0,1031000.0,4704.0,3671.0,15.0,404.0,08,031,004006,2022,08031004006,2020_tracts,292.6549166666667,1.0,60100.0,1830.0,1031000.0
Census Tract 41.01; Denver County; Colorado,63621.0,1292.0,441400.0,4501.0,1131.0,1750.0,1075.0,08,031,004101,2022,08031004101,2020_tracts,292.6549166666667,1.0,63621.0,1292.0,441400.0
Census Tract 41.02; Denver County; Colorado,67371.0,1864.0,467700.0,4369.0,1137.0,1213.0,1882.0,08,031,004102,2022,08031004102,2020_tracts,292.6549166666667,1.0,67371.0,1864.0,467700.0
Census Tract 41.03; Denver County; Colorado,156154.0,2261.0,719600.0,6236.0,3747.0,963.0,479.0,08,031,004103,2022,08031004103,2020_tracts,292.6549166666667,1.0,156154.0,2261.0,719600.0
Census Tract 41.04; Denver County; Colorado,122260.0,2383.0,533900.0,4897.0,2222.0,1624.0,587.0,08,031,004104,2022,08031004104,2020_tracts,292.6549166666667,1.0,122260.0,2383.0,533900.0
Census Tract 41.08; Denver County; Colorado,187059.0,1859.0,742800.0,8364.0,6231.0,189.0,1123.0,08,031,004108,2022,08031004108,2020_tracts,292.6549166666667,1.0,187059.0,1859.0,742800.0
Census Tract 41.09; Denver County; Colorado,190243.0,,758800.0,3294.0,1255.0,469.0,825.0,08,031,004109,2022,08031004109,2020_tracts,292.6549166666667,1.0,190243.0,,758800.0
Census Tract 41.10; Denver County; Colorado,175547.0,1641.0,850300.0,4965.0,3306.0,319.0,916.0,08,031,004110,2022,08031004110,2020_tracts,292.6549166666667,1.0,175547.0,1641.0,850300.0
Census Tract 41.11; Denver County; Colorado,172422.0,1976.0,783500.0,6742.0,4381.0,790.0,622.0,08,031,004111,2022,08031004111,2020_tracts,292.6549166666667,1.0,172422.0,1976.0,783500.0
Census Tract 41.12; Denver County; Colorado,106438.0,2038.0,642800.0,6075.0,3965.0,667.0,799.0,08,031,004112,2022,08031004112,2020_tracts,292.6549166666667,1.0,106438.0,2038.0,642800.0
Census Tract 41.13; Denver County; Colorado,153100.0,1928.0,871600.0,1937.0,1358.0,65.0,205.0,08,031,004113,2022,08031004113,2020_tracts,292.6549166666667,1.0,153100.0,1928.0,871600.0
Census Tract 42.01; Denver County; Colorado,154943.0,1481.0,948000.0,4476.0,3411.0,150.0,499.0,08,031,004201,2022,08031004201,2020_tracts,292.6549166666667,1.0,154943.0,1481.0,948000.0
Census Tract 42.02; Denver County; Colorado,146429.0,1889.0,812800.0,4533.0,3187.0,489.0,437.0,08,031,004202,2022,08031004202,2020_tracts,292.6549166666667,1.0,146429.0,1889.0,812800.0
Census Tract 43.02; Denver County; Colorado,111875.0,1244.0,695100.0,3002.0,2109.0,65.0,761.0,08,031,004302,2022,08031004302,2020_tracts,292.6549166666667,1.0,111875.0,1244.0,695100.0
Census Tract 43.03; Denver County; Colorado,250001.0,2830.0,1404900.0,3829.0,2929.0,36.0,336.0,08,031,004303,2022,08031004303,2020_tracts,292.6549166666667,1.0,250001.0,2830.0,1404900.0
Census Tract 43.06; Denver County; Colorado,114185.0,1929.0,857700.0,4920.0,3820.0,268.0,224.0,08,031,004306,2022,08031004306,2020_tracts,292.6549166666667,1.0,114185.0,1929.0,857700.0
Census Tract 43.07; Denver County; Colorado,60841.0,1217.0,625000.0,2251.0,1647.0,96.0,305.0,08,031,004307,2022,08031004307,2020_tracts,292.6549166666667,1.0,60841.0,1217.0,625000.0
Census Tract 43.08; Denver County; Colorado,62747.0,1623.0,406400.0,3775.0,2400.0,103.0,518.0,08,031,004308,2022,08031004308,2020_tracts,292.6549166666667,1.0,62747.0,1623.0,406400.0
Census Tract 43.09; Denver County; Colorado,101535.0,1596.0,602000.0,3998.0,2678.0,135.0,822.0,08,031,004309,2022,08031004309,2020_tracts,292.6549166666667,1.0,101535.0,1596.0,602000.0
Census Tract 43.10; Denver County; Colorado,146889.0,2369.0,669100.0,2112.0,1640.0,176.0,120.0,08,031,004310,2022,08031004310,2020_tracts,292.6549166666667,1.0,146889.0,2369.0,669100.0
Census Tract 44.03; Denver County; Colorado,81500.0,1641.0,437100.0,3965.0,1837.0,359.0,1487.0,08,031,004403,2022,08031004403,2020_tracts,292.6549166666667,1.0,81500.0,1641.0,437100.0
Census Tract 44.04; Denver County; Colorado,63966.0,1334.0,462400.0,5961.0,2200.0,1371.0,1629.0,08,031,004404,2022,08031004404,2020_tracts,292.6549166666667,1.0,63966.0,1334.0,462400.0
Census Tract 44.06; Denver County; Colorado,141094.0,1751.0,860600.0,3823.0,2932.0,206.0,344.0,08,031,004406,2022,08031004406,2020_tracts,292.6549166666667,1.0,141094.0,1751.0,860600.0
Census Tract 44.07; Denver County; Colorado,97529.0,1889.0,630700.0,5830.0,3790.0,435.0,1122.0,08,031,004407,2022,08031004407,2020_tracts,292.6549166666667,1.0,97529.0,1889.0,630700.0
Census Tract 45.03; Denver County; Colorado,45406.0,1550.0,304000.0,4787.0,520.0,101.0,4098.0,08,031,004503,2022,08031004503,2020_tracts,292.6549166666667,1.0,45406.0,1550.0,304000.0
Census Tract 45.04; Denver County; Colorado,54500.0,1551.0,385800.0,4188.0,453.0,122.0,3540.0,08,031,004504,2022,08031004504,2020_tracts,292.6549166666667,1.0,54500.0,1551.0,385800.0
Census Tract 45.05; Denver County; Colorado,36226.0,1280.0,294700.0,4570.0,514.0,141.0,3705.0,08,031,004505,2022,08031004505,2020_tracts,292.6549166666667,1.0,36226.0,1280.0,294700.0
Census Tract 45.06; Denver County; Colorado,45493.0,930.0,348500.0,3346.0,336.0,280.0,2565.0,08,031,004506,2022,08031004506,2020_tracts,292.6549166666667,1.0,45493.0,930.0,348500.0
Census Tract 46.01; Denver County; Colorado,81372.0,1582.0,384100.0,5917.0,1586.0,17.0,3567.0,08,031,004601,2022,08031004601,2020_tracts,292.6549166666667,1.0,81372.0,1582.0,384100.0
Census Tract 46.02; Denver County; Colorado,61935.0,1265.0,368200.0,7534.0,1775.0,36.0,5180.0,08,031,004602,2022,08031004602,2020_tracts,292.6549166666667,1.0,61935.0,1265.0,368200.0
Census Tract 46.03; Denver County; Colorado,66029.0,1607.0,391100.0,5421.0,2061.0,49.0,3099.0,08,031,004603,2022,08031004603,2020_tracts,292.6549166666667,1.0,66029.0,1607.0,391100.0
Census Tract 47; Denver County; Colorado,84368.0,1245.0,481400.0,6417.0,2874.0,194.0,3133.0,08,031,004700,2022,08031004700,2020_tracts,292.6549166666667,1.0,84368.0,1245.0,481400.0
Census Tract 48.01; Denver County; Colorado,104946.0,2399.0,461200.0,2947.0,1442.0,0.0,1191.0,08,031,004801,2022,08031004801,2020_tracts,292.6549166666667,1.0,104946.0,2399.0,461200.0
Census Tract 50.01; Denver County; Colorado,100781.0,1396.0,550400.0,2623.0,1491.0,423.0,307.0,08,031,005001,2022,08031005001,2020_tracts,292.6549166666667,1.0,100781.0,1396.0,550400.0
Census Tract 50.03; Denver County; Colorado,57132.0,1400.0,697500.0,2748.0,1506.0,363.0,550.0,08,031,005003,2022,08031005003,2020_tracts,292.6549166666667,1.0,57132.0,1400.0,697500.0
Census Tract 50.04; Denver County; Colorado,53229.0,1469.0,325400.0,5455.0,2313.0,1151.0,1071.0,08,031,005004,2022,08031005004,2020_tracts,292.6549166666667,1.0,53229.0,1469.0,325400.0
Census Tract 51.02; Denver County; Colorado,125795.0,1900.0,620200.0,3520.0,2781.0,0.0,564.0,08,031,005102,2022,08031005102,2020_tracts,292.6549166666667,1.0,125795.0,1900.0,620200.0
Census Tract 51.04; Denver County; Colorado,62396.0,1358.0,515200.0,3874.0,2133.0,458.0,1052.0,08,031,005104,2022,08031005104,2020_tracts,292.6549166666667,1.0,62396.0,1358.0,515200.0
Census Tract 52; Denver County; Colorado,101921.0,2142.0,604400.0,3363.0,2820.0,68.0,215.0,08,031,005200,2022,08031005200,2020_tracts,292.6549166666667,1.0,101921.0,2142.0,604400.0
Census Tract 53; Denver County; Colorado,71458.0,1805.0,546500.0,1845.0,1206.0,260.0,142.0,08,031,005300,2022,08031005300,2020_tracts,292.6549166666667,1.0,71458.0,1805.0,546500.0
Census Tract 55.02; Denver County; Colorado,102721.0,1822.0,520500.0,2122.0,1129.0,129.0,737.0,08,031,005502,2022,08031005502,2020_tracts,292.6549166666667,1.0,102721.0,1822.0,520500.0
Census Tract 55.03; Denver County; Colorado,100034.0,978.0,462300.0,4776.0,2984.0,111.0,1077.0,08,031,005503,2022,08031005503,2020_tracts,292.6549166666667,1.0,100034.0,978.0,462300.0
Census Tract 67.01; Denver County; Colorado,91399.0,1858.0,649600.0,4249.0,3221.0,165.0,436.0,08,031,006701,2022,08031006701,2020_tracts,292.6549166666667,1.0,91399.0,1858.0,649600.0
Census Tract 68.04; Denver County; Colorado,102258.0,1917.0,594300.0,3231.0,2859.0,127.0,149.0,08,031,006804,2022,08031006804,2020_tracts,292.6549166666667,1.0,102258.0,1917.0,594300.0
Census Tract 68.10; Denver County; Colorado,64474.0,1712.0,463900.0,6436.0,3388.0,868.0,1698.0,08,031,006810,2022,08031006810,2020_tracts,292.6549166666667,1.0,64474.0,1712.0,463900.0
Census Tract 68.12; Denver County; Colorado,78450.0,1742.0,367900.0,4206.0,3222.0,0.0,611.0,08,031,006812,2022,08031006812,2020_tracts,292.6549166666667,1.0,78450.0,1742.0,367900.0
Census Tract 68.13; Denver County; Colorado,60339.0,1536.0,283400.0,4282.0,1977.0,537.0,1269.0,08,031,006813,2022,08031006813,2020_tracts,292.6549166666667,1.0,60339.0,1536.0,283400.0
Census Tract 68.14; Denver County; Colorado,64237.0,1647.0,493000.0,4544.0,2483.0,648.0,1048.0,08,031,006814,2022,08031006814,2020_tracts,292.6549166666667,1.0,64237.0,1647.0,493000.0
Census Tract 68.15; Denver County; Colorado,132535.0,2144.0,824900.0,2162.0,1653.0,90.0,119.0,08,031,006815,2022,08031006815,2020_tracts,292.6549166666667,1.0,132535.0,2144.0,824900.0
Census Tract 68.16; Denver County; Colorado,60838.0,1675.0,513500.0,5073.0,3559.0,209.0,903.0,08,031,006816,2022,08031006816,2020_tracts,292.6549166666667,1.0,60838.0,1675.0,513500.0
Census Tract 68.17; Denver County; Colorado,156983.0,3021.0,608800.0,2083.0,1574.0,58.0,141.0,08,031,006817,2022,08031006817,2020_tracts,292.6549166666667,1.0,156983.0,3021.0,608800.0
Census Tract 68.18; Denver County; Colorado,66214.0,1405.0,465600.0,4611.0,2822.0,714.0,861.0,08,031,006818,2022,08031006818,2020_tracts,292.6549166666667,1.0,66214.0,1405.0,465600.0
Census Tract 69.02; Denver County; Colorado,48692.0,1379.0,339300.0,3221.0,2143.0,218.0,412.0,08,031,006902,2022,08031006902,2020_tracts,292.6549166666667,1.0,48692.0,1379.0,339300.0
Census Tract 69.03; Denver County; Colorado,70625.0,1390.0,580000.0,2390.0,1513.0,441.0,354.0,08,031,006903,2022,08031006903,2020_tracts,292.6549166666667,1.0,70625.0,1390.0,580000.0
Census Tract 70.06; Denver County; Colorado,52364.0,1526.0,,4383.0,1655.0,1298.0,1041.0,08,031,007006,2022,08031007006,2020_tracts,292.6549166666667,1.0,52364.0,1526.0,
Census Tract 70.13; Denver County; Colorado,84763.0,1745.0,371700.0,3842.0,2436.0,576.0,366.0,08,031,007013,2022,08031007013,2020_tracts,292.6549166666667,1.0,84763.0,1745.0,371700.0
Census Tract 70.37; Denver County; Colorado,52782.0,1168.0,,4007.0,1552.0,1023.0,1121.0,08,031,007037,2022,08031007037,2020_tracts,292.6549166666667,1.0,52782.0,1168.0,
Census Tract 70.88; Denver County; Colorado,67404.0,1824.0,359000.0,4710.0,2211.0,593.0,1305.0,08,031,007088,2022,08031007088,2020_tracts,292.6549166666667,1.0,67404.0,1824.0,359000.0
Census Tract 70.90; Denver County; Colorado,54171.0,1357.0,243800.0,1731.0,687.0,691.0,232.0,08,031,007090,2022,08031007090,2020_tracts,292.6549166666667,1.0,54171.0,1357.0,243800.0
Census Tract 70.91; Denver County; Colorado,37013.0,1370.0,237100.0,3388.0,2965.0,154.0,239.0,08,031,007091,2022,08031007091,2020_tracts,292.6549166666667,1.0,37013.0,1370.0,237100.0
Census Tract 83.04; Denver County; Colorado,75515.0,1761.0,341900.0,3932.0,395.0,547.0,2832.0,08,031,008304,2022,08031008304,2020_tracts,292.6549166666667,1.0,75515.0,1761.0,341900.0
Census Tract 83.05; Denver County; Colorado,76887.0,2206.0,370900.0,5275.0,360.0,491.0,4177.0,08,031,008305,2022,08031008305,2020_tracts,292.6549166666667,1.0,76887.0,2206.0,370900.0
Census Tract 83.06; Denver County; Colorado,66148.0,1433.0,380300.0,6867.0,480.0,1474.0,4456.0,08,031,008306,2022,08031008306,2020_tracts,292.6549166666667,1.0,66148.0,1433.0,380300.0
Census Tract 83.12; Denver County; Colorado,80049.0,1356.0,353100.0,7542.0,840.0,1391.0,4941.0,08,031,008312,2022,08031008312,2020_tracts,292.6549166666667,1.0,80049.0,1356.0,353100.0
Census Tract 83.86; Denver County; Colorado,92872.0,1747.0,350200.0,4426.0,163.0,513.0,3480.0,08,031,008386,2022,08031008386,2020_tracts,292.6549166666667,1.0,92872.0,1747.0,350200.0
Census Tract 83.87; Denver County; Colorado,111600.0,1881.0,381900.0,6924.0,528.0,1852.0,4016.0,08,031,008387,2022,08031008387,2020_tracts,292.6549166666667,1.0,111600.0,1881.0,381900.0
Census Tract 83.88; Denver County; Colorado,91122.0,1896.0,418000.0,13694.0,2994.0,3028.0,5995.0,08,031,008388,2022,08031008388,2020_tracts,292.6549166666667,1.0,91122.0,1896.0,418000.0
Census Tract 83.89; Denver County; Colorado,110150.0,2432.0,460500.0,15052.0,2677.0,4623.0,6207.0,08,031,008389,2022,08031008389,2020_tracts,292.6549166666667,1.0,110150.0,2432.0,460500.0
Census Tract 83.90; Denver County; Colorado,85465.0,1917.0,417900.0,10366.0,1774.0,3638.0,3998.0,08,031,008390,2022,08031008390,2020_tracts,292.6549166666667,1.0,85465.0,1917.0,417900.0
Census Tract 83.91; Denver County; Colorado,82260.0,2270.0,381900.0,7387.0,1637.0,1910.0,3367.0,08,031,008391,2022,08031008391,2020_tracts,292.6549166666667,1.0,82260.0,2270.0,381900.0
Census Tract 119.02; Denver County; Colorado,68642.0,1503.0,464500.0,5865.0,2825.0,405.0,2011.0,08,031,011902,2022,08031011902,2020_tracts,292.6549166666667,1.0,68642.0,1503.0,464500.0
Census Tract 119.03; Denver County; Colorado,84974.0,1428.0,468900.0,2285.0,1312.0,20.0,726.0,08,031,011903,2022,08031011903,2020_tracts,292.6549166666667,1.0,84974.0,1428.0,468900.0
Census Tract 120.01; Denver County; Colorado,97250.0,,646600.0,2233.0,1692.0,0.0,412.0,08,031,012001,2022,08031012001,2020_tracts,292.6549166666667,1.0,97250.0,,646600.0
Census Tract 120.10; Denver County; Colorado,90000.0,1625.0,538900.0,5329.0,3825.0,44.0,647.0,08,031,012010,2022,08031012010,2020_tracts,292.6549166666667,1.0,90000.0,1625.0,538900.0
Census Tract 120.15; Denver County; Colorado,89176.0,1979.0,406000.0,3909.0,2542.0,0.0,978.0,08,031,012015,2022,08031012015,2020_tracts,292.6549166666667,1.0,89176.0,1979.0,406000.0
Census Tract 120.16; Denver County; Colorado,68017.0,1603.0,357100.0,2621.0,1798.0,52.0,414.0,08,031,012016,2022,08031012016,2020_tracts,292.6549166666667,1.0,68017.0,1603.0,357100.0
Census Tract 153; Denver County; Colorado,59973.0,1499.0,591500.0,3801.0,2802.0,215.0,566.0,08,031,015300,2022,08031015300,2020_tracts,292.6549166666667,1.0,59973.0,1499.0,591500.0
Census Tract 154; Denver County; Colorado,107703.0,1509.0,544500.0,4536.0,2761.0,92.0,1221.0,08,031,015400,2022,08031015400,2020_tracts,292.6549166666667,1.0,107703.0,1509.0,544500.0
Census Tract 155; Denver County; Colorado,57108.0,1484.0,486400.0,3639.0,1858.0,441.0,1006.0,08,031,015500,2022,08031015500,2020_tracts,292.6549166666667,1.0,57108.0,1484.0,486400.0
Census Tract 156; Denver County; Colorado,77315.0,1502.0,410900.0,7855.0,1518.0,423.0,5306.0,08,031,015600,2022,08031015600,2020_tracts,292.6549166666667,1.0,77315.0,1502.0,410900.0
Census Tract 157; Denver County; Colorado,75869.0,1507.0,490800.0,5774.0,2130.0,403.0,2918.0,08,031,015700,2022,08031015700,2020_tracts,292.6549166666667,1.0,75869.0,1507.0,490800.0
Census Tract 158; Denver County; Colorado,69701.0,1750.0,297600.0,2829.0,643.0,1185.0,649.0,08,031,015800,2022,08031015800,2020_tracts,292.6549166666667,1.0,69701.0,1750.0,297600.0
Census Tract 9800.01; Denver County; Colorado,,,,0.0,0.0,0.0,0.0,08,031,980001,2022,08031980001,2020_tracts,292.6549166666667,1.0,,,
Census Tract 9801; Denver County; Colorado,,,,0.0,0.0,0.0,0.0,08,031,980100,2022,08031980100,2020_tracts,292.6549166666667,1.0,,,
Census Tract 9802; Denver County; Colorado,148958.0,,,740.0,474.0,65.0,136.0,08,031,980200,2022,08031980200,2020_tracts,292.6549166666667,1.0,148958.0,,
