{
"type": "FeatureCollection",
"name": "neighborhoods",
"crs": { "type": "name", "properties": { "name": "urn:ogc:def:crs:EPSG::3735" } },
"features": [
{ "type": "Feature", "properties": { "neighborhood": "Marston", "total_housing": 5614.0, "total_occupied_housing": 5487.0, "total_vacant_housing": 127.0, "owner_occupied_units": 3330.0, "renter_occupied_units": 2156.0, "vacant_homes_rented": 0.0, "vacant_homes_sold": 0.0, "vacant_homes_seasonal": 0.0, "population": 11635.0, "median_gross_rent": 1964.0, "median_home_value": 550295.0, "median_household_income": 87935.0, "total_listings": 8, "pct_entire_home": 100.0, "avg_price": 246.61, "avg_bedrooms": 2.75, "avg_price_per_bedroom": 56.05, "avg_estimated_annual_revenue": 35339.8, "estimated_total_annual_revenue": 176699.0, "total_hosts": 7, "hobbyist_hosts": 4, "small_business_hosts": 1, "commercial_hosts": 2 }, "geometry": { "type": "Polygon", "coordinates": [ [ [ -4322130.826412997208536, 1379611.278121867915615 ], [ -4321997.805968310683966, 1380151.438234398607165 ], [ -4322103.646203915588558, 1380387.183008993044496 ], [ -4324041.607005694881082, 1381888.451402673032135 ], [ -4324630.27799307461828, 1382394.705080790445209 ], [ -4324193.810248802416027, 1382284.17606523563154 ], [ -4324594.782602095976472, 1382712.632156810257584 ], [ -4325281.695261368528008, 1384529.368171120295301 ], [ -4325309.981924526393414, 1385238.341316556558013 ], [ -4325479.515324013307691, 1385271.79983289539814 ], [ -4325477.006538534536958, 1385281.436485059559345 ], [ -4326063.258638974279165, 1385430.831356634618714 ], [ -4326167.902150912210345, 1385044.754997076932341 ], [ -4325610.470974908210337, 1384902.734341639559716 ], [ -4325888.352249043993652, 1383879.006207839585841 ], [ -4326452.073550840839744, 1384022.664423577021807 ], [ -4326336.679932177066803, 1384448.049380623502657 ], [ -4326825.278239996172488, 1384572.666935340501368 ], [ -4327056.097110682167113, 1383721.776154400780797 ], [ -4327543.158261481672525, 1383823.519376306561753 ], [ -4327447.119518249295652, 1384191.428336293902248 ], [ -4328479.568132931366563, 1384451.68953174771741 ], [ -4328745.936881816014647, 1383437.234386842465028 ], [ -4331324.648083388805389, 1384104.503557805903256 ], [ -4333206.982680574059486, 1384579.910631285281852 ], [ -4332941.974206826649606, 1385595.857909042853862 ], [ -4333067.7362328954041, 1385627.627499209716916 ], [ -4333610.578849732875824, 1385764.225097574992105 ], [ -4333208.683734627440572, 1387302.599349788157269 ], [ -4332875.209017888642848, 1388579.327228196896613 ], [ -4330314.417756704613566, 1387931.271306298207492 ], [ -4327745.657747477293015, 1387272.048715194221586 ], [ -4327415.466419258154929, 1388548.807890189811587 ], [ -4325747.534571149386466, 1388124.533079085871577 ], [ -4324801.56031297519803, 1387883.870813610730693 ], [ -4324772.542788493447006, 1387876.586843094555661 ], [ -4325008.262501276098192, 1387007.829429914942011 ], [ -4324963.234816257841885, 1386969.675419071689248 ], [ -4324849.226742158643901, 1386931.680527525721118 ], [ -4324781.964365818537772, 1386920.237899797502905 ], [ -4324691.759099315851927, 1386915.851502720965073 ], [ -4324561.435131487436593, 1387041.792996785603464 ], [ -4324498.230059663765132, 1387042.606591464020312 ], [ -4324421.801867917180061, 1387040.946325566153973 ], [ -4324305.291514084674418, 1387004.586704672779888 ], [ -4323952.046404685825109, 1386819.115581455873325 ], [ -4323834.417924617417157, 1386772.142861783271655 ], [ -4323673.729303768835962, 1386736.710185937816277 ], [ -4323444.321709985844791, 1386714.007609898922965 ], [ -4323285.033766783773899, 1386669.391152826370671 ], [ -4323181.957282507792115, 1386683.426285196561366 ], [ -4323148.347157128155231, 1386699.366170364897698 ], [ -4323149.849118690006435, 1386675.671144394436851 ], [ -4322972.095586871728301, 1386680.699076411547139 ], [ -4322744.215827700681984, 1386544.192689890274778 ], [ -4322575.353873774409294, 1387210.546711823903024 ], [ -4322567.984707412309945, 1387239.626494887517765 ], [ -4322556.054742615669966, 1387286.70390272513032 ], [ -4322533.79989958088845, 1387306.820085504092276 ], [ -4322525.387764036655426, 1387314.423821520991623 ], [ -4322268.324599088169634, 1387249.450558808632195 ], [ -4320955.148452324792743, 1386916.834783389233053 ], [ -4320422.055661777965724, 1386775.369009932037443 ], [ -4319161.380539746955037, 1386456.556252137292176 ], [ -4318926.480086741968989, 1386400.767106578685343 ], [ -4318876.081205361522734, 1386357.910782566759735 ], [ -4318673.483389319851995, 1386306.58798372768797 ], [ -4318715.487128249369562, 1386207.31897678039968 ], [ -4319245.534274000674486, 1384954.649578100070357 ], [ -4318774.691594394855201, 1383634.610055271768942 ], [ -4317983.023567087948322, 1382605.34986994904466 ], [ -4318131.302877392619848, 1382044.390917276963592 ], [ -4318920.518947559408844, 1381603.912478034617379 ], [ -4319085.647853604517877, 1380989.466159965610132 ], [ -4318450.730066345073283, 1380828.549818269442767 ], [ -4318764.72150741238147, 1379635.348128982121125 ], [ -4318990.704830724745989, 1379676.226266739424318 ], [ -4319247.980124182067811, 1379829.096905745565891 ], [ -4319495.575740290805697, 1379910.991717387689278 ], [ -4319777.890205974690616, 1379911.124759488739073 ], [ -4319854.57548776268959, 1379772.347727520624176 ], [ -4319661.357050003483891, 1379507.378779750550166 ], [ -4319883.343375177122653, 1379357.218338372185826 ], [ -4319872.700534882023931, 1379360.389547976199538 ], [ -4320346.621106269769371, 1378726.433714403538033 ], [ -4320596.737476938404143, 1377675.089487398043275 ], [ -4331226.696544954553246, 1380353.134169310564175 ], [ -4330860.574441914446652, 1381808.110644385451451 ], [ -4322130.826412997208536, 1379611.278121867915615 ] ], [ [ -4324957.624588187783957, 1386529.29065284342505 ], [ -4324894.673210235312581, 1386771.097168785054237 ], [ -4325061.845167581923306, 1386814.618353227851912 ], [ -4325124.796555689536035, 1386572.811839994974434 ], [ -4324957.624588187783957, 1386529.29065284342505 ] ] ] } },
{ "type": "Feature", "properties": { "neighborhood": "Fort Logan", "total_housing": 1935.0, "total_occupied_housing": 1741.0, "total_vacant_housing": 194.0, "owner_occupied_units": 1283.0, "renter_occupied_units": 458.0, "vacant_homes_rented": 0.0, "vacant_homes_sold": 0.0, "vacant_homes_seasonal": 0.0, "population": 4232.0, "median_gross_rent": 1927.0, "median_home_value": 665828.0, "median_household_income": 106371.0, "total_listings": 9, "pct_entire_home": 100.0, "avg_price": 146.37, "avg_bedrooms": 1.78, "avg_price_per_bedroom": 64.04, "avg_estimated_annual_revenue": 23974.0, "estimated_total_annual_revenue": 167818.0, "total_hosts": 8, "hobbyist_hosts": 3, "small_business_hosts": 1, "commercial_hosts": 4 }, "geometry": { "type": "Polygon", "coordinates": [ [ [ -4310689.930962211452425, 1389758.902721320278943 ], [ -4311031.488124300725758, 1388436.986519841011614 ], [ -4311362.524417196400464, 1387149.529600312002003 ], [ -4311285.738930816762149, 1387129.92715751635842 ], [ -4311308.475451024249196, 1387042.591360149439424 ], [ -4311328.891504222527146, 1387025.690430134302005 ], [ -4311493.60397198330611, 1386400.932591598248109 ], [ -4311034.77189330663532, 1386280.062060520984232 ], [ -4311128.557107280939817, 1385950.573748052353039 ], [ -4310365.819475138559937, 1385745.807223911164328 ], [ -4310417.14982780162245, 1385548.636212947545573 ], [ -4310389.08620304055512, 1385541.330292461905628 ], [ -4310590.969535890966654, 1384775.775420216843486 ], [ -4310619.033254365436733, 1384783.081365170655772 ], [ -4310758.28691123239696, 1384270.007771456846967 ], [ -4312031.642161866649985, 1384592.206219331128523 ], [ -4312535.054278483614326, 1382671.393220787867904 ], [ -4311256.162553831003606, 1382341.682903072796762 ], [ -4311275.339145142585039, 1382265.044686582870781 ], [ -4311227.160802837461233, 1382162.347122924868017 ], [ -4311222.178878366015851, 1382147.746489819139242 ], [ -4311217.173869529739022, 1382129.264915466308594 ], [ -4311214.051384845748544, 1382110.498545866925269 ], [ -4311212.295985827222466, 1382091.442193531896919 ], [ -4311212.360002242028713, 1382072.342878538416699 ], [ -4311214.212092889472842, 1382053.321497284341604 ], [ -4311217.547136321663857, 1382034.557104791048914 ], [ -4311073.996494413353503, 1381990.598723199684173 ], [ -4311073.544123188592494, 1381990.351862309267744 ], [ -4311058.554547196254134, 1381985.416213967371732 ], [ -4311043.94292136374861, 1381979.0290657277219 ], [ -4311030.130066819489002, 1381971.558252487331629 ], [ -4311016.937086183577776, 1381962.698844808386639 ], [ -4311004.511295748874545, 1381952.876719284569845 ], [ -4310992.884267658926547, 1381941.970888717565686 ], [ -4310656.949599201790988, 1381640.752519297413528 ], [ -4310626.782709841616452, 1381612.749796779127792 ], [ -4310586.106972283683717, 1381580.461200890596956 ], [ -4310542.635525492951274, 1381551.965506542241201 ], [ -4310496.883672374300659, 1381527.267695831600577 ], [ -4310449.303871768526733, 1381506.614728060318157 ], [ -4310399.833144614472985, 1381490.248375315684825 ], [ -4310349.228727490641177, 1381478.236848721979186 ], [ -4310136.395270654000342, 1381422.570771301630884 ], [ -4310144.142058888450265, 1381392.813641581917182 ], [ -4310408.081142867915332, 1380383.926432375796139 ], [ -4310472.201984958723187, 1380399.585983475903049 ], [ -4310514.844327684491873, 1380410.428910902235657 ], [ -4310667.685332341119647, 1380440.531377351842821 ], [ -4310822.717655768617988, 1380457.254921445157379 ], [ -4310978.45832946524024, 1380460.342474480159581 ], [ -4311134.087143708020449, 1380449.968089372152463 ], [ -4311287.847563177347183, 1380425.932684808271006 ], [ -4311406.575788388960063, 1380403.497789243934676 ], [ -4311535.323548618704081, 1380395.166708037490025 ], [ -4312021.073262651450932, 1380522.786392006557435 ], [ -4312154.894317938946187, 1380585.265316627686843 ], [ -4312352.713640371337533, 1380691.658365908544511 ], [ -4312494.595733457244933, 1380763.856396045535803 ], [ -4312639.870247765444219, 1380826.992142010014504 ], [ -4312994.746951627545059, 1380919.507931291591376 ], [ -4313030.920262559317052, 1380781.551133434986696 ], [ -4313300.321967615745962, 1380850.13571762596257 ], [ -4313333.813937406986952, 1380860.404824524885044 ], [ -4313366.308289191685617, 1380873.514024371048436 ], [ -4313397.531406287103891, 1380889.521499693393707 ], [ -4313427.273030891083181, 1380908.242928575491533 ], [ -4313455.354044032283127, 1380929.373795797582716 ], [ -4313481.259243024513125, 1380952.908880547387525 ], [ -4313505.293534742668271, 1380978.669298470718786 ], [ -4313526.794016636908054, 1381006.224267528159544 ], [ -4313528.856903693638742, 1381009.215327958343551 ], [ -4313547.684727539308369, 1381034.136978632304817 ], [ -4313768.050496411509812, 1380841.577054812340066 ], [ -4313887.580260851420462, 1380739.65777791896835 ], [ -4313994.438925967551768, 1380662.597132407594472 ], [ -4314310.291833848692477, 1381102.47467955132015 ], [ -4314327.709522636607289, 1381125.86678381008096 ], [ -4314346.809267772361636, 1381147.759404137963429 ], [ -4314367.927396416664124, 1381167.852459368761629 ], [ -4314382.184148673899472, 1381179.572081236401573 ], [ -4314437.1295155454427, 1381228.491739299381152 ], [ -4314460.147890788502991, 1381199.610368697438389 ], [ -4314485.449546525254846, 1381172.873479742091149 ], [ -4314509.092055450193584, 1381151.51695378147997 ], [ -4314527.101699550636113, 1381138.89773282664828 ], [ -4314607.384908558800817, 1381254.215732923941687 ], [ -4314704.814266960136592, 1381186.583266226807609 ], [ -4314795.523264406248927, 1381308.490402471972629 ], [ -4314930.1486632572487, 1381213.084323799936101 ], [ -4315054.907370592467487, 1381387.770950600504875 ], [ -4315228.87021336145699, 1381256.36571750883013 ], [ -4315285.452145987190306, 1381317.852696971269324 ], [ -4315347.206034414470196, 1381374.357183839194477 ], [ -4315413.774036322720349, 1381425.269287440693006 ], [ -4315484.282875528559089, 1381469.974345814203843 ], [ -4315558.701113967224956, 1381508.59319261694327 ], [ -4315564.465893207117915, 1381511.256392948096618 ], [ -4315248.754167781211436, 1382719.007877381052822 ], [ -4317749.337106605991721, 1383375.362891643540934 ], [ -4317076.008013393729925, 1385934.68706328724511 ], [ -4318597.418516480363905, 1386318.946888626785949 ], [ -4318562.967495338991284, 1386388.766902500996366 ], [ -4318688.465131408534944, 1386359.182415518909693 ], [ -4318727.701496004126966, 1386352.347633518977091 ], [ -4318767.570553014986217, 1386349.035990938311443 ], [ -4318807.557200153358281, 1386349.242027948610485 ], [ -4318847.387809325009584, 1386353.024112553801388 ], [ -4318876.081205361522734, 1386357.910782566759735 ], [ -4318926.480086741968989, 1386400.767106578685343 ], [ -4319161.380539746955037, 1386456.556252137292176 ], [ -4320422.055661777965724, 1386775.369009932037443 ], [ -4320955.148452324792743, 1386916.834783389233053 ], [ -4322268.324599088169634, 1387249.450558808632195 ], [ -4322525.387764036655426, 1387314.423821520991623 ], [ -4322533.79989958088845, 1387306.820085504092276 ], [ -4322556.054742615669966, 1387286.70390272513032 ], [ -4323547.853424483910203, 1387536.816002842504531 ], [ -4323506.156132946722209, 1387701.887636146042496 ], [ -4323498.287110323086381, 1387730.879540775436908 ], [ -4323489.075643480755389, 1387759.473262449493632 ], [ -4323478.541745979338884, 1387787.606677212985232 ], [ -4323466.708303639665246, 1387815.21866115485318 ], [ -4323453.601026593707502, 1387842.249223285820335 ], [ -4323439.248392674140632, 1387868.639636005274951 ], [ -4323423.681584360077977, 1387894.332562213763595 ], [ -4323406.934423089958727, 1387919.27218040311709 ], [ -4323396.459271681495011, 1387933.679260777076706 ], [ -4323390.757203186862171, 1387941.787217298988253 ], [ -4323111.057708529755473, 1388312.642835021484643 ], [ -4323086.885674062184989, 1388347.940131585346535 ], [ -4323065.817261010408401, 1388385.207917050924152 ], [ -4323048.157227710820735, 1388424.267155953682959 ], [ -4323034.031611991114914, 1388464.634004346095026 ], [ -4323029.23352948948741, 1388481.08004589821212 ], [ -4323011.123063307255507, 1388544.691993954125792 ], [ -4322999.541240165941417, 1388582.233716904185712 ], [ -4322984.845881561748683, 1388618.835644157836214 ], [ -4322966.92104384675622, 1388653.951104935491458 ], [ -4322946.103041928261518, 1388687.279997143195942 ], [ -4322922.391900923103094, 1388718.822440742049366 ], [ -4322915.675342906266451, 1388726.760942907305434 ], [ -4322408.668927101418376, 1389311.876132588135079 ], [ -4322374.673924304544926, 1389347.199376908363774 ], [ -4322337.648192407563329, 1389379.279610254568979 ], [ -4322298.138815928250551, 1389408.000751799670979 ], [ -4322256.17720717843622, 1389433.241923986002803 ], [ -4322212.341684691607952, 1389454.766197474207729 ], [ -4322166.453200827352703, 1389472.268716610968113 ], [ -4322138.333982201293111, 1389480.708807011367753 ], [ -4321773.507799449376762, 1389579.506379282334819 ], [ -4321749.245735561475158, 1389587.489937085192651 ], [ -4321746.127604213543236, 1389588.488366259494796 ], [ -4321725.581185980699956, 1389596.959688456961885 ], [ -4321706.07681773416698, 1389607.381432184949517 ], [ -4321687.225448809564114, 1389619.264750011032447 ], [ -4321669.721135609783232, 1389632.919518307317048 ], [ -4321653.384905249811709, 1389648.040957370540127 ], [ -4321638.279842030256987, 1389664.387039528461173 ], [ -4321624.889777078293264, 1389682.083705111639574 ], [ -4321613.035646053031087, 1389700.82601836300455 ], [ -4321602.717604078352451, 1389720.613962954375893 ], [ -4321594.271904054097831, 1389741.147817408898845 ], [ -4321587.488401878625154, 1389762.243477916577831 ], [ -4321578.865734135732055, 1389796.30971388402395 ], [ -4321554.753329309634864, 1389790.242148995865136 ], [ -4319153.977576544508338, 1389182.417151322355494 ], [ -4319146.238368302583694, 1389211.400616319617257 ], [ -4318815.993181213736534, 1390459.565814399626106 ], [ -4318655.312005836516619, 1390418.897002605022863 ], [ -4318650.472361437045038, 1390436.494711249368265 ], [ -4317144.707581089809537, 1390057.226335524581373 ], [ -4317003.527647469192743, 1390586.074410536559299 ], [ -4316998.402910114265978, 1390605.407070093788207 ], [ -4316603.990823741070926, 1390505.647863582940772 ], [ -4316610.750457661226392, 1390480.105339843779802 ], [ -4316056.239787475205958, 1390339.852085876744241 ], [ -4316072.247694397345185, 1390424.423804047750309 ], [ -4316188.842337343841791, 1390500.934621013235301 ], [ -4316208.328820320777595, 1390506.642582838889211 ], [ -4316227.439689917489886, 1390513.503961095586419 ], [ -4316246.106742008589208, 1390521.494268354261294 ], [ -4316264.263356502167881, 1390530.584988397778943 ], [ -4316281.844735054299235, 1390540.74367774114944 ], [ -4316298.788132253102958, 1390551.934081409825012 ], [ -4316315.033079505898058, 1390564.116262427298352 ], [ -4316330.521600648760796, 1390577.246744255535305 ], [ -4316345.198419161140919, 1390591.278665964724496 ], [ -4316359.011156018823385, 1390606.161949758883566 ], [ -4316371.910515298135579, 1390621.843479097355157 ], [ -4316383.850460920482874, 1390638.267288879491389 ], [ -4316394.788381082937121, 1390655.374764835927635 ], [ -4316404.685239517129958, 1390673.104852658230811 ], [ -4316413.505716222338378, 1390691.394276261329651 ], [ -4316421.218331609852612, 1390710.177763110026717 ], [ -4316430.326442307792604, 1390740.219600370852277 ], [ -4316449.717243608087301, 1390745.115339372772723 ], [ -4316930.535294219851494, 1390866.511133664986119 ], [ -4316850.741542298346758, 1391168.024846694199368 ], [ -4316847.027579571120441, 1391187.713747184956446 ], [ -4316842.546080194413662, 1391203.834849696839228 ], [ -4316822.484159315936267, 1391281.603700637351722 ], [ -4315927.63433868996799, 1391060.77160153654404 ], [ -4315773.756577113643289, 1391020.711703123524785 ], [ -4315762.784103713929653, 1391017.855175165459514 ], [ -4315739.145977859385312, 1391011.945588414557278 ], [ -4315652.866293221712112, 1390990.375685126287863 ], [ -4315519.607754711993039, 1390957.062373871682212 ], [ -4314952.462923558428884, 1390820.368653109762818 ], [ -4314783.751502370461822, 1390789.533216043608263 ], [ -4314424.397670894861221, 1390723.854090421227738 ], [ -4313794.469632263295352, 1390660.866190276341513 ], [ -4312452.01942971535027, 1390526.03358249925077 ], [ -4311899.146213284693658, 1390473.061426793690771 ], [ -4311689.67970431316644, 1390438.392417239723727 ], [ -4311488.652322370558977, 1390388.265483424765989 ], [ -4311364.80934879835695, 1390338.368809421546757 ], [ -4311204.923317655920982, 1390265.846270423615351 ], [ -4311030.297668511047959, 1390148.55278232996352 ], [ -4310858.590659056790173, 1390006.410691375378519 ], [ -4310841.519283097237349, 1389990.025337575003505 ], [ -4310681.545192218385637, 1389836.475429978221655 ], [ -4310689.930962211452425, 1389758.902721320278943 ] ] ] } },
{ "type": "Feature", "properties": { "neighborhood": "Bear Valley", "total_housing": 3906.0, "total_occupied_housing": 3636.0, "total_vacant_housing": 269.0, "owner_occupied_units": 2380.0, "renter_occupied_units": 1256.0, "vacant_homes_rented": 0.0, "vacant_homes_sold": 0.0, "vacant_homes_seasonal": 0.0, "population": 8161.0, "median_gross_rent": 1724.0, "median_home_value": 555477.0, "median_household_income": 85977.0, "total_listings": 11, "pct_entire_home": 63.64, "avg_price": 180.96, "avg_bedrooms": 1.9, "avg_price_per_bedroom": 95.24, "avg_estimated_annual_revenue": 6585.2, "estimated_total_annual_revenue": 65852.0, "total_hosts": 10, "hobbyist_hosts": 6, "small_business_hosts": 1, "commercial_hosts": 3 }, "geometry": { "type": "Polygon", "coordinates": [ [ [ -4321416.246837963350117, 1398528.762695208191872 ], [ -4321366.477023668587208, 1398515.406897663371637 ], [ -4321323.813313621096313, 1398505.298746540211141 ], [ -4321280.890859971754253, 1398496.352805606322363 ], [ -4321243.302290911786258, 1398487.996489371638745 ], [ -4321206.348163995891809, 1398477.174241388915107 ], [ -4321170.190063633956015, 1398463.933382624527439 ], [ -4321134.986094066873193, 1398448.331809791969135 ], [ -4321100.689342776313424, 1398431.774106183089316 ], [ -4320745.386482109315693, 1398260.24191458732821 ], [ -4320714.21789189055562, 1398383.96231072046794 ], [ -4320536.583851718343794, 1398298.204553467221558 ], [ -4320452.247955202125013, 1398535.283576271729544 ], [ -4320278.49621806293726, 1398514.876723524415866 ], [ -4320143.367757643572986, 1398641.139663680223748 ], [ -4320042.509857700206339, 1398527.612675048178062 ], [ -4319678.327526848763227, 1398263.517339272191748 ], [ -4319601.485897944308817, 1398250.86706354864873 ], [ -4319578.886442438699305, 1398102.626075601903722 ], [ -4319437.823513422161341, 1398040.756740583106875 ], [ -4319580.229156059212983, 1397478.610486206831411 ], [ -4319580.084358000196517, 1397478.573583252262324 ], [ -4318627.898073402233422, 1397235.898784697288647 ], [ -4318323.59692058339715, 1397158.486197220394388 ], [ -4318300.824343684129417, 1397152.686806065728888 ], [ -4317021.749758741818368, 1396826.671581903938204 ], [ -4314463.295310460962355, 1396174.821108169388026 ], [ -4314594.281297476030886, 1395681.816014252370223 ], [ -4314667.407372281886637, 1395393.238704842049628 ], [ -4314743.077486, 1395096.983243543189019 ], [ -4314934.823450253345072, 1394336.422232872573659 ], [ -4315196.639421083964407, 1393300.530705482233316 ], [ -4315350.418295216746628, 1392689.598426396260038 ], [ -4315415.264069342985749, 1392428.783454790944234 ], [ -4315504.77879040222615, 1392072.536526342155412 ], [ -4315699.413120628334582, 1391270.868902057409286 ], [ -4315714.851177182979882, 1391218.922837977996096 ], [ -4315756.882374383509159, 1391077.492947498103604 ], [ -4315773.756577113643289, 1391020.711703123524785 ], [ -4315927.63433868996799, 1391060.77160153654404 ], [ -4316822.484159315936267, 1391281.603700637351722 ], [ -4316842.546080194413662, 1391203.834849696839228 ], [ -4316847.027579571120441, 1391187.713747184956446 ], [ -4316850.741542298346758, 1391168.024846694199368 ], [ -4317117.965585933998227, 1391235.492846917361021 ], [ -4317247.45293231215328, 1390746.203589946264401 ], [ -4317295.916690674610436, 1390758.439584289910272 ], [ -4317315.098599501885474, 1390685.957546543329954 ], [ -4318345.144646380096674, 1390946.020864445017651 ], [ -4318324.685787172056735, 1391023.328012319747359 ], [ -4318319.568922377191484, 1391042.662985328352079 ], [ -4318479.49921643268317, 1391083.041783809429035 ], [ -4318484.614661248400807, 1391063.707914571277797 ], [ -4318593.912393417209387, 1390650.616723956540227 ], [ -4318944.677131117321551, 1390739.335422158241272 ], [ -4318997.559357694350183, 1390543.676860958337784 ], [ -4319006.998631624504924, 1390508.001116019906476 ], [ -4319026.386362125165761, 1390512.913238383363932 ], [ -4319117.154839362949133, 1390535.910560176707804 ], [ -4319136.638702786527574, 1390540.421782085672021 ], [ -4320901.137334955856204, 1390986.714918971760198 ], [ -4320865.144075380638242, 1391122.584667709190398 ], [ -4320615.923146622255445, 1391055.854438446694985 ], [ -4320544.496011113747954, 1391160.958863648585975 ], [ -4320512.466935534030199, 1391208.496582578169182 ], [ -4320402.554484256543219, 1391318.262369306059554 ], [ -4320307.647119778208435, 1391414.119870854541659 ], [ -4320281.763997785747051, 1391463.184048436349258 ], [ -4320255.363483276218176, 1391483.16034631174989 ], [ -4319950.630214085802436, 1391711.943087105639279 ], [ -4319911.550218888558447, 1391702.059421337675303 ], [ -4319906.421384560875595, 1391721.389765668660402 ], [ -4319883.359484071843326, 1391808.309076893609017 ], [ -4319729.842125953175128, 1391769.483283735113218 ], [ -4319659.290316442027688, 1392035.390185584314167 ], [ -4319597.341567835770547, 1392019.72563362843357 ], [ -4319592.449451949447393, 1392039.117111493600532 ], [ -4319435.535152992233634, 1392661.097370165633038 ], [ -4319273.963765637949109, 1393302.55921931611374 ], [ -4320062.064913822337985, 1393502.177074335282668 ], [ -4320011.39841749612242, 1393702.749690836295485 ], [ -4319949.799141085706651, 1393892.726332033751532 ], [ -4319836.026046414859593, 1394276.166654175380245 ], [ -4320311.245594372972846, 1394592.076764609664679 ], [ -4320274.004304178059101, 1394740.088211880065501 ], [ -4320942.176171934232116, 1394796.163972418056801 ], [ -4321618.007658953778446, 1394823.65067844116129 ], [ -4321566.537699934095144, 1395027.082352279918268 ], [ -4321900.957850496284664, 1395443.662945428630337 ], [ -4322026.576208210550249, 1395773.596137581625953 ], [ -4322067.23352147359401, 1395955.983479116577655 ], [ -4322658.094735405407846, 1396105.705969181610271 ], [ -4322147.430023645050824, 1398116.251318715978414 ], [ -4321931.940304420888424, 1398972.039711378049105 ], [ -4321906.50740712787956, 1398952.469811775023118 ], [ -4321903.856574059464037, 1398950.460397811839357 ], [ -4321878.574799506925046, 1398930.069429535418749 ], [ -4321852.84484282694757, 1398910.246991626452655 ], [ -4321818.26625002361834, 1398885.003593248315156 ], [ -4321782.961030512116849, 1398860.786868683062494 ], [ -4321746.959657642059028, 1398837.617720327572897 ], [ -4321710.293205566704273, 1398815.516146294074133 ], [ -4321672.993321962654591, 1398794.501223104540259 ], [ -4321635.092202197760344, 1398774.591089657973498 ], [ -4321596.622559480369091, 1398755.802930859616026 ], [ -4321557.617598492652178, 1398738.152963566593826 ], [ -4321544.16799050476402, 1398732.383556306827813 ], [ -4321499.002513256855309, 1398714.160771661903709 ], [ -4321453.253313885070384, 1398697.457448907895014 ], [ -4321409.132155318744481, 1398683.289583200355992 ], [ -4321369.09046679828316, 1398672.273858106462285 ], [ -4321369.273696288466454, 1398671.201734212459996 ], [ -4321416.246837963350117, 1398528.762695208191872 ] ], [ [ -4318910.460469031706452, 1392043.531284932978451 ], [ -4318957.25355801731348, 1391857.837123250588775 ], [ -4318700.822131655178964, 1391793.016158365178853 ], [ -4318656.869298689067364, 1391979.70790980453603 ], [ -4318910.460469031706452, 1392043.531284932978451 ] ], [ [ -4318619.288974036462605, 1391637.849050247343257 ], [ -4318714.329575251787901, 1391272.780859024031088 ], [ -4318442.887188865803182, 1391202.11448839539662 ], [ -4318347.846611930057406, 1391567.182686072541401 ], [ -4318619.288974036462605, 1391637.849050247343257 ] ] ] } },
{ "type": "Feature", "properties": { "neighborhood": "Harvey Park South", "total_housing": 3626.0, "total_occupied_housing": 3396.0, "total_vacant_housing": 230.0, "owner_occupied_units": 1912.0, "renter_occupied_units": 1484.0, "vacant_homes_rented": 39.0, "vacant_homes_sold": 0.0, "vacant_homes_seasonal": 0.0, "population": 8841.0, "median_gross_rent": 2093.0, "median_home_value": 553221.0, "median_household_income": 94378.0, "total_listings": 10, "pct_entire_home": 60.0, "avg_price": 141.45, "avg_bedrooms": 2.14, "avg_price_per_bedroom": 94.3, "avg_estimated_annual_revenue": 24444.0, "estimated_total_annual_revenue": 244440.0, "total_hosts": 8, "hobbyist_hosts": 6, "small_business_hosts": 2, "commercial_hosts": 0 }, "geometry": { "type": "Polygon", "coordinates": [ [ [ -4306797.600494938902557, 1394194.872449737042189 ], [ -4306867.676231291145086, 1393922.560973718762398 ], [ -4306967.235847792588174, 1393524.570796641055495 ], [ -4307015.055070019327104, 1393354.774588894331828 ], [ -4307042.529856571927667, 1393250.974195556715131 ], [ -4307132.790666587650776, 1392909.692489304812625 ], [ -4307164.211653890088201, 1392788.25754006090574 ], [ -4307311.641188483685255, 1392222.41853766143322 ], [ -4307459.843426926061511, 1391652.076333590317518 ], [ -4307742.112426053732634, 1390569.154171213740483 ], [ -4307798.22280390560627, 1390353.179583137389272 ], [ -4307797.163428580388427, 1390347.549645498162135 ], [ -4307844.738319220021367, 1390359.288684573257342 ], [ -4307838.077451129443944, 1390388.461555142188445 ], [ -4309832.769379705190659, 1390894.357341886265203 ], [ -4309810.007638417184353, 1390863.494936213130131 ], [ -4309789.589200662449002, 1390830.439683849690482 ], [ -4309770.702113330364227, 1390793.017742961412296 ], [ -4309756.559173945337534, 1390757.86340264370665 ], [ -4309747.06279915291816, 1390728.111316294409335 ], [ -4309740.765649041160941, 1390703.295078333700076 ], [ -4309735.421280469745398, 1390675.712502451380715 ], [ -4310020.476310394704342, 1389588.349899628199637 ], [ -4310689.930962211452425, 1389758.902721320278943 ], [ -4310681.545192218385637, 1389836.475429978221655 ], [ -4310841.519283097237349, 1389990.025337575003505 ], [ -4310858.590659056790173, 1390006.410691375378519 ], [ -4311030.297668511047959, 1390148.55278232996352 ], [ -4311204.923317655920982, 1390265.846270423615351 ], [ -4311364.80934879835695, 1390338.368809421546757 ], [ -4311488.652322370558977, 1390388.265483424765989 ], [ -4311689.67970431316644, 1390438.392417239723727 ], [ -4311899.146213284693658, 1390473.061426793690771 ], [ -4312452.01942971535027, 1390526.03358249925077 ], [ -4313794.469632263295352, 1390660.866190276341513 ], [ -4314424.397670894861221, 1390723.854090421227738 ], [ -4314783.751502370461822, 1390789.533216043608263 ], [ -4314952.462923558428884, 1390820.368653109762818 ], [ -4315519.607754711993039, 1390957.062373871682212 ], [ -4315652.866293221712112, 1390990.375685126287863 ], [ -4315739.145977859385312, 1391011.945588414557278 ], [ -4315762.784103713929653, 1391017.855175165459514 ], [ -4315773.756577113643289, 1391020.711703123524785 ], [ -4315756.882374383509159, 1391077.492947498103604 ], [ -4315714.851177182979882, 1391218.922837977996096 ], [ -4315699.413120628334582, 1391270.868902057409286 ], [ -4315504.77879040222615, 1392072.536526342155412 ], [ -4315415.264069342985749, 1392428.783454790944234 ], [ -4315350.418295216746628, 1392689.598426396260038 ], [ -4315196.639421083964407, 1393300.530705482233316 ], [ -4314934.823450253345072, 1394336.422232872573659 ], [ -4314743.077486, 1395096.983243543189019 ], [ -4314667.407372281886637, 1395393.238704842049628 ], [ -4314594.281297476030886, 1395681.816014252370223 ], [ -4314463.295310460962355, 1396174.821108169388026 ], [ -4314067.93658699747175, 1396071.375124783720821 ], [ -4313799.365144374780357, 1396000.297218859195709 ], [ -4313530.099731959402561, 1395929.552129344316199 ], [ -4313258.98075845092535, 1395856.128723079804331 ], [ -4312987.479658613912761, 1395785.13484024326317 ], [ -4312718.16865861415863, 1395715.981872813776135 ], [ -4312646.132112085819244, 1395697.099062433233485 ], [ -4312446.679208387620747, 1395644.657864113338292 ], [ -4312366.649018459953368, 1395623.694012519903481 ], [ -4312175.856274901889265, 1395573.507165868533775 ], [ -4311905.340700575150549, 1395502.907180303707719 ], [ -4311635.287603735923767, 1395432.292324325535446 ], [ -4311337.21601408533752, 1395352.98401206289418 ], [ -4311046.199845134280622, 1395276.576387859182432 ], [ -4310774.412302744574845, 1395206.606816531857476 ], [ -4310502.601123050786555, 1395133.767172297695652 ], [ -4310252.228748206980526, 1395068.824985202401876 ], [ -4310001.510074292309582, 1395002.387241244781762 ], [ -4309750.072879876941442, 1394935.920508957002312 ], [ -4309488.570434766821563, 1394867.601519961142913 ], [ -4309179.425194775685668, 1394787.429010814521462 ], [ -4308648.286882291547954, 1394657.835591045906767 ], [ -4308381.170552945695817, 1394592.624802086967975 ], [ -4308097.03382991719991, 1394522.36534542706795 ], [ -4307824.489876705221832, 1394455.638064242200926 ], [ -4307572.301420364528894, 1394394.426243412308395 ], [ -4307303.71128979511559, 1394327.73168833553791 ], [ -4307051.634945001453161, 1394265.973421653965488 ], [ -4306797.600494938902557, 1394194.872449737042189 ] ] ] } },
{ "type": "Feature", "properties": { "neighborhood": "Southmoor Park", "total_housing": 3957.0, "total_occupied_housing": 3627.0, "total_vacant_housing": 330.0, "owner_occupied_units": 896.0, "renter_occupied_units": 2731.0, "vacant_homes_rented": 53.0, "vacant_homes_sold": 0.0, "vacant_homes_seasonal": 0.0, "population": 6042.0, "median_gross_rent": 2135.0, "median_home_value": 717430.0, "median_household_income": 111692.0, "total_listings": 4, "pct_entire_home": 25.0, "avg_price": 159.04, "avg_bedrooms": 3.0, "avg_price_per_bedroom": 70.68, "avg_estimated_annual_revenue": 15713.75, "estimated_total_annual_revenue": 62855.0, "total_hosts": 3, "hobbyist_hosts": 3, "small_business_hosts": 0, "commercial_hosts": 0 }, "geometry": { "type": "Polygon", "coordinates": [ [ [ -4277073.62734474055469, 1370250.0767637998797 ], [ -4277667.987667351961136, 1370398.858050792012364 ], [ -4279741.622115409001708, 1370922.532658458687365 ], [ -4280226.39225740917027, 1371044.985071168281138 ], [ -4280098.980244256556034, 1371528.464145912555978 ], [ -4279551.605589454062283, 1373604.32350717461668 ], [ -4278881.607264513149858, 1376146.618611725280061 ], [ -4278873.965380479581654, 1376175.627925742417574 ], [ -4280204.039650052785873, 1378431.678397621493787 ], [ -4280363.620900771580637, 1378702.357688636286184 ], [ -4280710.615393695421517, 1379290.924581779632717 ], [ -4280726.280874895863235, 1379316.508373405784369 ], [ -4280756.833216855302453, 1379369.318548322189599 ], [ -4280759.649709765799344, 1379359.231909234076738 ], [ -4283321.285223456099629, 1379999.874572374625131 ], [ -4282974.874311252497137, 1381272.99613446299918 ], [ -4282630.954984550364316, 1382537.89931555534713 ], [ -4282628.131188090890646, 1382537.195032780524343 ], [ -4282304.69445538893342, 1382454.784108411055058 ], [ -4281984.75194641482085, 1382374.207507065031677 ], [ -4281667.089621436782181, 1382294.974393414333463 ], [ -4281397.657954783178866, 1382226.407797787338495 ], [ -4281122.698116645216942, 1382160.206794562051073 ], [ -4281094.774876489304006, 1382152.821833444293588 ], [ -4280851.967183465138078, 1382089.499294797424227 ], [ -4280803.517001865431666, 1382078.518099927576259 ], [ -4280580.510972994379699, 1382022.950186372268945 ], [ -4280512.23721066955477, 1382007.647284569684416 ], [ -4280197.854222100228071, 1381934.04434780171141 ], [ -4279903.479348668828607, 1381864.591872537042946 ], [ -4279555.191717655397952, 1381775.098312877118587 ], [ -4279451.27066960465163, 1381745.616607300471514 ], [ -4279200.135873392224312, 1381681.200406579067931 ], [ -4279044.93805252853781, 1381641.387154094409198 ], [ -4279007.397306838072836, 1381632.537532835034654 ], [ -4278996.745019041001797, 1381534.433692620601505 ], [ -4278981.945448673330247, 1381398.133636168204248 ], [ -4278916.617399492301047, 1380892.054129478521645 ], [ -4278827.311558541841805, 1380311.911082529928535 ], [ -4278224.673434034921229, 1376817.526018406497315 ], [ -4278088.54201347194612, 1376060.922279610531405 ], [ -4278063.768837516196072, 1375923.235124252736568 ], [ -4277962.627121325582266, 1375361.100831632502377 ], [ -4277851.021518493071198, 1374744.261957261711359 ], [ -4277833.534451572224498, 1374578.62038703635335 ], [ -4277732.362770253792405, 1373987.84588431683369 ], [ -4277564.917593356221914, 1373079.140671841334552 ], [ -4277418.322764444164932, 1372192.327067067846656 ], [ -4277392.390561784617603, 1372053.621344041777775 ], [ -4277382.582597301341593, 1372001.161266788374633 ], [ -4277372.031453799456358, 1371925.143946744501591 ], [ -4277364.707633943296969, 1371882.764732389943674 ], [ -4277255.511784189380705, 1371250.899961038026959 ], [ -4277203.37865537032485, 1370997.626836607698351 ], [ -4277133.607466797344387, 1370593.399248815374449 ], [ -4277095.327352828346193, 1370381.916836192598566 ], [ -4277073.62734474055469, 1370250.0767637998797 ] ], [ [ -4277354.332616481930017, 1371348.692545772297308 ], [ -4277389.654181092046201, 1371357.887638168409467 ], [ -4277623.901877883821726, 1370424.321666609728709 ], [ -4277349.796859908849001, 1370352.965239277575165 ], [ -4277309.429074268788099, 1370388.954789445502684 ], [ -4277295.145470460876822, 1371005.471786899957806 ], [ -4277354.332616481930017, 1371348.692545772297308 ] ] ] } },
{ "type": "Feature", "properties": { "neighborhood": "Hampden South", "total_housing": 9277.0, "total_occupied_housing": 8739.0, "total_vacant_housing": 538.0, "owner_occupied_units": 4377.0, "renter_occupied_units": 4362.0, "vacant_homes_rented": 57.0, "vacant_homes_sold": 0.0, "vacant_homes_seasonal": 0.0, "population": 17865.0, "median_gross_rent": 2009.0, "median_home_value": 567875.0, "median_household_income": 90177.0, "total_listings": 32, "pct_entire_home": 68.75, "avg_price": 197.27, "avg_bedrooms": 2.35, "avg_price_per_bedroom": 97.02, "avg_estimated_annual_revenue": 8422.97, "estimated_total_annual_revenue": 252689.0, "total_hosts": 27, "hobbyist_hosts": 19, "small_business_hosts": 5, "commercial_hosts": 3 }, "geometry": { "type": "Polygon", "coordinates": [ [ [ -4277095.327352828346193, 1370381.916836192598566 ], [ -4277133.607466797344387, 1370593.399248815374449 ], [ -4277203.37865537032485, 1370997.626836607698351 ], [ -4277255.511784189380705, 1371250.899961038026959 ], [ -4277364.707633943296969, 1371882.764732389943674 ], [ -4277372.031453799456358, 1371925.143946744501591 ], [ -4277382.582597301341593, 1372001.161266788374633 ], [ -4277392.390561784617603, 1372053.621344041777775 ], [ -4277418.322764444164932, 1372192.327067067846656 ], [ -4277564.917593356221914, 1373079.140671841334552 ], [ -4277732.362770253792405, 1373987.84588431683369 ], [ -4277833.534451572224498, 1374578.62038703635335 ], [ -4277851.021518493071198, 1374744.261957261711359 ], [ -4277962.627121325582266, 1375361.100831632502377 ], [ -4278063.768837516196072, 1375923.235124252736568 ], [ -4278088.54201347194612, 1376060.922279610531405 ], [ -4278224.673434034921229, 1376817.526018406497315 ], [ -4278827.311558541841805, 1380311.911082529928535 ], [ -4278916.617399492301047, 1380892.054129478521645 ], [ -4278981.945448673330247, 1381398.133636168204248 ], [ -4278996.745019041001797, 1381534.433692620601505 ], [ -4279007.397306838072836, 1381632.537532835034654 ], [ -4278988.363934686407447, 1381627.408823366044089 ], [ -4278820.672335028648376, 1381585.975708943791687 ], [ -4278520.481415102258325, 1381506.665976001881063 ], [ -4278160.391291009262204, 1381420.287242635386065 ], [ -4277500.488727740943432, 1381254.051860113628209 ], [ -4277432.096888942644, 1381237.022047879407182 ], [ -4276988.172516996972263, 1381126.365274023031816 ], [ -4276515.153950653970242, 1381008.392604351975024 ], [ -4276452.941849647089839, 1380992.609322929056361 ], [ -4276382.925048969686031, 1380975.520327383186668 ], [ -4276128.239408318884671, 1380911.931488266447559 ], [ -4275982.673391812480986, 1380875.716081650462002 ], [ -4275922.955516542308033, 1380860.815880203619599 ], [ -4275862.120290233753622, 1380845.624710344243795 ], [ -4275592.85606771800667, 1380778.49904942815192 ], [ -4275330.881187248043716, 1380713.141857812646776 ], [ -4275259.220576277934015, 1380695.26136701926589 ], [ -4275157.914276608265936, 1380670.051655563525856 ], [ -4274590.921270946972072, 1380526.065723896259442 ], [ -4274117.784814713522792, 1380404.575607773382217 ], [ -4273630.5347461681813, 1380282.33137015090324 ], [ -4272483.650966041721404, 1379985.209700115723535 ], [ -4272356.005700251087546, 1379952.14065868104808 ], [ -4271752.375303521752357, 1379797.06740568485111 ], [ -4270690.840161711908877, 1379525.503443165915087 ], [ -4270621.94735711440444, 1379506.018952746875584 ], [ -4270550.600416802801192, 1379487.05776739353314 ], [ -4270268.345165509730577, 1379415.028069703141227 ], [ -4269820.425749662332237, 1379300.721969952574 ], [ -4269263.487721771933138, 1379157.93256369093433 ], [ -4268902.765189111232758, 1379065.449480491690338 ], [ -4268884.491338581778109, 1379060.770286786369979 ], [ -4268575.730709414929152, 1378981.709531238302588 ], [ -4268540.335420256480575, 1378972.650523547548801 ], [ -4269220.500279285944998, 1376455.14487473689951 ], [ -4269655.540641331113875, 1374842.538390282774344 ], [ -4271162.990837608464062, 1374340.906289577484131 ], [ -4271194.556676928885281, 1374224.611714387312531 ], [ -4271865.153839454054832, 1371668.446746325353161 ], [ -4272535.278976765461266, 1369114.094563556835055 ], [ -4275099.939778250642121, 1369756.035107081057504 ], [ -4277073.62734474055469, 1370250.0767637998797 ], [ -4277095.327352828346193, 1370381.916836192598566 ] ] ] } },
{ "type": "Feature", "properties": { "neighborhood": "Indian Creek", "total_housing": 2167.0, "total_occupied_housing": 2048.0, "total_vacant_housing": 119.0, "owner_occupied_units": 1453.0, "renter_occupied_units": 595.0, "vacant_homes_rented": 0.0, "vacant_homes_sold": 0.0, "vacant_homes_seasonal": 0.0, "population": 4237.0, "median_gross_rent": 2089.0, "median_home_value": 451484.0, "median_household_income": 81157.0, "total_listings": 9, "pct_entire_home": 77.78, "avg_price": 114.59, "avg_bedrooms": 1.71, "avg_price_per_bedroom": 66.85, "avg_estimated_annual_revenue": 6520.0, "estimated_total_annual_revenue": 45640.0, "total_hosts": 6, "hobbyist_hosts": 4, "small_business_hosts": 1, "commercial_hosts": 1 }, "geometry": { "type": "Polygon", "coordinates": [ [ [ -4272095.007117481902242, 1391796.391721052350476 ], [ -4272083.096043644472957, 1391834.98104148847051 ], [ -4272033.093654208816588, 1392040.405141509138048 ], [ -4271870.413811220787466, 1392710.841055680066347 ], [ -4271686.665821109898388, 1393405.968624629545957 ], [ -4270399.891539556905627, 1393075.690880540758371 ], [ -4270278.844066517427564, 1393557.876073705498129 ], [ -4270097.88875176012516, 1393512.449140797369182 ], [ -4270214.385937447659671, 1393814.640976931434125 ], [ -4270077.474671173840761, 1394360.018768228124827 ], [ -4268817.146686827763915, 1394035.212821169756353 ], [ -4268798.630079165101051, 1394001.434158630436286 ], [ -4269113.291223019361496, 1392744.967422279994935 ], [ -4269434.756184502504766, 1391461.481673064408824 ], [ -4268145.076448679901659, 1391131.558945615077391 ], [ -4268464.017373962327838, 1389848.836436014855281 ], [ -4269755.979240061715245, 1390177.932501220144331 ], [ -4270082.181590836495161, 1388903.041291360277683 ], [ -4270703.964940034784377, 1389061.806903288466856 ], [ -4272665.062237359583378, 1389565.275316199753433 ], [ -4272338.094860398210585, 1390838.109245748259127 ], [ -4272095.007117481902242, 1391796.391721052350476 ] ], [ [ -4271800.654026350937784, 1392067.799759243614972 ], [ -4270927.418344401754439, 1390982.740901124663651 ], [ -4270723.552502870559692, 1391791.820699456613511 ], [ -4271800.654026350937784, 1392067.799759243614972 ] ] ] } },
{ "type": "Feature", "properties": { "neighborhood": "Goldsmith", "total_housing": 3005.0, "total_occupied_housing": 2763.0, "total_vacant_housing": 241.0, "owner_occupied_units": 810.0, "renter_occupied_units": 1954.0, "vacant_homes_rented": 39.0, "vacant_homes_sold": 0.0, "vacant_homes_seasonal": 0.0, "population": 5878.0, "median_gross_rent": 1568.0, "median_home_value": 531591.0, "median_household_income": 63129.0, "total_listings": 25, "pct_entire_home": 56.0, "avg_price": 95.96, "avg_bedrooms": 1.59, "avg_price_per_bedroom": 85.29, "avg_estimated_annual_revenue": 5262.67, "estimated_total_annual_revenue": 126304.0, "total_hosts": 15, "hobbyist_hosts": 11, "small_business_hosts": 2, "commercial_hosts": 2 }, "geometry": { "type": "Polygon", "coordinates": [ [ [ -4273242.539824691601098, 1389700.703903167741373 ], [ -4273207.77759297285229, 1389674.475996059365571 ], [ -4273175.106866830959916, 1389645.175970214186236 ], [ -4273145.190251791849732, 1389613.23473018896766 ], [ -4273118.238147373311222, 1389578.836272776592523 ], [ -4273094.461180305108428, 1389542.164446238428354 ], [ -4273074.00661588087678, 1389503.645185792353004 ], [ -4273065.099247362464666, 1389484.277027158765122 ], [ -4272819.91951100807637, 1388962.444479859899729 ], [ -4272992.007241300307214, 1388292.464417684124783 ], [ -4273125.180591035634279, 1387765.022462477674708 ], [ -4273318.402138669975102, 1387000.96093317004852 ], [ -4273637.745994307100773, 1385736.772831978974864 ], [ -4274277.671283476985991, 1385905.996690788771957 ], [ -4274690.257613308727741, 1386009.399244151078165 ], [ -4275014.331460703164339, 1386090.792902063112706 ], [ -4275334.639938541688025, 1386171.078028356190771 ], [ -4275653.775845513679087, 1386251.315587320830673 ], [ -4276184.051482856273651, 1386384.451656123856083 ], [ -4276668.506264323368669, 1386492.231450313236564 ], [ -4276935.238366304896772, 1386561.557579183019698 ], [ -4277000.366149025037885, 1386575.911105226958171 ], [ -4277119.156540894880891, 1386604.157167389756069 ], [ -4277144.378802252933383, 1386610.154559984104708 ], [ -4277353.299798836931586, 1386662.931096300948411 ], [ -4277462.628029180690646, 1386690.549061097670346 ], [ -4276983.404584415256977, 1388597.891244373517111 ], [ -4277355.943164251744747, 1389029.400714548770338 ], [ -4277359.54205509275198, 1389033.437483306275681 ], [ -4277374.410143175162375, 1389047.77008545352146 ], [ -4277390.623739178292453, 1389060.903055052505806 ], [ -4277407.762225453741848, 1389072.468577017541975 ], [ -4277425.825298060663044, 1389082.466439955634996 ], [ -4277444.781574635766447, 1389091.017774662468582 ], [ -4277464.483749143779278, 1389097.696729151997715 ], [ -4277484.595207648351789, 1389102.803197153843939 ], [ -4277510.133456541225314, 1389107.901420399080962 ], [ -4277537.797779547981918, 1389115.748955442337319 ], [ -4277564.316783140413463, 1389126.010825880337507 ], [ -4277589.964117396622896, 1389138.628856450784951 ], [ -4277614.560780162923038, 1389153.298300835769624 ], [ -4277637.559934222139418, 1389170.135176787618548 ], [ -4277659.024514102376997, 1389188.897512776311487 ], [ -4277678.744152626022696, 1389209.401263207662851 ], [ -4277696.718809773214161, 1389231.646436504786834 ], [ -4277712.769553980790079, 1389255.328229176113382 ], [ -4277794.528515460900962, 1389396.732403295813128 ], [ -4277769.399475331418216, 1389493.261376248905435 ], [ -4278097.935275001451373, 1389575.817217531846836 ], [ -4278028.263827975839376, 1389854.363572287838906 ], [ -4278038.37632105872035, 1389865.13325727195479 ], [ -4278051.454986902885139, 1389876.416855118470266 ], [ -4278065.910649117082357, 1389886.379793333122507 ], [ -4278080.354805876500905, 1389894.402290879748762 ], [ -4278096.449513466097414, 1389901.046249867184088 ], [ -4278132.551146719604731, 1389914.190128394868225 ], [ -4278150.654270371422172, 1389920.06528862984851 ], [ -4278161.666922057047486, 1389922.415539434412494 ], [ -4278167.4731789464131, 1389923.927062103291973 ], [ -4278174.078174171969295, 1389924.354931266745552 ], [ -4278187.982528608292341, 1389925.520523560699075 ], [ -4278201.44445245526731, 1389925.40850233589299 ], [ -4278212.918044995516539, 1389924.003781747538596 ], [ -4278227.578055632300675, 1389922.266359944129363 ], [ -4278246.349409182555974, 1389918.628439755411819 ], [ -4278256.739277541637421, 1389916.424962577177212 ], [ -4278272.481465729884803, 1389912.515104805817828 ], [ -4278299.211906666867435, 1389904.103540784213692 ], [ -4278321.388734214939177, 1389896.314827863359824 ], [ -4278337.971106690354645, 1389890.169536856468767 ], [ -4278357.992128493264318, 1389882.723730347352102 ], [ -4278261.590168014168739, 1390272.881589441094548 ], [ -4278545.075931726023555, 1390345.905524516943842 ], [ -4278578.916335719637573, 1390213.929236296797171 ], [ -4278664.127099718898535, 1390215.05845598783344 ], [ -4278644.769228304736316, 1390285.449329264694825 ], [ -4278789.209770977497101, 1390322.017806516960263 ], [ -4278755.498447692021728, 1390459.452490519033745 ], [ -4278880.720741554163396, 1390489.467951358994469 ], [ -4278895.070282808504999, 1390435.339248103788123 ], [ -4278904.505442477762699, 1390437.795472430530936 ], [ -4278970.217682550661266, 1390170.488798362668604 ], [ -4278956.669809388928115, 1390166.961924747563899 ], [ -4279005.865739132277668, 1389974.014878773828968 ], [ -4279513.06838848721236, 1390099.595257037086412 ], [ -4279551.312804433517158, 1389941.770663988776505 ], [ -4280010.225986143574119, 1390057.363305530510843 ], [ -4280231.336031419225037, 1390112.986758713843301 ], [ -4279687.080453002825379, 1387936.751748671755195 ], [ -4279461.984872750937939, 1387882.544801686890423 ], [ -4279442.400275121442974, 1387879.383873336482793 ], [ -4279420.321903286501765, 1387873.894676489522681 ], [ -4279398.747435002587736, 1387866.469893333502114 ], [ -4279377.887121230363846, 1387857.293728235410526 ], [ -4279358.014571978710592, 1387846.308089898433536 ], [ -4279339.098224014043808, 1387833.634005299536511 ], [ -4279321.379912027157843, 1387819.334354848600924 ], [ -4279395.835730069316924, 1387704.001779761863872 ], [ -4279374.633314864709973, 1387642.555285939015448 ], [ -4279378.087073645554483, 1387567.765781321795657 ], [ -4279342.843786927871406, 1387484.839849426876754 ], [ -4278902.370060693472624, 1387168.422622882062569 ], [ -4278837.79935329221189, 1387136.630479622399434 ], [ -4278852.858529931865633, 1387071.836947520496324 ], [ -4278494.303459666669369, 1386983.53282844577916 ], [ -4278508.509378580376506, 1387019.263026763685048 ], [ -4278271.984352327883244, 1387115.137139129452407 ], [ -4278248.544693691655993, 1387059.308007987914607 ], [ -4278390.443305809050798, 1386998.472728931112215 ], [ -4278352.259836433455348, 1386916.101774453418329 ], [ -4278351.802470547147095, 1386915.115179054439068 ], [ -4278490.575368887744844, 1386950.408899888629094 ], [ -4278515.723964730277658, 1386956.81871756282635 ], [ -4278651.939181098714471, 1386991.245794998016208 ], [ -4278740.717186342924833, 1387013.065642766654491 ], [ -4278853.274340930394828, 1387041.462981111370027 ], [ -4279145.216389484703541, 1387114.750924151623622 ], [ -4279196.030315147712827, 1387111.163383293896914 ], [ -4279518.744463774375618, 1387181.014069327386096 ], [ -4279569.680612132884562, 1387192.209079928696156 ], [ -4279687.019967471249402, 1387218.228453529765829 ], [ -4279716.971790925599635, 1387336.918420038418844 ], [ -4279772.095980750396848, 1387557.285239981254563 ], [ -4279928.878023913130164, 1388186.064280335325748 ], [ -4279980.218251655809581, 1388369.688191961031407 ], [ -4280108.484759299084544, 1388889.865880347089842 ], [ -4280352.567673768848181, 1389871.575198237784207 ], [ -4280378.203480616211891, 1389970.967111874604598 ], [ -4280409.340575757436454, 1390077.597225055331364 ], [ -4280424.324293591082096, 1390145.676796345971525 ], [ -4280467.952876119874418, 1390278.541029782732949 ], [ -4280720.452130872756243, 1390991.109234152361751 ], [ -4280822.359384411945939, 1391263.162165505578741 ], [ -4280940.160306054167449, 1391570.293045114260167 ], [ -4280956.349743524566293, 1391614.795379224698991 ], [ -4280973.660515618510544, 1391662.380190103081986 ], [ -4280973.527380540035665, 1391662.428589627845213 ], [ -4280949.190161535516381, 1391656.027191471075639 ], [ -4280897.305705929175019, 1391646.038578806910664 ], [ -4280783.780309672467411, 1391619.713776398450136 ], [ -4280713.916424321010709, 1391602.301329525420442 ], [ -4280328.176866136491299, 1391505.370177526026964 ], [ -4280128.886275123804808, 1391455.16870957869105 ], [ -4278641.930534082464874, 1391080.181518797995523 ], [ -4278576.627855784259737, 1391061.277439640834928 ], [ -4278222.057159663178027, 1390974.010943248402327 ], [ -4278092.137389907613397, 1390942.595170415472239 ], [ -4277776.447673249058425, 1390861.364937682403252 ], [ -4277426.609207891859114, 1390768.355214581126347 ], [ -4276829.879865437746048, 1390615.586459766374901 ], [ -4276057.142283287830651, 1390422.357549696462229 ], [ -4275197.839677919633687, 1390204.148521300638095 ], [ -4273940.523551864549518, 1389883.302881319541484 ], [ -4273497.575557754375041, 1389771.360504066804424 ], [ -4273453.1313082780689, 1389758.476209965301678 ], [ -4273421.100876182317734, 1389747.965009182458743 ], [ -4273410.10375361237675, 1389743.864712949842215 ], [ -4273369.32733108010143, 1389747.530121790943667 ], [ -4273279.666687371209264, 1389723.801719603827223 ], [ -4273242.539824691601098, 1389700.703903167741373 ] ] ] } },
{ "type": "Feature", "properties": { "neighborhood": "Gateway - Green Valley Ranch", "total_housing": 16752.0, "total_occupied_housing": 16213.0, "total_vacant_housing": 539.0, "owner_occupied_units": 11689.0, "renter_occupied_units": 4524.0, "vacant_homes_rented": 0.0, "vacant_homes_sold": 49.0, "vacant_homes_seasonal": 46.0, "population": 48073.0, "median_gross_rent": 2365.0, "median_home_value": 469060.0, "median_household_income": 105554.0, "total_listings": 196, "pct_entire_home": 53.57, "avg_price": 170.58, "avg_bedrooms": 2.79, "avg_price_per_bedroom": 81.01, "avg_estimated_annual_revenue": 14873.39, "estimated_total_annual_revenue": 2677211.0, "total_hosts": 134, "hobbyist_hosts": 108, "small_business_hosts": 16, "commercial_hosts": 10 }, "geometry": { "type": "Polygon", "coordinates": [ [ [ -4238708.9001196147874, 1416434.484998348169029 ], [ -4238672.024962631985545, 1416559.223440114641562 ], [ -4238511.351836424320936, 1417217.641737004974857 ], [ -4238375.427439777180552, 1417764.235804578056559 ], [ -4238360.032189163379371, 1417822.457580127054825 ], [ -4238200.630806606262922, 1418425.279081010026857 ], [ -4238026.169504091143608, 1419085.053946682950482 ], [ -4237708.326327520422637, 1420285.866592073813081 ], [ -4237334.413142638280988, 1421736.650519092567265 ], [ -4237116.616451628506184, 1422581.914300044067204 ], [ -4237101.46858839970082, 1422640.628381275571883 ], [ -4236704.650531318038702, 1424178.517915801377967 ], [ -4236528.11232868116349, 1424864.637644437374547 ], [ -4236500.832875876687467, 1424951.01556914136745 ], [ -4236367.002608479931951, 1425413.992286520311609 ], [ -4233816.238160343840718, 1424770.331101106945425 ], [ -4231241.95311367418617, 1424120.865239694248885 ], [ -4231245.925812439993024, 1424103.211753715528175 ], [ -4231180.047351527959108, 1424088.146807158598676 ], [ -4231091.20603031758219, 1424068.775183598510921 ], [ -4231004.050565512850881, 1424057.353224520105869 ], [ -4230916.651620611548424, 1424045.325341096380726 ], [ -4230739.58513824082911, 1424022.471961314091459 ], [ -4230636.938881252892315, 1424003.885690460912883 ], [ -4230445.158120814710855, 1423956.853083112277091 ], [ -4230312.763388643041253, 1423920.90225468762219 ], [ -4230275.375999097712338, 1423910.749565574806184 ], [ -4230034.107356088235974, 1423847.01350027997978 ], [ -4230023.930131212808192, 1423845.264055736130103 ], [ -4230007.366204392164946, 1423839.949174030683935 ], [ -4229995.188850783742964, 1423836.945451039122418 ], [ -4229856.463777942582965, 1423802.725905984640121 ], [ -4229770.915945769287646, 1423800.110764995450154 ], [ -4229598.462070930749178, 1423759.442343304865062 ], [ -4229412.98606794886291, 1423698.487226665951312 ], [ -4229205.380980462767184, 1423635.997094741323963 ], [ -4229034.300437653437257, 1423590.053049224894494 ], [ -4228427.899598990567029, 1423430.578182329889387 ], [ -4228257.96870129648596, 1423389.247539907926694 ], [ -4228089.049714011140168, 1423341.789551645284519 ], [ -4227833.980467359535396, 1423290.496964222285897 ], [ -4227661.772391929291189, 1423260.035896989284083 ], [ -4227260.841603681445122, 1423173.254348295740783 ], [ -4226954.877590018324554, 1423096.511971242027357 ], [ -4226708.458497194573283, 1423032.074951015412807 ], [ -4226243.889560257084668, 1422897.322132733650506 ], [ -4226147.193830080330372, 1422837.327830497408286 ], [ -4226059.972407151944935, 1422814.623040742706507 ], [ -4225931.186847924254835, 1422779.856244069058448 ], [ -4225860.198597828857601, 1422766.344144707545638 ], [ -4225802.863102597184479, 1422757.627660303609446 ], [ -4225749.622091328725219, 1422747.493217719020322 ], [ -4225613.556198582053185, 1422712.073136592516676 ], [ -4225509.61027804762125, 1422675.766566287726164 ], [ -4225447.236906236968935, 1422692.783360486384481 ], [ -4224455.520804259926081, 1422450.066224299371243 ], [ -4224280.256986453197896, 1422409.599182342644781 ], [ -4224201.843968566507101, 1422389.831170069053769 ], [ -4224095.619218600913882, 1422363.503004518570378 ], [ -4224001.318485853262246, 1422339.852131321560591 ], [ -4223923.715189604088664, 1422324.498310599476099 ], [ -4223826.097671282477677, 1422297.123161898227409 ], [ -4223643.415090900845826, 1422255.875226954463869 ], [ -4223623.25094367004931, 1422250.862483305158094 ], [ -4223573.453334019519389, 1422201.053571720141917 ], [ -4221003.04421909712255, 1421567.239082207437605 ], [ -4218431.612726763822138, 1420907.804442874155939 ], [ -4215860.666128661483526, 1420251.468584773829207 ], [ -4216527.967157506383955, 1417693.966574443737045 ], [ -4217194.611339797265828, 1415126.088335711508989 ], [ -4217390.344427368603647, 1414358.296572756487876 ], [ -4217849.518963612616062, 1412558.640418916707858 ], [ -4218504.773437742143869, 1409989.860347178997472 ], [ -4221066.461873782798648, 1410648.048496222589165 ], [ -4223634.290963490493596, 1411304.478740074438974 ], [ -4226199.037518505938351, 1411919.164542975602672 ], [ -4226679.266057210974395, 1412034.230011304374784 ], [ -4226460.830219437368214, 1412873.350478778360412 ], [ -4228548.281957421451807, 1413373.607073241379112 ], [ -4228104.002136446535587, 1415106.10342212789692 ], [ -4230664.781000658869743, 1415760.832760818069801 ], [ -4230993.006362030282617, 1414476.14648366603069 ], [ -4233553.313386479392648, 1415132.691984154749662 ], [ -4236121.398388027213514, 1415781.189623757731169 ], [ -4238235.530795159749687, 1416314.968045117100701 ], [ -4238708.9001196147874, 1416434.484998348169029 ] ] ] } },
{ "type": "Feature", "properties": { "neighborhood": "DIA", "total_housing": 1910.0, "total_occupied_housing": 1707.0, "total_vacant_housing": 203.0, "owner_occupied_units": 597.0, "renter_occupied_units": 1110.0, "vacant_homes_rented": 0.0, "vacant_homes_sold": 0.0, "vacant_homes_seasonal": 0.0, "population": 4010.0, "median_gross_rent": 1927.0, "median_home_value": 410014.0, "median_household_income": 87137.0, "total_listings": 27, "pct_entire_home": 59.26, "avg_price": 170.22, "avg_bedrooms": 2.52, "avg_price_per_bedroom": 70.66, "avg_estimated_annual_revenue": 19273.64, "estimated_total_annual_revenue": 424020.0, "total_hosts": 22, "hobbyist_hosts": 18, "small_business_hosts": 3, "commercial_hosts": 1 }, "geometry": { "type": "Polygon", "coordinates": [ [ [ -4223573.453334019519389, 1422201.053571720141917 ], [ -4223623.25094367004931, 1422250.862483305158094 ], [ -4223643.415090900845826, 1422255.875226954463869 ], [ -4223826.097671282477677, 1422297.123161898227409 ], [ -4223923.715189604088664, 1422324.498310599476099 ], [ -4224001.318485853262246, 1422339.852131321560591 ], [ -4224095.619218600913882, 1422363.503004518570378 ], [ -4224201.843968566507101, 1422389.831170069053769 ], [ -4224280.256986453197896, 1422409.599182342644781 ], [ -4224455.520804259926081, 1422450.066224299371243 ], [ -4225447.236906236968935, 1422692.783360486384481 ], [ -4225509.61027804762125, 1422675.766566287726164 ], [ -4225613.556198582053185, 1422712.073136592516676 ], [ -4225749.622091328725219, 1422747.493217719020322 ], [ -4225802.863102597184479, 1422757.627660303609446 ], [ -4225860.198597828857601, 1422766.344144707545638 ], [ -4225931.186847924254835, 1422779.856244069058448 ], [ -4226059.972407151944935, 1422814.623040742706507 ], [ -4226147.193830080330372, 1422837.327830497408286 ], [ -4226243.889560257084668, 1422897.322132733650506 ], [ -4226708.458497194573283, 1423032.074951015412807 ], [ -4226954.877590018324554, 1423096.511971242027357 ], [ -4227260.841603681445122, 1423173.254348295740783 ], [ -4227661.772391929291189, 1423260.035896989284083 ], [ -4227833.980467359535396, 1423290.496964222285897 ], [ -4228089.049714011140168, 1423341.789551645284519 ], [ -4228257.96870129648596, 1423389.247539907926694 ], [ -4228427.899598990567029, 1423430.578182329889387 ], [ -4229034.300437653437257, 1423590.053049224894494 ], [ -4229205.380980462767184, 1423635.997094741323963 ], [ -4229412.98606794886291, 1423698.487226665951312 ], [ -4229598.462070930749178, 1423759.442343304865062 ], [ -4229770.915945769287646, 1423800.110764995450154 ], [ -4229856.463777942582965, 1423802.725905984640121 ], [ -4229995.188850783742964, 1423836.945451039122418 ], [ -4230007.366204392164946, 1423839.949174030683935 ], [ -4230023.930131212808192, 1423845.264055736130103 ], [ -4230034.107356088235974, 1423847.01350027997978 ], [ -4230275.375999097712338, 1423910.749565574806184 ], [ -4230312.763388643041253, 1423920.90225468762219 ], [ -4230445.158120814710855, 1423956.853083112277091 ], [ -4230636.938881252892315, 1424003.885690460912883 ], [ -4230739.58513824082911, 1424022.471961314091459 ], [ -4230916.651620611548424, 1424045.325341096380726 ], [ -4231004.050565512850881, 1424057.353224520105869 ], [ -4231091.20603031758219, 1424068.775183598510921 ], [ -4231180.047351527959108, 1424088.146807158598676 ], [ -4231245.925812439993024, 1424103.211753715528175 ], [ -4231241.95311367418617, 1424120.865239694248885 ], [ -4230613.839644024148583, 1426697.478459382429719 ], [ -4229986.103427681140602, 1429272.638255327939987 ], [ -4229321.526936534792185, 1431826.582859090529382 ], [ -4228622.243386786431074, 1434339.200107186101377 ], [ -4227996.139249736443162, 1436915.038607233669609 ], [ -4227371.410071537829936, 1439485.72250262578018 ], [ -4224802.33093657437712, 1438836.019798120250925 ], [ -4222234.625943073071539, 1438181.165806895820424 ], [ -4219611.388949830085039, 1437525.762719461461529 ], [ -4219280.092249235138297, 1438798.213108654133976 ], [ -4216780.697066087275743, 1438152.599426829023287 ], [ -4211645.227342204190791, 1436814.345325491391122 ], [ -4210766.458841668441892, 1436581.577245566062629 ], [ -4209726.410960600711405, 1440556.56262015667744 ], [ -4208404.321777142584324, 1445629.456582262879238 ], [ -4207065.882079585455358, 1450766.153828025795519 ], [ -4206091.308277058415115, 1454537.649571200134233 ], [ -4201843.844865311868489, 1453439.12232884275727 ], [ -4198738.586431202478707, 1452623.230050474638119 ], [ -4197730.989504757337272, 1456493.083266344852746 ], [ -4194731.851990813389421, 1455712.192338053835556 ], [ -4194059.295807706192136, 1458295.243753606919199 ], [ -4190671.952995862346143, 1457418.274280060082674 ], [ -4191323.358763463329524, 1454916.470099871279672 ], [ -4185775.700708832126111, 1453443.029388239374384 ], [ -4183214.833500721026212, 1452787.081920337397605 ], [ -4178095.837647611275315, 1451468.05041686585173 ], [ -4178736.872407292015851, 1448906.120719064958394 ], [ -4176165.781805956736207, 1448252.498812512028962 ], [ -4173629.488857712596655, 1447554.497155765537173 ], [ -4171080.247333393897861, 1446864.162962144240737 ], [ -4170232.531690548639745, 1446646.172653791960329 ], [ -4171549.276783687993884, 1441540.653970339102671 ], [ -4171859.914079094771296, 1440395.357126625720412 ], [ -4173311.637648509815335, 1440772.9848299077712 ], [ -4174067.51605245936662, 1437870.66685408144258 ], [ -4177840.52958134515211, 1438853.304453525226563 ], [ -4182511.589593315031379, 1420917.360334325581789 ], [ -4192185.906569105572999, 1423437.019014107529074 ], [ -4193067.357052551116794, 1420050.922599289566278 ], [ -4195969.818243713118136, 1420806.08263554982841 ], [ -4195077.111171909607947, 1424230.77761133434251 ], [ -4221288.161163428798318, 1431060.156233790097758 ], [ -4221597.532061139121652, 1429887.585943301441148 ], [ -4222272.314908479340374, 1427331.132623146055266 ], [ -4222923.858753435313702, 1424760.749356918502599 ], [ -4223501.555439938791096, 1422482.33978842291981 ], [ -4223573.453334019519389, 1422201.053571720141917 ] ] ] } },
{ "type": "Feature", "properties": { "neighborhood": "University Hills", "total_housing": 3480.0, "total_occupied_housing": 3295.0, "total_vacant_housing": 184.0, "owner_occupied_units": 1704.0, "renter_occupied_units": 1591.0, "vacant_homes_rented": 39.0, "vacant_homes_sold": 0.0, "vacant_homes_seasonal": 24.0, "population": 7254.0, "median_gross_rent": 2589.0, "median_home_value": 640287.0, "median_household_income": 115892.0, "total_listings": 25, "pct_entire_home": 88.0, "avg_price": 294.04, "avg_bedrooms": 2.33, "avg_price_per_bedroom": 115.51, "avg_estimated_annual_revenue": 30678.32, "estimated_total_annual_revenue": 674923.0, "total_hosts": 21, "hobbyist_hosts": 16, "small_business_hosts": 1, "commercial_hosts": 4 }, "geometry": { "type": "Polygon", "coordinates": [ [ [ -4280974.174995064735413, 1391663.794130010763183 ], [ -4280973.660515618510544, 1391662.380190103081986 ], [ -4280956.349743524566293, 1391614.795379224698991 ], [ -4280940.160306054167449, 1391570.293045114260167 ], [ -4280822.359384411945939, 1391263.162165505578741 ], [ -4280720.452130872756243, 1390991.109234152361751 ], [ -4280467.952876119874418, 1390278.541029782732949 ], [ -4280424.324293591082096, 1390145.676796345971525 ], [ -4280409.340575757436454, 1390077.597225055331364 ], [ -4280378.203480616211891, 1389970.967111874604598 ], [ -4280352.567673768848181, 1389871.575198237784207 ], [ -4280108.484759299084544, 1388889.865880347089842 ], [ -4279980.218251655809581, 1388369.688191961031407 ], [ -4279928.878023913130164, 1388186.064280335325748 ], [ -4279772.095980750396848, 1387557.285239981254563 ], [ -4279716.971790925599635, 1387336.918420038418844 ], [ -4279687.019967471249402, 1387218.228453529765829 ], [ -4279633.593227288685739, 1387006.515006309840828 ], [ -4279450.526399979367852, 1386268.711859442759305 ], [ -4279409.825173061341047, 1386073.210689890664071 ], [ -4279380.267132878303528, 1385874.861433494603261 ], [ -4279342.127181945368648, 1385556.998455107212067 ], [ -4279312.41856843046844, 1385206.747862824471667 ], [ -4279265.349114752374589, 1384615.914898590650409 ], [ -4279203.470035153441131, 1383841.698465798748657 ], [ -4279134.75784913636744, 1383049.99555122689344 ], [ -4279042.531764110550284, 1381956.116326924646273 ], [ -4279019.428131878376007, 1381743.338553517125547 ], [ -4279007.397306838072836, 1381632.537532835034654 ], [ -4279044.93805252853781, 1381641.387154094409198 ], [ -4279200.135873392224312, 1381681.200406579067931 ], [ -4279451.27066960465163, 1381745.616607300471514 ], [ -4279555.191717655397952, 1381775.098312877118587 ], [ -4279903.479348668828607, 1381864.591872537042946 ], [ -4280197.854222100228071, 1381934.04434780171141 ], [ -4280512.23721066955477, 1382007.647284569684416 ], [ -4280580.510972994379699, 1382022.950186372268945 ], [ -4280803.517001865431666, 1382078.518099927576259 ], [ -4280851.967183465138078, 1382089.499294797424227 ], [ -4281094.774876489304006, 1382152.821833444293588 ], [ -4281122.698116645216942, 1382160.206794562051073 ], [ -4281397.657954783178866, 1382226.407797787338495 ], [ -4281667.089621436782181, 1382294.974393414333463 ], [ -4281984.75194641482085, 1382374.207507065031677 ], [ -4282304.69445538893342, 1382454.784108411055058 ], [ -4282628.131188090890646, 1382537.195032780524343 ], [ -4282630.954984550364316, 1382537.89931555534713 ], [ -4282628.736576587893069, 1382546.059500180417672 ], [ -4285077.299445672892034, 1383161.802871854277328 ], [ -4285014.197865069843829, 1383353.396192360436544 ], [ -4284927.910144397057593, 1383615.391646206611767 ], [ -4284886.616036539897323, 1383794.892414374742657 ], [ -4284583.525285065174103, 1384978.098025798564777 ], [ -4284481.555431936867535, 1385368.678273531841114 ], [ -4284465.334189626388252, 1385506.404096637153998 ], [ -4284431.775018508546054, 1385713.705962096340954 ], [ -4284389.044675106182694, 1385881.816186432959512 ], [ -4284234.359444411471486, 1386490.97822078038007 ], [ -4284146.549202811904252, 1386836.568634129595011 ], [ -4284086.96884370688349, 1387064.014557718299329 ], [ -4284024.747129932977259, 1387308.98116954904981 ], [ -4283964.691969835199416, 1387556.058190637035295 ], [ -4283777.525739965960383, 1388283.44340996677056 ], [ -4283708.662711492739618, 1388554.913361690938473 ], [ -4283394.214010378345847, 1389812.301191177219152 ], [ -4283269.108199481852353, 1390318.944989869603887 ], [ -4283178.738901797682047, 1390669.141391002573073 ], [ -4283138.076419076882303, 1390847.373057275777683 ], [ -4282982.007350665517151, 1391477.491283336887136 ], [ -4282823.822192089632154, 1392120.388739309506491 ], [ -4282655.340418689884245, 1392710.201826626434922 ], [ -4282592.774416273459792, 1392960.752115516923368 ], [ -4282512.881815715692937, 1393275.212794995866716 ], [ -4282430.41159709636122, 1393603.461800508433953 ], [ -4282399.765259576030076, 1393721.569426446920261 ], [ -4282332.623074102215469, 1393680.547979520168155 ], [ -4282287.649061693809927, 1393653.070444507990032 ], [ -4282097.705047137103975, 1393517.108878623461351 ], [ -4282000.474926945753396, 1393438.48044413421303 ], [ -4281929.301385981962085, 1393375.689112339168787 ], [ -4281805.757845542393625, 1393259.025256105232984 ], [ -4281701.095886792056262, 1393143.25292695988901 ], [ -4281567.300339018926024, 1392971.740049774060026 ], [ -4281509.450242165476084, 1392891.417895398568362 ], [ -4281458.7215944416821, 1392820.98375930916518 ], [ -4281365.873575448989868, 1392667.435448927571997 ], [ -4281311.243468503467739, 1392561.714982223929837 ], [ -4281246.081647148355842, 1392422.753237031400204 ], [ -4281183.874351855367422, 1392264.883398729609326 ], [ -4281076.654496877454221, 1391950.176602298393846 ], [ -4281015.869041704572737, 1391778.404811847023666 ], [ -4280995.866007597185671, 1391723.419317911844701 ], [ -4280974.174995064735413, 1391663.794130010763183 ] ], [ [ -4280785.857707416638732, 1389704.532964996993542 ], [ -4281405.439082284457982, 1389855.881454791640863 ], [ -4281596.391785779967904, 1389094.587075450690463 ], [ -4281365.362700706347823, 1389036.381272027269006 ], [ -4281419.86753380857408, 1388818.079804408131167 ], [ -4281061.059276944957674, 1388727.772061680210754 ], [ -4281006.554391698911786, 1388946.073591036256403 ], [ -4280977.460103643126786, 1388938.757875130977482 ], [ -4281057.952802564017475, 1388616.659484067931771 ], [ -4281297.878050080500543, 1387657.322297277627513 ], [ -4280979.565989973023534, 1387577.16943790554069 ], [ -4280898.36748293787241, 1387897.017553118988872 ], [ -4280578.361968947574496, 1387816.423717122990638 ], [ -4280496.354706254787743, 1388138.386272435542196 ], [ -4280174.077331990934908, 1388057.588673311984167 ], [ -4280214.155745522119105, 1387907.603622204624116 ], [ -4279974.122215432114899, 1387846.278939101845026 ], [ -4280336.623428507708013, 1389222.316668740473688 ], [ -4280644.113065886311233, 1389302.364540212089196 ], [ -4280605.380218070931733, 1389451.14985118759796 ], [ -4280834.747258644551039, 1389508.793717654654756 ], [ -4280785.857707416638732, 1389704.532964996993542 ] ] ] } },
{ "type": "Feature", "properties": { "neighborhood": "Harvey Park", "total_housing": 4336.0, "total_occupied_housing": 4188.0, "total_vacant_housing": 148.0, "owner_occupied_units": 3018.0, "renter_occupied_units": 1170.0, "vacant_homes_rented": 0.0, "vacant_homes_sold": 0.0, "vacant_homes_seasonal": 0.0, "population": 10302.0, "median_gross_rent": 1598.0, "median_home_value": 532563.0, "median_household_income": 88653.0, "total_listings": 28, "pct_entire_home": 60.71, "avg_price": 149.32, "avg_bedrooms": 2.2, "avg_price_per_bedroom": 78.05, "avg_estimated_annual_revenue": 11857.91, "estimated_total_annual_revenue": 272732.0, "total_hosts": 21, "hobbyist_hosts": 15, "small_business_hosts": 2, "commercial_hosts": 4 }, "geometry": { "type": "Polygon", "coordinates": [ [ [ -4306797.600494938902557, 1394194.872449737042189 ], [ -4307051.634945001453161, 1394265.973421653965488 ], [ -4307303.71128979511559, 1394327.73168833553791 ], [ -4307572.301420364528894, 1394394.426243412308395 ], [ -4307824.489876705221832, 1394455.638064242200926 ], [ -4308097.03382991719991, 1394522.36534542706795 ], [ -4308381.170552945695817, 1394592.624802086967975 ], [ -4308648.286882291547954, 1394657.835591045906767 ], [ -4309179.425194775685668, 1394787.429010814521462 ], [ -4309488.570434766821563, 1394867.601519961142913 ], [ -4309750.072879876941442, 1394935.920508957002312 ], [ -4310001.510074292309582, 1395002.387241244781762 ], [ -4310252.228748206980526, 1395068.824985202401876 ], [ -4310502.601123050786555, 1395133.767172297695652 ], [ -4310774.412302744574845, 1395206.606816531857476 ], [ -4311046.199845134280622, 1395276.576387859182432 ], [ -4311337.21601408533752, 1395352.98401206289418 ], [ -4311635.287603735923767, 1395432.292324325535446 ], [ -4311905.340700575150549, 1395502.907180303707719 ], [ -4312175.856274901889265, 1395573.507165868533775 ], [ -4312366.649018459953368, 1395623.694012519903481 ], [ -4312446.679208387620747, 1395644.657864113338292 ], [ -4312646.132112085819244, 1395697.099062433233485 ], [ -4312718.16865861415863, 1395715.981872813776135 ], [ -4312987.479658613912761, 1395785.13484024326317 ], [ -4313258.98075845092535, 1395856.128723079804331 ], [ -4313530.099731959402561, 1395929.552129344316199 ], [ -4313799.365144374780357, 1396000.297218859195709 ], [ -4314067.93658699747175, 1396071.375124783720821 ], [ -4314463.295310460962355, 1396174.821108169388026 ], [ -4313810.373685447499156, 1398734.416576120303944 ], [ -4316369.768294780515134, 1399376.695378003176302 ], [ -4315987.603480324149132, 1400890.304181024665013 ], [ -4315898.19794054236263, 1400707.276933866320178 ], [ -4315752.213043690659106, 1400431.200793135911226 ], [ -4315661.71301956474781, 1400326.880424508592114 ], [ -4315486.121430249884725, 1400249.544686330016702 ], [ -4315178.796165503561497, 1400312.793911695247516 ], [ -4314725.767117806710303, 1400336.797835748642683 ], [ -4314689.396002962253988, 1400481.975547077134252 ], [ -4314402.39162824023515, 1401604.222978999605402 ], [ -4313157.40103052277118, 1401296.192813328467309 ], [ -4313153.64741931296885, 1401294.370069633005187 ], [ -4312851.768667574040592, 1401214.143482607323676 ], [ -4312567.216229795478284, 1401139.403800838394091 ], [ -4312284.095663883723319, 1401064.66430673841387 ], [ -4311998.372298537753522, 1400989.714301095576957 ], [ -4311731.988330842927098, 1400918.716644796542823 ], [ -4311478.994212760590017, 1400853.267301176209003 ], [ -4311228.004939974285662, 1400786.742417071945965 ], [ -4310977.369421642273664, 1400720.599318915279582 ], [ -4310715.899227880872786, 1400652.299433260690421 ], [ -4310440.508521506562829, 1400580.037062362767756 ], [ -4310170.255957646295428, 1400510.261188233736902 ], [ -4309897.568126297555864, 1400439.262534766923636 ], [ -4309627.968140926212072, 1400368.490371185354888 ], [ -4309337.33210548851639, 1400293.172074678121135 ], [ -4309085.012793885543942, 1400227.597027949756011 ], [ -4308785.334823422133923, 1400150.264934862498194 ], [ -4308534.624601411633193, 1400084.885209250962362 ], [ -4308283.262200579047203, 1400019.610731576569378 ], [ -4308020.920764868147671, 1399955.332997876685113 ], [ -4307707.364648673683405, 1399878.010199441341683 ], [ -4307396.156970505602658, 1399800.735852737911046 ], [ -4307086.394955208525062, 1399724.856574293924496 ], [ -4306768.069316233508289, 1399646.615348599851131 ], [ -4306366.882459486834705, 1399548.342785398475826 ], [ -4306107.257107751443982, 1399484.298270469997078 ], [ -4305790.993892823345959, 1399405.983470839681104 ], [ -4305469.561055646277964, 1399327.415378311416134 ], [ -4305625.843803061172366, 1398705.17188031761907 ], [ -4305801.683639919385314, 1398046.222629739902914 ], [ -4305966.168159622699022, 1397384.970527048921213 ], [ -4306119.225927573628724, 1396809.748780067777261 ], [ -4306282.113157194107771, 1396177.605024557327852 ], [ -4306357.685318844392896, 1395885.727316743694246 ], [ -4306418.792619552463293, 1395628.535863983212039 ], [ -4306471.431097382679582, 1395419.952270672190934 ], [ -4306569.747669115662575, 1395053.155516291270033 ], [ -4306713.63102491106838, 1394484.181041823001578 ], [ -4306797.600494938902557, 1394194.872449737042189 ] ] ] } },
{ "type": "Feature", "properties": { "neighborhood": "Mar Lee", "total_housing": 4217.0, "total_occupied_housing": 4130.0, "total_vacant_housing": 87.0, "owner_occupied_units": 2419.0, "renter_occupied_units": 1711.0, "vacant_homes_rented": 0.0, "vacant_homes_sold": 0.0, "vacant_homes_seasonal": 0.0, "population": 13101.0, "median_gross_rent": 1765.0, "median_home_value": 438055.0, "median_household_income": 74659.0, "total_listings": 24, "pct_entire_home": 70.83, "avg_price": 159.27, "avg_bedrooms": 2.21, "avg_price_per_bedroom": 72.05, "avg_estimated_annual_revenue": 16018.53, "estimated_total_annual_revenue": 304352.0, "total_hosts": 17, "hobbyist_hosts": 13, "small_business_hosts": 2, "commercial_hosts": 2 }, "geometry": { "type": "Polygon", "coordinates": [ [ [ -4304173.542736820876598, 1404438.721079294802621 ], [ -4304340.138471610844135, 1403793.86816017748788 ], [ -4304501.915253336541355, 1403154.981278142193332 ], [ -4304664.407197971828282, 1402515.281372645171359 ], [ -4304707.942022811621428, 1402341.356313948519528 ], [ -4304826.053440022282302, 1401875.730678861262277 ], [ -4304986.736009685322642, 1401237.764802925288677 ], [ -4305148.895994078367949, 1400604.662714268779382 ], [ -4305228.274331239983439, 1400281.42553724697791 ], [ -4305308.157495347782969, 1399965.968297777697444 ], [ -4305469.561055646277964, 1399327.415378311416134 ], [ -4305790.993892823345959, 1399405.983470839681104 ], [ -4306107.257107751443982, 1399484.298270469997078 ], [ -4306366.882459486834705, 1399548.342785398475826 ], [ -4306768.069316233508289, 1399646.615348599851131 ], [ -4307086.394955208525062, 1399724.856574293924496 ], [ -4307396.156970505602658, 1399800.735852737911046 ], [ -4307707.364648673683405, 1399878.010199441341683 ], [ -4308020.920764868147671, 1399955.332997876685113 ], [ -4308283.262200579047203, 1400019.610731576569378 ], [ -4308534.624601411633193, 1400084.885209250962362 ], [ -4308785.334823422133923, 1400150.264934862498194 ], [ -4309085.012793885543942, 1400227.597027949756011 ], [ -4309337.33210548851639, 1400293.172074678121135 ], [ -4309627.968140926212072, 1400368.490371185354888 ], [ -4309897.568126297555864, 1400439.262534766923636 ], [ -4310170.255957646295428, 1400510.261188233736902 ], [ -4310440.508521506562829, 1400580.037062362767756 ], [ -4310715.899227880872786, 1400652.299433260690421 ], [ -4310977.369421642273664, 1400720.599318915279582 ], [ -4311228.004939974285662, 1400786.742417071945965 ], [ -4311478.994212760590017, 1400853.267301176209003 ], [ -4311731.988330842927098, 1400918.716644796542823 ], [ -4311998.372298537753522, 1400989.714301095576957 ], [ -4312284.095663883723319, 1401064.66430673841387 ], [ -4312567.216229795478284, 1401139.403800838394091 ], [ -4312851.768667574040592, 1401214.143482607323676 ], [ -4313153.64741931296885, 1401294.370069633005187 ], [ -4313157.40103052277118, 1401296.192813328467309 ], [ -4312503.954821040853858, 1403856.810706310439855 ], [ -4311852.887097013182938, 1406405.058459411608055 ], [ -4311851.247136643156409, 1406404.634239065926522 ], [ -4311484.298282807692885, 1406305.944140803068876 ], [ -4311167.386130161583424, 1406225.378116812789813 ], [ -4310852.473988221026957, 1406148.044964690692723 ], [ -4310535.593400353565812, 1406067.357985632261261 ], [ -4310210.885283905081451, 1405981.016656033927575 ], [ -4309896.359444951638579, 1405898.230356333078817 ], [ -4309580.17173224221915, 1405814.882194631267339 ], [ -4309265.148060891777277, 1405732.915496985195205 ], [ -4309237.1936713187024, 1405739.282204147195444 ], [ -4308944.113129882141948, 1405665.309869190212339 ], [ -4308624.042060319334269, 1405580.756361421663314 ], [ -4308306.625678853131831, 1405497.412134362151846 ], [ -4307987.304217090830207, 1405415.185801699291915 ], [ -4307666.763160359114408, 1405333.675110936397687 ], [ -4307348.40955996979028, 1405251.700894067063928 ], [ -4307247.345176712609828, 1405262.847059612395242 ], [ -4306989.323694223538041, 1405318.249309539562091 ], [ -4306948.248315309174359, 1405321.775640796869993 ], [ -4306920.358577102422714, 1405318.352467894786969 ], [ -4306885.281007620505989, 1405313.058054369641468 ], [ -4306860.123581917025149, 1405306.508707460947335 ], [ -4306826.917323882691562, 1405294.026482025394216 ], [ -4306783.864991973154247, 1405275.143569841980934 ], [ -4306750.73291480448097, 1405255.005658644018695 ], [ -4306698.566278070211411, 1405213.622917075408623 ], [ -4306590.034806858748198, 1405141.324458637041971 ], [ -4306475.796299148350954, 1405076.064811175456271 ], [ -4306374.564590354450047, 1405026.332536765374243 ], [ -4306275.607731521129608, 1404982.746431182371452 ], [ -4306087.750443072989583, 1404920.621625187108293 ], [ -4306016.561559537425637, 1404903.166640431154519 ], [ -4305797.881548231467605, 1404847.140838788123801 ], [ -4305450.078888448886573, 1404763.183142558205873 ], [ -4305107.742766035720706, 1404675.094716408988461 ], [ -4304823.774092012085021, 1404601.942883127368987 ], [ -4304538.091930481605232, 1404530.411737763090059 ], [ -4304173.542736820876598, 1404438.721079294802621 ] ] ] } },
{ "type": "Feature", "properties": { "neighborhood": "Westwood", "total_housing": 5149.0, "total_occupied_housing": 4974.0, "total_vacant_housing": 175.0, "owner_occupied_units": 2095.0, "renter_occupied_units": 2879.0, "vacant_homes_rented": 0.0, "vacant_homes_sold": 0.0, "vacant_homes_seasonal": 0.0, "population": 15590.0, "median_gross_rent": 1532.0, "median_home_value": 398714.0, "median_household_income": 54816.0, "total_listings": 27, "pct_entire_home": 100.0, "avg_price": 186.4, "avg_bedrooms": 2.0, "avg_price_per_bedroom": 86.3, "avg_estimated_annual_revenue": 22644.48, "estimated_total_annual_revenue": 566112.0, "total_hosts": 21, "hobbyist_hosts": 17, "small_business_hosts": 3, "commercial_hosts": 1 }, "geometry": { "type": "Polygon", "coordinates": [ [ [ -4306859.945154597982764, 1410575.144220277899876 ], [ -4306530.713665688410401, 1410486.333408748498186 ], [ -4306202.158031941391528, 1410402.865650553721935 ], [ -4306049.154683406464756, 1410361.483596013858914 ], [ -4305876.79735229536891, 1410315.063111624447629 ], [ -4305716.537841951474547, 1410274.762827238999307 ], [ -4305549.504290418699384, 1410232.698976071318612 ], [ -4305387.319303780794144, 1410190.86409408506006 ], [ -4305221.021530890837312, 1410147.958462443202734 ], [ -4304889.349319972097874, 1410057.608874603407457 ], [ -4304721.366625533439219, 1410010.260699606500566 ], [ -4304556.013710087165236, 1409963.726245981873944 ], [ -4304389.651371052488685, 1409918.091580042382702 ], [ -4304207.385059460997581, 1409868.058275769930333 ], [ -4304057.873193608596921, 1409826.164519978919998 ], [ -4303889.585624486207962, 1409778.995178439188749 ], [ -4303724.108264161273837, 1409735.915784310083836 ], [ -4303554.034208029508591, 1409691.639721122337505 ], [ -4303388.35914664529264, 1409653.287878131493926 ], [ -4303221.233013131655753, 1409614.558732331264764 ], [ -4302885.316163613460958, 1409533.565347620984539 ], [ -4303043.644362010061741, 1408910.50781039823778 ], [ -4303122.051935428753495, 1408600.396427006227896 ], [ -4303197.851279050111771, 1408290.380940208910033 ], [ -4303211.61423019785434, 1408240.491148832486942 ], [ -4303283.981693441048265, 1407965.489001356763765 ], [ -4303380.78724792599678, 1407599.590611946536228 ], [ -4303450.251493383198977, 1407323.832461273996159 ], [ -4303532.755455168895423, 1406982.109596021939069 ], [ -4303608.204421737231314, 1406686.339560984633863 ], [ -4303700.625640720129013, 1406322.399520325707272 ], [ -4303766.393827706575394, 1406058.853658564621583 ], [ -4303849.73698263335973, 1405733.752546115079895 ], [ -4303955.982496378012002, 1405316.709448476787657 ], [ -4304013.861209923401475, 1405091.407992646563798 ], [ -4304104.392830459401011, 1404734.725371758919209 ], [ -4304173.542736820876598, 1404438.721079294802621 ], [ -4304538.091930481605232, 1404530.411737763090059 ], [ -4304823.774092012085021, 1404601.942883127368987 ], [ -4305107.742766035720706, 1404675.094716408988461 ], [ -4305450.078888448886573, 1404763.183142558205873 ], [ -4305797.881548231467605, 1404847.140838788123801 ], [ -4306016.561559537425637, 1404903.166640431154519 ], [ -4306087.750443072989583, 1404920.621625187108293 ], [ -4306275.607731521129608, 1404982.746431182371452 ], [ -4306374.564590354450047, 1405026.332536765374243 ], [ -4306475.796299148350954, 1405076.064811175456271 ], [ -4306590.034806858748198, 1405141.324458637041971 ], [ -4306698.566278070211411, 1405213.622917075408623 ], [ -4306750.73291480448097, 1405255.005658644018695 ], [ -4306783.864991973154247, 1405275.143569841980934 ], [ -4306826.917323882691562, 1405294.026482025394216 ], [ -4306860.123581917025149, 1405306.508707460947335 ], [ -4306885.281007620505989, 1405313.058054369641468 ], [ -4306920.358577102422714, 1405318.352467894786969 ], [ -4306948.248315309174359, 1405321.775640796869993 ], [ -4306989.323694223538041, 1405318.249309539562091 ], [ -4307247.345176712609828, 1405262.847059612395242 ], [ -4307348.40955996979028, 1405251.700894067063928 ], [ -4307666.763160359114408, 1405333.675110936397687 ], [ -4307987.304217090830207, 1405415.185801699291915 ], [ -4308306.625678853131831, 1405497.412134362151846 ], [ -4308624.042060319334269, 1405580.756361421663314 ], [ -4308944.113129882141948, 1405665.309869190212339 ], [ -4309237.1936713187024, 1405739.282204147195444 ], [ -4309265.148060891777277, 1405732.915496985195205 ], [ -4309580.17173224221915, 1405814.882194631267339 ], [ -4309896.359444951638579, 1405898.230356333078817 ], [ -4310210.885283905081451, 1405981.016656033927575 ], [ -4310535.593400353565812, 1406067.357985632261261 ], [ -4310852.473988221026957, 1406148.044964690692723 ], [ -4311167.386130161583424, 1406225.378116812789813 ], [ -4311484.298282807692885, 1406305.944140803068876 ], [ -4311851.247136643156409, 1406404.634239065926522 ], [ -4311852.887097013182938, 1406405.058459411608055 ], [ -4311849.342533940449357, 1406418.931610504630953 ], [ -4311199.708016120828688, 1408986.73821455752477 ], [ -4310549.893628036603332, 1411551.249861942604184 ], [ -4310546.054124717600644, 1411550.138531066011637 ], [ -4310220.189785347320139, 1411464.270960565423593 ], [ -4309945.835563180968165, 1411393.880177419865504 ], [ -4309898.66994174849242, 1411380.567864433629438 ], [ -4309668.733521910384297, 1411326.106697989627719 ], [ -4309255.195209755562246, 1411204.911386686610058 ], [ -4308858.466450234875083, 1411098.529024380259216 ], [ -4308598.879737551324069, 1411030.949424464255571 ], [ -4308305.854314750991762, 1410953.889465029118583 ], [ -4307829.332910305820405, 1410828.54259196552448 ], [ -4307506.835419092327356, 1410745.618449656525627 ], [ -4307181.474869078956544, 1410657.815927296644077 ], [ -4306859.945154597982764, 1410575.144220277899876 ] ] ] } },
{ "type": "Feature", "properties": { "neighborhood": "Barnum", "total_housing": 2069.0, "total_occupied_housing": 1883.0, "total_vacant_housing": 186.0, "owner_occupied_units": 1193.0, "renter_occupied_units": 690.0, "vacant_homes_rented": 0.0, "vacant_homes_sold": 14.0, "vacant_homes_seasonal": 0.0, "population": 4895.0, "median_gross_rent": 1607.0, "median_home_value": 433506.0, "median_household_income": 67107.0, "total_listings": 33, "pct_entire_home": 96.97, "avg_price": 197.91, "avg_bedrooms": 2.17, "avg_price_per_bedroom": 88.3, "avg_estimated_annual_revenue": 18324.21, "estimated_total_annual_revenue": 531402.0, "total_hosts": 27, "hobbyist_hosts": 22, "small_business_hosts": 2, "commercial_hosts": 3 }, "geometry": { "type": "Polygon", "coordinates": [ [ [ -4301605.145025059580803, 1414608.129077688325197 ], [ -4301610.373709885403514, 1414587.778898285934702 ], [ -4301651.239056042395532, 1414428.724013985600322 ], [ -4301694.650421818718314, 1414254.033604196971282 ], [ -4301787.036783375777304, 1413884.272810120834038 ], [ -4301834.001984247006476, 1413687.000195200555027 ], [ -4301837.066584324464202, 1413674.23613455099985 ], [ -4301911.632305527105927, 1413378.882460541557521 ], [ -4301975.133236267603934, 1413124.046525174984708 ], [ -4301989.773258577100933, 1413061.856570253614336 ], [ -4302070.007228343747556, 1412744.729603335494176 ], [ -4302118.252713503316045, 1412562.385324947303161 ], [ -4302150.133859322406352, 1412423.053906046785414 ], [ -4302235.80322271771729, 1412101.917175522306934 ], [ -4302262.82377012539655, 1412001.102012996561825 ], [ -4302316.655521675944328, 1411780.430491253035143 ], [ -4302389.684731530025601, 1411462.202782495180145 ], [ -4302476.857071909122169, 1411139.261431143851951 ], [ -4302543.740879098884761, 1410876.393894773907959 ], [ -4302555.639287714846432, 1410821.756874286103994 ], [ -4302683.316267757676542, 1410314.455652293050662 ], [ -4302718.583996914327145, 1410176.005397585453466 ], [ -4302885.316163613460958, 1409533.565347620984539 ], [ -4303221.233013131655753, 1409614.558732331264764 ], [ -4303388.35914664529264, 1409653.287878131493926 ], [ -4303554.034208029508591, 1409691.639721122337505 ], [ -4303724.108264161273837, 1409735.915784310083836 ], [ -4303889.585624486207962, 1409778.995178439188749 ], [ -4304057.873193608596921, 1409826.164519978919998 ], [ -4304207.385059460997581, 1409868.058275769930333 ], [ -4304389.651371052488685, 1409918.091580042382702 ], [ -4304556.013710087165236, 1409963.726245981873944 ], [ -4304721.366625533439219, 1410010.260699606500566 ], [ -4304889.349319972097874, 1410057.608874603407457 ], [ -4305221.021530890837312, 1410147.958462443202734 ], [ -4305387.319303780794144, 1410190.86409408506006 ], [ -4305549.504290418699384, 1410232.698976071318612 ], [ -4305716.537841951474547, 1410274.762827238999307 ], [ -4305876.79735229536891, 1410315.063111624447629 ], [ -4306049.154683406464756, 1410361.483596013858914 ], [ -4306202.158031941391528, 1410402.865650553721935 ], [ -4306530.713665688410401, 1410486.333408748498186 ], [ -4306859.945154597982764, 1410575.144220277899876 ], [ -4306811.228630009107292, 1410762.273582467110828 ], [ -4306665.836644625291228, 1411323.730976253282279 ], [ -4306526.681814522482455, 1411886.037180121056736 ], [ -4306377.168590953573585, 1412450.425578841939569 ], [ -4306240.589008472859859, 1413009.785457281628624 ], [ -4306097.510435993783176, 1413570.294825418386608 ], [ -4305957.883242441341281, 1414134.415168861625716 ], [ -4305812.41286130156368, 1414707.088634010171518 ], [ -4305739.813646551221609, 1414687.284428471699357 ], [ -4305597.767241812311113, 1415250.774724200833589 ], [ -4305512.105007184669375, 1415586.766817415831611 ], [ -4305498.825357265770435, 1415637.776698816334829 ], [ -4305492.743087163195014, 1415661.139955754159018 ], [ -4305402.951008763164282, 1415637.968222703784704 ], [ -4305401.104658173397183, 1415637.491709056310356 ], [ -4304829.168823859654367, 1415488.597010975005105 ], [ -4304204.051008398644626, 1415320.805016330443323 ], [ -4303957.08231467474252, 1415260.299747874028981 ], [ -4303836.47467599529773, 1415223.849074410740286 ], [ -4303720.669990328140557, 1415186.407667002873495 ], [ -4303696.090004823170602, 1415178.460640831384808 ], [ -4303659.96352693811059, 1415166.438584549352527 ], [ -4303533.397890852764249, 1415124.32050065160729 ], [ -4303504.297726223245263, 1415114.636789477430284 ], [ -4303390.528417563065886, 1415076.177033387124538 ], [ -4303177.629422130063176, 1415018.225952880457044 ], [ -4302638.617929428815842, 1414880.321026407880709 ], [ -4302614.540981804952025, 1414874.161043953616172 ], [ -4302066.87909516505897, 1414729.059846298303455 ], [ -4301672.963190811686218, 1414625.890997843351215 ], [ -4301605.145025059580803, 1414608.129077688325197 ] ] ] } },
{ "type": "Feature", "properties": { "neighborhood": "Barnum West", "total_housing": 1965.0, "total_occupied_housing": 1930.0, "total_vacant_housing": 35.0, "owner_occupied_units": 1544.0, "renter_occupied_units": 386.0, "vacant_homes_rented": 0.0, "vacant_homes_sold": 0.0, "vacant_homes_seasonal": 0.0, "population": 4871.0, "median_gross_rent": 1789.0, "median_home_value": 452198.0, "median_household_income": 76651.0, "total_listings": 18, "pct_entire_home": 94.44, "avg_price": 201.42, "avg_bedrooms": 2.5, "avg_price_per_bedroom": 58.19, "avg_estimated_annual_revenue": 15947.08, "estimated_total_annual_revenue": 207312.0, "total_hosts": 17, "hobbyist_hosts": 13, "small_business_hosts": 3, "commercial_hosts": 1 }, "geometry": { "type": "Polygon", "coordinates": [ [ [ -4305492.743087163195014, 1415661.139955754159018 ], [ -4305498.825357265770435, 1415637.776698816334829 ], [ -4305512.105007184669375, 1415586.766817415831611 ], [ -4305597.767241812311113, 1415250.774724200833589 ], [ -4305739.813646551221609, 1414687.284428471699357 ], [ -4305812.41286130156368, 1414707.088634010171518 ], [ -4305957.883242441341281, 1414134.415168861625716 ], [ -4306097.510435993783176, 1413570.294825418386608 ], [ -4306240.589008472859859, 1413009.785457281628624 ], [ -4306377.168590953573585, 1412450.425578841939569 ], [ -4306526.681814522482455, 1411886.037180121056736 ], [ -4306665.836644625291228, 1411323.730976253282279 ], [ -4306811.228630009107292, 1410762.273582467110828 ], [ -4306859.945154597982764, 1410575.144220277899876 ], [ -4307181.474869078956544, 1410657.815927296644077 ], [ -4307506.835419092327356, 1410745.618449656525627 ], [ -4307829.332910305820405, 1410828.54259196552448 ], [ -4308305.854314750991762, 1410953.889465029118583 ], [ -4308598.879737551324069, 1411030.949424464255571 ], [ -4308858.466450234875083, 1411098.529024380259216 ], [ -4309255.195209755562246, 1411204.911386686610058 ], [ -4309668.733521910384297, 1411326.106697989627719 ], [ -4309898.66994174849242, 1411380.567864433629438 ], [ -4309945.835563180968165, 1411393.880177419865504 ], [ -4310220.189785347320139, 1411464.270960565423593 ], [ -4310546.054124717600644, 1411550.138531066011637 ], [ -4310549.893628036603332, 1411551.249861942604184 ], [ -4310549.7359887836501, 1411551.87192784063518 ], [ -4309900.825124888680875, 1414113.922061231220141 ], [ -4309245.474729465320706, 1416652.933691903715953 ], [ -4308744.988223684951663, 1416528.231562308501452 ], [ -4308056.968358041718602, 1416355.07080668117851 ], [ -4308015.36904760543257, 1416344.601141911465675 ], [ -4307856.341414478607476, 1416295.622074298327789 ], [ -4307747.044533698819578, 1416254.537582617485896 ], [ -4307658.68352473154664, 1416225.218554402003065 ], [ -4307586.550562160089612, 1416203.913764475146309 ], [ -4306511.287715904414654, 1415923.985008467221633 ], [ -4305585.571090056560934, 1415685.095002124551684 ], [ -4305492.743087163195014, 1415661.139955754159018 ] ] ] } },
{ "type": "Feature", "properties": { "neighborhood": "Villa Park", "total_housing": 3102.0, "total_occupied_housing": 2917.0, "total_vacant_housing": 185.0, "owner_occupied_units": 1485.0, "renter_occupied_units": 1432.0, "vacant_homes_rented": 8.0, "vacant_homes_sold": 0.0, "vacant_homes_seasonal": 0.0, "population": 7211.0, "median_gross_rent": 1771.0, "median_home_value": 461767.0, "median_household_income": 74097.0, "total_listings": 43, "pct_entire_home": 93.02, "avg_price": 228.73, "avg_bedrooms": 2.12, "avg_price_per_bedroom": 89.39, "avg_estimated_annual_revenue": 23462.41, "estimated_total_annual_revenue": 797722.0, "total_hosts": 38, "hobbyist_hosts": 32, "small_business_hosts": 4, "commercial_hosts": 2 }, "geometry": { "type": "Polygon", "coordinates": [ [ [ -4304190.87316332384944, 1418508.018962762318552 ], [ -4304183.351244541816413, 1418513.014115432510152 ], [ -4304173.519400069490075, 1418517.041983242612332 ], [ -4304164.312135791406035, 1418518.670707241399214 ], [ -4304152.184516668319702, 1418520.271023595705628 ], [ -4304138.582498072646558, 1418523.31738431728445 ], [ -4304127.572351813316345, 1418524.842686662217602 ], [ -4304116.219430430792272, 1418526.278752759331837 ], [ -4304103.673933134414256, 1418526.672412431798875 ], [ -4304092.335196966305375, 1418526.64837189973332 ], [ -4304079.968224669806659, 1418526.356570343021303 ], [ -4304070.864329840056598, 1418526.182323485380039 ], [ -4304061.52109968662262, 1418524.115887658903375 ], [ -4304053.858374122530222, 1418521.498863741522655 ], [ -4304042.205147261731327, 1418518.465124702081084 ], [ -4304030.537858287803829, 1418516.891600009519607 ], [ -4304016.42881438229233, 1418519.074027220252901 ], [ -4303997.342957844957709, 1418520.69275519461371 ], [ -4303978.839211707934737, 1418524.292908418457955 ], [ -4303964.119791222736239, 1418527.414302149089053 ], [ -4303946.883564786985517, 1418533.174316396936774 ], [ -4303933.013945175334811, 1418537.248880355153233 ], [ -4303917.909261232241988, 1418544.661677598487586 ], [ -4303907.884759069420397, 1418550.835202957037836 ], [ -4303897.831920341588557, 1418559.929101540474221 ], [ -4303890.685321662575006, 1418570.511532527627423 ], [ -4303885.28079469781369, 1418578.619734998093918 ], [ -4303877.46284940931946, 1418587.563516137655824 ], [ -4303868.630904955789447, 1418594.779518625233322 ], [ -4303855.222560415975749, 1418599.798703273292631 ], [ -4303846.478784652426839, 1418602.553361090598628 ], [ -4303832.905103472061455, 1418602.679349521175027 ], [ -4303818.110650922171772, 1418604.683341509662569 ], [ -4303802.973423033952713, 1418606.598097204230726 ], [ -4303789.906767436303198, 1418607.588019577786326 ], [ -4303772.548779304139316, 1418608.192697098944336 ], [ -4303755.265876181423664, 1418609.914866005536169 ], [ -4303739.170696700923145, 1418615.36695468891412 ], [ -4303721.833459009416401, 1418622.298618704779074 ], [ -4303693.61926787532866, 1418642.748828963376582 ], [ -4303683.004948478192091, 1418648.978177832439542 ], [ -4303672.988566833548248, 1418652.910648393910378 ], [ -4303659.542726215906441, 1418654.315296562854201 ], [ -4303644.964286666363478, 1418653.790055636782199 ], [ -4303623.735634830780327, 1418666.248731192434207 ], [ -4303596.581333203241229, 1418676.347247495315969 ], [ -4303576.947226698510349, 1418682.680938449921086 ], [ -4303555.614211035892367, 1418686.119840242201462 ], [ -4303537.511337557807565, 1418692.852183073293418 ], [ -4303507.629896998405457, 1418707.145777643658221 ], [ -4303476.01789786759764, 1418721.806374724488705 ], [ -4303445.769473285414279, 1418734.369415286928415 ], [ -4303411.892254807054996, 1418745.170247823931277 ], [ -4303374.952544205822051, 1418755.173808064544573 ], [ -4303350.924039426259696, 1418759.545997102279216 ], [ -4303322.13412403408438, 1418760.226084628608078 ], [ -4303297.203968862071633, 1418758.640970190986991 ], [ -4303276.668226440437138, 1418759.017380883684382 ], [ -4303244.113503228873014, 1418752.177278865827248 ], [ -4303218.680349294096231, 1418743.103628556942567 ], [ -4303193.414863045327365, 1418736.526151306927204 ], [ -4303175.868865810334682, 1418725.418242658954114 ], [ -4303149.36639782320708, 1418707.891098554478958 ], [ -4303127.65697620715946, 1418690.794242022559047 ], [ -4303104.080980995669961, 1418668.306405915180221 ], [ -4303075.372402189299464, 1418644.481852700468153 ], [ -4303068.758112160488963, 1418640.930043792584911 ], [ -4303055.508775690570474, 1418634.187104383483529 ], [ -4303041.203517525456846, 1418628.014944542199373 ], [ -4303017.030351921916008, 1418619.994602357037365 ], [ -4302983.500786552205682, 1418609.95137700648047 ], [ -4302940.479812962003052, 1418599.483474530046806 ], [ -4302927.234775045886636, 1418601.158897627377883 ], [ -4302914.539231535978615, 1418599.317685788031667 ], [ -4302898.848211767151952, 1418596.330717532197013 ], [ -4302889.482056061737239, 1418594.440072544617578 ], [ -4302885.599545951001346, 1418593.429321600589901 ], [ -4302871.800062343478203, 1418586.361404158407822 ], [ -4302859.428881185129285, 1418577.651191614568233 ], [ -4302847.831422263756394, 1418567.513661606004462 ], [ -4302835.619364603422582, 1418555.201980107463896 ], [ -4302774.681316846050322, 1418486.222830973332748 ], [ -4302750.069929265417159, 1418452.296923540066928 ], [ -4302745.69753603823483, 1418448.475869820918888 ], [ -4302736.801432234235108, 1418443.477648944593966 ], [ -4302727.382304116152227, 1418440.488549339817837 ], [ -4302718.596219289116561, 1418437.128333444474265 ], [ -4302706.738586011342704, 1418433.210974900750443 ], [ -4302705.58156112767756, 1418433.11531915795058 ], [ -4302630.896141757257283, 1418413.224096180172637 ], [ -4302606.858673305250704, 1418410.721984019270167 ], [ -4302588.591885121539235, 1418410.795093160355464 ], [ -4302578.497751087881625, 1418412.459376499056816 ], [ -4302566.834614080376923, 1418413.972472087014467 ], [ -4302544.573503830470145, 1418416.860464460682124 ], [ -4302520.72944487631321, 1418419.953845984768122 ], [ -4302496.830172250978649, 1418429.290665584616363 ], [ -4302484.443593138828874, 1418433.576854576356709 ], [ -4302472.277299049310386, 1418441.140137822367251 ], [ -4302463.03741133864969, 1418445.709051492158324 ], [ -4302456.723158779554069, 1418447.284452677704394 ], [ -4302452.179295771755278, 1418448.247340697329491 ], [ -4302448.776375100947917, 1418449.861644436838105 ], [ -4302401.435923836193979, 1418472.319328918354586 ], [ -4302397.230075250379741, 1418474.314508934272453 ], [ -4302370.14345134422183, 1418487.650151625042781 ], [ -4302369.804785966873169, 1418487.795820821542293 ], [ -4302359.264456876553595, 1418492.329326726030558 ], [ -4302344.625969387590885, 1418494.956351913278922 ], [ -4302330.269850336946547, 1418494.438198725692928 ], [ -4302317.201490143314004, 1418491.036057010525838 ], [ -4302309.344688265584409, 1418488.688389706658199 ], [ -4302303.258133945986629, 1418486.86967577948235 ], [ -4302295.517525202594697, 1418486.686225010314956 ], [ -4302294.190211387351155, 1418486.654777419287711 ], [ -4302280.226454075425863, 1418484.629406478255987 ], [ -4302256.18960596434772, 1418482.126947522629052 ], [ -4302156.570978728123009, 1418479.26279779500328 ], [ -4302155.457863538525999, 1418479.13046134985052 ], [ -4302130.217214978300035, 1418476.129588238429278 ], [ -4302114.036145279183984, 1418474.205814089160413 ], [ -4302015.98766834102571, 1418465.312487738672644 ], [ -4301981.525610811077058, 1418459.56007294356823 ], [ -4301961.681897533126175, 1418453.320651459041983 ], [ -4301945.135939079336822, 1418444.72104092896916 ], [ -4301925.340380476787686, 1418433.513097949093208 ], [ -4301924.086666462942958, 1418432.803271737881005 ], [ -4301909.26930424105376, 1418427.872910261852667 ], [ -4301900.090844843536615, 1418426.019891977775842 ], [ -4301851.865331849083304, 1418423.65875376178883 ], [ -4301833.583382458426058, 1418422.890879260841757 ], [ -4301773.228689642623067, 1418420.355897770496085 ], [ -4301765.859610280953348, 1418420.046384813264012 ], [ -4301760.619860001839697, 1418420.306358363246545 ], [ -4301703.447976627387106, 1418423.142977783456445 ], [ -4301688.066146795637906, 1418424.50412040646188 ], [ -4301676.333535335026681, 1418426.278283176245168 ], [ -4301639.365918816067278, 1418432.212989775463939 ], [ -4301548.196745788678527, 1418454.618520979769528 ], [ -4301535.610017000697553, 1418453.487559025874361 ], [ -4301520.248605894856155, 1418452.70769672608003 ], [ -4301508.92877009883523, 1418450.833654122427106 ], [ -4301484.731449602171779, 1418445.598776971921325 ], [ -4301484.540574151091278, 1418445.557472573127598 ], [ -4301484.507083538919687, 1418445.556744186673313 ], [ -4301453.028585933148861, 1418444.865821088897064 ], [ -4301432.77587244939059, 1418444.421288510551676 ], [ -4301412.367691556923091, 1418444.473372890846804 ], [ -4301396.655061034485698, 1418440.919288655975834 ], [ -4301383.610554568469524, 1418439.588663127506152 ], [ -4301331.456174087710679, 1418434.268501349026337 ], [ -4301303.638825627043843, 1418431.855279974639416 ], [ -4301286.156792279332876, 1418428.913985436782241 ], [ -4301271.951852682977915, 1418425.752404905622825 ], [ -4301256.631613984704018, 1418420.691130075370893 ], [ -4301242.688881697133183, 1418416.524386108154431 ], [ -4301230.756127629429102, 1418412.881436739349738 ], [ -4301215.677182365208864, 1418408.955875033745542 ], [ -4301203.964843284338713, 1418408.589524383191019 ], [ -4301183.356776086613536, 1418407.364765755599365 ], [ -4301153.225834977813065, 1418405.574045453453436 ], [ -4301071.510294794104993, 1418414.34507378609851 ], [ -4300995.441737349145114, 1418426.924576870864257 ], [ -4300977.89776015188545, 1418430.405100402887911 ], [ -4300955.719810526818037, 1418431.069352004211396 ], [ -4300939.965892970561981, 1418429.419424585532397 ], [ -4300938.478593199513853, 1418429.263647502753884 ], [ -4300922.242663524113595, 1418427.719672436825931 ], [ -4300908.017469900660217, 1418426.698612388689071 ], [ -4300893.923050216399133, 1418425.17514926334843 ], [ -4300880.269469629041851, 1418430.204923236276954 ], [ -4300873.431919379159808, 1418433.79043397679925 ], [ -4300865.066535216756165, 1418439.123460895381868 ], [ -4300773.43068128451705, 1418470.280259009450674 ], [ -4300750.885336281731725, 1418477.945812875404954 ], [ -4300739.058142206631601, 1418481.967084096744657 ], [ -4300700.275161385536194, 1418498.473613832844421 ], [ -4300664.433322940953076, 1418513.728348255157471 ], [ -4300655.577645051293075, 1418513.344392583938316 ], [ -4300622.045384442433715, 1418511.890453623374924 ], [ -4300623.232130561023951, 1418507.471430578269064 ], [ -4300707.909760004840791, 1418192.17133214790374 ], [ -4300784.046810216270387, 1417862.999124759808183 ], [ -4300860.939268250949681, 1417552.752706139348447 ], [ -4300942.752180469222367, 1417238.491160023026168 ], [ -4301102.30533622764051, 1416604.774824223015457 ], [ -4301183.254999723285437, 1416288.867735972162336 ], [ -4301261.307582035660744, 1415979.260579343885183 ], [ -4301270.279421405866742, 1415943.672573489136994 ], [ -4301279.215539682656527, 1415906.456988099496812 ], [ -4301350.053578230552375, 1415611.443592190742493 ], [ -4301427.841227457858622, 1415302.72116933320649 ], [ -4301572.184779557399452, 1414749.257811365416273 ], [ -4301592.856826578266919, 1414655.960445864358917 ], [ -4301605.145025059580803, 1414608.129077688325197 ], [ -4301672.963190811686218, 1414625.890997843351215 ], [ -4302066.87909516505897, 1414729.059846298303455 ], [ -4302614.540981804952025, 1414874.161043953616172 ], [ -4302638.617929428815842, 1414880.321026407880709 ], [ -4303177.629422130063176, 1415018.225952880457044 ], [ -4303390.528417563065886, 1415076.177033387124538 ], [ -4303504.297726223245263, 1415114.636789477430284 ], [ -4303533.397890852764249, 1415124.32050065160729 ], [ -4303659.96352693811059, 1415166.438584549352527 ], [ -4303696.090004823170602, 1415178.460640831384808 ], [ -4303720.669990328140557, 1415186.407667002873495 ], [ -4303836.47467599529773, 1415223.849074410740286 ], [ -4303957.08231467474252, 1415260.299747874028981 ], [ -4304204.051008398644626, 1415320.805016330443323 ], [ -4304829.168823859654367, 1415488.597010975005105 ], [ -4305401.104658173397183, 1415637.491709056310356 ], [ -4305402.951008763164282, 1415637.968222703784704 ], [ -4305492.743087163195014, 1415661.139955754159018 ], [ -4305585.571090056560934, 1415685.095002124551684 ], [ -4306511.287715904414654, 1415923.985008467221633 ], [ -4307586.550562160089612, 1416203.913764475146309 ], [ -4307658.68352473154664, 1416225.218554402003065 ], [ -4307747.044533698819578, 1416254.537582617485896 ], [ -4307856.341414478607476, 1416295.622074298327789 ], [ -4308015.36904760543257, 1416344.601141911465675 ], [ -4308056.968358041718602, 1416355.07080668117851 ], [ -4308744.988223684951663, 1416528.231562308501452 ], [ -4309245.474729465320706, 1416652.933691903715953 ], [ -4309241.026451953686774, 1416670.165208586491644 ], [ -4308584.459297421388328, 1419230.864488423103467 ], [ -4308905.524522619321942, 1419311.349505607504398 ], [ -4308857.966193541884422, 1419500.976125505985692 ], [ -4308926.830486580729485, 1419518.258174326270819 ], [ -4308919.672038552351296, 1419546.747381918132305 ], [ -4309011.824186572805047, 1419569.833781479392201 ], [ -4309066.572496737353504, 1419351.596863147802651 ], [ -4309226.621271042153239, 1419391.713437507627532 ], [ -4309060.706843111664057, 1420031.006732135778293 ], [ -4308418.57645448949188, 1419870.036799737252295 ], [ -4308422.646769963204861, 1419854.650158491451293 ], [ -4308341.444774342700839, 1419843.752076889853925 ], [ -4308325.954456617124379, 1419844.035988964373246 ], [ -4308317.378850928507745, 1419843.016056532040238 ], [ -4308310.446386876516044, 1419838.627272707177326 ], [ -4308305.643922897987068, 1419833.501005985308439 ], [ -4308296.502704353071749, 1419830.152216197922826 ], [ -4308281.352742670103908, 1419828.792154006427154 ], [ -4308265.610274130478501, 1419825.985824089730158 ], [ -4308254.82407490350306, 1419820.270780329126865 ], [ -4308246.606581771746278, 1419823.299484255025163 ], [ -4308235.181571505963802, 1419828.723180427914485 ], [ -4308228.25280187651515, 1419831.764390391064808 ], [ -4308222.244063225574791, 1419833.753100335597992 ], [ -4308218.261548765003681, 1419837.884320795768872 ], [ -4308213.08155351690948, 1419840.411795970518142 ], [ -4308206.03281632438302, 1419840.191769321914762 ], [ -4308199.154080901294947, 1419838.077974684769288 ], [ -4308182.135377169586718, 1419833.970410948619246 ], [ -4308168.0091866357252, 1419828.677846353733912 ], [ -4308156.605467608198524, 1419824.094057461479679 ], [ -4308146.544258411042392, 1419821.797759654466063 ], [ -4308140.730520590208471, 1419819.315232478315011 ], [ -4308131.614327845163643, 1419813.388942985096946 ], [ -4308125.825593709014356, 1419808.328928890638053 ], [ -4308123.733130120672286, 1419805.200170630356297 ], [ -4308118.773143871687353, 1419800.678904081694782 ], [ -4308111.260696286335588, 1419793.555133893853053 ], [ -4308103.329469116404653, 1419790.521348566515371 ], [ -4308088.797009533271194, 1419788.030027947388589 ], [ -4308072.449553826823831, 1419785.066199018387124 ], [ -4308049.434604221023619, 1419781.65860020625405 ], [ -4308034.073396534658968, 1419778.628532231785357 ], [ -4308021.774712145328522, 1419772.519735247595236 ], [ -4308007.465991442091763, 1419770.40967583283782 ], [ -4307997.206028819084167, 1419765.154625883791596 ], [ -4307987.277298044413328, 1419764.830824026372284 ], [ -4307979.97979592718184, 1419766.80703678028658 ], [ -4307973.486034068278968, 1419771.899501873413101 ], [ -4307963.876024481840432, 1419777.795689229620621 ], [ -4307953.711035190150142, 1419778.379403113853186 ], [ -4307937.616061654873192, 1419780.649316220078617 ], [ -4307928.714809934608638, 1419783.823027580976486 ], [ -4307923.758558548986912, 1419786.731746387202293 ], [ -4307891.810910595580935, 1419828.802766828332096 ], [ -4307883.779643192887306, 1419836.078960417071357 ], [ -4307880.153364324010909, 1419842.563942129258066 ], [ -4307874.832079972140491, 1419851.837639147182927 ], [ -4307868.023314488120377, 1419858.14009550306946 ], [ -4307853.432028348557651, 1419869.522501747123897 ], [ -4307843.689518462866545, 1419873.446206813910976 ], [ -4307829.330786683596671, 1419876.49113939399831 ], [ -4307822.597058141604066, 1419875.061104356311262 ], [ -4307817.467074603773654, 1419872.433588484302163 ], [ -4307810.812095869332552, 1419870.701060041319579 ], [ -4307804.857086482457817, 1419874.964759322116151 ], [ -4307799.100808049552143, 1419882.18722413526848 ], [ -4307796.145777803845704, 1419889.815940096974373 ], [ -4307791.454501442611217, 1419896.669654389843345 ], [ -4307786.353256763890386, 1419898.894636661512777 ], [ -4307779.474534491077065, 1419896.780865042703226 ], [ -4307773.619565075263381, 1419890.734586062375456 ], [ -4307768.763354077935219, 1419883.333326673135161 ], [ -4307757.264674897305667, 1419872.910797816468403 ], [ -4307746.909752042032778, 1419861.81700739194639 ], [ -4307741.921062332578003, 1419852.443252536002547 ], [ -4307730.372354103252292, 1419847.17571054934524 ], [ -4307719.113646244630218, 1419843.2756641022861 ], [ -4307702.028690116479993, 1419838.181832320988178 ], [ -4307692.282485014759004, 1419834.675544375786558 ], [ -4307679.420009736903012, 1419831.97299196338281 ], [ -4307668.227541572414339, 1419829.059193512191996 ], [ -4307657.573838211596012, 1419825.31665147212334 ], [ -4307646.393862711265683, 1419821.114107298897579 ], [ -4307637.290162235498428, 1419813.899073278065771 ], [ -4307633.880214115604758, 1419805.905324599007145 ], [ -4307630.167754639871418, 1419797.832821405027062 ], [ -4307627.454058134928346, 1419788.405320024583489 ], [ -4307622.162856922484934, 1419778.952810848597437 ], [ -4307614.977927627973258, 1419769.330291530350223 ], [ -4307612.280437008477747, 1419766.044042439665645 ], [ -4307608.43921678327024, 1419763.429024213459343 ], [ -4307600.362995608709753, 1419759.711503248196095 ], [ -4307584.856781047768891, 1419755.99767800187692 ], [ -4307557.263127905316651, 1419747.845063942950219 ], [ -4307532.196928527206182, 1419744.872457916848361 ], [ -4307511.99945561029017, 1419748.012352288234979 ], [ -4307504.875686724670231, 1419755.52480059908703 ], [ -4307497.988149540498853, 1419762.129764052806422 ], [ -4307489.903153787367046, 1419767.130969466874376 ], [ -4307479.580669585615396, 1419768.319653513142839 ], [ -4307469.875678012147546, 1419768.377113761380315 ], [ -4307457.788221967406571, 1419763.938320632325485 ], [ -4307451.170761079527438, 1419758.339547012932599 ], [ -4307446.31454938929528, 1419750.938287948956713 ], [ -4307440.078331751748919, 1419745.115770728560165 ], [ -4307427.373378524556756, 1419741.808219309197739 ], [ -4307412.708422204479575, 1419737.344400905072689 ], [ -4307406.090961390174925, 1419731.745627406751737 ], [ -4307400.551012833602726, 1419724.489362158812582 ], [ -4307394.554762808606029, 1419725.189345138845965 ], [ -4307388.678503508679569, 1419729.150551678845659 ], [ -4307384.629750709049404, 1419732.295525109628215 ], [ -4307376.437261481769383, 1419732.746743752621114 ], [ -4307365.837287046946585, 1419731.279191443929449 ], [ -4307357.736044902354479, 1419730.139153238618746 ], [ -4307351.474824208766222, 1419726.894123103702441 ], [ -4307345.371102914214134, 1419723.044106089044362 ], [ -4307338.057390442118049, 1419718.879085338674486 ], [ -4307329.218664891086519, 1419715.609047529054806 ], [ -4307321.722445212304592, 1419714.626518270466477 ], [ -4307312.833691405132413, 1419716.511467423755676 ], [ -4307303.721211625263095, 1419718.015177991706878 ], [ -4307294.92371807154268, 1419718.308892608620226 ], [ -4307288.467479605227709, 1419719.535095110535622 ], [ -4307283.668728282675147, 1419721.838827771367505 ], [ -4307278.778716919012368, 1419725.733795005828142 ], [ -4307272.351195463910699, 1419731.812508666189387 ], [ -4307268.223692931234837, 1419735.25997558538802 ], [ -4307256.682416489347816, 1419744.85241324827075 ], [ -4307246.508635429665446, 1419754.154850115301087 ], [ -4307234.018629554659128, 1419759.947281614877284 ], [ -4307223.078643675893545, 1419762.267225487157702 ], [ -4307212.33365782815963, 1419760.115932331420481 ], [ -4307205.703703987412155, 1419755.805904885055497 ], [ -4307201.38623929861933, 1419747.575897994684055 ], [ -4307204.038775227032602, 1419739.868431918090209 ], [ -4307211.75503761973232, 1419733.802228509448469 ], [ -4307218.485052283853292, 1419727.80226454581134 ], [ -4307224.228819329291582, 1419721.868540045805275 ], [ -4307225.35636009927839, 1419715.056061514886096 ], [ -4307224.838901747018099, 1419705.877324745524675 ], [ -4307223.297672984190285, 1419700.631090774433687 ], [ -4307222.833961319178343, 1419693.727347434964031 ], [ -4307220.923986657522619, 1419687.416093696141616 ], [ -4307218.607761495746672, 1419683.906088282121345 ], [ -4307210.096550017595291, 1419678.137318236520514 ], [ -4307203.296581489033997, 1419675.721036383183673 ], [ -4307195.261596572585404, 1419675.567250871099532 ], [ -4307187.661584037356079, 1419677.46471064328216 ], [ -4307174.459119567647576, 1419678.549642768222839 ], [ -4307131.490366799756885, 1419692.234421109315008 ], [ -4307122.850395037792623, 1419691.923136152559891 ], [ -4307117.405407385900617, 1419690.505612527951598 ], [ -4307111.985427189618349, 1419686.510584351839498 ], [ -4307106.70999944768846, 1419679.868642486166209 ], [ -4307102.774249931797385, 1419674.745569256367162 ], [ -4307098.26178537029773, 1419670.986799598438665 ], [ -4307092.974297153763473, 1419668.964289159281179 ], [ -4307087.384320145472884, 1419666.863011269131675 ], [ -4307081.334327795542777, 1419665.287983534857631 ], [ -4307076.164553775452077, 1419663.276454122969881 ], [ -4307072.783848269842565, 1419658.449751681415364 ], [ -4307073.303160161711276, 1419652.665069779148325 ], [ -4307072.316162636503577, 1419646.981565153226256 ], [ -4307069.341744820587337, 1419643.24728000164032 ], [ -4307062.430686961859465, 1419639.474793960805982 ], [ -4307055.741084359586239, 1419636.746606840053573 ], [ -4307050.114880927838385, 1419631.82864471944049 ], [ -4307045.191243609413505, 1419626.1069392694626 ], [ -4307038.419564075767994, 1419619.904122871346772 ], [ -4307031.527606814168394, 1419614.163317071739584 ], [ -4307025.319115005433559, 1419609.587087775580585 ], [ -4307018.629512165673077, 1419606.858900608029217 ], [ -4307010.7562326323241, 1419606.782499094493687 ], [ -4307004.490439621731639, 1419608.111229539848864 ], [ -4306997.420903517864645, 1419608.737394052324817 ], [ -4306989.566724161617458, 1419606.692672607954592 ], [ -4306981.351711806841195, 1419606.033982870401815 ], [ -4306973.25697701703757, 1419604.913282492896542 ], [ -4306964.681131436489522, 1419605.640624397434294 ], [ -4306957.048407078720629, 1419604.640201826347038 ], [ -4306950.440881626680493, 1419605.386644150130451 ], [ -4306944.03571061976254, 1419609.145705157192424 ], [ -4306937.750817269086838, 1419612.442755565745756 ], [ -4306926.586162910796702, 1419617.429369811434299 ], [ -4306922.048134488984942, 1419619.701221816707402 ], [ -4306914.858320451341569, 1419620.789396941429004 ], [ -4306907.548228988423944, 1419622.339582678396255 ], [ -4306901.624168819747865, 1419624.250601486768574 ], [ -4306894.997542919591069, 1419626.965363736730069 ], [ -4306889.193760689347982, 1419628.414372100029141 ], [ -4306884.535454372875392, 1419631.148234638851136 ], [ -4306879.054304662160575, 1419635.147851124405861 ], [ -4306872.547956379130483, 1419637.400602859444916 ], [ -4306868.230505425482988, 1419638.721849668072537 ], [ -4306863.649618459865451, 1419638.180580004816875 ], [ -4306851.017942088656127, 1419637.087806613417342 ], [ -4306843.034390714019537, 1419635.009405290475115 ], [ -4306842.380235144868493, 1419634.689876868855208 ], [ -4306837.517232559621334, 1419631.734125764574856 ], [ -4306829.922708995640278, 1419626.79706366173923 ], [ -4306823.39158449973911, 1419619.670226545538753 ], [ -4306818.949057863093913, 1419612.100479305721819 ], [ -4306815.537764334119856, 1419605.109216072363779 ], [ -4306814.979196403175592, 1419601.873372541507706 ], [ -4306814.015547341667116, 1419588.706487416522577 ], [ -4306813.57320649176836, 1419583.192657563602552 ], [ -4306813.691365042701364, 1419581.132329941028729 ], [ -4306814.728480700403452, 1419574.495804520323873 ], [ -4306805.646748055703938, 1419567.691599967423826 ], [ -4306796.444737464189529, 1419561.349405942950398 ], [ -4306791.400822057388723, 1419556.089711351320148 ], [ -4306784.869697428308427, 1419548.962874276796356 ], [ -4306779.984260154888034, 1419539.304529271554202 ], [ -4306774.97854532673955, 1419530.108194869244471 ], [ -4306768.225965347141027, 1419521.937058907467872 ], [ -4306761.511586143635213, 1419509.829283167608082 ], [ -4306758.835024054162204, 1419499.266017310321331 ], [ -4306755.835829420015216, 1419486.152143247192726 ], [ -4306747.552163760177791, 1419468.702595612499863 ], [ -4306743.027559507638216, 1419457.658218890894204 ], [ -4306737.319278232753277, 1419449.265627753455192 ], [ -4306731.009608692489564, 1419443.183089496567845 ], [ -4306723.395984501577914, 1419440.214347459608689 ], [ -4306701.421761532314122, 1419437.453618237748742 ], [ -4306694.833336055278778, 1419436.231741062831134 ], [ -4306678.200955665670335, 1419431.901743973372504 ], [ -4306671.371974787674844, 1419431.603887925157323 ], [ -4306663.074884620495141, 1419427.470569459022954 ], [ -4306655.822093605995178, 1419423.115795854246244 ], [ -4306646.923615194857121, 1419421.292530277976766 ], [ -4306635.835361589677632, 1419418.405865687644109 ], [ -4306630.272134528495371, 1419418.930853356141597 ], [ -4306623.221698514185846, 1419417.588698606705293 ], [ -4306615.930707018822432, 1419417.170564998406917 ], [ -4306608.399160014465451, 1419417.67645247047767 ], [ -4306603.17766578681767, 1419418.783728395355865 ], [ -4306596.329584745690227, 1419420.454192468896508 ], [ -4306591.329545840620995, 1419422.605767229804769 ], [ -4306585.626941102556884, 1419425.561085515422747 ], [ -4306581.228290590457618, 1419425.402607465628535 ], [ -4306575.684163771569729, 1419423.959275230998173 ], [ -4306570.741425438784063, 1419420.205890194745734 ], [ -4306567.08354108966887, 1419415.307028809329495 ], [ -4306566.216820485889912, 1419409.161513607949018 ], [ -4306566.736131669953465, 1419403.376831487286836 ], [ -4306564.0022684764117, 1419398.718525445787236 ], [ -4306559.641818487085402, 1419394.623407589737326 ], [ -4306553.395125528797507, 1419393.983818824402988 ], [ -4306551.756705276668072, 1419395.379001655383036 ], [ -4306546.479304294101894, 1419396.871032272465527 ], [ -4306536.186762862838805, 1419401.344893764238805 ], [ -4306528.119260146282613, 1419399.73669520393014 ], [ -4306521.29027908667922, 1419399.438839383423328 ], [ -4306514.822131190448999, 1419397.754951921058819 ], [ -4306501.442924705334008, 1419392.29857932892628 ], [ -4306491.880080530419946, 1419387.342417620355263 ], [ -4306484.901593551971018, 1419383.657990787643939 ], [ -4306476.157276400364935, 1419374.879856553627178 ], [ -4306472.128226958215237, 1419370.360558046493679 ], [ -4306467.445143729448318, 1419363.714831966208294 ], [ -4306461.597484212368727, 1419357.752571739023551 ], [ -4306457.939599961973727, 1419352.853710474213585 ], [ -4306453.458871960639954, 1419349.220603249268606 ], [ -4306449.079321429133415, 1419347.093805333599448 ], [ -4306443.41491711884737, 1419346.112483957782388 ], [ -4306437.851690078154206, 1419346.637471904745325 ], [ -4306429.054389109835029, 1419346.320516181178391 ], [ -4306421.421664380468428, 1419345.320094599854201 ], [ -4306415.434627216309309, 1419341.788165064528584 ], [ -4306407.859202973544598, 1419334.882783635053784 ], [ -4306401.049321867525578, 1419332.616608097683638 ], [ -4306393.897707973606884, 1419329.76814429461956 ], [ -4306387.46776011865586, 1419324.147617114707828 ], [ -4306380.335246236994863, 1419319.330833385698497 ], [ -4306371.215312266722322, 1419316.463269562926143 ], [ -4306362.437111479230225, 1419314.177994061959907 ], [ -4306350.98802462220192, 1419312.677362005924806 ], [ -4306319.172272140160203, 1419309.821152968565002 ], [ -4306298.641451417468488, 1419301.516317451605573 ], [ -4306277.547371878288686, 1419291.584876585984603 ], [ -4306270.857768416404724, 1419288.856690705753863 ], [ -4306262.522477892227471, 1419288.660012965556234 ], [ -4306252.459422746673226, 1419287.520214106421918 ], [ -4306245.408986437134445, 1419286.178060007281601 ], [ -4306234.561287699267268, 1419282.367375317029655 ], [ -4306223.333656248636544, 1419281.911042450228706 ], [ -4306216.504675097763538, 1419281.613187164301053 ], [ -4306210.479437493719161, 1419282.017897760262713 ], [ -4306205.359121035784483, 1419284.631483612116426 ], [ -4306201.966569459065795, 1419288.188190647633746 ], [ -4306198.232284869067371, 1419291.162609473569319 ], [ -4306194.83973325882107, 1419294.719316518399864 ], [ -4306187.669019046239555, 1419293.839173003798351 ], [ -4306182.50482523534447, 1419289.041489698225632 ], [ -4306177.349392303265631, 1419285.726056398358196 ], [ -4306173.008041807450354, 1419279.662618978880346 ], [ -4306166.474295965395868, 1419276.096090145874768 ], [ -4306165.3886579554528, 1419275.921188236447051 ], [ -4306159.609735059551895, 1419276.174567511538044 ], [ -4306151.173266901634634, 1419274.471580643206835 ], [ -4306139.382446915842593, 1419272.388660902157426 ], [ -4306131.287711944431067, 1419271.267962327459827 ], [ -4306121.58548959903419, 1419268.742132007610053 ], [ -4306113.047843805514276, 1419265.532835867488757 ], [ -4306103.826732186600566, 1419261.158963316585869 ], [ -4306086.270329805091023, 1419256.588413331890479 ], [ -4306077.51122856233269, 1419252.334818429546431 ], [ -4306069.214138115756214, 1419248.201501203933731 ], [ -4306060.93614730797708, 1419242.099863996263593 ], [ -4306055.531397761777043, 1419238.226201934041455 ], [ -4306046.531741253100336, 1419234.896628251997754 ], [ -4306040.424426132813096, 1419231.826709812041372 ], [ -4306031.184214257635176, 1419229.421157350298017 ], [ -4306022.285735543817282, 1419227.597893125843257 ], [ -4306015.336476860567927, 1419227.762048810021952 ], [ -4306008.146662862040102, 1419228.850225635338575 ], [ -4306000.254283120855689, 1419230.742146064527333 ], [ -4305991.659337537363172, 1419233.437810069648549 ], [ -4305984.127790584228933, 1419233.943698717746884 ], [ -4305971.55232710391283, 1419229.189893721835688 ], [ -4305967.451531426981091, 1419222.202435286482796 ], [ -4305962.084981364198029, 1419214.392133362591267 ], [ -4305956.80050952732563, 1419210.056460873689502 ], [ -4305946.275443775579333, 1419208.796385160647333 ], [ -4305931.231449779123068, 1419207.839842739282176 ], [ -4305925.32005019299686, 1419210.648548011435196 ], [ -4305913.424206892028451, 1419217.498440992785618 ], [ -4305904.101637058891356, 1419227.836513376096264 ], [ -4305895.123591803945601, 1419238.761605355888605 ], [ -4305888.957531747408211, 1419244.616448405198753 ], [ -4305884.671908002346754, 1419245.158565463731065 ], [ -4305881.032994673587382, 1419243.216535181971267 ], [ -4305877.177216104231775, 1419239.560269370675087 ], [ -4305874.886872944422066, 1419234.985296540195122 ], [ -4305873.581315821968019, 1419229.174677261617035 ], [ -4305874.955564379692078, 1419223.895910877734423 ], [ -4305874.366624039597809, 1419220.426995458081365 ], [ -4305872.569636610336602, 1419217.140910622896627 ], [ -4305869.436897925101221, 1419215.164898413233459 ], [ -4305864.691922658123076, 1419214.924288752721623 ], [ -4305860.918905190192163, 1419214.770938001340255 ], [ -4305855.053119141608477, 1419213.741214210400358 ], [ -4305849.383009372279048, 1419212.596637072972953 ], [ -4305810.55580763053149, 1419203.81479640561156 ], [ -4305799.702533930540085, 1419203.476002868032083 ], [ -4305791.224959143437445, 1419202.926788945682347 ], [ -4305782.841837642714381, 1419201.768132159486413 ], [ -4305771.614206179045141, 1419201.31180047756061 ], [ -4305762.226001393981278, 1419202.998045467073098 ], [ -4305753.758393755182624, 1419204.679106109309942 ], [ -4305746.690413049422204, 1419204.196399776730686 ], [ -4305738.438777264207602, 1419202.541532124159858 ], [ -4305717.74947852268815, 1419198.635350045515224 ], [ -4305692.079241076484323, 1419194.912424005102366 ], [ -4305675.08602705039084, 1419191.968462804332376 ], [ -4305638.347099178470671, 1419188.996795155107975 ], [ -4305612.934776247479022, 1419183.414416852174327 ], [ -4305590.142390069551766, 1419179.676514873513952 ], [ -4305567.623253211379051, 1419175.880600582575426 ], [ -4305553.066236472688615, 1419173.253237475175411 ], [ -4305534.489568325690925, 1419166.221322911093011 ], [ -4305516.290551645681262, 1419157.737901107640937 ], [ -4305503.226669651456177, 1419154.336914440616965 ], [ -4305486.946098537184298, 1419154.360798657871783 ], [ -4305471.514467216096818, 1419148.147647786187008 ], [ -4305462.14076064992696, 1419142.478245757753029 ], [ -4305444.248275671154261, 1419136.786938732257113 ], [ -4305425.851947507821023, 1419133.030995513312519 ], [ -4305412.25255620945245, 1419131.686428924789652 ], [ -4305398.329892545007169, 1419135.553181415656582 ], [ -4305387.026758555322886, 1419141.26437950367108 ], [ -4305376.501071895472705, 1419144.982142728287727 ], [ -4305367.056048995815217, 1419143.556538175325841 ], [ -4305359.324258797802031, 1419140.51041643274948 ], [ -4305348.370249227620661, 1419129.004979574587196 ], [ -4305340.751565277576447, 1419120.563525390345603 ], [ -4305326.615075906738639, 1419096.475904511287808 ], [ -4305321.528655622154474, 1419083.268739206716418 ], [ -4305320.384608719497919, 1419066.825793948024511 ], [ -4305319.383476381190121, 1419041.89547855569981 ], [ -4305317.735479099676013, 1419027.388020056998357 ], [ -4305317.023871440440416, 1419013.253334231441841 ], [ -4305312.441287427209318, 1418998.111048811115324 ], [ -4305301.739046080037951, 1418985.637644599657506 ], [ -4305276.511409249156713, 1418970.416282950900495 ], [ -4305236.284260109998286, 1418951.29002349334769 ], [ -4305222.072161157615483, 1418944.361019267933443 ], [ -4305201.412538746371865, 1418936.399356407113373 ], [ -4305188.528996448963881, 1418936.27434164728038 ], [ -4305167.410032991319895, 1418935.038624652894214 ], [ -4305149.446036792360246, 1418933.590990132885054 ], [ -4305134.194638029672205, 1418930.653859142912552 ], [ -4305117.269852233119309, 1418925.214404189493507 ], [ -4305099.912768516689539, 1418917.46672648191452 ], [ -4305092.71646773815155, 1418912.364331409102306 ], [ -4305081.520502311177552, 1418900.795754600781947 ], [ -4305070.211394269950688, 1418894.622652108082548 ], [ -4305055.896314855664968, 1418892.058275735471398 ], [ -4305043.296234747394919, 1418890.844641881296411 ], [ -4305028.013347241096199, 1418888.028538058046252 ], [ -4305007.007348620332778, 1418881.397376949666068 ], [ -4304993.047133860178292, 1418873.500833115307614 ], [ -4304973.867579057812691, 1418859.853925075614825 ], [ -4304964.565380703657866, 1418849.940928150666878 ], [ -4304957.795705735683441, 1418835.262381879845634 ], [ -4304950.964259649626911, 1418823.796908613061532 ], [ -4304946.238690869882703, 1418817.141824373742566 ], [ -4304938.759029192849994, 1418813.128094459883869 ], [ -4304925.020774058066308, 1418807.355696445098147 ], [ -4304909.053650446236134, 1418803.198896810645238 ], [ -4304895.135083987377584, 1418794.150705636013299 ], [ -4304884.919565077871084, 1418787.745670156786218 ], [ -4304870.9594572102651, 1418779.849003522424027 ], [ -4304844.83147828374058, 1418773.046978998696432 ], [ -4304792.07422620523721, 1418759.777716869488358 ], [ -4304784.32122353091836, 1418759.239309120457619 ], [ -4304777.142756600864232, 1418757.194621994392946 ], [ -4304769.356845281086862, 1418751.28220140747726 ], [ -4304761.094732027500868, 1418742.339536114828661 ], [ -4304749.221832074224949, 1418736.781991013558581 ], [ -4304742.310771717689931, 1418733.0095088200178 ], [ -4304724.330554949119687, 1418724.382047151681036 ], [ -4304697.572135993279517, 1418713.46931364829652 ], [ -4304653.61246255133301, 1418685.252094884635881 ], [ -4304645.657103252597153, 1418681.701068568276241 ], [ -4304636.905200619250536, 1418675.467539689270779 ], [ -4304628.658205104991794, 1418667.409202005481347 ], [ -4304621.544788139872253, 1418660.624101179651916 ], [ -4304613.285893868654966, 1418652.554146647686139 ], [ -4304604.545889653265476, 1418646.332234676927328 ], [ -4304596.932263595983386, 1418643.363496584584936 ], [ -4304587.109762427397072, 1418641.299680612748489 ], [ -4304576.262061557732522, 1418637.489000289933756 ], [ -4304567.161154356785119, 1418632.653101993491873 ], [ -4304559.807182203046978, 1418626.792022550478578 ], [ -4304551.187455452047288, 1418620.108100106706843 ], [ -4304542.004539608955383, 1418611.797590700443834 ], [ -4304537.903741223737597, 1418604.810133357066661 ], [ -4304534.505508273839951, 1418597.018932158825919 ], [ -4304531.126374457962811, 1418587.259410825092345 ], [ -4304525.171590125188231, 1418576.846944357501343 ], [ -4304515.053072171285748, 1418568.275278920540586 ], [ -4304508.724299451336265, 1418564.161063846899197 ], [ -4304499.762839378789067, 1418556.894853337202221 ], [ -4304491.985054572112858, 1418546.976856272434816 ], [ -4304485.232469331473112, 1418538.805723553756252 ], [ -4304477.555862937122583, 1418530.394035979174078 ], [ -4304469.537523190490901, 1418521.400060287676752 ], [ -4304465.537902657873929, 1418515.918912332504988 ], [ -4304458.544762468896806, 1418508.67180093168281 ], [ -4304449.001014072448015, 1418501.747323715360835 ], [ -4304439.659622402861714, 1418497.835465452168137 ], [ -4304430.88141951430589, 1418495.5501940168906 ], [ -4304422.54612838011235, 1418495.353520221076906 ], [ -4304413.729727445170283, 1418497.004889130592346 ], [ -4304393.76777312066406, 1418501.674559924053028 ], [ -4304386.679137445986271, 1418504.269049269147217 ], [ -4304378.286549285985529, 1418509.977335930569097 ], [ -4304373.609145233407617, 1418514.679521908052266 ], [ -4304367.526539633981884, 1418520.989177325740457 ], [ -4304358.089652639813721, 1418526.918919776100665 ], [ -4304351.323651110753417, 1418532.064017317723483 ], [ -4304342.367873850278556, 1418536.145717109320685 ], [ -4304334.234939458779991, 1418538.961662313202396 ], [ -4304324.133685018867254, 1418541.758508464088663 ], [ -4304318.900804451666772, 1418542.305180726340041 ], [ -4304312.325375555083156, 1418542.628014065790921 ], [ -4304308.608580214902759, 1418542.650014899438247 ], [ -4304300.615022411569953, 1418543.035629434743896 ], [ -4304291.355709935538471, 1418542.598400959745049 ], [ -4304286.416182893328369, 1418540.708982775220647 ], [ -4304281.03961815405637, 1418537.457142469473183 ], [ -4304276.508388234302402, 1418533.306573783047497 ], [ -4304273.091055795550346, 1418527.48369287350215 ], [ -4304270.939478158019483, 1418522.483654959825799 ], [ -4304268.927276521921158, 1418515.05328615475446 ], [ -4304266.092232225462794, 1418508.888672016793862 ], [ -4304261.168590229004622, 1418503.166969456477091 ], [ -4304255.080372237600386, 1418498.128733469638973 ], [ -4304245.517524531111121, 1418493.172576853306964 ], [ -4304237.543065670877695, 1418491.589871392818168 ], [ -4304228.182574795559049, 1418489.646333729382604 ], [ -4304219.404372048564255, 1418487.361062795622274 ], [ -4304190.87316332384944, 1418508.018962762318552 ] ] ] } },
{ "type": "Feature", "properties": { "neighborhood": "West Colfax", "total_housing": 7186.0, "total_occupied_housing": 6491.0, "total_vacant_housing": 695.0, "owner_occupied_units": 2368.0, "renter_occupied_units": 4123.0, "vacant_homes_rented": 37.0, "vacant_homes_sold": 96.0, "vacant_homes_seasonal": 0.0, "population": 12819.0, "median_gross_rent": 1797.0, "median_home_value": 805844.0, "median_household_income": 102605.0, "total_listings": 195, "pct_entire_home": 93.33, "avg_price": 266.7, "avg_bedrooms": 2.17, "avg_price_per_bedroom": 108.33, "avg_estimated_annual_revenue": 33784.39, "estimated_total_annual_revenue": 5337933.0, "total_hosts": 157, "hobbyist_hosts": 123, "small_business_hosts": 20, "commercial_hosts": 14 }, "geometry": { "type": "Polygon", "coordinates": [ [ [ -4299753.836826633661985, 1421963.151327557163313 ], [ -4299861.161020426079631, 1421537.994888733606786 ], [ -4299971.66187309473753, 1421113.536604733904824 ], [ -4300082.211227894760668, 1420680.953797726426274 ], [ -4300111.670791297219694, 1420564.111488730413839 ], [ -4300264.835340480320156, 1419956.631747050676495 ], [ -4300290.125395041890442, 1419865.440828560618684 ], [ -4300321.751993292942643, 1419742.963509886758402 ], [ -4300344.972252445295453, 1419655.754425103543326 ], [ -4300488.553542098030448, 1419008.968209204263985 ], [ -4300622.045384442433715, 1418511.890453623374924 ], [ -4300655.577645051293075, 1418513.344392583938316 ], [ -4300664.433322940953076, 1418513.728348255157471 ], [ -4300700.275161385536194, 1418498.473613832844421 ], [ -4300739.058142206631601, 1418481.967084096744657 ], [ -4300750.885336281731725, 1418477.945812875404954 ], [ -4300773.43068128451705, 1418470.280259009450674 ], [ -4300865.066535216756165, 1418439.123460895381868 ], [ -4300873.431919379159808, 1418433.79043397679925 ], [ -4300880.269469629041851, 1418430.204923236276954 ], [ -4300893.923050216399133, 1418425.17514926334843 ], [ -4300908.017469900660217, 1418426.698612388689071 ], [ -4300922.242663524113595, 1418427.719672436825931 ], [ -4300938.478593199513853, 1418429.263647502753884 ], [ -4300939.965892970561981, 1418429.419424585532397 ], [ -4300955.719810526818037, 1418431.069352004211396 ], [ -4300977.89776015188545, 1418430.405100402887911 ], [ -4300995.441737349145114, 1418426.924576870864257 ], [ -4301071.510294794104993, 1418414.34507378609851 ], [ -4301153.225834977813065, 1418405.574045453453436 ], [ -4301183.356776086613536, 1418407.364765755599365 ], [ -4301203.964843284338713, 1418408.589524383191019 ], [ -4301215.677182365208864, 1418408.955875033745542 ], [ -4301230.756127629429102, 1418412.881436739349738 ], [ -4301242.688881697133183, 1418416.524386108154431 ], [ -4301256.631613984704018, 1418420.691130075370893 ], [ -4301271.951852682977915, 1418425.752404905622825 ], [ -4301286.156792279332876, 1418428.913985436782241 ], [ -4301303.638825627043843, 1418431.855279974639416 ], [ -4301331.456174087710679, 1418434.268501349026337 ], [ -4301383.610554568469524, 1418439.588663127506152 ], [ -4301396.655061034485698, 1418440.919288655975834 ], [ -4301412.367691556923091, 1418444.473372890846804 ], [ -4301432.77587244939059, 1418444.421288510551676 ], [ -4301453.028585933148861, 1418444.865821088897064 ], [ -4301484.507083538919687, 1418445.556744186673313 ], [ -4301484.540574151091278, 1418445.557472573127598 ], [ -4301484.731449602171779, 1418445.598776971921325 ], [ -4301508.92877009883523, 1418450.833654122427106 ], [ -4301520.248605894856155, 1418452.70769672608003 ], [ -4301535.610017000697553, 1418453.487559025874361 ], [ -4301548.196745788678527, 1418454.618520979769528 ], [ -4301639.365918816067278, 1418432.212989775463939 ], [ -4301676.333535335026681, 1418426.278283176245168 ], [ -4301688.066146795637906, 1418424.50412040646188 ], [ -4301703.447976627387106, 1418423.142977783456445 ], [ -4301760.619860001839697, 1418420.306358363246545 ], [ -4301765.859610280953348, 1418420.046384813264012 ], [ -4301773.228671957738698, 1418420.355893152067438 ], [ -4301833.583347068168223, 1418422.890870093600824 ], [ -4301851.865331849083304, 1418423.65875376178883 ], [ -4301900.090844843536615, 1418426.019891977775842 ], [ -4301909.26930424105376, 1418427.872910261852667 ], [ -4301924.086666462942958, 1418432.803271737881005 ], [ -4301925.340380476787686, 1418433.513097949093208 ], [ -4301945.135939079336822, 1418444.72104092896916 ], [ -4301961.681897533126175, 1418453.320651459041983 ], [ -4301981.525610811077058, 1418459.56007294356823 ], [ -4302015.98766834102571, 1418465.312487738672644 ], [ -4302114.036145279183984, 1418474.205814089160413 ], [ -4302130.217214978300035, 1418476.129588238429278 ], [ -4302155.457863538525999, 1418479.13046134985052 ], [ -4302156.570978728123009, 1418479.26279779500328 ], [ -4302256.18960596434772, 1418482.126947522629052 ], [ -4302280.226454075425863, 1418484.629406478255987 ], [ -4302294.190211387351155, 1418486.654777419287711 ], [ -4302295.517525202594697, 1418486.686225010314956 ], [ -4302303.258133945986629, 1418486.86967577948235 ], [ -4302309.344688265584409, 1418488.688389706658199 ], [ -4302317.201490143314004, 1418491.036057010525838 ], [ -4302330.269850336946547, 1418494.438198725692928 ], [ -4302344.625969387590885, 1418494.956351913278922 ], [ -4302359.264456876553595, 1418492.329326726030558 ], [ -4302369.804785966873169, 1418487.795820821542293 ], [ -4302370.14345134422183, 1418487.650151625042781 ], [ -4302397.230075250379741, 1418474.314508934272453 ], [ -4302401.435906149446964, 1418472.319324299925938 ], [ -4302448.776357405818999, 1418449.86163985542953 ], [ -4302452.179295771755278, 1418448.247340697329491 ], [ -4302456.723158779554069, 1418447.284452677704394 ], [ -4302463.03741133864969, 1418445.709051492158324 ], [ -4302472.277299049310386, 1418441.140137822367251 ], [ -4302484.443593138828874, 1418433.576854576356709 ], [ -4302496.830172250978649, 1418429.290665584616363 ], [ -4302520.72944487631321, 1418419.953845984768122 ], [ -4302544.573481360450387, 1418416.860477489186451 ], [ -4302566.834614080376923, 1418413.972472087014467 ], [ -4302578.497751087881625, 1418412.459376499056816 ], [ -4302588.591885121539235, 1418410.795093160355464 ], [ -4302606.858673305250704, 1418410.721984019270167 ], [ -4302630.896141757257283, 1418413.224096180172637 ], [ -4302705.58156112767756, 1418433.11531915795058 ], [ -4302706.738586011342704, 1418433.210974900750443 ], [ -4302718.596219289116561, 1418437.128333444474265 ], [ -4302727.382304116152227, 1418440.488549339817837 ], [ -4302736.801432234235108, 1418443.477648944593966 ], [ -4302745.69753603823483, 1418448.475869820918888 ], [ -4302750.069929265417159, 1418452.296923540066928 ], [ -4302774.681316846050322, 1418486.222830973332748 ], [ -4302835.619364603422582, 1418555.201980107463896 ], [ -4302847.831422263756394, 1418567.513661606004462 ], [ -4302859.428881185129285, 1418577.651191614568233 ], [ -4302871.800062343478203, 1418586.361404158407822 ], [ -4302885.599545951001346, 1418593.429321600589901 ], [ -4302889.482056061737239, 1418594.440072544617578 ], [ -4302898.848211767151952, 1418596.330717532197013 ], [ -4302914.539231535978615, 1418599.317685788031667 ], [ -4302927.234775045886636, 1418601.158897627377883 ], [ -4302940.479812962003052, 1418599.483474530046806 ], [ -4302983.500786552205682, 1418609.95137700648047 ], [ -4303017.030351921916008, 1418619.994602357037365 ], [ -4303041.203517525456846, 1418628.014944542199373 ], [ -4303055.508775690570474, 1418634.187104383483529 ], [ -4303068.758112160488963, 1418640.930043792584911 ], [ -4303075.372402189299464, 1418644.481852700468153 ], [ -4303104.080980995669961, 1418668.306405915180221 ], [ -4303127.65697620715946, 1418690.794242022559047 ], [ -4303149.36639782320708, 1418707.891098554478958 ], [ -4303175.868865810334682, 1418725.418242658954114 ], [ -4303193.414863045327365, 1418736.526151306927204 ], [ -4303218.680349294096231, 1418743.103628556942567 ], [ -4303244.113503228873014, 1418752.177278865827248 ], [ -4303276.668226440437138, 1418759.017380883684382 ], [ -4303297.203968862071633, 1418758.640970190986991 ], [ -4303322.13412403408438, 1418760.226084628608078 ], [ -4303350.924039426259696, 1418759.545997102279216 ], [ -4303374.952544205822051, 1418755.173808064544573 ], [ -4303411.892254807054996, 1418745.170247823931277 ], [ -4303445.769473285414279, 1418734.369415286928415 ], [ -4303476.01789786759764, 1418721.806374724488705 ], [ -4303507.629896998405457, 1418707.145777643658221 ], [ -4303537.511337557807565, 1418692.852183073293418 ], [ -4303555.614211035892367, 1418686.119840242201462 ], [ -4303576.947226698510349, 1418682.680938449921086 ], [ -4303596.581333203241229, 1418676.347247495315969 ], [ -4303623.735634830780327, 1418666.248731192434207 ], [ -4303644.964286666363478, 1418653.790055636782199 ], [ -4303659.542726215906441, 1418654.315296562854201 ], [ -4303672.988566833548248, 1418652.910648393910378 ], [ -4303683.004948478192091, 1418648.978177832439542 ], [ -4303693.61926787532866, 1418642.748828963376582 ], [ -4303721.833459009416401, 1418622.298618704779074 ], [ -4303739.170696700923145, 1418615.36695468891412 ], [ -4303755.265876181423664, 1418609.914866005536169 ], [ -4303772.548779304139316, 1418608.192697098944336 ], [ -4303789.906767436303198, 1418607.588019577786326 ], [ -4303802.973423033952713, 1418606.598097204230726 ], [ -4303818.110650922171772, 1418604.683341509662569 ], [ -4303832.905103472061455, 1418602.679349521175027 ], [ -4303846.478784652426839, 1418602.553361090598628 ], [ -4303855.222560415975749, 1418599.798703273292631 ], [ -4303868.630904955789447, 1418594.779518625233322 ], [ -4303877.46284940931946, 1418587.563516137655824 ], [ -4303885.28079469781369, 1418578.619734998093918 ], [ -4303890.685321662575006, 1418570.511532527627423 ], [ -4303897.831920341588557, 1418559.929101540474221 ], [ -4303907.884759069420397, 1418550.835202957037836 ], [ -4303917.909261232241988, 1418544.661677598487586 ], [ -4303933.013945175334811, 1418537.248880355153233 ], [ -4303946.883564786985517, 1418533.174316396936774 ], [ -4303964.119791222736239, 1418527.414302149089053 ], [ -4303978.839211707934737, 1418524.292908418457955 ], [ -4303997.342957844957709, 1418520.69275519461371 ], [ -4304016.42881438229233, 1418519.074027220252901 ], [ -4304030.537858287803829, 1418516.891600009519607 ], [ -4304042.205147261731327, 1418518.465124702081084 ], [ -4304053.858374122530222, 1418521.498863741522655 ], [ -4304061.52109968662262, 1418524.115887658903375 ], [ -4304070.864329840056598, 1418526.182323485380039 ], [ -4304079.968224669806659, 1418526.356570343021303 ], [ -4304092.335196966305375, 1418526.64837189973332 ], [ -4304103.673933134414256, 1418526.672412431798875 ], [ -4304116.219430430792272, 1418526.278752759331837 ], [ -4304127.572351813316345, 1418524.842686662217602 ], [ -4304138.582498072646558, 1418523.31738431728445 ], [ -4304152.184516668319702, 1418520.271023595705628 ], [ -4304164.312135791406035, 1418518.670707241399214 ], [ -4304173.519400069490075, 1418517.041983242612332 ], [ -4304183.351244541816413, 1418513.014115432510152 ], [ -4304190.87316332384944, 1418508.018962762318552 ], [ -4304219.404372048564255, 1418487.361062795622274 ], [ -4304228.182574795559049, 1418489.646333729382604 ], [ -4304237.543065670877695, 1418491.589871392818168 ], [ -4304245.517524531111121, 1418493.172576853306964 ], [ -4304255.080372237600386, 1418498.128733469638973 ], [ -4304261.168590229004622, 1418503.166969456477091 ], [ -4304266.092232225462794, 1418508.888672016793862 ], [ -4304268.927276521921158, 1418515.05328615475446 ], [ -4304270.939478158019483, 1418522.483654959825799 ], [ -4304273.091055795550346, 1418527.48369287350215 ], [ -4304276.508388234302402, 1418533.306573783047497 ], [ -4304281.03961815405637, 1418537.457142469473183 ], [ -4304286.416182893328369, 1418540.708982775220647 ], [ -4304291.355709935538471, 1418542.598400959745049 ], [ -4304300.615022411569953, 1418543.035629434743896 ], [ -4304308.608580214902759, 1418542.650014899438247 ], [ -4304312.325375555083156, 1418542.628014065790921 ], [ -4304318.900804451666772, 1418542.305180726340041 ], [ -4304324.133685018867254, 1418541.758508464088663 ], [ -4304334.234939458779991, 1418538.961662313202396 ], [ -4304342.367873850278556, 1418536.145717109320685 ], [ -4304351.323651110753417, 1418532.064017317723483 ], [ -4304358.089652639813721, 1418526.918919776100665 ], [ -4304367.526539633981884, 1418520.989177325740457 ], [ -4304373.609145233407617, 1418514.679521908052266 ], [ -4304378.286549285985529, 1418509.977335930569097 ], [ -4304386.679137445986271, 1418504.269049269147217 ], [ -4304393.76777312066406, 1418501.674559924053028 ], [ -4304413.729727445170283, 1418497.004889130592346 ], [ -4304422.54612838011235, 1418495.353520221076906 ], [ -4304430.88141951430589, 1418495.5501940168906 ], [ -4304439.659622402861714, 1418497.835465452168137 ], [ -4304449.001014072448015, 1418501.747323715360835 ], [ -4304458.544762468896806, 1418508.67180093168281 ], [ -4304465.537902657873929, 1418515.918912332504988 ], [ -4304469.537523190490901, 1418521.400060287676752 ], [ -4304477.555862937122583, 1418530.394035979174078 ], [ -4304485.232469331473112, 1418538.805723553756252 ], [ -4304491.985054572112858, 1418546.976856272434816 ], [ -4304499.762839378789067, 1418556.894853337202221 ], [ -4304508.724299451336265, 1418564.161063846899197 ], [ -4304515.053072171285748, 1418568.275278920540586 ], [ -4304525.171590125188231, 1418576.846944357501343 ], [ -4304531.126374457962811, 1418587.259410825092345 ], [ -4304534.505508273839951, 1418597.018932158825919 ], [ -4304537.903741223737597, 1418604.810133357066661 ], [ -4304542.004539608955383, 1418611.797590700443834 ], [ -4304551.187455452047288, 1418620.108100106706843 ], [ -4304559.807182203046978, 1418626.792022550478578 ], [ -4304567.161154356785119, 1418632.653101993491873 ], [ -4304576.262061557732522, 1418637.489000289933756 ], [ -4304587.109762427397072, 1418641.299680612748489 ], [ -4304596.932263595983386, 1418643.363496584584936 ], [ -4304604.545889653265476, 1418646.332234676927328 ], [ -4304613.285893868654966, 1418652.554146647686139 ], [ -4304621.544788139872253, 1418660.624101179651916 ], [ -4304628.658205104991794, 1418667.409202005481347 ], [ -4304636.905200619250536, 1418675.467539689270779 ], [ -4304645.657103252597153, 1418681.701068568276241 ], [ -4304653.61246255133301, 1418685.252094884635881 ], [ -4304697.572135993279517, 1418713.46931364829652 ], [ -4304724.330554949119687, 1418724.382047151681036 ], [ -4304742.310771717689931, 1418733.0095088200178 ], [ -4304749.221832074224949, 1418736.781991013558581 ], [ -4304761.094732027500868, 1418742.339536114828661 ], [ -4304769.356845281086862, 1418751.28220140747726 ], [ -4304777.142756600864232, 1418757.194621994392946 ], [ -4304784.32122353091836, 1418759.239309120457619 ], [ -4304792.07422620523721, 1418759.777716869488358 ], [ -4304844.83147828374058, 1418773.046978998696432 ], [ -4304870.9594572102651, 1418779.849003522424027 ], [ -4304884.919565077871084, 1418787.745670156786218 ], [ -4304895.135083987377584, 1418794.150705636013299 ], [ -4304909.053650446236134, 1418803.198896810645238 ], [ -4304925.020774058066308, 1418807.355696445098147 ], [ -4304938.759029192849994, 1418813.128094459883869 ], [ -4304946.238690869882703, 1418817.141824373742566 ], [ -4304950.964259649626911, 1418823.796908613061532 ], [ -4304957.795705735683441, 1418835.262381879845634 ], [ -4304964.565380703657866, 1418849.940928150666878 ], [ -4304973.867579057812691, 1418859.853925075614825 ], [ -4304993.047133860178292, 1418873.500833115307614 ], [ -4305007.007348620332778, 1418881.397376949666068 ], [ -4305028.013347241096199, 1418888.028538058046252 ], [ -4305043.296234747394919, 1418890.844641881296411 ], [ -4305055.896314855664968, 1418892.058275735471398 ], [ -4305070.211394269950688, 1418894.622652108082548 ], [ -4305081.520502311177552, 1418900.795754600781947 ], [ -4305092.71646773815155, 1418912.364331409102306 ], [ -4305099.912768516689539, 1418917.46672648191452 ], [ -4305117.269852233119309, 1418925.214404189493507 ], [ -4305134.194638029672205, 1418930.653859142912552 ], [ -4305149.446036792360246, 1418933.590990132885054 ], [ -4305167.410032991319895, 1418935.038624652894214 ], [ -4305188.528996448963881, 1418936.27434164728038 ], [ -4305201.412538746371865, 1418936.399356407113373 ], [ -4305222.072161157615483, 1418944.361019267933443 ], [ -4305236.284260109998286, 1418951.29002349334769 ], [ -4305276.511409249156713, 1418970.416282950900495 ], [ -4305301.739046080037951, 1418985.637644599657506 ], [ -4305312.441287427209318, 1418998.111048811115324 ], [ -4305317.023871440440416, 1419013.253334231441841 ], [ -4305317.735479099676013, 1419027.388020056998357 ], [ -4305319.383476381190121, 1419041.89547855569981 ], [ -4305320.384608719497919, 1419066.825793948024511 ], [ -4305321.528655622154474, 1419083.268739206716418 ], [ -4305326.615075906738639, 1419096.475904511287808 ], [ -4305340.751565277576447, 1419120.563525390345603 ], [ -4305348.370249227620661, 1419129.004979574587196 ], [ -4305359.324258797802031, 1419140.51041643274948 ], [ -4305367.056048995815217, 1419143.556538175325841 ], [ -4305376.501071895472705, 1419144.982142728287727 ], [ -4305387.026758555322886, 1419141.26437950367108 ], [ -4305398.329892545007169, 1419135.553181415656582 ], [ -4305412.25255620945245, 1419131.686428924789652 ], [ -4305425.851947507821023, 1419133.030995513312519 ], [ -4305444.248275671154261, 1419136.786938732257113 ], [ -4305462.14076064992696, 1419142.478245757753029 ], [ -4305471.514467216096818, 1419148.147647786187008 ], [ -4305486.946098537184298, 1419154.360798657871783 ], [ -4305503.226669651456177, 1419154.336914440616965 ], [ -4305516.290551645681262, 1419157.737901107640937 ], [ -4305534.489568325690925, 1419166.221322911093011 ], [ -4305553.066236472688615, 1419173.253237475175411 ], [ -4305567.623253211379051, 1419175.880600582575426 ], [ -4305590.142390069551766, 1419179.676514873513952 ], [ -4305612.934776247479022, 1419183.414416852174327 ], [ -4305638.347099178470671, 1419188.996795155107975 ], [ -4305675.08602705039084, 1419191.968462804332376 ], [ -4305692.079241076484323, 1419194.912424005102366 ], [ -4305717.74947852268815, 1419198.635350045515224 ], [ -4305738.438777264207602, 1419202.541532124159858 ], [ -4305746.690413049422204, 1419204.196399776730686 ], [ -4305753.758393755182624, 1419204.679106109309942 ], [ -4305762.226001393981278, 1419202.998045467073098 ], [ -4305771.614206179045141, 1419201.31180047756061 ], [ -4305782.841837642714381, 1419201.768132159486413 ], [ -4305791.224959143437445, 1419202.926788945682347 ], [ -4305799.702533930540085, 1419203.476002868032083 ], [ -4305810.55580763053149, 1419203.81479640561156 ], [ -4305849.383009372279048, 1419212.596637072972953 ], [ -4305855.053119141608477, 1419213.741214210400358 ], [ -4305860.918905190192163, 1419214.770938001340255 ], [ -4305864.691922658123076, 1419214.924288752721623 ], [ -4305869.436897925101221, 1419215.164898413233459 ], [ -4305872.569636610336602, 1419217.140910622896627 ], [ -4305874.366624039597809, 1419220.426995458081365 ], [ -4305874.955564379692078, 1419223.895910877734423 ], [ -4305873.581315821968019, 1419229.174677261617035 ], [ -4305874.886872944422066, 1419234.985296540195122 ], [ -4305877.177216104231775, 1419239.560269370675087 ], [ -4305881.032994673587382, 1419243.216535181971267 ], [ -4305884.671908002346754, 1419245.158565463731065 ], [ -4305888.957531747408211, 1419244.616448405198753 ], [ -4305895.123591803945601, 1419238.761605355888605 ], [ -4305904.101637058891356, 1419227.836513376096264 ], [ -4305913.424206892028451, 1419217.498440992785618 ], [ -4305925.32005019299686, 1419210.648548011435196 ], [ -4305931.231449779123068, 1419207.839842739282176 ], [ -4305946.275443775579333, 1419208.796385160647333 ], [ -4305956.80050952732563, 1419210.056460873689502 ], [ -4305962.084981364198029, 1419214.392133362591267 ], [ -4305967.451531426981091, 1419222.202435286482796 ], [ -4305971.55232710391283, 1419229.189893721835688 ], [ -4305984.127790584228933, 1419233.943698717746884 ], [ -4305991.659337537363172, 1419233.437810069648549 ], [ -4306000.254283120855689, 1419230.742146064527333 ], [ -4306008.146662862040102, 1419228.850225635338575 ], [ -4306015.336476860567927, 1419227.762048810021952 ], [ -4306022.285735543817282, 1419227.597893125843257 ], [ -4306031.184214257635176, 1419229.421157350298017 ], [ -4306040.424426132813096, 1419231.826709812041372 ], [ -4306046.531741253100336, 1419234.896628251997754 ], [ -4306055.531397761777043, 1419238.226201934041455 ], [ -4306060.93614730797708, 1419242.099863996263593 ], [ -4306069.214138115756214, 1419248.201501203933731 ], [ -4306077.51122856233269, 1419252.334818429546431 ], [ -4306086.270329805091023, 1419256.588413331890479 ], [ -4306103.826732186600566, 1419261.158963316585869 ], [ -4306113.047843805514276, 1419265.532835867488757 ], [ -4306121.58548959903419, 1419268.742132007610053 ], [ -4306131.287711944431067, 1419271.267962327459827 ], [ -4306139.382446915842593, 1419272.388660902157426 ], [ -4306151.173266901634634, 1419274.471580643206835 ], [ -4306159.609735059551895, 1419276.174567511538044 ], [ -4306165.3886579554528, 1419275.921188236447051 ], [ -4306166.474295965395868, 1419276.096090145874768 ], [ -4306173.008041807450354, 1419279.662618978880346 ], [ -4306177.349392303265631, 1419285.726056398358196 ], [ -4306182.50482523534447, 1419289.041489698225632 ], [ -4306187.669019046239555, 1419293.839173003798351 ], [ -4306194.83973325882107, 1419294.719316518399864 ], [ -4306198.232284869067371, 1419291.162609473569319 ], [ -4306201.966569459065795, 1419288.188190647633746 ], [ -4306205.359121035784483, 1419284.631483612116426 ], [ -4306210.479437493719161, 1419282.017897760262713 ], [ -4306216.504675097763538, 1419281.613187164301053 ], [ -4306223.333656248636544, 1419281.911042450228706 ], [ -4306234.561287699267268, 1419282.367375317029655 ], [ -4306245.408986437134445, 1419286.178060007281601 ], [ -4306252.459422746673226, 1419287.520214106421918 ], [ -4306262.522477892227471, 1419288.660012965556234 ], [ -4306270.857768416404724, 1419288.856690705753863 ], [ -4306277.547371878288686, 1419291.584876585984603 ], [ -4306298.641451417468488, 1419301.516317451605573 ], [ -4306319.172272140160203, 1419309.821152968565002 ], [ -4306350.98802462220192, 1419312.677362005924806 ], [ -4306362.437111479230225, 1419314.177994061959907 ], [ -4306371.215312266722322, 1419316.463269562926143 ], [ -4306380.335246236994863, 1419319.330833385698497 ], [ -4306387.46776011865586, 1419324.147617114707828 ], [ -4306393.897707973606884, 1419329.76814429461956 ], [ -4306401.049321867525578, 1419332.616608097683638 ], [ -4306407.859202973544598, 1419334.882783635053784 ], [ -4306415.434627216309309, 1419341.788165064528584 ], [ -4306421.421664380468428, 1419345.320094599854201 ], [ -4306429.054389109835029, 1419346.320516181178391 ], [ -4306437.851690078154206, 1419346.637471904745325 ], [ -4306443.41491711884737, 1419346.112483957782388 ], [ -4306449.079321429133415, 1419347.093805333599448 ], [ -4306453.458871960639954, 1419349.220603249268606 ], [ -4306457.939599961973727, 1419352.853710474213585 ], [ -4306461.597484212368727, 1419357.752571739023551 ], [ -4306467.445143729448318, 1419363.714831966208294 ], [ -4306472.128226958215237, 1419370.360558046493679 ], [ -4306476.157276400364935, 1419374.879856553627178 ], [ -4306484.901593551971018, 1419383.657990787643939 ], [ -4306491.880080530419946, 1419387.342417620355263 ], [ -4306501.442924705334008, 1419392.29857932892628 ], [ -4306514.822131190448999, 1419397.754951921058819 ], [ -4306521.29027908667922, 1419399.438839383423328 ], [ -4306528.119260146282613, 1419399.73669520393014 ], [ -4306536.186762862838805, 1419401.344893764238805 ], [ -4306546.479304294101894, 1419396.871032272465527 ], [ -4306551.756705276668072, 1419395.379001655383036 ], [ -4306553.395125528797507, 1419393.983818824402988 ], [ -4306559.641818487085402, 1419394.623407589737326 ], [ -4306564.0022684764117, 1419398.718525445787236 ], [ -4306566.736131669953465, 1419403.376831487286836 ], [ -4306566.216820485889912, 1419409.161513607949018 ], [ -4306567.08354108966887, 1419415.307028809329495 ], [ -4306570.741425438784063, 1419420.205890194745734 ], [ -4306575.684163771569729, 1419423.959275230998173 ], [ -4306581.228290590457618, 1419425.402607465628535 ], [ -4306585.626941102556884, 1419425.561085515422747 ], [ -4306591.329545840620995, 1419422.605767229804769 ], [ -4306596.329584745690227, 1419420.454192468896508 ], [ -4306603.17766578681767, 1419418.783728395355865 ], [ -4306608.399160014465451, 1419417.67645247047767 ], [ -4306615.930707018822432, 1419417.170564998406917 ], [ -4306623.221698514185846, 1419417.588698606705293 ], [ -4306630.272134528495371, 1419418.930853356141597 ], [ -4306635.835361589677632, 1419418.405865687644109 ], [ -4306646.923615194857121, 1419421.292530277976766 ], [ -4306655.822093605995178, 1419423.115795854246244 ], [ -4306663.074884620495141, 1419427.470569459022954 ], [ -4306671.371974787674844, 1419431.603887925157323 ], [ -4306678.200955665670335, 1419431.901743973372504 ], [ -4306694.833336055278778, 1419436.231741062831134 ], [ -4306701.421761532314122, 1419437.453618237748742 ], [ -4306723.395984501577914, 1419440.214347459608689 ], [ -4306731.009608692489564, 1419443.183089496567845 ], [ -4306737.319278232753277, 1419449.265627753455192 ], [ -4306743.027559507638216, 1419457.658218890894204 ], [ -4306747.552163760177791, 1419468.702595612499863 ], [ -4306755.835829420015216, 1419486.152143247192726 ], [ -4306758.835024054162204, 1419499.266017310321331 ], [ -4306761.511586143635213, 1419509.829283167608082 ], [ -4306768.225965347141027, 1419521.937058907467872 ], [ -4306774.97854532673955, 1419530.108194869244471 ], [ -4306779.984260154888034, 1419539.304529271554202 ], [ -4306784.869697428308427, 1419548.962874276796356 ], [ -4306791.400822057388723, 1419556.089711351320148 ], [ -4306796.444737464189529, 1419561.349405942950398 ], [ -4306805.646748055703938, 1419567.691599967423826 ], [ -4306814.728480700403452, 1419574.495804520323873 ], [ -4306813.691365042701364, 1419581.132329941028729 ], [ -4306813.57320649176836, 1419583.192657563602552 ], [ -4306814.015547341667116, 1419588.706487416522577 ], [ -4306814.979196403175592, 1419601.873372541507706 ], [ -4306815.537764334119856, 1419605.109216072363779 ], [ -4306818.949057863093913, 1419612.100479305721819 ], [ -4306823.39158449973911, 1419619.670226545538753 ], [ -4306829.922708995640278, 1419626.79706366173923 ], [ -4306837.517232559621334, 1419631.734125764574856 ], [ -4306842.380235144868493, 1419634.689876868855208 ], [ -4306843.034390714019537, 1419635.009405290475115 ], [ -4306851.017942088656127, 1419637.087806613417342 ], [ -4306863.649618459865451, 1419638.180580004816875 ], [ -4306868.230505425482988, 1419638.721849668072537 ], [ -4306872.547956379130483, 1419637.400602859444916 ], [ -4306879.054304662160575, 1419635.147851124405861 ], [ -4306884.535454372875392, 1419631.148234638851136 ], [ -4306889.193760689347982, 1419628.414372100029141 ], [ -4306894.997542919591069, 1419626.965363736730069 ], [ -4306901.624168819747865, 1419624.250601486768574 ], [ -4306907.548228988423944, 1419622.339582678396255 ], [ -4306914.858320451341569, 1419620.789396941429004 ], [ -4306922.048134488984942, 1419619.701221816707402 ], [ -4306926.586162910796702, 1419617.429369811434299 ], [ -4306937.750817269086838, 1419612.442755565745756 ], [ -4306944.03571061976254, 1419609.145705157192424 ], [ -4306950.440881626680493, 1419605.386644150130451 ], [ -4306957.048407078720629, 1419604.640201826347038 ], [ -4306964.681131436489522, 1419605.640624397434294 ], [ -4306973.25697701703757, 1419604.913282492896542 ], [ -4306981.351711806841195, 1419606.033982870401815 ], [ -4306989.566724161617458, 1419606.692672607954592 ], [ -4306997.420903517864645, 1419608.737394052324817 ], [ -4307004.490439621731639, 1419608.111229539848864 ], [ -4307010.7562326323241, 1419606.782499094493687 ], [ -4307018.629512165673077, 1419606.858900608029217 ], [ -4307025.319115005433559, 1419609.587087775580585 ], [ -4307031.527606814168394, 1419614.163317071739584 ], [ -4307038.419564075767994, 1419619.904122871346772 ], [ -4307045.191243609413505, 1419626.1069392694626 ], [ -4307050.114880927838385, 1419631.82864471944049 ], [ -4307055.741084359586239, 1419636.746606840053573 ], [ -4307062.430686961859465, 1419639.474793960805982 ], [ -4307069.341744820587337, 1419643.24728000164032 ], [ -4307072.316162636503577, 1419646.981565153226256 ], [ -4307073.303160161711276, 1419652.665069779148325 ], [ -4307072.783848269842565, 1419658.449751681415364 ], [ -4307076.164553775452077, 1419663.276454122969881 ], [ -4307081.334327795542777, 1419665.287983534857631 ], [ -4307087.384320145472884, 1419666.863011269131675 ], [ -4307092.974297153763473, 1419668.964289159281179 ], [ -4307098.26178537029773, 1419670.986799598438665 ], [ -4307102.774249931797385, 1419674.745569256367162 ], [ -4307106.70999944768846, 1419679.868642486166209 ], [ -4307111.985427189618349, 1419686.510584351839498 ], [ -4307117.405407385900617, 1419690.505612527951598 ], [ -4307122.850395037792623, 1419691.923136152559891 ], [ -4307131.490366799756885, 1419692.234421109315008 ], [ -4307174.459119567647576, 1419678.549642768222839 ], [ -4307187.661584037356079, 1419677.46471064328216 ], [ -4307195.261596572585404, 1419675.567250871099532 ], [ -4307203.296581489033997, 1419675.721036383183673 ], [ -4307210.096550017595291, 1419678.137318236520514 ], [ -4307218.607761495746672, 1419683.906088282121345 ], [ -4307220.923986657522619, 1419687.416093696141616 ], [ -4307222.833961319178343, 1419693.727347434964031 ], [ -4307223.297672984190285, 1419700.631090774433687 ], [ -4307224.838901747018099, 1419705.877324745524675 ], [ -4307225.35636009927839, 1419715.056061514886096 ], [ -4307224.228819329291582, 1419721.868540045805275 ], [ -4307218.485052283853292, 1419727.80226454581134 ], [ -4307211.75503761973232, 1419733.802228509448469 ], [ -4307204.038775227032602, 1419739.868431918090209 ], [ -4307201.38623929861933, 1419747.575897994684055 ], [ -4307205.703703987412155, 1419755.805904885055497 ], [ -4307212.33365782815963, 1419760.115932331420481 ], [ -4307223.078643675893545, 1419762.267225487157702 ], [ -4307234.018629554659128, 1419759.947281614877284 ], [ -4307246.508635429665446, 1419754.154850115301087 ], [ -4307256.682416489347816, 1419744.85241324827075 ], [ -4307268.223692931234837, 1419735.25997558538802 ], [ -4307272.351195463910699, 1419731.812508666189387 ], [ -4307278.778716919012368, 1419725.733795005828142 ], [ -4307283.668728282675147, 1419721.838827771367505 ], [ -4307288.467479605227709, 1419719.535095110535622 ], [ -4307294.92371807154268, 1419718.308892608620226 ], [ -4307303.721211625263095, 1419718.015177991706878 ], [ -4307312.833691405132413, 1419716.511467423755676 ], [ -4307321.722445212304592, 1419714.626518270466477 ], [ -4307329.218664891086519, 1419715.609047529054806 ], [ -4307338.057390442118049, 1419718.879085338674486 ], [ -4307345.371102914214134, 1419723.044106089044362 ], [ -4307351.474824208766222, 1419726.894123103702441 ], [ -4307357.736044902354479, 1419730.139153238618746 ], [ -4307365.837287046946585, 1419731.279191443929449 ], [ -4307376.437261481769383, 1419732.746743752621114 ], [ -4307384.629750709049404, 1419732.295525109628215 ], [ -4307388.678503508679569, 1419729.150551678845659 ], [ -4307394.554762808606029, 1419725.189345138845965 ], [ -4307400.551012833602726, 1419724.489362158812582 ], [ -4307406.090961390174925, 1419731.745627406751737 ], [ -4307412.708422204479575, 1419737.344400905072689 ], [ -4307427.373378524556756, 1419741.808219309197739 ], [ -4307440.078331751748919, 1419745.115770728560165 ], [ -4307446.31454938929528, 1419750.938287948956713 ], [ -4307451.170761079527438, 1419758.339547012932599 ], [ -4307457.788221967406571, 1419763.938320632325485 ], [ -4307469.875678012147546, 1419768.377113761380315 ], [ -4307479.580669585615396, 1419768.319653513142839 ], [ -4307489.903153787367046, 1419767.130969466874376 ], [ -4307497.988149540498853, 1419762.129764052806422 ], [ -4307504.875686724670231, 1419755.52480059908703 ], [ -4307511.99945561029017, 1419748.012352288234979 ], [ -4307532.196928527206182, 1419744.872457916848361 ], [ -4307557.263127905316651, 1419747.845063942950219 ], [ -4307584.856781047768891, 1419755.99767800187692 ], [ -4307600.362995608709753, 1419759.711503248196095 ], [ -4307608.43921678327024, 1419763.429024213459343 ], [ -4307612.280437008477747, 1419766.044042439665645 ], [ -4307614.977927627973258, 1419769.330291530350223 ], [ -4307622.162856922484934, 1419778.952810848597437 ], [ -4307627.454058134928346, 1419788.405320024583489 ], [ -4307630.167754639871418, 1419797.832821405027062 ], [ -4307633.880214115604758, 1419805.905324599007145 ], [ -4307637.290162235498428, 1419813.899073278065771 ], [ -4307646.393862711265683, 1419821.114107298897579 ], [ -4307657.573838211596012, 1419825.31665147212334 ], [ -4307668.227541572414339, 1419829.059193512191996 ], [ -4307679.420009736903012, 1419831.97299196338281 ], [ -4307692.282485014759004, 1419834.675544375786558 ], [ -4307702.028690116479993, 1419838.181832320988178 ], [ -4307719.113646244630218, 1419843.2756641022861 ], [ -4307730.372354103252292, 1419847.17571054934524 ], [ -4307741.921062332578003, 1419852.443252536002547 ], [ -4307746.909752042032778, 1419861.81700739194639 ], [ -4307757.264674897305667, 1419872.910797816468403 ], [ -4307768.763354077935219, 1419883.333326673135161 ], [ -4307773.619565075263381, 1419890.734586062375456 ], [ -4307779.474534491077065, 1419896.780865042703226 ], [ -4307786.353256763890386, 1419898.894636661512777 ], [ -4307791.454501442611217, 1419896.669654389843345 ], [ -4307796.145777803845704, 1419889.815940096974373 ], [ -4307799.100808049552143, 1419882.18722413526848 ], [ -4307804.857086482457817, 1419874.964759322116151 ], [ -4307810.812095869332552, 1419870.701060041319579 ], [ -4307817.467074603773654, 1419872.433588484302163 ], [ -4307822.597058141604066, 1419875.061104356311262 ], [ -4307829.330786683596671, 1419876.49113939399831 ], [ -4307843.689518462866545, 1419873.446206813910976 ], [ -4307853.432028348557651, 1419869.522501747123897 ], [ -4307868.023314488120377, 1419858.14009550306946 ], [ -4307874.832079972140491, 1419851.837639147182927 ], [ -4307880.153364324010909, 1419842.563942129258066 ], [ -4307883.779643192887306, 1419836.078960417071357 ], [ -4307891.810910595580935, 1419828.802766828332096 ], [ -4307923.758558548986912, 1419786.731746387202293 ], [ -4307928.714809934608638, 1419783.823027580976486 ], [ -4307937.616061654873192, 1419780.649316220078617 ], [ -4307953.711035190150142, 1419778.379403113853186 ], [ -4307963.876024481840432, 1419777.795689229620621 ], [ -4307973.486034068278968, 1419771.899501873413101 ], [ -4307979.97979592718184, 1419766.80703678028658 ], [ -4307987.277298044413328, 1419764.830824026372284 ], [ -4307997.206028819084167, 1419765.154625883791596 ], [ -4308007.465991442091763, 1419770.40967583283782 ], [ -4308021.774712145328522, 1419772.519735247595236 ], [ -4308034.073396534658968, 1419778.628532231785357 ], [ -4308049.434604221023619, 1419781.65860020625405 ], [ -4308072.449553826823831, 1419785.066199018387124 ], [ -4308088.797009533271194, 1419788.030027947388589 ], [ -4308103.329469116404653, 1419790.521348566515371 ], [ -4308111.260696286335588, 1419793.555133893853053 ], [ -4308118.773143871687353, 1419800.678904081694782 ], [ -4308123.733130120672286, 1419805.200170630356297 ], [ -4308125.825593709014356, 1419808.328928890638053 ], [ -4308131.614327845163643, 1419813.388942985096946 ], [ -4308140.730520590208471, 1419819.315232478315011 ], [ -4308146.544258411042392, 1419821.797759654466063 ], [ -4308156.605467608198524, 1419824.094057461479679 ], [ -4308168.0091866357252, 1419828.677846353733912 ], [ -4308182.135377169586718, 1419833.970410948619246 ], [ -4308199.154080901294947, 1419838.077974684769288 ], [ -4308206.03281632438302, 1419840.191769321914762 ], [ -4308213.08155351690948, 1419840.411795970518142 ], [ -4308218.261548765003681, 1419837.884320795768872 ], [ -4308222.244063225574791, 1419833.753100335597992 ], [ -4308228.25280187651515, 1419831.764390391064808 ], [ -4308235.181571505963802, 1419828.723180427914485 ], [ -4308246.606581771746278, 1419823.299484255025163 ], [ -4308254.82407490350306, 1419820.270780329126865 ], [ -4308265.610274130478501, 1419825.985824089730158 ], [ -4308281.352742670103908, 1419828.792154006427154 ], [ -4308296.502704353071749, 1419830.152216197922826 ], [ -4308305.643922897987068, 1419833.501005985308439 ], [ -4308310.446386876516044, 1419838.627272707177326 ], [ -4308317.378850928507745, 1419843.016056532040238 ], [ -4308325.954456617124379, 1419844.035988964373246 ], [ -4308341.444774342700839, 1419843.752076889853925 ], [ -4308422.646769963204861, 1419854.650158491451293 ], [ -4308418.57645448949188, 1419870.036799737252295 ], [ -4307921.170081826858222, 1421787.616321922745556 ], [ -4307597.187447534874082, 1423066.82464277651161 ], [ -4307442.396992342546582, 1423025.36387984175235 ], [ -4307291.718972096219659, 1422984.974587050033733 ], [ -4307135.899079486727715, 1422946.475631667068228 ], [ -4306974.030984424985945, 1422906.4021197615657 ], [ -4306809.964082732796669, 1422864.852221583016217 ], [ -4306670.152735214680433, 1422829.358371403068304 ], [ -4306522.579703841358423, 1422793.910565590718761 ], [ -4306363.331342018209398, 1422755.681578615214676 ], [ -4306199.557806702330709, 1422712.012268954189494 ], [ -4306045.219376988708973, 1422670.799164211843163 ], [ -4305721.059455757960677, 1422584.342336344299838 ], [ -4305566.217231196351349, 1422545.064625693485141 ], [ -4305403.633272272534668, 1422503.771625972818583 ], [ -4305248.065264602191746, 1422464.30513238417916 ], [ -4305094.190631994977593, 1422425.279395745834336 ], [ -4304771.462209770455956, 1422341.261848411522806 ], [ -4304682.675521831959486, 1422318.147558826487511 ], [ -4303811.260325342416763, 1422091.287722892826423 ], [ -4303654.376600136980414, 1422049.928869565483183 ], [ -4303497.211109908297658, 1422012.629653914598748 ], [ -4303336.11026778165251, 1421971.593681464437395 ], [ -4303178.573719167150557, 1421928.773181615397334 ], [ -4303013.602114140987396, 1421886.729453441221267 ], [ -4302846.179740472696722, 1421844.176955626811832 ], [ -4302738.888146883808076, 1422272.183031747816131 ], [ -4302629.188658344559371, 1422701.4995636055246 ], [ -4302470.581565288826823, 1422662.791967587778345 ], [ -4302402.106699001044035, 1422645.998784074792638 ], [ -4302303.687502501532435, 1422625.155917821219191 ], [ -4302091.981269941665232, 1422569.137314097257331 ], [ -4301886.775606422685087, 1422514.940192454727367 ], [ -4301687.649592748843133, 1422462.196750460658222 ], [ -4301468.927455224096775, 1422404.351757048629224 ], [ -4301247.587184225209057, 1422347.633418458513916 ], [ -4301041.004423323087394, 1422294.756957953330129 ], [ -4300862.306033962406218, 1422248.881464743055403 ], [ -4300796.16585932765156, 1422232.050461161648855 ], [ -4300616.015878550708294, 1422185.797137369168922 ], [ -4300452.232094512321055, 1422143.158416638383642 ], [ -4300357.882084181532264, 1422118.595900514861569 ], [ -4300191.678331424482167, 1422075.327417574124411 ], [ -4299753.836826633661985, 1421963.151327557163313 ] ] ] } },
{ "type": "Feature", "properties": { "neighborhood": "West Highland", "total_housing": 5781.0, "total_occupied_housing": 5557.0, "total_vacant_housing": 224.0, "owner_occupied_units": 3098.0, "renter_occupied_units": 2459.0, "vacant_homes_rented": 0.0, "vacant_homes_sold": 18.0, "vacant_homes_seasonal": 0.0, "population": 10345.0, "median_gross_rent": 1896.0, "median_home_value": 782079.0, "median_household_income": 126710.0, "total_listings": 147, "pct_entire_home": 89.8, "avg_price": 234.03, "avg_bedrooms": 2.05, "avg_price_per_bedroom": 97.58, "avg_estimated_annual_revenue": 26283.93, "estimated_total_annual_revenue": 3101504.0, "total_hosts": 122, "hobbyist_hosts": 94, "small_business_hosts": 12, "commercial_hosts": 16 }, "geometry": { "type": "Polygon", "coordinates": [ [ [ -4297699.214622308500111, 1430056.842002258868888 ], [ -4297786.698375937528908, 1429726.750988827086985 ], [ -4297814.45773449447006, 1429660.655996982939541 ], [ -4297878.974343566223979, 1429406.761204327689484 ], [ -4297962.025172213092446, 1429079.9871748725418 ], [ -4298001.186604784801602, 1428927.100904369726777 ], [ -4298028.567754951305687, 1428757.982655425556004 ], [ -4298089.082103327848017, 1428576.804943824652582 ], [ -4298126.554992488585413, 1428427.842818929348141 ], [ -4298205.379986410960555, 1428114.693085690261796 ], [ -4298248.33778715133667, 1427907.843734764726833 ], [ -4298316.249270565807819, 1427639.044422964798287 ], [ -4298353.479825508780777, 1427492.064902672544122 ], [ -4298453.500625586137176, 1427079.086829070700333 ], [ -4298510.59751033782959, 1426868.694396598730236 ], [ -4298670.131781770847738, 1426240.012266715522856 ], [ -4298904.09503033850342, 1426301.82501443172805 ], [ -4299107.091772209852934, 1426355.576048920862377 ], [ -4299302.492760300636292, 1426404.766521452926099 ], [ -4299313.16899964120239, 1426407.416742174420506 ], [ -4299469.495719529688358, 1426449.922117573907599 ], [ -4299948.830909496173263, 1426569.413875294383615 ], [ -4300264.059424782171845, 1426651.478642627596855 ], [ -4300588.722937924787402, 1426735.999689946882427 ], [ -4300902.015867531299591, 1426817.560610602376983 ], [ -4301221.727965369820595, 1426906.21747317770496 ], [ -4301381.302626371383667, 1426945.176956789335236 ], [ -4301545.263385219499469, 1426985.149302635109052 ], [ -4301865.622276079840958, 1427063.383366043679416 ], [ -4302026.722937243059278, 1427104.419493484543636 ], [ -4302183.227044186554849, 1427144.258701540762559 ], [ -4302326.87747650500387, 1427180.880956853041425 ], [ -4302336.827949880622327, 1427183.342187216272578 ], [ -4302501.073655359447002, 1427225.197023572633043 ], [ -4302662.846982033923268, 1427265.633140507386997 ], [ -4302825.861574763432145, 1427306.263392895227298 ], [ -4302984.248073103837669, 1427345.817662594839931 ], [ -4303142.424068866297603, 1427385.188272450352088 ], [ -4303304.47103176638484, 1427425.566486165858805 ], [ -4303462.131676211021841, 1427464.931885951431468 ], [ -4303623.780697803013027, 1427508.823089461075142 ], [ -4303782.07411726936698, 1427551.711626677075401 ], [ -4304072.182315653190017, 1427623.103668010327965 ], [ -4304178.008059267885983, 1427649.233169449027628 ], [ -4304414.547735140658915, 1427711.071190926479176 ], [ -4304585.18640533555299, 1427750.198871197644621 ], [ -4304987.390402348712087, 1427851.419493554159999 ], [ -4305053.795418804511428, 1427872.194408418145031 ], [ -4305147.534803587943316, 1427894.144032167736441 ], [ -4305226.453865905292332, 1427912.493622826645151 ], [ -4305379.874474641866982, 1427948.301352773793042 ], [ -4305660.991338035091758, 1428021.48608874110505 ], [ -4305819.861645961180329, 1428061.166730823460966 ], [ -4305828.84438931196928, 1428063.376016729976982 ], [ -4305984.327693627215922, 1428102.174832095624879 ], [ -4306138.496908280998468, 1428142.052353247534484 ], [ -4306299.924285250715911, 1428183.819440391147509 ], [ -4306300.05373877286911, 1428183.870293582323939 ], [ -4305975.982133578509092, 1429458.902067768154666 ], [ -4305323.45235896948725, 1432013.023262375732884 ], [ -4305322.381641990505159, 1432017.136091892141849 ], [ -4305162.974542198702693, 1431976.540678227320313 ], [ -4305005.986781289801002, 1431936.575394950341433 ], [ -4304845.90852880012244, 1431899.551121599506587 ], [ -4304687.523868132382631, 1431862.967700576176867 ], [ -4304528.854012733325362, 1431824.501886198529974 ], [ -4304371.66742938850075, 1431786.292851781239733 ], [ -4304112.366824044845998, 1431720.596046595834196 ], [ -4304055.471705566160381, 1431703.975865606684238 ], [ -4303884.894583384506404, 1431661.635114175966009 ], [ -4303740.056093803606927, 1431625.607716125668958 ], [ -4303423.758841814473271, 1431550.626414964906871 ], [ -4303268.948342773132026, 1431511.227945528924465 ], [ -4303114.106419866904616, 1431471.950544450432062 ], [ -4302806.280542567372322, 1431386.258547340985388 ], [ -4302647.411846093833447, 1431349.549349880078807 ], [ -4302489.542356583289802, 1431312.970969155896455 ], [ -4302337.829922955483198, 1431285.486836500000209 ], [ -4302325.481838011182845, 1431283.305459942203015 ], [ -4302161.936522507108748, 1431253.644858910935 ], [ -4302001.089521526359022, 1431214.612380497390404 ], [ -4301840.7577621396631, 1431175.584876901004463 ], [ -4301683.662467868998647, 1431131.07086096261628 ], [ -4301526.598821325227618, 1431086.436149983201176 ], [ -4301362.661084615625441, 1431050.344470149138942 ], [ -4301201.900213987566531, 1431014.950924160191789 ], [ -4301042.676464255899191, 1430983.573970171622932 ], [ -4300879.03521622903645, 1430951.305442592827603 ], [ -4300721.407651323825121, 1430914.790039691375569 ], [ -4300555.281098237261176, 1430876.191381052369252 ], [ -4300400.293194792233407, 1430839.459223356097937 ], [ -4300237.500772465951741, 1430800.953450809698552 ], [ -4300076.574760207906365, 1430751.309201386990026 ], [ -4299968.96825048327446, 1430718.129055521218106 ], [ -4299815.205429731868207, 1430670.737257986329496 ], [ -4299606.41125066857785, 1430611.472827698802575 ], [ -4299400.14080957043916, 1430551.444678959203884 ], [ -4298977.532014206051826, 1430425.409233564510942 ], [ -4298338.759725464507937, 1430246.58646766631864 ], [ -4297891.989908955991268, 1430114.132041834061965 ], [ -4297699.214622308500111, 1430056.842002258868888 ] ] ] } },
{ "type": "Feature", "properties": { "neighborhood": "Sloan Lake", "total_housing": 4306.0, "total_occupied_housing": 3889.0, "total_vacant_housing": 417.0, "owner_occupied_units": 2218.0, "renter_occupied_units": 1671.0, "vacant_homes_rented": 36.0, "vacant_homes_sold": 0.0, "vacant_homes_seasonal": 0.0, "population": 7917.0, "median_gross_rent": 1709.0, "median_home_value": 880475.0, "median_household_income": 150559.0, "total_listings": 93, "pct_entire_home": 92.47, "avg_price": 275.79, "avg_bedrooms": 1.98, "avg_price_per_bedroom": 128.38, "avg_estimated_annual_revenue": 35333.09, "estimated_total_annual_revenue": 2861980.0, "total_hosts": 82, "hobbyist_hosts": 65, "small_business_hosts": 9, "commercial_hosts": 8 }, "geometry": { "type": "Polygon", "coordinates": [ [ [ -4298670.131781770847738, 1426240.012266715522856 ], [ -4298722.702278487384319, 1426035.108421220211312 ], [ -4298728.345056756399572, 1426012.572486815275624 ], [ -4298743.647479639388621, 1426000.703242750838399 ], [ -4298791.590172023512423, 1425810.622077198000625 ], [ -4298900.87758559640497, 1425375.346027094405144 ], [ -4298951.571995480917394, 1425180.875361652579159 ], [ -4298940.426395698450506, 1425167.406424787826836 ], [ -4298994.413596699014306, 1424954.684601863147691 ], [ -4299063.468612023629248, 1424674.929368047975004 ], [ -4299083.76393652241677, 1424671.406100671039894 ], [ -4299118.318187628872693, 1424530.217100978596136 ], [ -4299232.227765675634146, 1424105.10799347772263 ], [ -4299296.021059092134237, 1423857.770137017592788 ], [ -4299278.340358876623213, 1423842.595884332899004 ], [ -4299322.472406125627458, 1423673.698478737846017 ], [ -4299365.979282441549003, 1423504.212974146706983 ], [ -4299380.9766447218135, 1423491.257880745222792 ], [ -4299441.819978022016585, 1423249.952607759041712 ], [ -4299552.217253913171589, 1422822.093346069101244 ], [ -4299612.408972231671214, 1422587.048773635644466 ], [ -4299603.955757810734212, 1422572.95903955376707 ], [ -4299649.04963390994817, 1422392.455161029472947 ], [ -4299690.653357572853565, 1422222.718312359182164 ], [ -4299702.870854393579066, 1422172.814060978125781 ], [ -4299753.836826633661985, 1421963.151327557163313 ], [ -4300191.678331424482167, 1422075.327417574124411 ], [ -4300357.882084181532264, 1422118.595900514861569 ], [ -4300452.232094512321055, 1422143.158416638383642 ], [ -4300616.015878550708294, 1422185.797137369168922 ], [ -4300796.16585932765156, 1422232.050461161648855 ], [ -4300862.306033962406218, 1422248.881464743055403 ], [ -4301041.004423323087394, 1422294.756957953330129 ], [ -4301247.587184225209057, 1422347.633418458513916 ], [ -4301468.927455224096775, 1422404.351757048629224 ], [ -4301687.649592748843133, 1422462.196750460658222 ], [ -4301886.775606422685087, 1422514.940192454727367 ], [ -4302091.981269941665232, 1422569.137314097257331 ], [ -4302303.687502501532435, 1422625.155917821219191 ], [ -4302402.106699001044035, 1422645.998784074792638 ], [ -4302470.581565288826823, 1422662.791967587778345 ], [ -4302629.188658344559371, 1422701.4995636055246 ], [ -4302738.888146883808076, 1422272.183031747816131 ], [ -4302846.179740472696722, 1421844.176955626811832 ], [ -4303013.602114140987396, 1421886.729453441221267 ], [ -4303178.573719167150557, 1421928.773181615397334 ], [ -4303336.11026778165251, 1421971.593681464437395 ], [ -4303497.211109908297658, 1422012.629653914598748 ], [ -4303654.376600136980414, 1422049.928869565483183 ], [ -4303811.260325342416763, 1422091.287722892826423 ], [ -4304682.675521831959486, 1422318.147558826487511 ], [ -4304771.462209770455956, 1422341.261848411522806 ], [ -4305094.190631994977593, 1422425.279395745834336 ], [ -4305248.065264602191746, 1422464.30513238417916 ], [ -4305403.633272272534668, 1422503.771625972818583 ], [ -4305566.217231196351349, 1422545.064625693485141 ], [ -4305721.059455757960677, 1422584.342336344299838 ], [ -4306045.219376988708973, 1422670.799164211843163 ], [ -4306199.557806702330709, 1422712.012268954189494 ], [ -4306363.331342018209398, 1422755.681578615214676 ], [ -4306522.579703841358423, 1422793.910565590718761 ], [ -4306670.152735214680433, 1422829.358371403068304 ], [ -4306809.964082732796669, 1422864.852221583016217 ], [ -4306974.030984424985945, 1422906.4021197615657 ], [ -4307135.899079486727715, 1422946.475631667068228 ], [ -4307291.718972096219659, 1422984.974587050033733 ], [ -4307442.396992342546582, 1423025.36387984175235 ], [ -4307597.187447534874082, 1423066.82464277651161 ], [ -4307273.206119139678776, 1424346.030835798475891 ], [ -4306300.05373877286911, 1428183.870293582323939 ], [ -4306299.924285250715911, 1428183.819440391147509 ], [ -4306138.496908280998468, 1428142.052353247534484 ], [ -4305984.327693627215922, 1428102.174832095624879 ], [ -4305828.84438931196928, 1428063.376016729976982 ], [ -4305819.861645961180329, 1428061.166730823460966 ], [ -4305660.991338035091758, 1428021.48608874110505 ], [ -4305379.874474641866982, 1427948.301352773793042 ], [ -4305226.453865905292332, 1427912.493622826645151 ], [ -4305147.534803587943316, 1427894.144032167736441 ], [ -4305053.795418804511428, 1427872.194408418145031 ], [ -4304987.390402348712087, 1427851.419493554159999 ], [ -4304585.18640533555299, 1427750.198871197644621 ], [ -4304414.547735140658915, 1427711.071190926479176 ], [ -4304178.008059267885983, 1427649.233169449027628 ], [ -4304072.182315653190017, 1427623.103668010327965 ], [ -4303782.07411726936698, 1427551.711626677075401 ], [ -4303623.780697803013027, 1427508.823089461075142 ], [ -4303462.131676211021841, 1427464.931885951431468 ], [ -4303304.47103176638484, 1427425.566486165858805 ], [ -4303142.424068866297603, 1427385.188272450352088 ], [ -4302984.248073103837669, 1427345.817662594839931 ], [ -4302825.861574763432145, 1427306.263392895227298 ], [ -4302662.846982033923268, 1427265.633140507386997 ], [ -4302501.073655359447002, 1427225.197023572633043 ], [ -4302336.827949880622327, 1427183.342187216272578 ], [ -4302326.87747650500387, 1427180.880956853041425 ], [ -4302183.227044186554849, 1427144.258701540762559 ], [ -4302026.722937243059278, 1427104.419493484543636 ], [ -4301865.622276079840958, 1427063.383366043679416 ], [ -4301545.263385219499469, 1426985.149302635109052 ], [ -4301381.302626371383667, 1426945.176956789335236 ], [ -4301221.727965369820595, 1426906.21747317770496 ], [ -4300902.015867531299591, 1426817.560610602376983 ], [ -4300588.722937924787402, 1426735.999689946882427 ], [ -4300264.059424782171845, 1426651.478642627596855 ], [ -4299948.830909496173263, 1426569.413875294383615 ], [ -4299469.495719529688358, 1426449.922117573907599 ], [ -4299313.16899964120239, 1426407.416742174420506 ], [ -4299302.492760300636292, 1426404.766521452926099 ], [ -4299107.091772209852934, 1426355.576048920862377 ], [ -4298904.09503033850342, 1426301.82501443172805 ], [ -4298670.131781770847738, 1426240.012266715522856 ] ] ] } },
{ "type": "Feature", "properties": { "neighborhood": "Berkeley", "total_housing": 4788.0, "total_occupied_housing": 4546.0, "total_vacant_housing": 242.0, "owner_occupied_units": 3083.0, "renter_occupied_units": 1463.0, "vacant_homes_rented": 0.0, "vacant_homes_sold": 0.0, "vacant_homes_seasonal": 0.0, "population": 9157.0, "median_gross_rent": 2115.0, "median_home_value": 911359.0, "median_household_income": 149085.0, "total_listings": 173, "pct_entire_home": 83.82, "avg_price": 279.33, "avg_bedrooms": 1.77, "avg_price_per_bedroom": 145.95, "avg_estimated_annual_revenue": 29483.7, "estimated_total_annual_revenue": 4452039.0, "total_hosts": 136, "hobbyist_hosts": 111, "small_business_hosts": 12, "commercial_hosts": 13 }, "geometry": { "type": "Polygon", "coordinates": [ [ [ -4296329.097005759365857, 1435382.155713947722688 ], [ -4296335.56135263107717, 1435355.594115881249309 ], [ -4296369.412752266973257, 1435216.502339066704735 ], [ -4296454.840831656940281, 1434889.39521530456841 ], [ -4296505.331087344326079, 1434745.593456771457568 ], [ -4296544.082775834947824, 1434595.193246618146077 ], [ -4296652.5286880787462, 1434172.442997982027009 ], [ -4296698.675928498618305, 1433926.920738441636786 ], [ -4296754.251686873845756, 1433779.259260592982173 ], [ -4296827.050536010414362, 1433501.426631911890581 ], [ -4296937.072984248399734, 1433082.017335356445983 ], [ -4297033.469064306467772, 1432651.823372609447688 ], [ -4297129.787629437632859, 1432346.917409186484292 ], [ -4297224.262934991158545, 1431974.862527794437483 ], [ -4297339.059001309797168, 1431525.756113840267062 ], [ -4297368.792250757105649, 1431343.928064428269863 ], [ -4297430.753782062791288, 1431170.644428307889029 ], [ -4297466.311052484437823, 1431033.623029317008331 ], [ -4297549.500892514362931, 1430712.896950516151264 ], [ -4297576.098589742556214, 1430608.822296582395211 ], [ -4297614.98004733491689, 1430386.359170699957758 ], [ -4297656.765933904796839, 1430222.870958526153117 ], [ -4297699.214622308500111, 1430056.842002258868888 ], [ -4297891.989908955991268, 1430114.132041834061965 ], [ -4298338.759725464507937, 1430246.58646766631864 ], [ -4298977.532014206051826, 1430425.409233564510942 ], [ -4299400.14080957043916, 1430551.444678959203884 ], [ -4299606.41125066857785, 1430611.472827698802575 ], [ -4299815.205429731868207, 1430670.737257986329496 ], [ -4299968.96825048327446, 1430718.129055521218106 ], [ -4300076.574760207906365, 1430751.309201386990026 ], [ -4300237.500772465951741, 1430800.953450809698552 ], [ -4300400.293194792233407, 1430839.459223356097937 ], [ -4300555.281098237261176, 1430876.191381052369252 ], [ -4300721.407651323825121, 1430914.790039691375569 ], [ -4300879.03521622903645, 1430951.305442592827603 ], [ -4301042.676464255899191, 1430983.573970171622932 ], [ -4301201.900213987566531, 1431014.950924160191789 ], [ -4301362.661084615625441, 1431050.344470149138942 ], [ -4301526.598821325227618, 1431086.436149983201176 ], [ -4301683.662467868998647, 1431131.07086096261628 ], [ -4301840.7577621396631, 1431175.584876901004463 ], [ -4302001.089521526359022, 1431214.612380497390404 ], [ -4302161.936522507108748, 1431253.644858910935 ], [ -4302325.481838011182845, 1431283.305459942203015 ], [ -4302337.829922955483198, 1431285.486836500000209 ], [ -4302489.542356583289802, 1431312.970969155896455 ], [ -4302647.411846093833447, 1431349.549349880078807 ], [ -4302806.280542567372322, 1431386.258547340985388 ], [ -4303114.106419866904616, 1431471.950544450432062 ], [ -4303268.948342773132026, 1431511.227945528924465 ], [ -4303423.758841814473271, 1431550.626414964906871 ], [ -4303740.056093803606927, 1431625.607716125668958 ], [ -4303884.894583384506404, 1431661.635114175966009 ], [ -4304055.471705566160381, 1431703.975865606684238 ], [ -4304112.366824044845998, 1431720.596046595834196 ], [ -4304371.66742938850075, 1431786.292851781239733 ], [ -4304528.854012733325362, 1431824.501886198529974 ], [ -4304687.523868132382631, 1431862.967700576176867 ], [ -4304845.90852880012244, 1431899.551121599506587 ], [ -4305005.986781289801002, 1431936.575394950341433 ], [ -4305162.974542198702693, 1431976.540678227320313 ], [ -4305322.381641990505159, 1432017.136091892141849 ], [ -4304671.587151883170009, 1434570.544846590375528 ], [ -4304032.269371365197003, 1437077.843045329675078 ], [ -4304029.484498925507069, 1437078.214094042778015 ], [ -4303950.898929939605296, 1437086.174609907669947 ], [ -4303841.512840178795159, 1437109.371176020242274 ], [ -4303769.776993219740689, 1437131.678250750992447 ], [ -4303565.199470581486821, 1437202.257893993053585 ], [ -4303302.487849303521216, 1437294.231017678743228 ], [ -4303238.79936190135777, 1437306.160246612736955 ], [ -4303119.835139589384198, 1437325.081381012685597 ], [ -4302982.218345481902361, 1437326.673592746490613 ], [ -4302940.714017300866544, 1437324.986703721806407 ], [ -4302860.55800127889961, 1437321.728775568306446 ], [ -4302706.278008277527988, 1437294.928191318409517 ], [ -4302618.703138804063201, 1437268.565610803198069 ], [ -4302542.444065774790943, 1437239.803309093462303 ], [ -4302474.597650803625584, 1437206.103960196254775 ], [ -4302403.413791663013399, 1437171.535682043293491 ], [ -4302328.665032373741269, 1437116.438856174470857 ], [ -4302253.116390508599579, 1437057.570213084574789 ], [ -4302187.145753043703735, 1437002.976902589900419 ], [ -4302111.803971049375832, 1436922.779967857990414 ], [ -4302021.695357245393097, 1436834.283875884255394 ], [ -4301829.203509954735637, 1436629.150754405418411 ], [ -4301706.336992988362908, 1436533.01773044699803 ], [ -4301577.822711321525276, 1436458.578384746797383 ], [ -4301525.794925729744136, 1436432.560856814030558 ], [ -4301461.03439602907747, 1436404.119269236223772 ], [ -4301396.456588429398835, 1436378.39818797679618 ], [ -4301333.913009936921299, 1436358.552164791850373 ], [ -4300708.748837204650044, 1436196.690893934806809 ], [ -4299964.599925447255373, 1436012.763217746512964 ], [ -4299674.237388136796653, 1435937.171765189617872 ], [ -4299514.906217780895531, 1435892.128454479156062 ], [ -4299418.118596968241036, 1435866.931284392019734 ], [ -4299229.505091640166938, 1435800.901272340212017 ], [ -4298961.546710531227291, 1435700.850948206614703 ], [ -4298746.78116390760988, 1435636.030866293469444 ], [ -4298646.290743834339082, 1435604.524331859080121 ], [ -4298579.975081230513752, 1435585.47811329155229 ], [ -4298499.55458889529109, 1435576.124035684159026 ], [ -4298446.519986087456346, 1435567.662704766727984 ], [ -4298385.94145754352212, 1435560.801314313197508 ], [ -4298291.050223360769451, 1435555.698117654072121 ], [ -4298173.939316583797336, 1435551.534569065552205 ], [ -4297700.487900862470269, 1435534.702168226940557 ], [ -4297141.130054822191596, 1435493.156507576582953 ], [ -4296919.984530688263476, 1435476.731193981366232 ], [ -4296718.658757478930056, 1435449.265130207175389 ], [ -4296558.320701410993934, 1435421.778526275418699 ], [ -4296456.823372648097575, 1435407.828344092937186 ], [ -4296378.757694127038121, 1435392.850697486661375 ], [ -4296368.485132477246225, 1435390.638007164001465 ], [ -4296329.097005759365857, 1435382.155713947722688 ] ] ] } },
{ "type": "Feature", "properties": { "neighborhood": "Regis", "total_housing": 1846.0, "total_occupied_housing": 1824.0, "total_vacant_housing": 22.0, "owner_occupied_units": 1359.0, "renter_occupied_units": 465.0, "vacant_homes_rented": 0.0, "vacant_homes_sold": 0.0, "vacant_homes_seasonal": 0.0, "population": 4743.0, "median_gross_rent": 1931.0, "median_home_value": 613700.0, "median_household_income": 120059.0, "total_listings": 41, "pct_entire_home": 87.8, "avg_price": 235.7, "avg_bedrooms": 2.21, "avg_price_per_bedroom": 90.44, "avg_estimated_annual_revenue": 30713.09, "estimated_total_annual_revenue": 1013532.0, "total_hosts": 38, "hobbyist_hosts": 31, "small_business_hosts": 3, "commercial_hosts": 4 }, "geometry": { "type": "Polygon", "coordinates": [ [ [ -4296937.624019208364189, 1438411.711891536368057 ], [ -4297016.698694369755685, 1438091.138131870655343 ], [ -4295737.380608882755041, 1437758.388891860609874 ], [ -4295723.56088728364557, 1437757.890932347858325 ], [ -4295890.051061450503767, 1437096.535326523240656 ], [ -4296060.524501664564013, 1436471.47720757778734 ], [ -4296217.3192646401003, 1435812.634700057562441 ], [ -4296306.387671763077378, 1435475.464712326647714 ], [ -4296329.097349190153182, 1435382.155047767562792 ], [ -4296368.485066276974976, 1435390.637971061514691 ], [ -4296378.757716316729784, 1435392.850684379227459 ], [ -4296456.823360127396882, 1435407.82824639743194 ], [ -4296558.320520487613976, 1435421.778422520728782 ], [ -4296718.6587003050372, 1435449.265058652497828 ], [ -4296919.98456153459847, 1435476.731220897985622 ], [ -4297141.129716441035271, 1435493.156646188581362 ], [ -4297700.487971566617489, 1435534.702186659444124 ], [ -4298173.939448058605194, 1435551.53471662173979 ], [ -4298291.050093261525035, 1435555.698253771057352 ], [ -4298385.941509924829006, 1435560.801403519697487 ], [ -4298446.519911509007215, 1435567.66262870025821 ], [ -4298499.554645803757012, 1435576.124107132200152 ], [ -4298579.975157379172742, 1435585.478038683766499 ], [ -4298646.290802308358252, 1435604.524252642411739 ], [ -4298746.781106361187994, 1435636.030870201066136 ], [ -4298961.546653636731207, 1435700.850876716664061 ], [ -4298967.979292013682425, 1435703.252613113261759 ], [ -4299229.505123139359057, 1435800.90122386883013 ], [ -4299418.11868083756417, 1435866.931325132027268 ], [ -4299514.906319331377745, 1435892.128499828279018 ], [ -4299674.237661960534751, 1435937.171874231658876 ], [ -4299964.59988106507808, 1436012.763243942987174 ], [ -4300708.74878934212029, 1436196.690787048777565 ], [ -4301333.912969136610627, 1436358.5522485896945 ], [ -4301396.456536062993109, 1436378.398098770296201 ], [ -4301461.03428902104497, 1436404.119316945550963 ], [ -4301501.525012199766934, 1436421.902468362357467 ], [ -4301525.794837335124612, 1436432.560833818977699 ], [ -4301577.82264512591064, 1436458.578348620794713 ], [ -4301706.337183589115739, 1436533.017723412252963 ], [ -4301829.203536284156144, 1436629.150799015536904 ], [ -4302021.695392600260675, 1436834.283885088982061 ], [ -4302111.803753183223307, 1436922.780005605425686 ], [ -4302187.145700672641397, 1437002.976813411107287 ], [ -4302253.116429725661874, 1437057.570279918378219 ], [ -4302328.664943981915712, 1437116.438833179417998 ], [ -4302403.413507874123752, 1437171.535683757858351 ], [ -4302474.597731481306255, 1437206.103867885889485 ], [ -4302542.443991206586361, 1437239.803233013022691 ], [ -4302618.703195683658123, 1437268.565682292915881 ], [ -4302706.277945274487138, 1437294.928288252325729 ], [ -4302860.558054974302649, 1437321.728714003227651 ], [ -4302940.714019572362304, 1437324.986477627186105 ], [ -4302982.218270919285715, 1437326.673516666051 ], [ -4303119.835170434787869, 1437325.081407896941528 ], [ -4303238.79938024841249, 1437306.160175806144252 ], [ -4303302.487953783012927, 1437294.230761558748782 ], [ -4303565.199440683238208, 1437202.257791744079441 ], [ -4303769.776940193027258, 1437131.678236918756738 ], [ -4303841.512871022336185, 1437109.37120291381143 ], [ -4303950.899068444035947, 1437086.174513777950779 ], [ -4304014.481154276058078, 1437079.733716472052038 ], [ -4304029.484184576198459, 1437078.21406884980388 ], [ -4304032.269141279160976, 1437077.842985432827845 ], [ -4304031.75295961368829, 1437079.86789516126737 ], [ -4304019.448252450674772, 1437128.12255857209675 ], [ -4306580.34576247818768, 1437794.300331785809249 ], [ -4306173.898084216751158, 1439379.293731338577345 ], [ -4306811.46497059520334, 1439543.184112396789715 ], [ -4306632.303531965240836, 1440240.833414278691635 ], [ -4306472.553175526671112, 1440199.739165455335751 ], [ -4306403.650152497924864, 1440468.04553889343515 ], [ -4305925.639592418447137, 1440345.081777758197859 ], [ -4305977.854056484997272, 1440141.743969797389582 ], [ -4305743.448194682598114, 1440081.470870035467669 ], [ -4305601.439224863424897, 1440261.714862827211618 ], [ -4303367.417047215625644, 1439687.276845484739169 ], [ -4300856.392653864808381, 1439061.72485190583393 ], [ -4298295.615963943302631, 1438423.868345005437732 ], [ -4298217.198990381322801, 1438743.73567979526706 ], [ -4296937.624019208364189, 1438411.711891536368057 ] ] ] } },
{ "type": "Feature", "properties": { "neighborhood": "Chaffee Park", "total_housing": 1762.0, "total_occupied_housing": 1754.0, "total_vacant_housing": 8.0, "owner_occupied_units": 1192.0, "renter_occupied_units": 563.0, "vacant_homes_rented": 0.0, "vacant_homes_sold": 0.0, "vacant_homes_seasonal": 0.0, "population": 3726.0, "median_gross_rent": 1293.0, "median_home_value": 535603.0, "median_household_income": 97726.0, "total_listings": 35, "pct_entire_home": 91.43, "avg_price": 467.23, "avg_bedrooms": 2.13, "avg_price_per_bedroom": 178.65, "avg_estimated_annual_revenue": 37825.42, "estimated_total_annual_revenue": 983461.0, "total_hosts": 31, "hobbyist_hosts": 19, "small_business_hosts": 5, "commercial_hosts": 7 }, "geometry": { "type": "Polygon", "coordinates": [ [ [ -4294301.277094686403871, 1438064.675816443283111 ], [ -4294460.47159540373832, 1437426.095650500617921 ], [ -4293183.289086033590138, 1437093.860785127617419 ], [ -4290615.567197602242231, 1436431.081695853732526 ], [ -4288361.856882750988007, 1435848.5677946486976 ], [ -4288360.423261082731187, 1435848.197221738286316 ], [ -4289134.694348706863821, 1432866.386264900211245 ], [ -4289179.959815078414977, 1432895.119924577185884 ], [ -4289424.735294364392757, 1433056.844361461000517 ], [ -4289659.932500946335495, 1433214.293541467748582 ], [ -4289935.520990015007555, 1433411.658348691416904 ], [ -4290096.107358179986477, 1433499.79206416499801 ], [ -4290193.556850410066545, 1433542.979877355741337 ], [ -4290304.859781244769692, 1433580.864818260073662 ], [ -4290336.459401271305978, 1433586.377633502474055 ], [ -4290397.761650934815407, 1433597.03191600786522 ], [ -4290492.149512954987586, 1433610.913008888252079 ], [ -4290704.860213834792376, 1433628.869758136570454 ], [ -4290927.217953669838607, 1433643.992312558693811 ], [ -4291114.714704702608287, 1433652.712064114399254 ], [ -4291194.152780458331108, 1433655.57404401153326 ], [ -4291258.344816621392965, 1433670.921562049305066 ], [ -4291278.024683569557965, 1433675.626806090120226 ], [ -4291375.875791811384261, 1433699.569929785095155 ], [ -4291391.934230833314359, 1433703.499401897192001 ], [ -4291487.487551551312208, 1433726.593145781196654 ], [ -4291654.521291618235409, 1433796.80507470946759 ], [ -4291838.676855330355465, 1433869.692732880823314 ], [ -4291968.015287669375539, 1433923.855014132335782 ], [ -4292194.689651886001229, 1434011.375283621251583 ], [ -4292237.704033646732569, 1434026.610759906237945 ], [ -4292403.511019237339497, 1434085.338700583670288 ], [ -4292555.732914024032652, 1434130.312545051099733 ], [ -4293566.354562623426318, 1434416.574699795804918 ], [ -4293947.995230345986784, 1434524.837712278589606 ], [ -4294507.712895223870873, 1434664.314325915882364 ], [ -4294776.19902534969151, 1434731.53751799906604 ], [ -4294834.605249564163387, 1434746.742609942564741 ], [ -4294910.498978679068387, 1434770.064015979412943 ], [ -4294999.673648674041033, 1434803.970207380363718 ], [ -4295060.045177888125181, 1434832.159872516291216 ], [ -4295172.513427978381515, 1434879.257609852589667 ], [ -4295449.636209780350327, 1435026.239598080283031 ], [ -4295544.540624978020787, 1435072.888037221273407 ], [ -4295831.135030586272478, 1435213.75816437555477 ], [ -4295904.056748824194074, 1435241.651274534640834 ], [ -4295991.128098019398749, 1435276.791818932630122 ], [ -4296112.443569692783058, 1435317.283536140574142 ], [ -4296280.053465844132006, 1435369.701437773648649 ], [ -4296299.457367887720466, 1435375.769870282616466 ], [ -4296329.097005759365857, 1435382.155713947722688 ], [ -4296306.387671763077378, 1435475.464712326647714 ], [ -4296217.3192646401003, 1435812.634700057562441 ], [ -4296060.524501664564013, 1436471.47720757778734 ], [ -4295890.051061450503767, 1437096.535326523240656 ], [ -4295723.888616733253002, 1437754.316544582834467 ], [ -4295738.199656340293586, 1437758.489478981355205 ], [ -4295487.796968516893685, 1438766.402895239414647 ], [ -4295477.105036482214928, 1438767.494300753576681 ], [ -4295419.104217685759068, 1438773.414866454899311 ], [ -4295402.435127363540232, 1438774.605835827533156 ], [ -4295385.724471244029701, 1438774.78180442424491 ], [ -4295330.664520299993455, 1438768.091583710163832 ], [ -4295317.549377447925508, 1438764.79074138822034 ], [ -4295304.61243364866823, 1438760.848912653746083 ], [ -4295291.884995627216995, 1438756.275636564707384 ], [ -4295279.397863646969199, 1438751.081980353919789 ], [ -4295267.181256089359522, 1438745.280512487515807 ], [ -4295255.264736539684236, 1438738.885272302431986 ], [ -4295243.677143019624054, 1438731.911736141890287 ], [ -4295232.446516929194331, 1438724.3767797248438 ], [ -4295221.600036040879786, 1438716.298637438565493 ], [ -4295211.163948368281126, 1438707.696858006995171 ], [ -4295201.163509037345648, 1438698.59225756698288 ], [ -4295191.622918958775699, 1438689.006869002943859 ], [ -4295182.565265936776996, 1438678.963888611411676 ], [ -4295174.012469069100916, 1438668.487620046362281 ], [ -4295165.985226146876812, 1438657.603415630524978 ], [ -4295158.502962667495012, 1438646.337614743504673 ], [ -4295148.573238036595285, 1438629.220632583834231 ], [ -4295139.90051696728915, 1438611.433715450344607 ], [ -4295116.338501037098467, 1438558.344527000794187 ], [ -4295109.175391766242683, 1438543.539125017821789 ], [ -4295101.05400250479579, 1438529.236918930429965 ], [ -4295092.009504575282335, 1438515.49984777555801 ], [ -4295082.081067482940853, 1438502.387403099099174 ], [ -4295071.311688466928899, 1438489.95637142797932 ], [ -4295059.748007219284773, 1438478.260588289005682 ], [ -4295047.440102603286505, 1438467.350705004995689 ], [ -4295034.441276788711548, 1438457.273969244677573 ], [ -4295020.807824538089335, 1438448.074020826490596 ], [ -4295006.598788602277637, 1438439.790702227735892 ], [ -4294991.875704307109118, 1438432.459886251017451 ], [ -4294976.702333459630609, 1438426.113320667762309 ], [ -4294961.144387908279896, 1438420.778490818105638 ], [ -4294945.269245211966336, 1438416.478500474710017 ], [ -4294929.145656017586589, 1438413.23197165178135 ], [ -4294912.843447543680668, 1438411.052964311325923 ], [ -4294912.823847947642207, 1438411.050903090741485 ], [ -4294912.814440433867276, 1438411.04851065040566 ], [ -4294912.785909814760089, 1438411.043822178151459 ], [ -4294894.539775905199349, 1438409.89016356645152 ], [ -4294876.2581249717623, 1438410.073430756106973 ], [ -4294858.03878562990576, 1438411.592643255135044 ], [ -4294839.979251721873879, 1438414.439671440515667 ], [ -4294817.674555257894099, 1438419.871687511913478 ], [ -4294795.962372357025743, 1438427.327383088879287 ], [ -4294775.025888711214066, 1438436.743854440981522 ], [ -4294755.041745334863663, 1438448.041654773754999 ], [ -4294668.542488349601626, 1438502.303255659062415 ], [ -4294656.267637892626226, 1438510.521314063575119 ], [ -4294644.502443289384246, 1438519.453762395074591 ], [ -4294633.288426161743701, 1438529.069076132727787 ], [ -4294622.665163376368582, 1438539.3333209969569 ], [ -4294606.216614575125277, 1438556.261549969669431 ], [ -4294595.730055062100291, 1438569.423486734274775 ], [ -4294586.084082367829978, 1438583.213327839039266 ], [ -4294577.316191388294101, 1438597.577470431104302 ], [ -4294569.460463942028582, 1438612.460079398006201 ], [ -4294543.221345121972263, 1438663.224540204973891 ], [ -4294514.718905594199896, 1438712.753649829654023 ], [ -4294326.613345199264586, 1438591.687530518043786 ], [ -4294548.328468262217939, 1438247.426060647703707 ], [ -4294321.68640473857522, 1438116.840635507600382 ], [ -4294301.277094686403871, 1438064.675816443283111 ] ] ] } },
{ "type": "Feature", "properties": { "neighborhood": "Sunnyside", "total_housing": 5327.0, "total_occupied_housing": 5021.0, "total_vacant_housing": 307.0, "owner_occupied_units": 3020.0, "renter_occupied_units": 2001.0, "vacant_homes_rented": 0.0, "vacant_homes_sold": 22.0, "vacant_homes_seasonal": 0.0, "population": 10085.0, "median_gross_rent": 1706.0, "median_home_value": 705327.0, "median_household_income": 104533.0, "total_listings": 131, "pct_entire_home": 95.42, "avg_price": 284.83, "avg_bedrooms": 2.08, "avg_price_per_bedroom": 117.75, "avg_estimated_annual_revenue": 37672.7, "estimated_total_annual_revenue": 3955633.0, "total_hosts": 114, "hobbyist_hosts": 83, "small_business_hosts": 15, "commercial_hosts": 16 }, "geometry": { "type": "Polygon", "coordinates": [ [ [ -4289134.694348706863821, 1432866.386264900211245 ], [ -4289521.749880606308579, 1431375.789055097382516 ], [ -4289680.345068266615272, 1430743.763195830630139 ], [ -4289774.894614142365754, 1430369.659355289535597 ], [ -4289888.527463332749903, 1429922.252132178051397 ], [ -4290005.309823998250067, 1429484.576874253805727 ], [ -4290117.147735510952771, 1429044.064456474967301 ], [ -4290224.602581745013595, 1428608.481434832792729 ], [ -4290326.203296848572791, 1428216.39555565151386 ], [ -4290333.95334022026509, 1428184.750974287744612 ], [ -4290382.537067456170917, 1428196.630118250846863 ], [ -4290940.05071266926825, 1428347.507233103737235 ], [ -4290984.583684024401009, 1428346.517445452976972 ], [ -4291144.484672681428492, 1428386.207372838631272 ], [ -4291304.143721763044596, 1428425.83439775230363 ], [ -4291467.673540782183409, 1428466.46911540790461 ], [ -4291633.380797576159239, 1428507.670621725497767 ], [ -4291793.945973709225655, 1428550.762401373125613 ], [ -4291809.155825258232653, 1428554.851184038445354 ], [ -4291951.366217479109764, 1428593.035705759422854 ], [ -4292106.155215227045119, 1428631.523929544026032 ], [ -4292265.088494919240475, 1428670.962053324328735 ], [ -4292421.161557212471962, 1428711.463860567426309 ], [ -4292471.965939671732485, 1428724.689890438690782 ], [ -4292583.493331462144852, 1428753.724093061638996 ], [ -4292741.238519023172557, 1428793.756956981727853 ], [ -4292850.504103757441044, 1428821.556566071696579 ], [ -4293012.572341680526733, 1428862.844020330347121 ], [ -4293444.343980475328863, 1428972.535977852297947 ], [ -4293607.622019495815039, 1429014.138427064986899 ], [ -4293715.67791486531496, 1429041.623120185453445 ], [ -4293875.842271944507957, 1429082.285895647015423 ], [ -4294039.05711455270648, 1429124.130226765060797 ], [ -4294147.534110780805349, 1429151.982817402807996 ], [ -4294193.562786160968244, 1429163.707356458064169 ], [ -4294309.759745779447258, 1429192.665673951618373 ], [ -4294356.146408362314105, 1429204.999890854116529 ], [ -4294467.274419965222478, 1429234.575956227490678 ], [ -4294510.999856014735997, 1429246.217521072598174 ], [ -4294579.043858797289431, 1429263.673230005428195 ], [ -4294666.957060462795198, 1429286.17247629747726 ], [ -4294746.161027206107974, 1429306.404403930995613 ], [ -4294831.139702225103974, 1429328.268848010804504 ], [ -4294896.774396425113082, 1429344.064228691160679 ], [ -4294988.904772073030472, 1429366.240550564369187 ], [ -4295147.364041978493333, 1429404.522131213918328 ], [ -4295571.487238918431103, 1429508.864856562577188 ], [ -4295727.538798664696515, 1429548.457011576043442 ], [ -4295836.352033963426948, 1429576.009701528353617 ], [ -4295994.612410336732864, 1429616.047747714212164 ], [ -4296416.874464866705239, 1429721.585185491945595 ], [ -4296579.406559161841869, 1429765.060224242974073 ], [ -4296834.438495706766844, 1429833.261885108426213 ], [ -4297064.162699017673731, 1429894.487549521261826 ], [ -4297260.120355067774653, 1429942.531234615016729 ], [ -4297421.242426998913288, 1429984.476746563566849 ], [ -4297526.963583921082318, 1430011.999534695409238 ], [ -4297699.214622308500111, 1430056.842002258868888 ], [ -4297656.765933904796839, 1430222.870958526153117 ], [ -4297614.98004733491689, 1430386.359170699957758 ], [ -4297576.098589742556214, 1430608.822296582395211 ], [ -4297549.500892514362931, 1430712.896950516151264 ], [ -4297466.311052484437823, 1431033.623029317008331 ], [ -4297430.753782062791288, 1431170.644428307889029 ], [ -4297368.792250757105649, 1431343.928064428269863 ], [ -4297339.059001309797168, 1431525.756113840267062 ], [ -4297224.262934991158545, 1431974.862527794437483 ], [ -4297129.787629437632859, 1432346.917409186484292 ], [ -4297033.469064306467772, 1432651.823372609447688 ], [ -4296937.072984248399734, 1433082.017335356445983 ], [ -4296827.050536010414362, 1433501.426631911890581 ], [ -4296754.251686873845756, 1433779.259260592982173 ], [ -4296698.675928498618305, 1433926.920738441636786 ], [ -4296652.5286880787462, 1434172.442997982027009 ], [ -4296544.082775834947824, 1434595.193246618146077 ], [ -4296505.331087344326079, 1434745.593456771457568 ], [ -4296454.840831656940281, 1434889.39521530456841 ], [ -4296369.412752266973257, 1435216.502339066704735 ], [ -4296335.56135263107717, 1435355.594115881249309 ], [ -4296329.097005759365857, 1435382.155713947722688 ], [ -4296299.457367887720466, 1435375.769870282616466 ], [ -4296280.053465844132006, 1435369.701437773648649 ], [ -4296112.443569692783058, 1435317.283536140574142 ], [ -4295991.128098019398749, 1435276.791818932630122 ], [ -4295904.056748824194074, 1435241.651274534640834 ], [ -4295831.135030586272478, 1435213.75816437555477 ], [ -4295544.540624978020787, 1435072.888037221273407 ], [ -4295449.636209780350327, 1435026.239598080283031 ], [ -4295172.513427978381515, 1434879.257609852589667 ], [ -4295060.045177888125181, 1434832.159872516291216 ], [ -4294999.673648674041033, 1434803.970207380363718 ], [ -4294910.498978679068387, 1434770.064015979412943 ], [ -4294834.605249564163387, 1434746.742609942564741 ], [ -4294776.19902534969151, 1434731.53751799906604 ], [ -4294507.712895223870873, 1434664.314325915882364 ], [ -4293947.995230345986784, 1434524.837712278589606 ], [ -4293566.354562623426318, 1434416.574699795804918 ], [ -4292555.732914024032652, 1434130.312545051099733 ], [ -4292403.511019237339497, 1434085.338700583670288 ], [ -4292237.704033646732569, 1434026.610759906237945 ], [ -4292194.689651886001229, 1434011.375283621251583 ], [ -4291968.015287669375539, 1433923.855014132335782 ], [ -4291838.676855330355465, 1433869.692732880823314 ], [ -4291654.521291618235409, 1433796.80507470946759 ], [ -4291487.487551551312208, 1433726.593145781196654 ], [ -4291391.934230833314359, 1433703.499401897192001 ], [ -4291375.875791811384261, 1433699.569929785095155 ], [ -4291278.024683569557965, 1433675.626806090120226 ], [ -4291258.344816621392965, 1433670.921562049305066 ], [ -4291194.152780458331108, 1433655.57404401153326 ], [ -4291114.714704702608287, 1433652.712064114399254 ], [ -4290927.217953669838607, 1433643.992312558693811 ], [ -4290704.860213834792376, 1433628.869758136570454 ], [ -4290492.149512954987586, 1433610.913008888252079 ], [ -4290397.761650934815407, 1433597.03191600786522 ], [ -4290336.459401271305978, 1433586.377633502474055 ], [ -4290304.859781244769692, 1433580.864818260073662 ], [ -4290193.556850410066545, 1433542.979877355741337 ], [ -4290096.107358179986477, 1433499.79206416499801 ], [ -4289935.520990015007555, 1433411.658348691416904 ], [ -4289659.932500946335495, 1433214.293541467748582 ], [ -4289424.735294364392757, 1433056.844361461000517 ], [ -4289179.959815078414977, 1432895.119924577185884 ], [ -4289134.694348706863821, 1432866.386264900211245 ] ] ] } },
{ "type": "Feature", "properties": { "neighborhood": "Highland", "total_housing": 7071.0, "total_occupied_housing": 6615.0, "total_vacant_housing": 456.0, "owner_occupied_units": 2360.0, "renter_occupied_units": 4255.0, "vacant_homes_rented": 178.0, "vacant_homes_sold": 45.0, "vacant_homes_seasonal": 0.0, "population": 11208.0, "median_gross_rent": 2333.0, "median_home_value": 845372.0, "median_household_income": 131504.0, "total_listings": 298, "pct_entire_home": 95.64, "avg_price": 322.5, "avg_bedrooms": 1.9, "avg_price_per_bedroom": 166.9, "avg_estimated_annual_revenue": 42905.58, "estimated_total_annual_revenue": 11412883.0, "total_hosts": 179, "hobbyist_hosts": 136, "small_business_hosts": 28, "commercial_hosts": 15 }, "geometry": { "type": "Polygon", "coordinates": [ [ [ -4290333.95334022026509, 1428184.750974287744612 ], [ -4290347.410334505140781, 1428133.939150836784393 ], [ -4290447.213780786842108, 1427743.453277392312884 ], [ -4290990.457843688316643, 1425653.9599205176346 ], [ -4291010.603252227418125, 1425651.769493411760777 ], [ -4291046.814519932493567, 1425653.576007375027984 ], [ -4291080.81703816447407, 1425654.936586429364979 ], [ -4291112.451733287423849, 1425653.484996446873993 ], [ -4291124.647382732480764, 1425652.04281615652144 ], [ -4291138.038389706984162, 1425650.459060126915574 ], [ -4291160.731897874735296, 1425645.64660673821345 ], [ -4291205.959865126758814, 1425633.655302533879876 ], [ -4291228.472953216172755, 1425625.566868265392259 ], [ -4291279.217944278381765, 1425604.29152336041443 ], [ -4291323.095845813862979, 1425584.58655937272124 ], [ -4291360.782640795223415, 1425571.794628744013608 ], [ -4291406.798011800274253, 1425556.779299849178642 ], [ -4291474.265658376738429, 1425536.757553532719612 ], [ -4291539.999995356425643, 1425520.417773845372722 ], [ -4291673.985096062533557, 1425493.947063103318214 ], [ -4291790.012262525036931, 1425477.913203028962016 ], [ -4291843.049389979802072, 1425476.608746533049271 ], [ -4291893.26092784665525, 1425482.189134868094698 ], [ -4291932.694717192091048, 1425492.455017097294331 ], [ -4291968.309252325445414, 1425499.530799986096099 ], [ -4292007.382131568156183, 1425503.244701698422432 ], [ -4292038.491590978577733, 1425502.818943848600611 ], [ -4292077.497019135393202, 1425497.861436514183879 ], [ -4292114.386705791577697, 1425489.124253653688356 ], [ -4292163.706005725078285, 1425477.293815042590722 ], [ -4292205.788977310061455, 1425464.483944195788354 ], [ -4292264.594785993918777, 1425452.927627002121881 ], [ -4292281.410615837201476, 1425450.847209696657956 ], [ -4292318.8416100544855, 1425451.938004262279719 ], [ -4292358.963685734197497, 1425450.629510280676186 ], [ -4292374.569910248741508, 1425448.23421288956888 ], [ -4292388.77602787874639, 1425443.278748408425599 ], [ -4292417.511662083677948, 1425428.156547955237329 ], [ -4292435.353715755045414, 1425417.172883853316307 ], [ -4292485.41590788308531, 1425390.323685442097485 ], [ -4292573.164245272055268, 1425343.262961472850293 ], [ -4292624.161040642298758, 1425321.019858033861965 ], [ -4292667.071378470398486, 1425301.063163965707645 ], [ -4292701.409818408079445, 1425280.29557960643433 ], [ -4292735.832713572308421, 1425260.195837102597579 ], [ -4292772.453042104840279, 1425238.601574951782823 ], [ -4292806.376091815531254, 1425207.522275305353105 ], [ -4292835.680998802185059, 1425174.336514536989853 ], [ -4292861.810997357591987, 1425143.424105609767139 ], [ -4292880.331319686956704, 1425121.89680912042968 ], [ -4292930.965315712615848, 1425068.302371175028384 ], [ -4292976.060988651588559, 1425023.082542229210958 ], [ -4293044.406995731405914, 1424971.9032871525269 ], [ -4293093.189027314074337, 1424937.33004314545542 ], [ -4293165.302787655964494, 1424891.523307129973546 ], [ -4293194.141405452974141, 1424872.036245996830985 ], [ -4293317.982912527397275, 1424772.403345652157441 ], [ -4293360.716862374916673, 1424736.255494472337887 ], [ -4293376.568900002166629, 1424721.008364409673959 ], [ -4293395.246786523610353, 1424698.876059244154021 ], [ -4293421.22622652258724, 1424661.595724041806534 ], [ -4293440.772780193015933, 1424631.165101734688506 ], [ -4293451.593048749491572, 1424606.47064705286175 ], [ -4293463.294956603087485, 1424578.389384753303602 ], [ -4293473.031472007744014, 1424552.896331979660317 ], [ -4293486.767808357253671, 1424533.869156280299649 ], [ -4293516.294766660779715, 1424502.80781803955324 ], [ -4293550.186362845823169, 1424471.849378837738186 ], [ -4293581.638755450025201, 1424442.322556453291327 ], [ -4293604.817103427834809, 1424418.778953300556168 ], [ -4293663.002183803357184, 1424364.954605000559241 ], [ -4293705.134447637945414, 1424327.392496339278296 ], [ -4293730.281679891049862, 1424304.97321700816974 ], [ -4293764.708528806455433, 1424271.958463995950297 ], [ -4293783.125924543477595, 1424254.795793379889801 ], [ -4293823.343093954958022, 1424212.438900508219376 ], [ -4293858.022004556842148, 1424178.456503282301128 ], [ -4293927.2367261685431, 1424118.978914982872084 ], [ -4293976.980459721758962, 1424072.773291173856705 ], [ -4294137.736687425523996, 1423930.569371975958347 ], [ -4294356.888883963227272, 1423756.553466504206881 ], [ -4294366.271884285844862, 1423755.418979155598208 ], [ -4294381.960262089036405, 1423753.522487957263365 ], [ -4294403.079191946424544, 1423754.758080910891294 ], [ -4294429.026738935150206, 1423758.284059612080455 ], [ -4294458.11921285931021, 1423762.628765633096918 ], [ -4294469.067318584769964, 1423762.249900428578258 ], [ -4294485.744225788861513, 1423755.741893751779571 ], [ -4294516.234842706471682, 1423737.84748040465638 ], [ -4294612.503828973509371, 1423686.575484687229618 ], [ -4294634.026180140674114, 1423674.354263363173231 ], [ -4294663.811053361743689, 1423654.209519273834303 ], [ -4294707.605660976842046, 1423614.979696563212201 ], [ -4294731.445327858440578, 1423588.895850470289588 ], [ -4294742.14562229719013, 1423576.569601193536073 ], [ -4294757.462485276162624, 1423563.378819598816335 ], [ -4294789.616559223271906, 1423541.554743655025959 ], [ -4294931.357062933035195, 1423703.785965137183666 ], [ -4294997.271985023282468, 1423771.230712321819738 ], [ -4295296.718885120935738, 1424077.627595686819404 ], [ -4295310.546582016162574, 1424089.0567982790526 ], [ -4295642.975832474417984, 1424363.824328960385174 ], [ -4295999.389220103621483, 1424658.415876505663618 ], [ -4296059.23584792483598, 1424698.50549164460972 ], [ -4296242.788632155396044, 1424821.462489793309942 ], [ -4296305.014645867049694, 1424820.784579359693453 ], [ -4296518.737296349368989, 1424997.05981744104065 ], [ -4296564.211163905449212, 1425034.730235619936138 ], [ -4296780.476097364909947, 1425205.209205952007324 ], [ -4296940.350481529720128, 1425338.275598340667784 ], [ -4297134.97951349709183, 1425504.542864579940215 ], [ -4297430.186230450868607, 1425759.765974051784724 ], [ -4297618.514619529247284, 1425966.111808906542137 ], [ -4297809.971854661591351, 1426015.567093033343554 ], [ -4297959.808064045384526, 1426055.220277519896626 ], [ -4298085.209762402810156, 1426088.512341613182798 ], [ -4298228.997803153470159, 1426126.591089148074389 ], [ -4298436.243226342834532, 1426179.898192188935354 ], [ -4298670.131781770847738, 1426240.012266715522856 ], [ -4298510.59751033782959, 1426868.694396598730236 ], [ -4298453.500625586137176, 1427079.086829070700333 ], [ -4298353.479825508780777, 1427492.064902672544122 ], [ -4298316.249270565807819, 1427639.044422964798287 ], [ -4298248.33778715133667, 1427907.843734764726833 ], [ -4298205.379986410960555, 1428114.693085690261796 ], [ -4298126.554992488585413, 1428427.842818929348141 ], [ -4298089.082103327848017, 1428576.804943824652582 ], [ -4298028.567754951305687, 1428757.982655425556004 ], [ -4298001.186604784801602, 1428927.100904369726777 ], [ -4297962.025172213092446, 1429079.9871748725418 ], [ -4297878.974343566223979, 1429406.761204327689484 ], [ -4297814.45773449447006, 1429660.655996982939541 ], [ -4297786.698375937528908, 1429726.750988827086985 ], [ -4297699.214622308500111, 1430056.842002258868888 ], [ -4297526.963583921082318, 1430011.999534695409238 ], [ -4297421.242426998913288, 1429984.476746563566849 ], [ -4297260.120355067774653, 1429942.531234615016729 ], [ -4297064.162699017673731, 1429894.487549521261826 ], [ -4296834.438495706766844, 1429833.261885108426213 ], [ -4296579.406559161841869, 1429765.060224242974073 ], [ -4296416.874464866705239, 1429721.585185491945595 ], [ -4295994.612410336732864, 1429616.047747714212164 ], [ -4295836.352033963426948, 1429576.009701528353617 ], [ -4295727.538798664696515, 1429548.457011576043442 ], [ -4295571.487238918431103, 1429508.864856562577188 ], [ -4295147.364041978493333, 1429404.522131213918328 ], [ -4294988.904772073030472, 1429366.240550564369187 ], [ -4294896.774396425113082, 1429344.064228691160679 ], [ -4294831.139702225103974, 1429328.268848010804504 ], [ -4294746.161027206107974, 1429306.404403930995613 ], [ -4294666.957060462795198, 1429286.17247629747726 ], [ -4294579.043858797289431, 1429263.673230005428195 ], [ -4294510.999856014735997, 1429246.217521072598174 ], [ -4294467.274419965222478, 1429234.575956227490678 ], [ -4294356.146408362314105, 1429204.999890854116529 ], [ -4294309.759745779447258, 1429192.665673951618373 ], [ -4294193.562786160968244, 1429163.707356458064169 ], [ -4294147.534110780805349, 1429151.982817402807996 ], [ -4294039.05711455270648, 1429124.130226765060797 ], [ -4293875.842271944507957, 1429082.285895647015423 ], [ -4293715.67791486531496, 1429041.623120185453445 ], [ -4293607.622019495815039, 1429014.138427064986899 ], [ -4293444.343980475328863, 1428972.535977852297947 ], [ -4293012.572341680526733, 1428862.844020330347121 ], [ -4292850.504103757441044, 1428821.556566071696579 ], [ -4292741.238519023172557, 1428793.756956981727853 ], [ -4292583.493331462144852, 1428753.724093061638996 ], [ -4292471.965939671732485, 1428724.689890438690782 ], [ -4292421.161557212471962, 1428711.463860567426309 ], [ -4292265.088494919240475, 1428670.962053324328735 ], [ -4292106.155215227045119, 1428631.523929544026032 ], [ -4291951.366217479109764, 1428593.035705759422854 ], [ -4291809.155825258232653, 1428554.851184038445354 ], [ -4291793.945973709225655, 1428550.762401373125613 ], [ -4291633.380797576159239, 1428507.670621725497767 ], [ -4291467.673540782183409, 1428466.46911540790461 ], [ -4291304.143721763044596, 1428425.83439775230363 ], [ -4291144.484672681428492, 1428386.207372838631272 ], [ -4290984.583684024401009, 1428346.517445452976972 ], [ -4290940.05071266926825, 1428347.507233103737235 ], [ -4290382.537067456170917, 1428196.630118250846863 ], [ -4290333.95334022026509, 1428184.750974287744612 ] ] ] } },
{ "type": "Feature", "properties": { "neighborhood": "Globeville", "total_housing": 1847.0, "total_occupied_housing": 1702.0, "total_vacant_housing": 145.0, "owner_occupied_units": 620.0, "renter_occupied_units": 1082.0, "vacant_homes_rented": 0.0, "vacant_homes_sold": 56.0, "vacant_homes_seasonal": 0.0, "population": 4743.0, "median_gross_rent": 1634.0, "median_home_value": 445131.0, "median_household_income": 64929.0, "total_listings": 24, "pct_entire_home": 79.17, "avg_price": 236.48, "avg_bedrooms": 2.14, "avg_price_per_bedroom": 90.57, "avg_estimated_annual_revenue": 31554.44, "estimated_total_annual_revenue": 567980.0, "total_hosts": 21, "hobbyist_hosts": 16, "small_business_hosts": 2, "commercial_hosts": 3 }, "geometry": { "type": "Polygon", "coordinates": [ [ [ -4280383.324163164943457, 1433812.128518626559526 ], [ -4280502.924393880181015, 1433749.622942418791354 ], [ -4280558.218121678568423, 1433718.811423442093655 ], [ -4280615.86974308732897, 1433691.842755863443017 ], [ -4280690.630368060432374, 1433660.674382301280275 ], [ -4280776.536654310300946, 1433624.399663714226335 ], [ -4280833.755688195116818, 1433595.122789745917544 ], [ -4280889.373057235963643, 1433559.099927533185109 ], [ -4280963.340423323214054, 1433519.071298186201602 ], [ -4281031.03085976652801, 1433482.316806415095925 ], [ -4281341.503105453215539, 1433310.762892622267827 ], [ -4281537.994934872724116, 1433188.065898322500288 ], [ -4281706.070583450607955, 1433088.194998549297452 ], [ -4282020.332348591648042, 1432922.923287707846612 ], [ -4282058.638867978006601, 1432908.742640625685453 ], [ -4282147.147772694937885, 1432882.315791842527688 ], [ -4282167.221607875078917, 1432875.65893867937848 ], [ -4282206.482898793183267, 1432856.818787629948929 ], [ -4282236.438050927594304, 1432840.980733683565632 ], [ -4282281.206143339164555, 1432813.887102167820558 ], [ -4282320.389936225488782, 1432787.406285351607949 ], [ -4282367.236280054785311, 1432752.329233650583774 ], [ -4282411.391594837419689, 1432719.651386740617454 ], [ -4282448.721555636264384, 1432687.392361727077514 ], [ -4282484.903196762315929, 1432651.605409211944789 ], [ -4282524.836784427985549, 1432610.337401800090447 ], [ -4282547.528220009058714, 1432580.72540030349046 ], [ -4282573.255661943927407, 1432544.412778407102451 ], [ -4282601.314931355416775, 1432502.119818865787238 ], [ -4282623.236064590513706, 1432467.528691559564322 ], [ -4282649.142127771861851, 1432409.692650056444108 ], [ -4282673.471415353007615, 1432333.105511992936954 ], [ -4282679.769464964047074, 1432308.9129768027924 ], [ -4282687.213744819164276, 1432263.44912792602554 ], [ -4282695.823011755011976, 1432213.509589907713234 ], [ -4282705.335630645975471, 1432161.092941459966823 ], [ -4282721.871851447969675, 1432084.672544565750286 ], [ -4282739.443340115249157, 1432017.175637096865103 ], [ -4282753.66838235873729, 1431966.502383776009083 ], [ -4282772.810582966543734, 1431905.872179130557925 ], [ -4282798.216650817543268, 1431837.056524128187448 ], [ -4282823.158886355347931, 1431766.053541018161923 ], [ -4282847.852753974497318, 1431711.223140612710267 ], [ -4282861.114397686906159, 1431681.776728708064184 ], [ -4282899.79300145059824, 1431591.746778164990246 ], [ -4282933.402971608564258, 1431524.162748131668195 ], [ -4282979.976448960602283, 1431448.458233826328069 ], [ -4283028.143426425755024, 1431383.501347227022052 ], [ -4283068.935882220976055, 1431334.965492581250146 ], [ -4283087.820966416038573, 1431307.075097467983142 ], [ -4283106.996486295945942, 1431271.123319269390777 ], [ -4283139.315422960557044, 1431208.498732825508341 ], [ -4283166.436943478882313, 1431162.861851348774508 ], [ -4283190.222112877294421, 1431133.018166159512475 ], [ -4283211.07724732067436, 1431111.452770765405148 ], [ -4283232.019675933755934, 1431096.497504512313753 ], [ -4283262.155305694788694, 1431083.935280859936029 ], [ -4283277.148642024956644, 1431075.955816708970815 ], [ -4283298.639533560723066, 1431063.855631412705407 ], [ -4283318.887820661067963, 1431048.590340929338709 ], [ -4283344.440659706480801, 1431020.885947436094284 ], [ -4283370.209672313183546, 1430983.4214963526465 ], [ -4283394.727613287046552, 1430946.794007176300511 ], [ -4283418.448186310939491, 1430914.221034409012645 ], [ -4283438.70045910589397, 1430886.040853958809748 ], [ -4283475.66941458452493, 1430847.229972013738006 ], [ -4283515.783506762236357, 1430809.237637735437602 ], [ -4283544.342560700140893, 1430777.92428631731309 ], [ -4283564.082458308897913, 1430755.68124688253738 ], [ -4283601.838778064586222, 1430713.846181906526908 ], [ -4283674.74868290591985, 1430620.328187437262386 ], [ -4283708.463647341355681, 1430573.178842471214011 ], [ -4283739.384591925889254, 1430532.793343957979232 ], [ -4283755.591526026837528, 1430512.21369796176441 ], [ -4283794.135067551396787, 1430467.354713410837576 ], [ -4283805.802920492365956, 1430455.280366837978363 ], [ -4283852.953903206624091, 1430398.196170605486259 ], [ -4283864.189326485618949, 1430383.813579570269212 ], [ -4283875.464896108023822, 1430365.308321363292634 ], [ -4283910.064040440134704, 1430298.885892615886405 ], [ -4283958.37803549785167, 1430212.526701231487095 ], [ -4283973.134386358782649, 1430172.712167520308867 ], [ -4283991.679702903144062, 1430117.351220463169739 ], [ -4284010.742241995409131, 1430024.28114874730818 ], [ -4284026.989287910051644, 1429937.065144677180797 ], [ -4284039.854186340235174, 1429817.195380832767114 ], [ -4284054.270709947682917, 1429687.396580950822681 ], [ -4284058.232050681486726, 1429638.44275587447919 ], [ -4284065.027917001396418, 1429600.430588014191017 ], [ -4284075.617168157361448, 1429555.785361169604585 ], [ -4284099.182229422032833, 1429423.589373487746343 ], [ -4284115.359758665785193, 1429365.416413801023737 ], [ -4284124.019568061456084, 1429332.151733239879832 ], [ -4284129.18733345810324, 1429317.594852107577026 ], [ -4284136.611638945527375, 1429296.681751990457997 ], [ -4284151.067705048248172, 1429265.959349528187886 ], [ -4284174.617912648245692, 1429229.07960984040983 ], [ -4284197.002903372049332, 1429196.675785602536052 ], [ -4284271.541887789964676, 1429100.869472921127453 ], [ -4284311.376569581218064, 1429051.050912771141157 ], [ -4284317.984325056895614, 1429042.651198977604508 ], [ -4284370.833586925640702, 1428975.471392665058374 ], [ -4284403.907121667638421, 1428934.928890145383775 ], [ -4284449.747082887217402, 1428878.737200750038028 ], [ -4284483.332075426355004, 1428844.98675057082437 ], [ -4284528.175728805363178, 1428800.734443568158895 ], [ -4284576.699711436405778, 1428755.244510952848941 ], [ -4284609.119598132558167, 1428725.969627384329215 ], [ -4284656.321024250239134, 1428685.560070106526837 ], [ -4284692.611772901378572, 1428657.292814151151106 ], [ -4284719.902806029655039, 1428634.819882055046037 ], [ -4284787.784842406399548, 1428581.453392054419965 ], [ -4284853.30903503485024, 1428524.244150712154806 ], [ -4284882.048575145192444, 1428496.206829769536853 ], [ -4284918.230390647426248, 1428460.419956573517993 ], [ -4284946.844044017605484, 1428432.86649365676567 ], [ -4284987.997318625450134, 1428390.88249067380093 ], [ -4285048.441022418439388, 1428332.350564614171162 ], [ -4285075.906573654152453, 1428301.269206976518035 ], [ -4285155.028026079759002, 1428220.605272834189236 ], [ -4285196.433262538164854, 1428177.653505225433037 ], [ -4285431.859866601414979, 1427951.043789806775749 ], [ -4285492.586968736723065, 1427891.42322533740662 ], [ -4285618.626482754945755, 1427771.438340564258397 ], [ -4285668.370071650482714, 1427725.232693541795015 ], [ -4285860.943052223883569, 1427547.138810337288305 ], [ -4285934.444774659350514, 1427480.123503957642242 ], [ -4286094.249842900782824, 1427329.664085090393201 ], [ -4286218.323984486982226, 1427212.267549960175529 ], [ -4286257.974210466258228, 1427172.087992299580947 ], [ -4286281.354785034433007, 1427145.798714304575697 ], [ -4286318.6025136616081, 1427103.917060609674081 ], [ -4286371.850008611567318, 1427040.282712797401473 ], [ -4286462.786467540077865, 1426926.142050696304068 ], [ -4286520.331149178557098, 1426853.939437802415341 ], [ -4286578.91502408310771, 1426777.745086377253756 ], [ -4286611.68994568195194, 1426743.137708141934127 ], [ -4286649.765652011148632, 1426709.006325222784653 ], [ -4286704.379241219721735, 1426663.939254549797624 ], [ -4286732.934452063404024, 1426645.540982346981764 ], [ -4286787.621607362292707, 1426621.02954962127842 ], [ -4287014.474425915628672, 1426556.350694362306967 ], [ -4287047.738208449445665, 1426552.610804232768714 ], [ -4287381.958310049027205, 1426505.162647250806913 ], [ -4287676.526289721950889, 1426473.094740920001641 ], [ -4287704.347662283107638, 1426470.335401776246727 ], [ -4288026.812422112561762, 1426438.353731352603063 ], [ -4288066.502155874855816, 1426434.736830177018419 ], [ -4288141.548451500013471, 1426427.279139042599127 ], [ -4288232.520388517528772, 1426425.129745324142277 ], [ -4288290.283111724071205, 1426430.480215121991932 ], [ -4288572.934965538792312, 1426461.053026667330414 ], [ -4288603.121322307735682, 1426465.16568964230828 ], [ -4288638.364809673279524, 1426466.720319403568283 ], [ -4288675.341976589523256, 1426464.593080854043365 ], [ -4288793.277469510212541, 1426458.097142145968974 ], [ -4288875.905028138309717, 1426447.317436269950122 ], [ -4288916.381898027844727, 1426440.676598848309368 ], [ -4288973.535848451778293, 1426427.527642562054098 ], [ -4289027.322660344652832, 1426411.435760120395571 ], [ -4289105.841429178602993, 1426386.670424161711708 ], [ -4289149.521923345513642, 1426371.693040403304622 ], [ -4289243.208558921702206, 1426330.339904265245423 ], [ -4289289.557245700620115, 1426309.082558592315763 ], [ -4289333.286248959600925, 1426285.980797291500494 ], [ -4289372.186740297824144, 1426260.58862751792185 ], [ -4289436.21408071089536, 1426217.068225150695071 ], [ -4289520.598396122455597, 1426165.801967113045976 ], [ -4289578.32168828509748, 1426134.589671351015568 ], [ -4289622.837813019752502, 1426108.463811699999496 ], [ -4289666.216131529770792, 1426077.779415010008961 ], [ -4289714.313704207539558, 1426041.86554809845984 ], [ -4289885.335450592450798, 1425922.741571948630735 ], [ -4290056.72420066408813, 1425822.053867487004027 ], [ -4290106.572798638604581, 1425796.282824614550918 ], [ -4290138.05410282779485, 1425782.521105547901243 ], [ -4290165.750516721978784, 1425771.390459478832781 ], [ -4290217.098148018121719, 1425756.730111051118001 ], [ -4290316.3035161877051, 1425730.892213036539033 ], [ -4290384.35107964463532, 1425713.604658336844295 ], [ -4290438.750776309520006, 1425703.096945549594238 ], [ -4290502.920515748672187, 1425691.774506974499673 ], [ -4290554.706534622237086, 1425691.306593929650262 ], [ -4290604.949395981617272, 1425696.765974603360519 ], [ -4290630.069784605875611, 1425702.264414889272302 ], [ -4290654.806060204282403, 1425707.67880130908452 ], [ -4290692.41741708945483, 1425712.045474017504603 ], [ -4290713.345985815860331, 1425711.035823363810778 ], [ -4290756.222220364958048, 1425707.086133308941498 ], [ -4290794.048101777210832, 1425698.721774552948773 ], [ -4290825.182954339310527, 1425686.290592565434054 ], [ -4290860.754053617827594, 1425669.718864474678412 ], [ -4290890.282894348725677, 1425663.456777579151094 ], [ -4290955.307405292056501, 1425657.781554109882563 ], [ -4290990.457843688316643, 1425653.9599205176346 ], [ -4290447.213780786842108, 1427743.453277392312884 ], [ -4290347.410334505140781, 1428133.939150836784393 ], [ -4290333.95334022026509, 1428184.750974287744612 ], [ -4290326.203296848572791, 1428216.39555565151386 ], [ -4290224.602581745013595, 1428608.481434832792729 ], [ -4290117.147735510952771, 1429044.064456474967301 ], [ -4290005.309823998250067, 1429484.576874253805727 ], [ -4289888.527463332749903, 1429922.252132178051397 ], [ -4289774.894614142365754, 1430369.659355289535597 ], [ -4289680.345068266615272, 1430743.763195830630139 ], [ -4289521.749880606308579, 1431375.789055097382516 ], [ -4289134.694348706863821, 1432866.386264900211245 ], [ -4288360.423261082731187, 1435848.197221738286316 ], [ -4288050.96978139039129, 1435768.21326391492039 ], [ -4287031.268022367730737, 1435511.399404007708654 ], [ -4286939.463226514868438, 1435870.129716678522527 ], [ -4286228.002307618968189, 1435690.919337245170027 ], [ -4286175.69994445797056, 1435478.837559178238735 ], [ -4286219.374874231405556, 1435306.889676642371342 ], [ -4285479.584633914753795, 1435120.499686485854909 ], [ -4285158.782192558981478, 1435039.790388221153989 ], [ -4285083.021240824833512, 1435332.557886604219675 ], [ -4284923.412424181587994, 1435292.776559324702248 ], [ -4284942.196138177067041, 1435220.189532562159002 ], [ -4284782.131442815065384, 1435180.294557184679434 ], [ -4284839.301578010432422, 1434959.368825047509745 ], [ -4282924.038738771341741, 1434477.255709973862395 ], [ -4282849.199733896180987, 1434767.682487331563607 ], [ -4282728.143628064543009, 1434736.679689617129043 ], [ -4282802.957461981102824, 1434446.251100784167647 ], [ -4282321.664842179045081, 1434322.989131815964356 ], [ -4282196.94033576361835, 1434807.030489187221974 ], [ -4281411.369444638490677, 1434605.843719669850543 ], [ -4281256.981065711006522, 1435203.875486426753923 ], [ -4281696.829369867220521, 1435319.788410615408793 ], [ -4281551.72998899128288, 1435878.772256608353928 ], [ -4280599.518762489780784, 1435627.83907119766809 ], [ -4280557.574454377405345, 1435789.432014138903469 ], [ -4280692.912779957987368, 1435825.098098464310169 ], [ -4280494.483010675758123, 1436589.530050673056394 ], [ -4279701.78432990051806, 1436380.635430457768962 ], [ -4279672.912925398908556, 1436373.017264368711039 ], [ -4279914.551074026152492, 1435445.121167802019045 ], [ -4280137.704048437997699, 1434582.485721077769995 ], [ -4280062.745136157609522, 1434560.129030162235722 ], [ -4280050.399972764775157, 1434581.110523195238784 ], [ -4279828.220558486878872, 1434524.269965102430433 ], [ -4279832.438054296188056, 1434513.672032504575327 ], [ -4279913.95741924084723, 1434371.266828025458381 ], [ -4279960.300983829423785, 1434307.46622750768438 ], [ -4280065.345811486244202, 1434045.502586451359093 ], [ -4280169.620610953308642, 1434072.179354154970497 ], [ -4280216.321377735584974, 1434033.864439799217507 ], [ -4280278.08605760615319, 1433991.12977870949544 ], [ -4280330.130309129133821, 1433960.893198978388682 ], [ -4280334.118230002000928, 1433945.464182878378779 ], [ -4280366.007545503787696, 1433822.086384816328064 ], [ -4280383.324163164943457, 1433812.128518626559526 ] ] ] } },
{ "type": "Feature", "properties": { "neighborhood": "Jefferson Park", "total_housing": 3419.0, "total_occupied_housing": 3241.0, "total_vacant_housing": 178.0, "owner_occupied_units": 726.0, "renter_occupied_units": 2515.0, "vacant_homes_rented": 72.0, "vacant_homes_sold": 0.0, "vacant_homes_seasonal": 0.0, "population": 5456.0, "median_gross_rent": 2004.0, "median_home_value": 788169.0, "median_household_income": 121367.0, "total_listings": 87, "pct_entire_home": 86.21, "avg_price": 316.63, "avg_bedrooms": 2.0, "avg_price_per_bedroom": 144.11, "avg_estimated_annual_revenue": 38941.03, "estimated_total_annual_revenue": 2764813.0, "total_hosts": 67, "hobbyist_hosts": 55, "small_business_hosts": 7, "commercial_hosts": 5 }, "geometry": { "type": "Polygon", "coordinates": [ [ [ -4294789.616559223271906, 1423541.554743655025959 ], [ -4294885.790539997629821, 1423476.27982788416557 ], [ -4294940.471755648963153, 1423439.884144303621724 ], [ -4294972.826290477067232, 1423426.737248109187931 ], [ -4295020.313223474659026, 1423410.038498470559716 ], [ -4295053.423552209511399, 1423393.988493907032534 ], [ -4295139.072312684729695, 1423346.797294406453148 ], [ -4295183.063339083455503, 1423321.697020038031042 ], [ -4295241.069975099526346, 1423289.396143217105418 ], [ -4295365.952599537558854, 1423210.570681483950466 ], [ -4295412.224045535549521, 1423181.672704371623695 ], [ -4295438.843931102193892, 1423162.7704612321686 ], [ -4295472.128594766370952, 1423138.112210929626599 ], [ -4295490.70345466863364, 1423120.344730750424787 ], [ -4295518.097562320530415, 1423093.50696789752692 ], [ -4295545.082342720590532, 1423068.241819908376783 ], [ -4295677.100931446067989, 1422978.874652391998097 ], [ -4295742.301936358213425, 1422926.876785133499652 ], [ -4295844.442569413222373, 1422860.988293649395928 ], [ -4295926.465360037051141, 1422818.794533631997183 ], [ -4295989.552566771395504, 1422787.816145198885351 ], [ -4296036.514110245741904, 1422772.143053131876513 ], [ -4296095.129683990031481, 1422758.341552869183943 ], [ -4296117.571228525601327, 1422754.496779564302415 ], [ -4296137.393248256295919, 1422748.807550695724785 ], [ -4296155.806527531705797, 1422744.559962115250528 ], [ -4296184.21883428003639, 1422734.648961161496118 ], [ -4296444.289389771409333, 1422636.640800038352609 ], [ -4296509.263551925309002, 1422614.290822280803695 ], [ -4296536.779433980584145, 1422599.884248780086637 ], [ -4296569.740989032201469, 1422580.437350732041523 ], [ -4296630.006469672545791, 1422543.428832258796319 ], [ -4296675.129760338924825, 1422511.002955398289487 ], [ -4296696.143772261217237, 1422491.803880950435996 ], [ -4296704.247305646538734, 1422481.514122593216598 ], [ -4296719.203259113244712, 1422461.771198846865445 ], [ -4296754.650408359244466, 1422407.968816355802119 ], [ -4296776.800778964534402, 1422368.529062221758068 ], [ -4296819.705235229805112, 1422274.174197384389117 ], [ -4296877.338909300975502, 1422127.21057981881313 ], [ -4296911.806011511012912, 1422027.559261000482365 ], [ -4296996.183761070482433, 1421773.896518793189898 ], [ -4297016.220448704436421, 1421709.923903412884101 ], [ -4297046.679553197696805, 1421612.675217898562551 ], [ -4297077.149974764324725, 1421512.500124475220218 ], [ -4297107.283939680084586, 1421412.624826658982784 ], [ -4297123.34857929777354, 1421359.847088011913002 ], [ -4297141.077773567289114, 1421291.745141219114885 ], [ -4297167.309469304047525, 1421190.983115022536367 ], [ -4297188.800762046128511, 1421116.368962650420144 ], [ -4297251.155917477793992, 1420926.461683165282011 ], [ -4297287.978902401402593, 1420805.853862763615325 ], [ -4297322.351550256833434, 1420706.565383567707613 ], [ -4297340.815668570809066, 1420656.478809033054858 ], [ -4297368.837436287663877, 1420602.42246565152891 ], [ -4297389.76323508284986, 1420566.466440682765096 ], [ -4297392.20735393371433, 1420562.266821057535708 ], [ -4297438.619754639454186, 1420500.082152918446809 ], [ -4297490.477520944550633, 1420432.856830406235531 ], [ -4297581.888539986684918, 1420291.878138455329463 ], [ -4297592.745607139542699, 1420308.449053413933143 ], [ -4297685.429524726234376, 1420537.005196084501222 ], [ -4297791.255141098983586, 1420784.882476423401386 ], [ -4297813.907393109053373, 1420865.08255388494581 ], [ -4297859.809963003732264, 1421027.599905376322567 ], [ -4297883.929984951391816, 1421179.249814222101122 ], [ -4297890.654213465750217, 1421310.47101969178766 ], [ -4297877.327923114411533, 1421475.086477075470611 ], [ -4297874.12787592317909, 1421490.317033092491329 ], [ -4298053.930010620504618, 1421538.044736690819263 ], [ -4298230.051775921136141, 1421583.895116957370192 ], [ -4298462.317025559023023, 1421644.696259337244555 ], [ -4298424.832275181077421, 1421800.187119418988004 ], [ -4298360.856698009185493, 1422072.723095485009253 ], [ -4298786.453561381436884, 1422178.353861224604771 ], [ -4299208.495959268882871, 1422284.738296590745449 ], [ -4299252.393960219807923, 1422116.116265036398545 ], [ -4299321.106608647853136, 1421852.175627124728635 ], [ -4299753.836826633661985, 1421963.151327557163313 ], [ -4299702.870854393579066, 1422172.814060978125781 ], [ -4299690.653357572853565, 1422222.718312359182164 ], [ -4299649.04963390994817, 1422392.455161029472947 ], [ -4299603.955757810734212, 1422572.95903955376707 ], [ -4299612.408972231671214, 1422587.048773635644466 ], [ -4299552.217253913171589, 1422822.093346069101244 ], [ -4299441.819978022016585, 1423249.952607759041712 ], [ -4299380.9766447218135, 1423491.257880745222792 ], [ -4299365.979282441549003, 1423504.212974146706983 ], [ -4299322.472406125627458, 1423673.698478737846017 ], [ -4299278.340358876623213, 1423842.595884332899004 ], [ -4299296.021059092134237, 1423857.770137017592788 ], [ -4299232.227765675634146, 1424105.10799347772263 ], [ -4299118.318187628872693, 1424530.217100978596136 ], [ -4299083.76393652241677, 1424671.406100671039894 ], [ -4299063.468612023629248, 1424674.929368047975004 ], [ -4298994.413596699014306, 1424954.684601863147691 ], [ -4298940.426395698450506, 1425167.406424787826836 ], [ -4298951.571995480917394, 1425180.875361652579159 ], [ -4298900.87758559640497, 1425375.346027094405144 ], [ -4298791.590172023512423, 1425810.622077198000625 ], [ -4298743.647479639388621, 1426000.703242750838399 ], [ -4298728.345056756399572, 1426012.572486815275624 ], [ -4298722.702278487384319, 1426035.108421220211312 ], [ -4298670.131781770847738, 1426240.012266715522856 ], [ -4298436.243226342834532, 1426179.898192188935354 ], [ -4298228.997803153470159, 1426126.591089148074389 ], [ -4298085.209762402810156, 1426088.512341613182798 ], [ -4297959.808064045384526, 1426055.220277519896626 ], [ -4297809.971854661591351, 1426015.567093033343554 ], [ -4297618.514619529247284, 1425966.111808906542137 ], [ -4297430.186230450868607, 1425759.765974051784724 ], [ -4297134.97951349709183, 1425504.542864579940215 ], [ -4296940.350481529720128, 1425338.275598340667784 ], [ -4296780.476097364909947, 1425205.209205952007324 ], [ -4296564.211163905449212, 1425034.730235619936138 ], [ -4296518.737296349368989, 1424997.05981744104065 ], [ -4296305.014645867049694, 1424820.784579359693453 ], [ -4296242.788632155396044, 1424821.462489793309942 ], [ -4296059.23584792483598, 1424698.50549164460972 ], [ -4295999.389220103621483, 1424658.415876505663618 ], [ -4295642.975832474417984, 1424363.824328960385174 ], [ -4295310.546582016162574, 1424089.0567982790526 ], [ -4295296.718885120935738, 1424077.627595686819404 ], [ -4294997.271985023282468, 1423771.230712321819738 ], [ -4294931.357062933035195, 1423703.785965137183666 ], [ -4294789.616559223271906, 1423541.554743655025959 ] ] ] } },
{ "type": "Feature", "properties": { "neighborhood": "Valverde", "total_housing": 1587.0, "total_occupied_housing": 1489.0, "total_vacant_housing": 98.0, "owner_occupied_units": 633.0, "renter_occupied_units": 856.0, "vacant_homes_rented": 22.0, "vacant_homes_sold": 0.0, "vacant_homes_seasonal": 0.0, "population": 3309.0, "median_gross_rent": 879.0, "median_home_value": 474312.0, "median_household_income": 52102.0, "total_listings": 18, "pct_entire_home": 94.44, "avg_price": 239.1, "avg_bedrooms": 2.11, "avg_price_per_bedroom": 106.97, "avg_estimated_annual_revenue": 31395.41, "estimated_total_annual_revenue": 533722.0, "total_hosts": 16, "hobbyist_hosts": 14, "small_business_hosts": 2, "commercial_hosts": 0 }, "geometry": { "type": "Polygon", "coordinates": [ [ [ -4299055.420866347849369, 1413943.850768701871857 ], [ -4299102.931599504314363, 1413813.362110578920692 ], [ -4299114.31409437675029, 1413777.576978093478829 ], [ -4299130.307437523268163, 1413729.043012463022023 ], [ -4299146.161679779179394, 1413676.0812251358293 ], [ -4299149.682596886530519, 1413650.648941101739183 ], [ -4299147.033508405089378, 1413611.210996115347371 ], [ -4299138.264838851056993, 1413574.442229592474177 ], [ -4299129.96942022908479, 1413546.910792679293081 ], [ -4299128.425322365015745, 1413541.786181197501719 ], [ -4299102.620927637442946, 1413467.258854944026098 ], [ -4299081.034229916520417, 1413414.237036250298843 ], [ -4299056.024917239323258, 1413373.369440229376778 ], [ -4299028.378902278840542, 1413338.661011365475133 ], [ -4298889.018339375033975, 1413175.415489536710083 ], [ -4298846.322583891451359, 1413120.127289697062224 ], [ -4298788.161584788933396, 1413033.947445143014193 ], [ -4298752.800890513695776, 1412988.189437256194651 ], [ -4298604.78655989933759, 1412807.579265777952969 ], [ -4298561.248950250446796, 1412751.5551967471838 ], [ -4298545.460316087119281, 1412725.875070480629802 ], [ -4298534.226851122453809, 1412702.543144643073902 ], [ -4298519.12249225564301, 1412678.203573136590421 ], [ -4298494.392649366520345, 1412649.162319217575714 ], [ -4298458.997983751818538, 1412619.411363810766488 ], [ -4298436.986764149740338, 1412600.765023290412501 ], [ -4298389.464390296489, 1412567.985975668067113 ], [ -4298337.386781865730882, 1412532.858465944416821 ], [ -4298040.452826403081417, 1412358.686068129725754 ], [ -4297924.643957937136292, 1412286.559817324392498 ], [ -4297871.608617058955133, 1412250.149888743180782 ], [ -4297836.172528670169413, 1412221.550571021158248 ], [ -4297812.590758484788239, 1412196.037245254032314 ], [ -4297742.459321446716785, 1412106.224559040972963 ], [ -4297690.032990803942084, 1412025.800015506567433 ], [ -4297657.641011931933463, 1411964.669655683450401 ], [ -4297575.254012919031084, 1411784.999262328725308 ], [ -4297522.427386380732059, 1411661.459853146458045 ], [ -4297445.414294787682593, 1411480.992853168863803 ], [ -4297273.049469821155071, 1411085.319287460064515 ], [ -4297257.745800159871578, 1411040.907656555064023 ], [ -4297227.47164040338248, 1410945.842703736387193 ], [ -4297215.768494631163776, 1410908.439064636360854 ], [ -4297199.267919819802046, 1410868.624158575199544 ], [ -4297180.869734774343669, 1410840.068906557746232 ], [ -4297161.294779388234019, 1410807.153232894372195 ], [ -4297141.881165691651404, 1410774.508769356412813 ], [ -4297117.035449701361358, 1410740.182183823082596 ], [ -4297087.164523656480014, 1410698.912707032635808 ], [ -4297009.462842293083668, 1410592.534076199168339 ], [ -4296949.62824003957212, 1410503.852111789630726 ], [ -4296853.070340065285563, 1410378.615005281288177 ], [ -4296747.664393585175276, 1410246.682970267022029 ], [ -4296647.06515780184418, 1410116.131730507360771 ], [ -4296570.408636890351772, 1410017.645602546865121 ], [ -4296484.301191098056734, 1409905.849528651917353 ], [ -4296464.72308602463454, 1409873.88730630162172 ], [ -4296415.193871651776135, 1409782.33406872744672 ], [ -4296355.72519198898226, 1409668.431708522839472 ], [ -4296323.194255268201232, 1409602.873654054943472 ], [ -4296308.345768355764449, 1409564.651178722502664 ], [ -4296291.84941980894655, 1409511.921270948601887 ], [ -4296241.557010844349861, 1409345.901881469180807 ], [ -4296229.250786793418229, 1409301.883262902265415 ], [ -4296212.463036575354636, 1409213.558043873868883 ], [ -4296207.068285038694739, 1409172.759586829924956 ], [ -4296205.96224163658917, 1409064.88037353171967 ], [ -4296202.732449196279049, 1408916.537612261716276 ], [ -4296198.475271572358906, 1408858.469288309803233 ], [ -4296180.260167190805078, 1408692.275917241815478 ], [ -4296158.639843858778477, 1408552.06152646872215 ], [ -4296143.857122216373682, 1408435.197093229973689 ], [ -4296121.912052995525301, 1408172.195148758590221 ], [ -4296116.636895340867341, 1408097.200039824703708 ], [ -4296111.33252068515867, 1408006.439564371947199 ], [ -4296108.080692370422184, 1407960.386643320322037 ], [ -4296099.142485430464149, 1407900.453885180409998 ], [ -4296080.797325989231467, 1407811.792809196515009 ], [ -4296219.210476156324148, 1407846.077607331331819 ], [ -4296470.860892186872661, 1407900.482310174265876 ], [ -4297101.796024321578443, 1408068.739187776809558 ], [ -4297753.835794948972762, 1408230.34916153899394 ], [ -4298401.200287153944373, 1408401.979080831399187 ], [ -4299044.530687700025737, 1408561.321865384699777 ], [ -4300003.31130510661751, 1408801.882750130956993 ], [ -4300323.391248336061835, 1408887.147544377716258 ], [ -4300492.464619929902256, 1408928.321391194360331 ], [ -4300655.247988917864859, 1408967.857748707989231 ], [ -4300815.118298968300223, 1409007.669108878821135 ], [ -4300972.600663043558598, 1409046.729702602606267 ], [ -4301129.715247123502195, 1409086.211058914661407 ], [ -4301268.170066959224641, 1409120.96373514411971 ], [ -4301450.875794877298176, 1409166.332459135912359 ], [ -4301588.909802578389645, 1409200.717354161897674 ], [ -4301765.809261562302709, 1409244.574602488195524 ], [ -4301908.713034952059388, 1409280.09804774611257 ], [ -4302080.406224217265844, 1409323.116502054734156 ], [ -4302236.342614269815385, 1409362.162012308370322 ], [ -4302552.601794467307627, 1409441.265679697273299 ], [ -4302885.316163613460958, 1409533.565347620984539 ], [ -4302718.583996914327145, 1410176.005397585453466 ], [ -4302683.316267757676542, 1410314.455652293050662 ], [ -4302555.639287714846432, 1410821.756874286103994 ], [ -4302543.740879098884761, 1410876.393894773907959 ], [ -4302476.857071909122169, 1411139.261431143851951 ], [ -4302389.684731530025601, 1411462.202782495180145 ], [ -4302316.655521675944328, 1411780.430491253035143 ], [ -4302262.82377012539655, 1412001.102012996561825 ], [ -4302235.80322271771729, 1412101.917175522306934 ], [ -4302150.133859322406352, 1412423.053906046785414 ], [ -4302118.252713503316045, 1412562.385324947303161 ], [ -4302070.007228343747556, 1412744.729603335494176 ], [ -4301989.773258577100933, 1413061.856570253614336 ], [ -4301975.133236267603934, 1413124.046525174984708 ], [ -4301911.632305527105927, 1413378.882460541557521 ], [ -4301837.066584324464202, 1413674.23613455099985 ], [ -4301834.001984247006476, 1413687.000195200555027 ], [ -4301787.036783375777304, 1413884.272810120834038 ], [ -4301694.650421818718314, 1414254.033604196971282 ], [ -4301651.239056042395532, 1414428.724013985600322 ], [ -4301610.373709885403514, 1414587.778898285934702 ], [ -4301605.145025059580803, 1414608.129077688325197 ], [ -4301536.868463949300349, 1414590.247067358111963 ], [ -4301460.462481674738228, 1414570.235850177239627 ], [ -4301263.401177677325904, 1414518.624347910517827 ], [ -4301003.469419088214636, 1414449.692271627951413 ], [ -4300834.362453168258071, 1414400.615686754463241 ], [ -4300733.888660041615367, 1414366.880680779227987 ], [ -4300278.268777238205075, 1414207.849036209983751 ], [ -4300067.857948545366526, 1414137.915156789822504 ], [ -4299864.80592838767916, 1414081.0408193343319 ], [ -4299754.054871355183423, 1414060.010938104707748 ], [ -4299680.665655934251845, 1414045.957705902867019 ], [ -4299575.904972516931593, 1414026.263367305742577 ], [ -4299359.520757034420967, 1413991.40370773896575 ], [ -4299055.420866347849369, 1413943.850768701871857 ] ] ] } },
{ "type": "Feature", "properties": { "neighborhood": "Athmar Park", "total_housing": 3223.0, "total_occupied_housing": 3098.0, "total_vacant_housing": 125.0, "owner_occupied_units": 2147.0, "renter_occupied_units": 951.0, "vacant_homes_rented": 33.0, "vacant_homes_sold": 0.0, "vacant_homes_seasonal": 0.0, "population": 8053.0, "median_gross_rent": 1497.0, "median_home_value": 527880.0, "median_household_income": 84862.0, "total_listings": 66, "pct_entire_home": 87.88, "avg_price": 205.59, "avg_bedrooms": 2.49, "avg_price_per_bedroom": 68.98, "avg_estimated_annual_revenue": 16446.43, "estimated_total_annual_revenue": 838768.0, "total_hosts": 45, "hobbyist_hosts": 32, "small_business_hosts": 10, "commercial_hosts": 3 }, "geometry": { "type": "Polygon", "coordinates": [ [ [ -4295271.246196023188531, 1402140.054889212362468 ], [ -4295424.298935453407466, 1402179.363060670904815 ], [ -4295830.999079209752381, 1402286.144129616441205 ], [ -4296151.793793557211757, 1402369.657156598754227 ], [ -4296471.400193629786372, 1402453.764955041930079 ], [ -4296790.501373426057398, 1402536.837154819862917 ], [ -4297113.231510047800839, 1402620.854114795802161 ], [ -4297430.17678314819932, 1402704.269387187669054 ], [ -4297757.261474451981485, 1402789.420031843706965 ], [ -4299024.046956880949438, 1403118.486051644431427 ], [ -4299140.792954544536769, 1403148.812468302901834 ], [ -4299717.04416673257947, 1403296.902416068827733 ], [ -4299894.860028741881251, 1403343.193695968016982 ], [ -4300261.158312839455903, 1403439.457236704183742 ], [ -4300533.062328218482435, 1403509.338679201900959 ], [ -4300805.493026721291244, 1403581.165455398149788 ], [ -4301122.386490938253701, 1403665.772202544147149 ], [ -4301617.378108997829258, 1403793.785522818565369 ], [ -4301979.045514478348196, 1403883.838593907654285 ], [ -4302264.948223698884249, 1403954.522920212941244 ], [ -4302582.080910093151033, 1404034.241518219467252 ], [ -4302892.638448554091156, 1404110.440266201039776 ], [ -4303218.480473374947906, 1404192.426230408018455 ], [ -4303538.242822433821857, 1404272.958797292318195 ], [ -4303808.896714601665735, 1404341.018993634963408 ], [ -4304173.542736820876598, 1404438.721079294802621 ], [ -4304104.392830459401011, 1404734.725371758919209 ], [ -4304013.861209923401475, 1405091.407992646563798 ], [ -4303955.982496378012002, 1405316.709448476787657 ], [ -4303849.73698263335973, 1405733.752546115079895 ], [ -4303766.393827706575394, 1406058.853658564621583 ], [ -4303700.625640720129013, 1406322.399520325707272 ], [ -4303608.204421737231314, 1406686.339560984633863 ], [ -4303532.755455168895423, 1406982.109596021939069 ], [ -4303450.251493383198977, 1407323.832461273996159 ], [ -4303380.78724792599678, 1407599.590611946536228 ], [ -4303283.981693441048265, 1407965.489001356763765 ], [ -4303211.61423019785434, 1408240.491148832486942 ], [ -4303197.851279050111771, 1408290.380940208910033 ], [ -4303122.051935428753495, 1408600.396427006227896 ], [ -4303043.644362010061741, 1408910.50781039823778 ], [ -4302885.316163613460958, 1409533.565347620984539 ], [ -4302552.601794467307627, 1409441.265679697273299 ], [ -4302236.342614269815385, 1409362.162012308370322 ], [ -4302080.406224217265844, 1409323.116502054734156 ], [ -4301908.713034952059388, 1409280.09804774611257 ], [ -4301765.809261562302709, 1409244.574602488195524 ], [ -4301588.909802578389645, 1409200.717354161897674 ], [ -4301450.875794877298176, 1409166.332459135912359 ], [ -4301268.170066959224641, 1409120.96373514411971 ], [ -4301129.715247123502195, 1409086.211058914661407 ], [ -4300972.600663043558598, 1409046.729702602606267 ], [ -4300815.118298968300223, 1409007.669108878821135 ], [ -4300655.247988917864859, 1408967.857748707989231 ], [ -4300492.464619929902256, 1408928.321391194360331 ], [ -4300323.391248336061835, 1408887.147544377716258 ], [ -4300003.31130510661751, 1408801.882750130956993 ], [ -4299044.530687700025737, 1408561.321865384699777 ], [ -4298401.200287153944373, 1408401.979080831399187 ], [ -4297753.835794948972762, 1408230.34916153899394 ], [ -4297101.796024321578443, 1408068.739187776809558 ], [ -4296470.860892186872661, 1407900.482310174265876 ], [ -4296219.210476156324148, 1407846.077607331331819 ], [ -4296080.797325989231467, 1407811.792809196515009 ], [ -4296079.797666031867266, 1407806.961387630319223 ], [ -4296062.421852886676788, 1407722.984849879518151 ], [ -4296056.272745044901967, 1407688.060509792063385 ], [ -4296055.051256100647151, 1407663.976822133176029 ], [ -4296055.731581165455282, 1407615.718518356326967 ], [ -4296057.161706415936351, 1407552.672789767384529 ], [ -4296056.169724704697728, 1407420.540905084693804 ], [ -4296051.944102286361158, 1407362.351535765919834 ], [ -4296048.814079539850354, 1407328.729791437275708 ], [ -4296026.121135885827243, 1407167.828776651062071 ], [ -4296001.962761796079576, 1407020.495482264086604 ], [ -4295989.474072990007699, 1406948.40142847946845 ], [ -4295978.765954722650349, 1406861.529897412052378 ], [ -4295966.771390076726675, 1406663.503013412468135 ], [ -4295968.132134419865906, 1406566.986428872449324 ], [ -4295971.224699755199254, 1406526.33078524377197 ], [ -4295972.404882838018239, 1406489.052040259120986 ], [ -4295970.826486358419061, 1406445.501345131080598 ], [ -4295963.420221044681966, 1406399.529369566589594 ], [ -4295951.21304252743721, 1406301.547151218634099 ], [ -4295925.655283257365227, 1406048.454023443628103 ], [ -4295920.052422719076276, 1405991.585376739036292 ], [ -4295916.6140027474612, 1405930.37189771910198 ], [ -4295918.15712331328541, 1405861.93070029723458 ], [ -4295923.124728871509433, 1405806.134754785336554 ], [ -4295924.646738248877227, 1405758.612107825931162 ], [ -4295921.35341477021575, 1405713.710780745605007 ], [ -4295918.223338918760419, 1405680.088917450048029 ], [ -4295901.90142485499382, 1405618.750648115528747 ], [ -4295896.174655835144222, 1405587.165251717437059 ], [ -4295888.197217239066958, 1405534.457218719879165 ], [ -4295879.745777797885239, 1405480.592652232619002 ], [ -4295873.344830811955035, 1405446.635928401257843 ], [ -4295865.479242963716388, 1405407.389814314665273 ], [ -4295853.276020061224699, 1405359.006442623212934 ], [ -4295839.754173113033175, 1405302.788561632158235 ], [ -4295823.033904299139977, 1405223.134739281842485 ], [ -4295812.510050721466541, 1405189.138165859039873 ], [ -4295794.912512422539294, 1405152.107900088652968 ], [ -4295779.798577687703073, 1405120.303989567328244 ], [ -4295727.693520308472216, 1405009.868432469433174 ], [ -4295716.700517315417528, 1404988.475862217135727 ], [ -4295661.338818026706576, 1404880.74045921349898 ], [ -4295517.775226371362805, 1404600.672496126033366 ], [ -4295448.966270186938345, 1404443.265155432280153 ], [ -4295415.965370060876012, 1404363.635333074023947 ], [ -4295402.817473707720637, 1404318.880933240288869 ], [ -4295391.216964398510754, 1404277.112612375058234 ], [ -4295343.777118677273393, 1404095.173779320670292 ], [ -4295307.717690808698535, 1403977.678430514875799 ], [ -4295234.886436810716987, 1403769.238617008551955 ], [ -4295195.232562782242894, 1403656.619771533180028 ], [ -4295161.444386262446642, 1403580.013943399069831 ], [ -4295144.156627760268748, 1403543.22310600685887 ], [ -4295129.127797237597406, 1403501.724773747380823 ], [ -4295108.838082834146917, 1403393.113701878115535 ], [ -4295098.436325510963798, 1403309.034175895852968 ], [ -4295095.033946885727346, 1403194.098975283326581 ], [ -4295094.442077995277941, 1403167.596101987641305 ], [ -4295090.323389872908592, 1403154.640935005620122 ], [ -4295076.186724703758955, 1403130.553272894117981 ], [ -4295058.827395345084369, 1403098.006098714657128 ], [ -4295049.096940238960087, 1403072.869750879472122 ], [ -4295043.550579937174916, 1403044.560338386101648 ], [ -4295041.153427447192371, 1403004.154590306570753 ], [ -4295040.003327656537294, 1402975.827264177147299 ], [ -4295042.67353393137455, 1402931.832609063247219 ], [ -4295063.140450087375939, 1402828.406875806162134 ], [ -4295078.115449908189476, 1402762.94574567861855 ], [ -4295089.383046069182456, 1402707.756583421258256 ], [ -4295116.510935193859041, 1402611.489790350664407 ], [ -4295139.521996783092618, 1402527.067448757356033 ], [ -4295167.968496732413769, 1402438.635160098318011 ], [ -4295190.068286875262856, 1402382.520309393294156 ], [ -4295223.420745193958282, 1402304.019089152105153 ], [ -4295237.106601257808506, 1402268.316881708567962 ], [ -4295243.940033657476306, 1402242.067915274994448 ], [ -4295253.3871985450387, 1402205.778933277586475 ], [ -4295266.109390331432223, 1402156.909733288455755 ], [ -4295271.246196023188531, 1402140.054889212362468 ] ] ] } },
{ "type": "Feature", "properties": { "neighborhood": "Windsor", "total_housing": 8732.0, "total_occupied_housing": 8093.0, "total_vacant_housing": 638.0, "owner_occupied_units": 3754.0, "renter_occupied_units": 4339.0, "vacant_homes_rented": 0.0, "vacant_homes_sold": 22.0, "vacant_homes_seasonal": 96.0, "population": 14083.0, "median_gross_rent": 1724.0, "median_home_value": 400344.0, "median_household_income": 63756.0, "total_listings": 10, "pct_entire_home": 80.0, "avg_price": 165.94, "avg_bedrooms": 2.43, "avg_price_per_bedroom": 87.85, "avg_estimated_annual_revenue": 15536.89, "estimated_total_annual_revenue": 139832.0, "total_hosts": 10, "hobbyist_hosts": 10, "small_business_hosts": 0, "commercial_hosts": 0 }, "geometry": { "type": "Polygon", "coordinates": [ [ [ -4269200.712363164871931, 1395501.436894484097138 ], [ -4269211.588556346483529, 1395503.802151354495436 ], [ -4269214.797186293639243, 1395504.336183925159276 ], [ -4269228.70566547755152, 1395505.815053113736212 ], [ -4269242.691819144412875, 1395505.957720203790814 ], [ -4269256.308713056147099, 1395504.805316729005426 ], [ -4269269.75846481602639, 1395502.386223588371649 ], [ -4269282.923504791222513, 1395498.721587098203599 ], [ -4269295.688751700334251, 1395493.843441254226491 ], [ -4269307.942619253881276, 1395487.79442790383473 ], [ -4269319.577991757541895, 1395480.627424059435725 ], [ -4269330.493159514851868, 1395472.40507935336791 ], [ -4269340.592708380892873, 1395463.199268657015637 ], [ -4269349.557116452604532, 1395453.369147289777175 ], [ -4269381.449957966804504, 1395414.878240928286687 ], [ -4269557.030569437891245, 1395361.479765054071322 ], [ -4269935.642588115297258, 1395206.061629301635548 ], [ -4270008.32419213373214, 1395382.99740245915018 ], [ -4270034.436186128295958, 1395367.630863776430488 ], [ -4270191.521068589761853, 1395750.044691239017993 ], [ -4269972.276141495443881, 1395904.046088416362181 ], [ -4270865.673410928808153, 1396643.04126823018305 ], [ -4270873.912172379903495, 1396651.419852988328785 ], [ -4270765.139305963180959, 1397065.092634283471853 ], [ -4270725.924301477149129, 1397214.496476292610168 ], [ -4270708.250813293270767, 1397281.830558839254081 ], [ -4270384.052424066700041, 1398536.312517861369997 ], [ -4270062.118645464070141, 1399817.099395310506225 ], [ -4270011.234037694521248, 1400018.518395269056782 ], [ -4269970.635232534259558, 1400178.442039672285318 ], [ -4269968.74583347607404, 1400185.699882411397994 ], [ -4269871.269423353485763, 1400571.056009956868365 ], [ -4269764.58813154604286, 1400992.764389879535884 ], [ -4269738.620550728403032, 1401094.49952228856273 ], [ -4269720.138978511095047, 1401148.689105671597645 ], [ -4269689.650063493289053, 1401114.214265289483592 ], [ -4269239.854225197806954, 1400999.228687803726643 ], [ -4266841.476042223162949, 1400386.109762420644984 ], [ -4266749.179110529832542, 1400348.484396152896807 ], [ -4266700.97554087638855, 1400323.144140431191772 ], [ -4266641.820053089410067, 1400276.687102804891765 ], [ -4266579.794078852050006, 1400216.694516444345936 ], [ -4266519.766960131004453, 1400138.496359333395958 ], [ -4266391.932092611677945, 1399966.372724853688851 ], [ -4266142.289718986488879, 1399637.095605195034295 ], [ -4266021.346341639757156, 1399477.571877362439409 ], [ -4265887.782182283699512, 1399299.666310126660392 ], [ -4265645.544921818189323, 1398977.009229260263965 ], [ -4265591.325510242953897, 1398904.789695572573692 ], [ -4265483.637898455373943, 1398763.77790987957269 ], [ -4265417.531289868988097, 1398674.115764385322109 ], [ -4265358.658298482187092, 1398598.501714055426419 ], [ -4265307.156010658480227, 1398536.681489035487175 ], [ -4265263.62186970282346, 1398493.377443911042064 ], [ -4265199.814157873392105, 1398440.228708902141079 ], [ -4265154.718098409473896, 1398407.62942400178872 ], [ -4265099.511547478847206, 1398372.251138218911365 ], [ -4265045.395808070898056, 1398343.2418259952683 ], [ -4264991.316760564222932, 1398318.353726545115933 ], [ -4264910.027137976139784, 1398289.751269159838557 ], [ -4264824.038345878943801, 1398266.765140349511057 ], [ -4264740.648075562901795, 1398252.270244630053639 ], [ -4264684.719940233044326, 1398248.188702728366479 ], [ -4264543.974367958493531, 1398250.363827266497537 ], [ -4263323.772588839754462, 1398312.215697958366945 ], [ -4262263.874499138444662, 1398365.148344980087131 ], [ -4260878.33551256544888, 1398441.178434708155692 ], [ -4260887.176246039569378, 1398406.519290497526526 ], [ -4259507.845577687956393, 1398477.553928410168737 ], [ -4260141.65238684695214, 1395965.857117181178182 ], [ -4260161.448471278883517, 1395958.519899374805391 ], [ -4260181.617767519317567, 1395952.281372911063954 ], [ -4260202.099349237978458, 1395947.160382768372074 ], [ -4260222.831346434541047, 1395943.172398194205016 ], [ -4260328.591538998298347, 1395925.861245347885415 ], [ -4260386.940549516119063, 1395916.925264711724594 ], [ -4260445.459658611565828, 1395909.181059629656374 ], [ -4260504.124526458792388, 1395902.63185102166608 ], [ -4260562.910753473639488, 1395897.280362910125405 ], [ -4260839.627575888298452, 1395874.955058940220624 ], [ -4260880.52699305023998, 1395867.810592019464821 ], [ -4260900.507289512082934, 1395861.34975431044586 ], [ -4260919.795313470065594, 1395853.047536640660837 ], [ -4260938.22178806271404, 1395842.976801054785028 ], [ -4260955.624998407438397, 1395831.225930765038356 ], [ -4260972.294137181714177, 1395817.495788831263781 ], [ -4260987.562402181327343, 1395802.223032944137231 ], [ -4261001.287641297094524, 1395785.549856821075082 ], [ -4261013.342068804427981, 1395767.631492654792964 ], [ -4261273.436254324391484, 1395338.092791090952232 ], [ -4261288.655968112871051, 1395314.812872535549104 ], [ -4261305.427887090481818, 1395292.625104788923636 ], [ -4261323.673915218561888, 1395271.632802121108398 ], [ -4261343.309092429466546, 1395251.933712334139273 ], [ -4261360.055787793360651, 1395237.084864632459357 ], [ -4261377.593280524946749, 1395223.178878946462646 ], [ -4261395.868554547429085, 1395210.257793279364705 ], [ -4261414.826363447122276, 1395198.360668293433264 ], [ -4261434.409397346898913, 1395187.523469152161852 ], [ -4261454.558456652797759, 1395177.778956908732653 ], [ -4261475.212630106136203, 1395169.156589312711731 ], [ -4261496.309480322524905, 1395161.682432036148384 ], [ -4261548.339766966179013, 1395144.856092463713139 ], [ -4261572.393724539317191, 1395138.133704642532393 ], [ -4261596.908489332534373, 1395133.357757408404723 ], [ -4261621.726822976022959, 1395130.558883997844532 ], [ -4261646.689539317041636, 1395129.755036555696279 ], [ -4261703.518408666364849, 1395130.224213951267302 ], [ -4261712.389600854367018, 1395130.297464231960475 ], [ -4261713.482890761457384, 1395130.306490859948099 ], [ -4261917.365250975824893, 1394322.048911240883172 ], [ -4261248.555738824419677, 1394152.65125484042801 ], [ -4261087.010715269483626, 1394792.632227099034935 ], [ -4260796.184127445332706, 1394719.700469327857718 ], [ -4260876.956677813082933, 1394399.709959629457444 ], [ -4260556.827760183252394, 1394319.429925466421992 ], [ -4260799.065270155668259, 1393358.704926387639716 ], [ -4261118.071345903910697, 1393439.166242168052122 ], [ -4262077.171903463080525, 1393681.479627881199121 ], [ -4263349.329818150028586, 1394002.701992202317342 ], [ -4263183.313386056572199, 1394666.62302870862186 ], [ -4263840.575603982433677, 1394833.730195807293057 ], [ -4264006.556779935956001, 1394169.760576479369774 ], [ -4265895.935914354398847, 1394650.019013744778931 ], [ -4268470.155936764553189, 1395312.7722887492273 ], [ -4268534.253218668513, 1395056.183882785029709 ], [ -4268717.677975458092988, 1395103.540160543983802 ], [ -4268653.580731620080769, 1395360.128519844263792 ], [ -4269200.712363164871931, 1395501.436894484097138 ] ] ] } },
{ "type": "Feature", "properties": { "neighborhood": "East Colfax", "total_housing": 4782.0, "total_occupied_housing": 4477.0, "total_vacant_housing": 305.0, "owner_occupied_units": 1515.0, "renter_occupied_units": 2962.0, "vacant_homes_rented": 0.0, "vacant_homes_sold": 0.0, "vacant_homes_seasonal": 0.0, "population": 10173.0, "median_gross_rent": 1565.0, "median_home_value": 493827.0, "median_household_income": 72411.0, "total_listings": 49, "pct_entire_home": 79.59, "avg_price": 232.8, "avg_bedrooms": 2.05, "avg_price_per_bedroom": 116.4, "avg_estimated_annual_revenue": 21343.63, "estimated_total_annual_revenue": 917776.0, "total_hosts": 42, "hobbyist_hosts": 29, "small_business_hosts": 11, "commercial_hosts": 2 }, "geometry": { "type": "Polygon", "coordinates": [ [ [ -4261349.892136801034212, 1412621.116808666614816 ], [ -4261999.984515577554703, 1410043.494534432189539 ], [ -4262667.178038702346385, 1407465.67267482704483 ], [ -4262669.501023849472404, 1407466.278083187993616 ], [ -4262985.246576642617583, 1407547.749951519770548 ], [ -4263306.515242917463183, 1407629.83420534292236 ], [ -4263628.033822276629508, 1407711.156763940351084 ], [ -4263954.333211675286293, 1407792.76756512443535 ], [ -4264273.725896812044084, 1407875.318880582926795 ], [ -4265029.972566805779934, 1408066.780595934251323 ], [ -4265528.587674623355269, 1408195.252658526180312 ], [ -4265741.328684780746698, 1408250.067192823626101 ], [ -4265886.228656752966344, 1408287.401798945385963 ], [ -4265983.476233982481062, 1408312.45844341116026 ], [ -4266179.101201106794178, 1408362.862835644977167 ], [ -4266225.623827451840043, 1408374.849815335357562 ], [ -4266499.106489480473101, 1408445.314911536639556 ], [ -4266806.828952857293189, 1408523.873046954860911 ], [ -4267102.161458263173699, 1408599.205791678512469 ], [ -4267392.302844400517642, 1408671.662767717381939 ], [ -4267777.110066863708198, 1408777.581064756261185 ], [ -4267661.57857362087816, 1409228.012434768490493 ], [ -4267614.937979696318507, 1409413.060690834419802 ], [ -4267532.647657591849566, 1409742.056704339105636 ], [ -4267385.474876712076366, 1410322.315527310827747 ], [ -4267259.3505316702649, 1410828.209856803296134 ], [ -4267127.504208415746689, 1411337.744553418131545 ], [ -4267008.242128410376608, 1411808.55036226217635 ], [ -4266962.975417971611023, 1411984.478542682947591 ], [ -4266908.806994298473001, 1412205.221738242544234 ], [ -4266801.999017242342234, 1412622.64348025014624 ], [ -4266640.63764763250947, 1413269.562681044219062 ], [ -4266472.920419159345329, 1413913.327157997759059 ], [ -4266363.448270578868687, 1414332.614743712591007 ], [ -4266253.162662551738322, 1414752.278477560263127 ], [ -4266147.667643739841878, 1415174.137081297580153 ], [ -4265823.043608632870018, 1415092.691209151875228 ], [ -4265503.087641036137938, 1415011.233547492651269 ], [ -4265183.134548146277666, 1414931.338416488841176 ], [ -4264868.636784420348704, 1414850.229294200660661 ], [ -4264979.144624115899205, 1414430.692311460152268 ], [ -4265197.116667056456208, 1413590.416761819040403 ], [ -4264867.99040609318763, 1413507.815656060818583 ], [ -4264544.473099512979388, 1413428.160547233885154 ], [ -4263900.360552240163088, 1413267.846541872946545 ], [ -4263581.677302333526313, 1413188.138412421802059 ], [ -4263263.83585225045681, 1413108.172242046799511 ], [ -4262943.167423796840012, 1413027.729181548347697 ], [ -4262622.855705478228629, 1412946.75461192545481 ], [ -4262307.753691961988807, 1412867.180104453116655 ], [ -4261987.92086701374501, 1412786.503170939860865 ], [ -4261667.650149899534881, 1412705.711344813462347 ], [ -4261350.540161965414882, 1412626.238531981594861 ], [ -4261349.892136801034212, 1412621.116808666614816 ] ] ] } },
{ "type": "Feature", "properties": { "neighborhood": "Northeast Park Hill", "total_housing": 3506.0, "total_occupied_housing": 3359.0, "total_vacant_housing": 147.0, "owner_occupied_units": 1775.0, "renter_occupied_units": 1584.0, "vacant_homes_rented": 0.0, "vacant_homes_sold": 18.0, "vacant_homes_seasonal": 34.0, "population": 8660.0, "median_gross_rent": 1716.0, "median_home_value": 531767.0, "median_household_income": 65673.0, "total_listings": 55, "pct_entire_home": 78.18, "avg_price": 150.13, "avg_bedrooms": 2.13, "avg_price_per_bedroom": 76.63, "avg_estimated_annual_revenue": 14101.71, "estimated_total_annual_revenue": 690984.0, "total_hosts": 41, "hobbyist_hosts": 28, "small_business_hosts": 7, "commercial_hosts": 6 }, "geometry": { "type": "Polygon", "coordinates": [ [ [ -4263235.728964074514806, 1426764.031318261055276 ], [ -4263330.597261441871524, 1426417.002249305834994 ], [ -4263455.066507531329989, 1425934.238691003527492 ], [ -4263642.804134960286319, 1425180.845257341163233 ], [ -4263649.540229694917798, 1425163.315359295578673 ], [ -4263664.06123158056289, 1425117.934833756182343 ], [ -4263714.171508525498211, 1424945.064558035228401 ], [ -4263728.864437037147582, 1424884.806347458390519 ], [ -4263733.929150825366378, 1424864.035035394364968 ], [ -4263744.410147104412317, 1424821.058902510907501 ], [ -4263751.024175607599318, 1424795.652103886241093 ], [ -4263755.841287216171622, 1424777.147892870241776 ], [ -4263820.249708303250372, 1424513.822786459932104 ], [ -4263807.15346778742969, 1424492.583997756475583 ], [ -4263833.185599413700402, 1424468.30182654550299 ], [ -4263909.103874198161066, 1424193.065673260483891 ], [ -4264024.165686815045774, 1423735.636120583629236 ], [ -4264081.791383504867554, 1423595.319418911123648 ], [ -4264088.803251586854458, 1423564.544209476327524 ], [ -4264098.887815427966416, 1423521.947923785308376 ], [ -4264107.127847720868886, 1423474.852399955969304 ], [ -4264113.770386771298945, 1423422.316512691788375 ], [ -4264131.659070704132318, 1423280.255622990895063 ], [ -4264140.182590413838625, 1423228.209399804472923 ], [ -4264145.445070759393275, 1423196.417115214746445 ], [ -4264153.273070057854056, 1423143.184752816101536 ], [ -4264163.640126374550164, 1423095.638470227364451 ], [ -4264173.02823026292026, 1423051.855588929494843 ], [ -4264224.162960403598845, 1422847.217846719548106 ], [ -4264308.910247832536697, 1422506.395162336993963 ], [ -4264368.938399996608496, 1422270.734915659297258 ], [ -4264532.678372009657323, 1421626.689406313700601 ], [ -4264609.324822327122092, 1421344.860606349539012 ], [ -4264635.68778121471405, 1421244.927547870669514 ], [ -4264632.656607340089977, 1421189.784350387519225 ], [ -4264683.42973698489368, 1420982.255884886020795 ], [ -4264747.746203235350549, 1420722.66143386438489 ], [ -4264845.19763851724565, 1420340.453375309240073 ], [ -4265001.370407617650926, 1419700.769645631778985 ], [ -4265169.881040889769793, 1419047.50154604203999 ], [ -4265811.716724527999759, 1419206.67835928639397 ], [ -4266126.909010341390967, 1419286.638085735030472 ], [ -4266462.408176892437041, 1419372.584587342571467 ], [ -4266797.298349159769714, 1419456.984271647175774 ], [ -4267114.609467448666692, 1419537.493852350395173 ], [ -4267429.77410963922739, 1419617.4541212732438 ], [ -4267621.048422012478113, 1419664.951796609675512 ], [ -4267733.634689781814814, 1419701.626056313980371 ], [ -4268060.703725916333497, 1419785.78560432116501 ], [ -4268376.926728616468608, 1419865.655842960579321 ], [ -4268694.018451016396284, 1419945.746137869311497 ], [ -4269024.316180559806526, 1420027.796084552304819 ], [ -4269358.508032288402319, 1420111.861158540006727 ], [ -4269674.650697566568851, 1420193.667987774824724 ], [ -4269991.14403363969177, 1420273.106837984407321 ], [ -4270219.510175819508731, 1420331.574549168348312 ], [ -4270263.668602294288576, 1420343.070156506961212 ], [ -4270305.107011638581753, 1420357.786426001461223 ], [ -4270346.288922077044845, 1420370.963515690760687 ], [ -4270779.037427414208651, 1420482.145809118868783 ], [ -4271265.073959579691291, 1420602.563032802427188 ], [ -4271750.11988421343267, 1420723.658340691123158 ], [ -4272230.907766346819699, 1420842.603899312438443 ], [ -4272911.167468248866498, 1421016.070027005160227 ], [ -4273269.039623672142625, 1421107.675251449691132 ], [ -4273602.907195411622524, 1421192.003014971734956 ], [ -4273772.865506637841463, 1421234.411802710266784 ], [ -4273938.144134804606438, 1421275.653047834988683 ], [ -4274273.93696188274771, 1421359.962281355401501 ], [ -4274609.631705007515848, 1421443.211218679556623 ], [ -4274944.839957597665489, 1421529.956678782124072 ], [ -4275002.293194896541536, 1421545.948876906884834 ], [ -4275044.375526721589267, 1421555.351008726516739 ], [ -4275292.454597759991884, 1421604.397723440313712 ], [ -4275128.719915063120425, 1422242.47728032968007 ], [ -4275064.660825389437377, 1422492.517241083085537 ], [ -4274957.591324487701058, 1422914.713356648338959 ], [ -4274961.528459039516747, 1422962.833407408325002 ], [ -4274863.186075737699866, 1423355.831439465051517 ], [ -4274753.487112795934081, 1423774.247386115137488 ], [ -4274653.059393426403403, 1424157.058965433621779 ], [ -4274324.76624792534858, 1425462.382291748886928 ], [ -4274323.84865584410727, 1425465.907338137039915 ], [ -4274235.76385277044028, 1425804.305893651908264 ], [ -4274136.523198631592095, 1426242.313204412115738 ], [ -4273915.271787264384329, 1427121.78159275255166 ], [ -4273871.09169302880764, 1427306.061486183432862 ], [ -4273791.444947028532624, 1427636.81603116588667 ], [ -4273726.744108215905726, 1427886.386416562600061 ], [ -4273697.921229748986661, 1427991.130779138766229 ], [ -4273641.342010851018131, 1428183.871778768021613 ], [ -4273596.382338080555201, 1428355.561532135354355 ], [ -4273563.407815068028867, 1428455.866261886898428 ], [ -4273546.613773236982524, 1428504.735770123777911 ], [ -4273466.79823703225702, 1428774.286394863622263 ], [ -4273321.699284109286964, 1429302.880606132792309 ], [ -4273022.595836840569973, 1430531.212616179836914 ], [ -4272962.603753332979977, 1430774.561212192289531 ], [ -4272913.394847435876727, 1430948.842136670369655 ], [ -4272892.791866140440106, 1431027.984594109700993 ], [ -4272873.312733840197325, 1431102.809998449636623 ], [ -4272842.586482476443052, 1431203.132461964385584 ], [ -4272805.108668185770512, 1431311.684027075767517 ], [ -4272765.86774539295584, 1431397.498100178316236 ], [ -4272735.412819122895598, 1431467.169788768747821 ], [ -4272727.878467554226518, 1431484.405869962181896 ], [ -4272691.762266828678548, 1431564.119149734964594 ], [ -4272649.140932855196297, 1431645.211820499040186 ], [ -4272598.397451715543866, 1431745.700671158730984 ], [ -4272559.266787088476121, 1431815.502648058347404 ], [ -4270260.11146485991776, 1431247.677238929551095 ], [ -4268977.201804843731225, 1430930.861788508715108 ], [ -4269633.733206413686275, 1428367.859404388116673 ], [ -4268349.393432683311403, 1428051.206500090193003 ], [ -4265793.667943266220391, 1427410.812385339755565 ], [ -4263235.728964074514806, 1426764.031318261055276 ] ] ] } },
{ "type": "Feature", "properties": { "neighborhood": "Elyria Swansea", "total_housing": 2147.0, "total_occupied_housing": 1965.0, "total_vacant_housing": 182.0, "owner_occupied_units": 913.0, "renter_occupied_units": 1052.0, "vacant_homes_rented": 31.0, "vacant_homes_sold": 44.0, "vacant_homes_seasonal": 0.0, "population": 6446.0, "median_gross_rent": 1672.0, "median_home_value": 418168.0, "median_household_income": 64186.0, "total_listings": 25, "pct_entire_home": 56.0, "avg_price": 156.88, "avg_bedrooms": 2.35, "avg_price_per_bedroom": 86.29, "avg_estimated_annual_revenue": 14712.23, "estimated_total_annual_revenue": 323669.0, "total_hosts": 16, "hobbyist_hosts": 10, "small_business_hosts": 3, "commercial_hosts": 3 }, "geometry": { "type": "Polygon", "coordinates": [ [ [ -4272559.266787088476121, 1431815.502648058347404 ], [ -4272598.397451715543866, 1431745.700671158730984 ], [ -4272649.140932855196297, 1431645.211820499040186 ], [ -4272691.762266828678548, 1431564.119149734964594 ], [ -4272727.878467554226518, 1431484.405869962181896 ], [ -4272735.412819122895598, 1431467.169788768747821 ], [ -4272765.86774539295584, 1431397.498100178316236 ], [ -4272805.108668185770512, 1431311.684027075767517 ], [ -4272842.586482476443052, 1431203.132461964385584 ], [ -4272873.312733840197325, 1431102.809998449636623 ], [ -4272892.791866140440106, 1431027.984594109700993 ], [ -4272913.394847435876727, 1430948.842136670369655 ], [ -4272962.603753332979977, 1430774.561212192289531 ], [ -4273022.595836840569973, 1430531.212616179836914 ], [ -4273321.699284109286964, 1429302.880606132792309 ], [ -4273466.79823703225702, 1428774.286394863622263 ], [ -4273546.613773236982524, 1428504.735770123777911 ], [ -4273563.407815068028867, 1428455.866261886898428 ], [ -4273596.382338080555201, 1428355.561532135354355 ], [ -4273641.342010851018131, 1428183.871778768021613 ], [ -4273697.921229748986661, 1427991.130779138766229 ], [ -4273726.744108215905726, 1427886.386416562600061 ], [ -4273791.444947028532624, 1427636.81603116588667 ], [ -4273871.09169302880764, 1427306.061486183432862 ], [ -4273915.271787264384329, 1427121.78159275255166 ], [ -4274136.523198631592095, 1426242.313204412115738 ], [ -4274235.76385277044028, 1425804.305893651908264 ], [ -4274323.84865584410727, 1425465.907338137039915 ], [ -4274324.76624792534858, 1425462.382291748886928 ], [ -4274427.119356653653085, 1425488.264040654525161 ], [ -4274616.714248081669211, 1425535.94183162227273 ], [ -4274955.409668682143092, 1425624.113780635409057 ], [ -4275898.990893186070025, 1425868.462747364770621 ], [ -4276056.315383198671043, 1425908.127177422400564 ], [ -4276209.49542080797255, 1425946.841787207406014 ], [ -4276508.442005462944508, 1426025.957628298783675 ], [ -4276657.383497204631567, 1426064.085529411910102 ], [ -4276681.607397106476128, 1426070.262626201845706 ], [ -4276830.759280965663493, 1426108.574396638199687 ], [ -4276957.811554851941764, 1426140.487311753444374 ], [ -4277108.877252102829516, 1426178.39312490914017 ], [ -4277407.508941499516368, 1426258.718787529272959 ], [ -4277560.467266620136797, 1426295.309136124327779 ], [ -4277710.522300643846393, 1426331.1438319880981 ], [ -4277862.051928211003542, 1426371.237122136633843 ], [ -4278009.468837212771177, 1426410.259853838942945 ], [ -4278831.02371446415782, 1426620.259427355602384 ], [ -4279128.495653793215752, 1426695.116871383739635 ], [ -4279440.606113761663437, 1426767.327064104378223 ], [ -4280885.179547794163227, 1427136.288233044790104 ], [ -4281221.946357076987624, 1427216.983716952614486 ], [ -4281911.414504366926849, 1427401.510038669221103 ], [ -4282334.584714191965759, 1427160.228467342210934 ], [ -4283082.580105978064239, 1426718.063448856351897 ], [ -4283176.391865843906999, 1426863.767750347033143 ], [ -4283268.593895417638123, 1427006.727491884492338 ], [ -4283445.336774443276227, 1427304.214256364386529 ], [ -4283620.757098618894815, 1427606.781568550271913 ], [ -4283709.837132314220071, 1427752.803272722288966 ], [ -4283799.959223627112806, 1427900.775390781229362 ], [ -4283888.450833418406546, 1428048.064786637201905 ], [ -4283978.258002235554159, 1428197.246478822082281 ], [ -4284157.693358223885298, 1428495.305180590134114 ], [ -4284333.573055442422628, 1428791.146452317945659 ], [ -4284383.923987954854965, 1428885.496162768220529 ], [ -4284403.907121667638421, 1428934.928890145383775 ], [ -4284370.833586925640702, 1428975.471392665058374 ], [ -4284317.984325056895614, 1429042.651198977604508 ], [ -4284311.376569581218064, 1429051.050912771141157 ], [ -4284271.541887789964676, 1429100.869472921127453 ], [ -4284197.002903372049332, 1429196.675785602536052 ], [ -4284174.617912648245692, 1429229.07960984040983 ], [ -4284151.067705048248172, 1429265.959349528187886 ], [ -4284136.611638945527375, 1429296.681751990457997 ], [ -4284129.18733345810324, 1429317.594852107577026 ], [ -4284124.019568061456084, 1429332.151733239879832 ], [ -4284115.359758665785193, 1429365.416413801023737 ], [ -4284099.182229422032833, 1429423.589373487746343 ], [ -4284075.617168157361448, 1429555.785361169604585 ], [ -4284065.027917001396418, 1429600.430588014191017 ], [ -4284058.232050681486726, 1429638.44275587447919 ], [ -4284054.270709947682917, 1429687.396580950822681 ], [ -4284039.854186340235174, 1429817.195380832767114 ], [ -4284026.989287910051644, 1429937.065144677180797 ], [ -4284010.742241995409131, 1430024.28114874730818 ], [ -4283991.679702903144062, 1430117.351220463169739 ], [ -4283973.134386358782649, 1430172.712167520308867 ], [ -4283958.37803549785167, 1430212.526701231487095 ], [ -4283910.064040440134704, 1430298.885892615886405 ], [ -4283875.464896108023822, 1430365.308321363292634 ], [ -4283864.189326485618949, 1430383.813579570269212 ], [ -4283852.953903206624091, 1430398.196170605486259 ], [ -4283805.802920492365956, 1430455.280366837978363 ], [ -4283794.135067551396787, 1430467.354713410837576 ], [ -4283755.591526026837528, 1430512.21369796176441 ], [ -4283739.384591925889254, 1430532.793343957979232 ], [ -4283708.463647341355681, 1430573.178842471214011 ], [ -4283674.74868290591985, 1430620.328187437262386 ], [ -4283601.838778064586222, 1430713.846181906526908 ], [ -4283564.082458308897913, 1430755.68124688253738 ], [ -4283544.342560700140893, 1430777.92428631731309 ], [ -4283515.783506762236357, 1430809.237637735437602 ], [ -4283475.66941458452493, 1430847.229972013738006 ], [ -4283438.70045910589397, 1430886.040853958809748 ], [ -4283418.448186310939491, 1430914.221034409012645 ], [ -4283394.727613287046552, 1430946.794007176300511 ], [ -4283370.209672313183546, 1430983.4214963526465 ], [ -4283344.440659706480801, 1431020.885947436094284 ], [ -4283318.887820661067963, 1431048.590340929338709 ], [ -4283298.639533560723066, 1431063.855631412705407 ], [ -4283277.148642024956644, 1431075.955816708970815 ], [ -4283262.155305694788694, 1431083.935280859936029 ], [ -4283232.019675933755934, 1431096.497504512313753 ], [ -4283211.07724732067436, 1431111.452770765405148 ], [ -4283190.222112877294421, 1431133.018166159512475 ], [ -4283166.436943478882313, 1431162.861851348774508 ], [ -4283139.315422960557044, 1431208.498732825508341 ], [ -4283106.996486295945942, 1431271.123319269390777 ], [ -4283087.820966416038573, 1431307.075097467983142 ], [ -4283068.935882220976055, 1431334.965492581250146 ], [ -4283028.143426425755024, 1431383.501347227022052 ], [ -4282979.976448960602283, 1431448.458233826328069 ], [ -4282933.402971608564258, 1431524.162748131668195 ], [ -4282899.79300145059824, 1431591.746778164990246 ], [ -4282861.114397686906159, 1431681.776728708064184 ], [ -4282847.852753974497318, 1431711.223140612710267 ], [ -4282823.158886355347931, 1431766.053541018161923 ], [ -4282798.216650817543268, 1431837.056524128187448 ], [ -4282772.810582966543734, 1431905.872179130557925 ], [ -4282753.66838235873729, 1431966.502383776009083 ], [ -4282739.443340115249157, 1432017.175637096865103 ], [ -4282721.871851447969675, 1432084.672544565750286 ], [ -4282705.335630645975471, 1432161.092941459966823 ], [ -4282695.823011755011976, 1432213.509589907713234 ], [ -4282687.213744819164276, 1432263.44912792602554 ], [ -4282679.769464964047074, 1432308.9129768027924 ], [ -4282673.471415353007615, 1432333.105511992936954 ], [ -4282649.142127771861851, 1432409.692650056444108 ], [ -4282623.236064590513706, 1432467.528691559564322 ], [ -4282601.314931355416775, 1432502.119818865787238 ], [ -4282573.255661943927407, 1432544.412778407102451 ], [ -4282547.528220009058714, 1432580.72540030349046 ], [ -4282524.836784427985549, 1432610.337401800090447 ], [ -4282484.903196762315929, 1432651.605409211944789 ], [ -4282448.721555636264384, 1432687.392361727077514 ], [ -4282411.391594837419689, 1432719.651386740617454 ], [ -4282367.236280054785311, 1432752.329233650583774 ], [ -4282320.389936225488782, 1432787.406285351607949 ], [ -4282281.206143339164555, 1432813.887102167820558 ], [ -4282236.438050927594304, 1432840.980733683565632 ], [ -4282206.482898793183267, 1432856.818787629948929 ], [ -4282167.221607875078917, 1432875.65893867937848 ], [ -4282147.147772694937885, 1432882.315791842527688 ], [ -4282058.638867978006601, 1432908.742640625685453 ], [ -4282020.332348591648042, 1432922.923287707846612 ], [ -4281706.070583450607955, 1433088.194998549297452 ], [ -4281537.994934872724116, 1433188.065898322500288 ], [ -4281341.503105453215539, 1433310.762892622267827 ], [ -4281031.03085976652801, 1433482.316806415095925 ], [ -4280963.340423323214054, 1433519.071298186201602 ], [ -4280889.373057235963643, 1433559.099927533185109 ], [ -4280833.755688195116818, 1433595.122789745917544 ], [ -4280776.536654310300946, 1433624.399663714226335 ], [ -4280690.630368060432374, 1433660.674382301280275 ], [ -4280615.86974308732897, 1433691.842755863443017 ], [ -4280558.218121678568423, 1433718.811423442093655 ], [ -4280502.924393880181015, 1433749.622942418791354 ], [ -4280383.324163164943457, 1433812.128518626559526 ], [ -4280365.926518916152418, 1433822.111816230230033 ], [ -4278029.892192587256432, 1433223.226186333689839 ], [ -4277743.584977780468762, 1433388.284169781953096 ], [ -4276417.144618204794824, 1434166.281072804704309 ], [ -4274902.35570836532861, 1433787.047717807581648 ], [ -4272340.497875272296369, 1433120.728184623876587 ], [ -4272668.088588451035321, 1431842.37854681070894 ], [ -4272559.266787088476121, 1431815.502648058347404 ] ] ] } },
{ "type": "Feature", "properties": { "neighborhood": "Wellshire", "total_housing": 1441.0, "total_occupied_housing": 1272.0, "total_vacant_housing": 169.0, "owner_occupied_units": 1170.0, "renter_occupied_units": 101.0, "vacant_homes_rented": 0.0, "vacant_homes_sold": 21.0, "vacant_homes_seasonal": 0.0, "population": 3091.0, "median_gross_rent": 2218.0, "median_home_value": 1050946.0, "median_household_income": 175791.0, "total_listings": 5, "pct_entire_home": 80.0, "avg_price": 214.25, "avg_bedrooms": 2.0, "avg_price_per_bedroom": 107.13, "avg_estimated_annual_revenue": 36810.6, "estimated_total_annual_revenue": 184053.0, "total_hosts": 5, "hobbyist_hosts": 5, "small_business_hosts": 0, "commercial_hosts": 0 }, "geometry": { "type": "Polygon", "coordinates": [ [ [ -4285014.197865069843829, 1383353.396192360436544 ], [ -4285077.299445672892034, 1383161.802871854277328 ], [ -4285082.09390567895025, 1383163.036325732013211 ], [ -4287640.233483612537384, 1383820.080022654728964 ], [ -4288581.399186448194087, 1384061.626336568035185 ], [ -4288610.456425336189568, 1384069.083759762346745 ], [ -4288973.000095234252512, 1384162.129178065108135 ], [ -4288575.934474774636328, 1385078.105390805052593 ], [ -4288340.501741267740726, 1385048.301073318114504 ], [ -4288328.116664996370673, 1385110.516015325905755 ], [ -4288330.643398340791464, 1385360.421069129137322 ], [ -4289872.128032580018044, 1385756.123583074193448 ], [ -4289864.674793318845332, 1385785.181901231408119 ], [ -4289544.024293355643749, 1387035.319182468578219 ], [ -4289433.575129708275199, 1387466.584945583948866 ], [ -4289404.221002803184092, 1387588.788191929925233 ], [ -4289301.409808176569641, 1387990.106446910183877 ], [ -4289220.632583281956613, 1388299.031420161947608 ], [ -4289022.811731637455523, 1389038.151177925756201 ], [ -4288876.594968773424625, 1389590.89928697864525 ], [ -4288490.307628650218248, 1389490.319549668114632 ], [ -4288103.627054482698441, 1389389.693394952919334 ], [ -4287716.729168047197163, 1389290.619340572971851 ], [ -4287365.789148918353021, 1389201.708194311475381 ], [ -4287218.452047734521329, 1389162.328969849040732 ], [ -4286966.154625569470227, 1389098.520656106295064 ], [ -4286715.743568212725222, 1389033.56858090008609 ], [ -4286535.632620905525982, 1388977.421268291538581 ], [ -4286496.843727789819241, 1388949.365176235558465 ], [ -4286448.938786491751671, 1388886.43191732512787 ], [ -4286416.05019614379853, 1388848.118961294880137 ], [ -4286381.131386199966073, 1388815.437283534556627 ], [ -4286353.34019355289638, 1388794.68018603278324 ], [ -4286309.820648523978889, 1388761.80090993270278 ], [ -4286266.961477738805115, 1388733.283771209884435 ], [ -4286242.2995276870206, 1388717.589557406958193 ], [ -4286183.815778723917902, 1388685.282256193691865 ], [ -4286157.304826816543937, 1388671.018207495799288 ], [ -4286139.473720144480467, 1388662.114127908367664 ], [ -4286121.180137952789664, 1388653.992829291382805 ], [ -4286102.634304102510214, 1388646.840795112773776 ], [ -4286078.882866590283811, 1388638.848208581563085 ], [ -4286016.745175200514495, 1388619.830435182433575 ], [ -4285969.347790086641908, 1388606.713500751880929 ], [ -4285910.492204524576664, 1388596.044669467257336 ], [ -4285845.943891823291779, 1388589.96219864836894 ], [ -4285806.747895346023142, 1388586.1847070872318 ], [ -4285766.113102152012289, 1388584.148763654753566 ], [ -4285653.168010652065277, 1388592.076824395218864 ], [ -4285583.048889030702412, 1388602.790310424519703 ], [ -4285512.486654565669596, 1388616.948710068827495 ], [ -4285366.011121861636639, 1388640.595142327016219 ], [ -4285282.043444076552987, 1388653.352031007874757 ], [ -4285247.113727875053883, 1388655.698407634161413 ], [ -4285225.221627989783883, 1388651.905896653421223 ], [ -4285180.27344392426312, 1388641.432414930779487 ], [ -4285054.915860373526812, 1388609.186076031066477 ], [ -4284913.55507738981396, 1388572.621312781237066 ], [ -4284783.454637483693659, 1388540.230922326212749 ], [ -4284635.113993731327355, 1388501.777089066337794 ], [ -4284355.858068842440844, 1388429.632539228070527 ], [ -4284076.093171443790197, 1388358.434361156309023 ], [ -4283777.525739965960383, 1388283.44340996677056 ], [ -4283964.691969835199416, 1387556.058190637035295 ], [ -4284024.747129932977259, 1387308.98116954904981 ], [ -4284086.96884370688349, 1387064.014557718299329 ], [ -4284146.549202811904252, 1386836.568634129595011 ], [ -4284234.359444411471486, 1386490.97822078038007 ], [ -4284389.044675106182694, 1385881.816186432959512 ], [ -4284431.775018508546054, 1385713.705962096340954 ], [ -4284465.334189626388252, 1385506.404096637153998 ], [ -4284481.555431936867535, 1385368.678273531841114 ], [ -4284583.525285065174103, 1384978.098025798564777 ], [ -4284886.616036539897323, 1383794.892414374742657 ], [ -4284927.910144397057593, 1383615.391646206611767 ], [ -4285014.197865069843829, 1383353.396192360436544 ] ] ] } },
{ "type": "Feature", "properties": { "neighborhood": "University", "total_housing": 3817.0, "total_occupied_housing": 3572.0, "total_vacant_housing": 245.0, "owner_occupied_units": 1843.0, "renter_occupied_units": 1729.0, "vacant_homes_rented": 33.0, "vacant_homes_sold": 0.0, "vacant_homes_seasonal": 36.0, "population": 8991.0, "median_gross_rent": 1800.0, "median_home_value": 837686.0, "median_household_income": 107742.0, "total_listings": 33, "pct_entire_home": 84.85, "avg_price": 246.9, "avg_bedrooms": 2.11, "avg_price_per_bedroom": 121.36, "avg_estimated_annual_revenue": 24951.17, "estimated_total_annual_revenue": 723584.0, "total_hosts": 30, "hobbyist_hosts": 25, "small_business_hosts": 4, "commercial_hosts": 1 }, "geometry": { "type": "Polygon", "coordinates": [ [ [ -4287358.806857635267079, 1395644.370508597465232 ], [ -4287369.86805753596127, 1395600.495305500691757 ], [ -4287386.877375201322138, 1395533.028117852052674 ], [ -4287483.764327858574688, 1395138.079652727581561 ], [ -4287526.852449123747647, 1394957.5783063150011 ], [ -4287543.256850374862552, 1394848.392638918943703 ], [ -4287581.529928325675428, 1394688.84230187558569 ], [ -4287744.140914074145257, 1394060.190347858471796 ], [ -4287909.28741214890033, 1393415.479340835241601 ], [ -4288069.703911288641393, 1392781.823388590943068 ], [ -4288227.269479846581817, 1392149.668914403999224 ], [ -4288390.915927024558187, 1391509.827895876253024 ], [ -4288555.050671994686127, 1390869.420256277546287 ], [ -4288718.191370384767652, 1390231.899934160523117 ], [ -4288876.594968773424625, 1389590.89928697864525 ], [ -4289022.811731637455523, 1389038.151177925756201 ], [ -4289220.632583281956613, 1388299.031420161947608 ], [ -4289301.409808176569641, 1387990.106446910183877 ], [ -4289404.221002803184092, 1387588.788191929925233 ], [ -4289433.575129708275199, 1387466.584945583948866 ], [ -4290424.734254565089941, 1387726.543231276562437 ], [ -4290534.989289463497698, 1387299.781541120028123 ], [ -4292097.135584277100861, 1387716.6312834341079 ], [ -4291605.745110249146819, 1389624.157217953819782 ], [ -4291920.728378851898015, 1389710.039917292073369 ], [ -4292239.809080432169139, 1389792.202072478365153 ], [ -4292883.686965849250555, 1389962.706024892628193 ], [ -4292718.156810756772757, 1390597.165934405988082 ], [ -4292717.322441535070539, 1390600.410160766681656 ], [ -4292552.168402220122516, 1391237.644067979184911 ], [ -4292389.117598860524595, 1391867.902082089567557 ], [ -4292221.085067788138986, 1392513.541703363182023 ], [ -4292063.506856030784547, 1393126.777824300806969 ], [ -4291900.274179431609809, 1393781.721901844022796 ], [ -4291730.738397295586765, 1394419.120522064855322 ], [ -4291563.592998730018735, 1395060.491422214312479 ], [ -4291403.056151977740228, 1395675.923774632159621 ], [ -4291402.664176935330033, 1395700.791772025637329 ], [ -4291238.657548277638853, 1396349.110392100876197 ], [ -4291079.202511503361166, 1396972.405809408985078 ], [ -4290917.138678247109056, 1397612.878997497959062 ], [ -4290797.411418812349439, 1398078.85244894050993 ], [ -4290784.450252704322338, 1398134.880018257303163 ], [ -4290757.930160148069263, 1398249.524464067537338 ], [ -4290728.013008616864681, 1398362.957813794724643 ], [ -4290714.143685583025217, 1398411.749101482797414 ], [ -4290681.705751931294799, 1398377.363611455308273 ], [ -4289911.069799116812646, 1397560.432024847017601 ], [ -4289666.189540012739599, 1397299.927891180617735 ], [ -4289612.660339304246008, 1397242.98355862707831 ], [ -4289517.468278572894633, 1397141.718086961656809 ], [ -4288856.971516266465187, 1396436.52095246873796 ], [ -4288706.436101412400603, 1396281.934117953293025 ], [ -4288610.531761365942657, 1396192.753958318149671 ], [ -4288481.806929147802293, 1396086.654099598992616 ], [ -4288349.642856772057712, 1395997.340842370409518 ], [ -4288210.532766333781183, 1395916.27090957085602 ], [ -4288090.69689451623708, 1395860.597825394710526 ], [ -4287981.895602978765965, 1395817.383649698924273 ], [ -4287828.513394193723798, 1395764.890125863719732 ], [ -4287522.656804458238184, 1395686.638792696874589 ], [ -4287358.806857635267079, 1395644.370508597465232 ] ] ] } },
{ "type": "Feature", "properties": { "neighborhood": "Rosedale", "total_housing": 1468.0, "total_occupied_housing": 1356.0, "total_vacant_housing": 112.0, "owner_occupied_units": 760.0, "renter_occupied_units": 596.0, "vacant_homes_rented": 0.0, "vacant_homes_sold": 0.0, "vacant_homes_seasonal": 0.0, "population": 2669.0, "median_gross_rent": 2034.0, "median_home_value": 752214.0, "median_household_income": 127266.0, "total_listings": 20, "pct_entire_home": 85.0, "avg_price": 179.61, "avg_bedrooms": 1.76, "avg_price_per_bedroom": 89.81, "avg_estimated_annual_revenue": 22856.93, "estimated_total_annual_revenue": 342854.0, "total_hosts": 18, "hobbyist_hosts": 11, "small_business_hosts": 4, "commercial_hosts": 3 }, "geometry": { "type": "Polygon", "coordinates": [ [ [ -4291730.738397295586765, 1394419.120522064855322 ], [ -4291900.274179431609809, 1393781.721901844022796 ], [ -4292063.506856030784547, 1393126.777824300806969 ], [ -4292221.085067788138986, 1392513.541703363182023 ], [ -4292389.117598860524595, 1391867.902082089567557 ], [ -4292552.168402220122516, 1391237.644067979184911 ], [ -4292717.322441535070539, 1390600.410160766681656 ], [ -4292718.156810756772757, 1390597.165934405988082 ], [ -4293997.977138062007725, 1390932.266334213549271 ], [ -4296560.478913204744458, 1391576.700322936056182 ], [ -4296402.058147107250988, 1392213.771726238075644 ], [ -4296240.148759015835822, 1392850.172743491828442 ], [ -4296077.714559190906584, 1393485.84865156095475 ], [ -4295914.011028039269149, 1394121.66668613255024 ], [ -4295750.999394436366856, 1394762.123212879057974 ], [ -4295586.32972326874733, 1395401.812076987000182 ], [ -4295256.535169755108654, 1395331.079760264838114 ], [ -4294943.441309916786849, 1395253.890028584515676 ], [ -4294629.883229555562139, 1395174.410813704831526 ], [ -4294305.224484356120229, 1395093.053307096008211 ], [ -4293975.985524261370301, 1395011.061026321258396 ], [ -4293660.369243716821074, 1394930.948833571048453 ], [ -4293345.344325697049499, 1394841.96675228769891 ], [ -4293010.294551187194884, 1394751.629283266840503 ], [ -4292678.654923433437943, 1394666.177550208056346 ], [ -4292362.620557243004441, 1394584.969464531634003 ], [ -4292047.451843988150358, 1394502.127196272835135 ], [ -4291730.738397295586765, 1394419.120522064855322 ] ] ] } },
{ "type": "Feature", "properties": { "neighborhood": "Cheesman Park", "total_housing": 6162.0, "total_occupied_housing": 5835.0, "total_vacant_housing": 327.0, "owner_occupied_units": 1844.0, "renter_occupied_units": 3991.0, "vacant_homes_rented": 61.0, "vacant_homes_sold": 50.0, "vacant_homes_seasonal": 0.0, "population": 8951.0, "median_gross_rent": 1640.0, "median_home_value": 521080.0, "median_household_income": 84551.0, "total_listings": 92, "pct_entire_home": 92.39, "avg_price": 1489.45, "avg_bedrooms": 1.73, "avg_price_per_bedroom": 939.0, "avg_estimated_annual_revenue": 21885.13, "estimated_total_annual_revenue": 1904006.0, "total_hosts": 59, "hobbyist_hosts": 36, "small_business_hosts": 13, "commercial_hosts": 10 }, "geometry": { "type": "Polygon", "coordinates": [ [ [ -4283582.498617047443986, 1411364.172312164912 ], [ -4283740.00250406190753, 1411404.141759245656431 ], [ -4283898.232078738510609, 1411444.300432829884812 ], [ -4284056.798146652989089, 1411484.159095994196832 ], [ -4284213.42872250918299, 1411523.513824724126607 ], [ -4284372.236749809235334, 1411563.435320055112243 ], [ -4284529.319777161814272, 1411603.037166845286265 ], [ -4284686.959519747644663, 1411641.492198198102415 ], [ -4284845.777444479055703, 1411680.383119164966047 ], [ -4285134.604200123809278, 1411752.731707593658939 ], [ -4285321.064649595879018, 1411798.560499502811581 ], [ -4285478.883463475853205, 1411837.320516068954021 ], [ -4285639.290346345864236, 1411878.045928427018225 ], [ -4285796.552274405024946, 1411917.952546588610858 ], [ -4285954.782007201574743, 1411958.111195179866627 ], [ -4286111.286588214337826, 1411997.949909419519827 ], [ -4286427.251996442675591, 1412079.171886379132047 ], [ -4286743.499306902289391, 1412156.333914375631139 ], [ -4287058.843332028947771, 1412235.973448689794168 ], [ -4286938.95168174803257, 1412722.309850078774616 ], [ -4286804.37615832220763, 1413287.873722383752465 ], [ -4286655.234232725575566, 1413873.669372865697369 ], [ -4286530.780906214378774, 1414386.45821244828403 ], [ -4286379.125701396726072, 1414993.815221842145547 ], [ -4286245.262513513676822, 1415532.827874477021396 ], [ -4286137.370801765471697, 1415935.362421345897019 ], [ -4286090.846658526919782, 1416109.113216309109703 ], [ -4286026.683286089450121, 1416091.634686649544165 ], [ -4285858.838275485672057, 1416045.743831091094762 ], [ -4285788.101543794386089, 1416027.716399739263579 ], [ -4285628.272972178645432, 1415986.754101698985323 ], [ -4285491.490466283634305, 1415951.532905389089137 ], [ -4285361.566313683055341, 1415918.743023584596813 ], [ -4285315.022141689434648, 1415907.013648110441864 ], [ -4285191.630022692494094, 1415875.924255724996328 ], [ -4284858.685564760118723, 1415785.503158315317705 ], [ -4284691.378903232514858, 1415743.498226659372449 ], [ -4284523.4094577729702, 1415701.062368334736675 ], [ -4284352.946134299039841, 1415656.298223499441519 ], [ -4284185.596499085426331, 1415612.473763394635171 ], [ -4284019.877326895482838, 1415569.332159951096401 ], [ -4283852.464690326713026, 1415525.749704932793975 ], [ -4283677.794254348613322, 1415480.27783813723363 ], [ -4283498.769102382473648, 1415433.672318647848442 ], [ -4283331.104577925987542, 1415391.05772782326676 ], [ -4283163.892243600450456, 1415348.689879000885412 ], [ -4282999.140867109410465, 1415305.800265516620129 ], [ -4282830.760394977405667, 1415261.965899384114891 ], [ -4282664.063463877886534, 1415219.60306062689051 ], [ -4282494.91563440207392, 1415176.731224061688408 ], [ -4282518.404075698927045, 1415083.392368179978803 ], [ -4282637.126445794478059, 1414611.605737784411758 ], [ -4282780.708814582787454, 1414055.103073820471764 ], [ -4282941.652009767480195, 1413430.919291594298556 ], [ -4283084.632968379184604, 1412870.772708126343787 ], [ -4283190.689032052643597, 1412457.42722352896817 ], [ -4283229.754815964028239, 1412343.08603884652257 ], [ -4283274.6113674165681, 1412178.717344564618543 ], [ -4283309.529672307893634, 1412035.656232069944963 ], [ -4283338.616542374715209, 1411987.430887609953061 ], [ -4283415.027077263221145, 1411911.227059509605169 ], [ -4283452.111734515056014, 1411851.134431661805138 ], [ -4283582.498617047443986, 1411364.172312164912 ] ] ] } },
{ "type": "Feature", "properties": { "neighborhood": "Hilltop", "total_housing": 3850.0, "total_occupied_housing": 3482.0, "total_vacant_housing": 368.0, "owner_occupied_units": 2570.0, "renter_occupied_units": 911.0, "vacant_homes_rented": 44.0, "vacant_homes_sold": 55.0, "vacant_homes_seasonal": 11.0, "population": 8512.0, "median_gross_rent": 2139.0, "median_home_value": 1268844.0, "median_household_income": 198258.0, "total_listings": 17, "pct_entire_home": 76.47, "avg_price": 377.72, "avg_bedrooms": 2.92, "avg_price_per_bedroom": 168.98, "avg_estimated_annual_revenue": 22305.53, "estimated_total_annual_revenue": 379194.0, "total_hosts": 15, "hobbyist_hosts": 10, "small_business_hosts": 1, "commercial_hosts": 4 }, "geometry": { "type": "Polygon", "coordinates": [ [ [ -4271565.973075972869992, 1401586.135955739300698 ], [ -4271807.729848049581051, 1401648.686626312555745 ], [ -4271995.666883872821927, 1401695.274834843818098 ], [ -4272261.875677519477904, 1401766.164052278269082 ], [ -4272296.228682450018823, 1401775.31190375238657 ], [ -4272625.979337885975838, 1401856.928754279622808 ], [ -4272943.797584350220859, 1401929.469100041082129 ], [ -4273262.370681180618703, 1402014.013467511860654 ], [ -4273580.397218249738216, 1402095.398668493377045 ], [ -4273898.529804185964167, 1402173.187781591899693 ], [ -4274215.836209546774626, 1402255.815383156295866 ], [ -4274534.598326035775244, 1402337.468279615277424 ], [ -4274850.627052408643067, 1402423.584855020977557 ], [ -4275170.639956399798393, 1402499.188488500891253 ], [ -4275491.927957125939429, 1402571.258145675295964 ], [ -4275812.744361119344831, 1402654.782927526859567 ], [ -4276133.373128868639469, 1402735.669831126462668 ], [ -4276452.264414268545806, 1402817.4024720385205 ], [ -4276771.05611649248749, 1402900.390049595851451 ], [ -4277381.63058171607554, 1403063.320849949726835 ], [ -4277421.378015462309122, 1403030.458342719590291 ], [ -4279880.696646329015493, 1403647.308361076982692 ], [ -4279841.997651158832014, 1403820.772041654912755 ], [ -4279702.554818100295961, 1404347.483749115141109 ], [ -4279563.360573520883918, 1404907.971445509931073 ], [ -4279526.436010065488517, 1405056.406486505409703 ], [ -4279424.49143257457763, 1405466.218618978746235 ], [ -4279314.922651996836066, 1405901.516349238809198 ], [ -4279284.948431255295873, 1406020.598676114343107 ], [ -4279235.032011048868299, 1406216.987508027581498 ], [ -4279140.918281938880682, 1406587.264414157485589 ], [ -4278999.447989686392248, 1407138.634542606538162 ], [ -4278857.622672645375133, 1407695.336942926980555 ], [ -4278803.348319833166897, 1407911.760004152543843 ], [ -4278714.965780231170356, 1408250.272825822932646 ], [ -4278694.614614095538855, 1408332.416782236890867 ], [ -4278607.166714415885508, 1408668.331344175618142 ], [ -4278580.843869470991194, 1408775.398629790870473 ], [ -4278247.628068901598454, 1408693.271170255029574 ], [ -4277931.693291460163891, 1408612.397354698507115 ], [ -4277616.031054025515914, 1408534.6620269685518 ], [ -4277305.740201354026794, 1408455.304907467216253 ], [ -4277008.249681421555579, 1408381.128746525617316 ], [ -4276705.375934079289436, 1408305.560331269400194 ], [ -4276405.009503712877631, 1408228.610434622038156 ], [ -4276105.840139108709991, 1408154.006191748194396 ], [ -4275806.757114837877452, 1408077.857645688112825 ], [ -4275504.171724272891879, 1408003.009890100220218 ], [ -4275204.027945944108069, 1407926.811659724917263 ], [ -4274903.437825001776218, 1407851.490400917595252 ], [ -4274601.729965570382774, 1407775.878169581061229 ], [ -4274300.664836445823312, 1407700.08580646221526 ], [ -4274000.975801172666252, 1407624.126983816968277 ], [ -4273699.804506509564817, 1407549.429378472035751 ], [ -4273389.491162499412894, 1407472.361192145850509 ], [ -4273089.909183205105364, 1407395.645671478239819 ], [ -4272789.666638620197773, 1407319.422164540272206 ], [ -4272488.625967257656157, 1407243.517570462077856 ], [ -4272188.49133731238544, 1407167.741705303778872 ], [ -4271887.897964245639741, 1407091.944610440870747 ], [ -4271586.377524083480239, 1407015.776219777297229 ], [ -4271287.207490417174995, 1406940.378492143703625 ], [ -4270971.329932578839362, 1406860.538753165630624 ], [ -4270877.808362858369946, 1406837.289862856967375 ], [ -4270655.842140458524227, 1406780.621677907416597 ], [ -4270345.6731361374259, 1406702.229746820637956 ], [ -4270035.077669098973274, 1406623.827333573950455 ], [ -4269706.440182878635824, 1406540.361915519693866 ], [ -4269375.848946365527809, 1406457.400702725397423 ], [ -4269064.937546221539378, 1406378.959266782272607 ], [ -4268744.416620586067438, 1406297.741031861398369 ], [ -4268672.686637876555324, 1406279.456430868245661 ], [ -4268411.934699974022806, 1406212.988705636467785 ], [ -4268470.104749680496752, 1406082.21918803290464 ], [ -4268493.911873516626656, 1406007.557184952311218 ], [ -4268515.139540336094797, 1405934.409178474219516 ], [ -4268656.747947682626545, 1405385.640895183663815 ], [ -4268737.747957393527031, 1405071.745483450125903 ], [ -4268773.296153364703059, 1404934.387422112748027 ], [ -4268827.303496045060456, 1404948.096148777287453 ], [ -4269109.736031009815633, 1405022.166272034402937 ], [ -4269386.86174847278744, 1405093.194289192091674 ], [ -4269445.818924372084439, 1405109.833839948521927 ], [ -4269586.055807990953326, 1405145.122709504794329 ], [ -4269624.012655572034419, 1405154.672288449015468 ], [ -4269679.750230154022574, 1405168.794634476536885 ], [ -4269974.047305138781667, 1405242.953576314961538 ], [ -4270028.81711751781404, 1405256.824088777182624 ], [ -4270040.972169453278184, 1405210.132339100120589 ], [ -4270058.301602997817099, 1405142.571723410394043 ], [ -4270074.20392544195056, 1405081.485415487317368 ], [ -4270206.440666739828885, 1404570.541323551209643 ], [ -4270321.50035335868597, 1404124.588236166862771 ], [ -4270336.719947305507958, 1404065.132242803927511 ], [ -4270351.99249560572207, 1404006.465114765334874 ], [ -4270360.884104644879699, 1403974.293939150404185 ], [ -4270375.431282063946128, 1403977.951715892879292 ], [ -4270389.978375521488488, 1403981.609451942145824 ], [ -4270404.525374399498105, 1403985.267333461437374 ], [ -4270411.783139490522444, 1403987.156714720884338 ], [ -4270419.040975596755743, 1403989.0461144966539 ], [ -4270526.952325124293566, 1404014.831177279120311 ], [ -4270786.845025344751775, 1404079.387735621072352 ], [ -4271049.262597652152181, 1404146.049078286159784 ], [ -4271308.849101513624191, 1404211.64513650489971 ], [ -4271618.989171711727977, 1404290.761288302252069 ], [ -4271602.957620183937252, 1404255.262968315044418 ], [ -4271785.207016644068062, 1403538.882434767438099 ], [ -4271915.92698207590729, 1403025.05237008840777 ], [ -4271219.366712534800172, 1402850.701899388572201 ], [ -4270480.642789781093597, 1402656.919641831889749 ], [ -4270489.354121666401625, 1402648.340593497501686 ], [ -4270491.667219252325594, 1402646.062661663861945 ], [ -4270579.462044334039092, 1402559.603371223201975 ], [ -4270996.173792610876262, 1402149.234411546960473 ], [ -4271124.356159304268658, 1402023.001954041887075 ], [ -4271465.038596016354859, 1401687.494759478839114 ], [ -4271511.710577209480107, 1401640.700930581428111 ], [ -4271565.973075972869992, 1401586.135955739300698 ] ] ] } },
{ "type": "Feature", "properties": { "neighborhood": "Montclair", "total_housing": 3167.0, "total_occupied_housing": 3014.0, "total_vacant_housing": 153.0, "owner_occupied_units": 2151.0, "renter_occupied_units": 863.0, "vacant_homes_rented": 41.0, "vacant_homes_sold": 32.0, "vacant_homes_seasonal": 0.0, "population": 6226.0, "median_gross_rent": 1887.0, "median_home_value": 744387.0, "median_household_income": 131012.0, "total_listings": 29, "pct_entire_home": 93.1, "avg_price": 205.32, "avg_bedrooms": 2.07, "avg_price_per_bedroom": 84.96, "avg_estimated_annual_revenue": 12590.92, "estimated_total_annual_revenue": 302182.0, "total_hosts": 23, "hobbyist_hosts": 17, "small_business_hosts": 2, "commercial_hosts": 4 }, "geometry": { "type": "Polygon", "coordinates": [ [ [ -4267127.504208415746689, 1411337.744553418131545 ], [ -4267259.3505316702649, 1410828.209856803296134 ], [ -4267385.474876712076366, 1410322.315527310827747 ], [ -4267532.647657591849566, 1409742.056704339105636 ], [ -4267614.937979696318507, 1409413.060690834419802 ], [ -4267661.57857362087816, 1409228.012434768490493 ], [ -4267777.110066863708198, 1408777.581064756261185 ], [ -4267886.396529344841838, 1408351.439232729142532 ], [ -4267973.53718856908381, 1408009.195454479893669 ], [ -4268034.42616275139153, 1407772.029306271811947 ], [ -4268049.633527520112693, 1407712.505494109354913 ], [ -4268076.74984098598361, 1407606.333587639732286 ], [ -4268102.487453635782003, 1407503.495902184862643 ], [ -4268156.195046728476882, 1407287.291281488025561 ], [ -4268209.033315625041723, 1407074.585456671658903 ], [ -4268304.429828010499477, 1406703.114601407665759 ], [ -4268315.310890001244843, 1406654.028093691216782 ], [ -4268330.216629107482731, 1406589.623105346923694 ], [ -4268411.934699974022806, 1406212.988705636467785 ], [ -4268672.686637876555324, 1406279.456430868245661 ], [ -4268744.416620586067438, 1406297.741031861398369 ], [ -4269064.937546221539378, 1406378.959266782272607 ], [ -4269375.848946365527809, 1406457.400702725397423 ], [ -4269706.440182878635824, 1406540.361915519693866 ], [ -4270035.077669098973274, 1406623.827333573950455 ], [ -4270345.6731361374259, 1406702.229746820637956 ], [ -4270655.842140458524227, 1406780.621677907416597 ], [ -4270877.808362858369946, 1406837.289862856967375 ], [ -4270971.329932578839362, 1406860.538753165630624 ], [ -4271287.207490417174995, 1406940.378492143703625 ], [ -4271586.377524083480239, 1407015.776219777297229 ], [ -4271887.897964245639741, 1407091.944610440870747 ], [ -4272188.49133731238544, 1407167.741705303778872 ], [ -4272488.625967257656157, 1407243.517570462077856 ], [ -4272789.666638620197773, 1407319.422164540272206 ], [ -4273089.909183205105364, 1407395.645671478239819 ], [ -4273389.491162499412894, 1407472.361192145850509 ], [ -4273699.804506509564817, 1407549.429378472035751 ], [ -4273485.19819513708353, 1408409.900454456917942 ], [ -4273377.992807445116341, 1408829.557898797793314 ], [ -4273242.640111254528165, 1408797.576578630367294 ], [ -4273133.551173888146877, 1409228.13710405305028 ], [ -4273080.657304043881595, 1409434.895094616571441 ], [ -4273029.826416872441769, 1409649.400152353104204 ], [ -4272920.291296236217022, 1410075.531128030037507 ], [ -4272853.898225889541209, 1410349.251646525226533 ], [ -4272758.205387868918478, 1410720.570463613606989 ], [ -4272724.312808968126774, 1410861.991050692275167 ], [ -4272584.136851713061333, 1411418.249655253952369 ], [ -4272436.610344713553786, 1411989.202163946116343 ], [ -4272270.555598088540137, 1412639.933318176539615 ], [ -4272090.945796118117869, 1412593.70409840461798 ], [ -4271947.00143844075501, 1412556.712546413531527 ], [ -4271790.75483837723732, 1412518.139472748152912 ], [ -4271623.979894137009978, 1412476.015593763673678 ], [ -4271489.57039187848568, 1412442.997399730840698 ], [ -4271303.157912977971137, 1412395.890365651808679 ], [ -4271190.450002811849117, 1412366.772401102352887 ], [ -4270971.316107987426221, 1412311.534322113497183 ], [ -4270889.214266387745738, 1412290.935862846905366 ], [ -4270635.071679908782244, 1412226.842668548692018 ], [ -4270289.706378361210227, 1412139.232641637558118 ], [ -4269987.713337561115623, 1412063.614298110827804 ], [ -4269674.940429143607616, 1411986.381919960258529 ], [ -4269573.451022469438612, 1411960.362673931056634 ], [ -4269358.552744480781257, 1411904.182411150075495 ], [ -4269047.659741291776299, 1411825.445727583486587 ], [ -4268735.975122847594321, 1411745.948845267761499 ], [ -4268408.384100967086852, 1411665.554628673009574 ], [ -4268076.678273883648217, 1411583.278603127226233 ], [ -4267765.313892458565533, 1411502.244718466652557 ], [ -4267452.808859957382083, 1411424.837975792819634 ], [ -4267127.504208415746689, 1411337.744553418131545 ] ] ] } },
{ "type": "Feature", "properties": { "neighborhood": "Hale", "total_housing": 2579.0, "total_occupied_housing": 2490.0, "total_vacant_housing": 89.0, "owner_occupied_units": 1289.0, "renter_occupied_units": 1201.0, "vacant_homes_rented": 0.0, "vacant_homes_sold": 0.0, "vacant_homes_seasonal": 0.0, "population": 5274.0, "median_gross_rent": 1706.0, "median_home_value": 805609.0, "median_household_income": 105742.0, "total_listings": 91, "pct_entire_home": 95.6, "avg_price": 163.8, "avg_bedrooms": 1.43, "avg_price_per_bedroom": 101.71, "avg_estimated_annual_revenue": 12251.71, "estimated_total_annual_revenue": 943382.0, "total_hosts": 50, "hobbyist_hosts": 37, "small_business_hosts": 9, "commercial_hosts": 4 }, "geometry": { "type": "Polygon", "coordinates": [ [ [ -4272270.555598088540137, 1412639.933318176539615 ], [ -4272436.610344713553786, 1411989.202163946116343 ], [ -4272584.136851713061333, 1411418.249655253952369 ], [ -4272724.312808968126774, 1410861.991050692275167 ], [ -4272758.205387868918478, 1410720.570463613606989 ], [ -4272853.898225889541209, 1410349.251646525226533 ], [ -4272920.291296236217022, 1410075.531128030037507 ], [ -4273029.826416872441769, 1409649.400152353104204 ], [ -4273080.657304043881595, 1409434.895094616571441 ], [ -4273133.551173888146877, 1409228.13710405305028 ], [ -4273242.640111254528165, 1408797.576578630367294 ], [ -4273377.992807445116341, 1408829.557898797793314 ], [ -4273485.19819513708353, 1408409.900454456917942 ], [ -4273699.804506509564817, 1407549.429378472035751 ], [ -4274000.975801172666252, 1407624.126983816968277 ], [ -4274300.664836445823312, 1407700.08580646221526 ], [ -4274601.729965570382774, 1407775.878169581061229 ], [ -4274903.437825001776218, 1407851.490400917595252 ], [ -4275204.027945944108069, 1407926.811659724917263 ], [ -4275504.171724272891879, 1408003.009890100220218 ], [ -4275806.757114837877452, 1408077.857645688112825 ], [ -4276105.840139108709991, 1408154.006191748194396 ], [ -4276405.009503712877631, 1408228.610434622038156 ], [ -4276705.375934079289436, 1408305.560331269400194 ], [ -4277008.249681421555579, 1408381.128746525617316 ], [ -4277305.740201354026794, 1408455.304907467216253 ], [ -4277616.031054025515914, 1408534.6620269685518 ], [ -4277931.693291460163891, 1408612.397354698507115 ], [ -4278247.628068901598454, 1408693.271170255029574 ], [ -4278580.843869470991194, 1408775.398629790870473 ], [ -4278468.645484857261181, 1409228.218588840449229 ], [ -4278429.987255772575736, 1409378.701697281794623 ], [ -4278256.156734887510538, 1410056.361773374723271 ], [ -4278142.911395739763975, 1410498.317936867941171 ], [ -4278093.558135016821325, 1410691.868748638313264 ], [ -4277998.554184327833354, 1411059.785268714185804 ], [ -4277927.933476297184825, 1411333.045903517631814 ], [ -4277855.675353586673737, 1411612.596357963979244 ], [ -4277759.915554055944085, 1411983.416039693634957 ], [ -4277722.409511849284172, 1412124.511880544479936 ], [ -4277579.803137235343456, 1412696.122038710862398 ], [ -4277437.366861620917916, 1413250.210531647084281 ], [ -4277271.47441965341568, 1413903.329791966127232 ], [ -4276950.781571664847434, 1413824.354331263108179 ], [ -4276802.694878007285297, 1413784.780502482550219 ], [ -4276650.242978606373072, 1413746.811787677695975 ], [ -4276336.705750621855259, 1413669.570772176142782 ], [ -4276040.056631430983543, 1413593.854220712790266 ], [ -4275868.074553711339831, 1413550.374370173551142 ], [ -4275727.752854730002582, 1413514.749712368706241 ], [ -4275400.302693434990942, 1413431.273643716936931 ], [ -4275097.788591348566115, 1413354.717177585233003 ], [ -4274933.427261712960899, 1413311.849869279423729 ], [ -4274782.623675600625575, 1413274.310707360506058 ], [ -4274619.091616633348167, 1413232.344912661006674 ], [ -4274467.847286031581461, 1413194.133950969902799 ], [ -4274309.693654542788863, 1413154.253787112189457 ], [ -4274151.895903196185827, 1413114.337636518292129 ], [ -4273998.586803958751261, 1413075.589499475667253 ], [ -4273837.186031916178763, 1413035.548729796893895 ], [ -4273689.713294386863708, 1412998.191479749279097 ], [ -4273518.781153074465692, 1412956.484691141173244 ], [ -4273211.663519428111613, 1412881.471367070218548 ], [ -4272893.951608231291175, 1412799.289004897233099 ], [ -4272572.424426127225161, 1412719.282605355838314 ], [ -4272270.555598088540137, 1412639.933318176539615 ] ] ] } },
{ "type": "Feature", "properties": { "neighborhood": "North Park Hill", "total_housing": 2044.0, "total_occupied_housing": 2015.0, "total_vacant_housing": 29.0, "owner_occupied_units": 1370.0, "renter_occupied_units": 645.0, "vacant_homes_rented": 0.0, "vacant_homes_sold": 0.0, "vacant_homes_seasonal": 28.0, "population": 4838.0, "median_gross_rent": 2343.0, "median_home_value": 646461.0, "median_household_income": 141779.0, "total_listings": 61, "pct_entire_home": 85.25, "avg_price": 235.52, "avg_bedrooms": 2.07, "avg_price_per_bedroom": 105.36, "avg_estimated_annual_revenue": 27926.08, "estimated_total_annual_revenue": 1424230.0, "total_hosts": 53, "hobbyist_hosts": 39, "small_business_hosts": 11, "commercial_hosts": 3 }, "geometry": { "type": "Polygon", "coordinates": [ [ [ -4266039.848026899620891, 1415596.398852564627305 ], [ -4266147.667643739841878, 1415174.137081297580153 ], [ -4266478.795098233036697, 1415258.102915769908577 ], [ -4266797.893741503357887, 1415338.396111816866323 ], [ -4267109.083775065839291, 1415416.719624827615917 ], [ -4267439.108838262036443, 1415499.946250128792599 ], [ -4267768.68847949244082, 1415582.361150121549144 ], [ -4268077.700589003041387, 1415661.409803475951776 ], [ -4268398.249996207654476, 1415741.344392247963697 ], [ -4268520.723002430982888, 1415772.75364974886179 ], [ -4268559.453074757941067, 1415783.946511771995574 ], [ -4268588.410204095765948, 1415796.470014717197046 ], [ -4268709.771204138174653, 1415847.642880700295791 ], [ -4269019.746373028494418, 1415927.586607061326504 ], [ -4269338.821986932307482, 1416006.386935141868889 ], [ -4269659.150530511513352, 1416089.001163739943877 ], [ -4269991.45060502178967, 1416170.394298419123515 ], [ -4270321.680748852901161, 1416254.554949211888015 ], [ -4270641.036497503519058, 1416334.95068327547051 ], [ -4270960.946103858761489, 1416416.629029683070257 ], [ -4271281.897873173467815, 1416495.943244401365519 ], [ -4271606.25103350635618, 1416577.003380703274161 ], [ -4271923.852299003861845, 1416656.50696407770738 ], [ -4272236.916408875957131, 1416735.927975719096139 ], [ -4272565.083844926208258, 1416818.892745508812368 ], [ -4272884.599305650219321, 1416899.349001470720395 ], [ -4273204.181274844333529, 1416978.534646864281967 ], [ -4273523.362798760645092, 1417059.304029985330999 ], [ -4273849.975311033427715, 1417141.366455156821758 ], [ -4274158.726168454624712, 1417218.522606122773141 ], [ -4274459.425363589078188, 1417291.887578240362927 ], [ -4274760.394764610566199, 1417369.203902747947723 ], [ -4275060.284675165079534, 1417445.724034321727231 ], [ -4275360.712199185043573, 1417522.124167073750868 ], [ -4275661.498025679960847, 1417596.166632678825408 ], [ -4275962.316430904902518, 1417672.022639084607363 ], [ -4276282.630360748618841, 1417751.405059923650697 ], [ -4276119.295812424272299, 1418387.75275087938644 ], [ -4275976.072404311969876, 1418944.864572984166443 ], [ -4275954.040984960272908, 1419031.478935836814344 ], [ -4275922.76134424097836, 1419152.62574111437425 ], [ -4275835.840581058524549, 1419490.484787791036069 ], [ -4275787.127082076855004, 1419680.585293271811679 ], [ -4275624.747767981141806, 1420312.272813559975475 ], [ -4275454.118173891678452, 1420975.652588078984991 ], [ -4275306.621333583258092, 1421548.898093005875126 ], [ -4275292.454597759991884, 1421604.397723440313712 ], [ -4275044.375526721589267, 1421555.351008726516739 ], [ -4275002.293194896541536, 1421545.948876906884834 ], [ -4274944.839957597665489, 1421529.956678782124072 ], [ -4274609.631705007515848, 1421443.211218679556623 ], [ -4274273.93696188274771, 1421359.962281355401501 ], [ -4273938.144134804606438, 1421275.653047834988683 ], [ -4273772.865506637841463, 1421234.411802710266784 ], [ -4273602.907195411622524, 1421192.003014971734956 ], [ -4273269.039623672142625, 1421107.675251449691132 ], [ -4272911.167468248866498, 1421016.070027005160227 ], [ -4272230.907766346819699, 1420842.603899312438443 ], [ -4271750.11988421343267, 1420723.658340691123158 ], [ -4271265.073959579691291, 1420602.563032802427188 ], [ -4270779.037427414208651, 1420482.145809118868783 ], [ -4270346.288922077044845, 1420370.963515690760687 ], [ -4270305.107011638581753, 1420357.786426001461223 ], [ -4270263.668602294288576, 1420343.070156506961212 ], [ -4270219.510175819508731, 1420331.574549168348312 ], [ -4269991.14403363969177, 1420273.106837984407321 ], [ -4269674.650697566568851, 1420193.667987774824724 ], [ -4269358.508032288402319, 1420111.861158540006727 ], [ -4269024.316180559806526, 1420027.796084552304819 ], [ -4268694.018451016396284, 1419945.746137869311497 ], [ -4268376.926728616468608, 1419865.655842960579321 ], [ -4268060.703725916333497, 1419785.78560432116501 ], [ -4267733.634689781814814, 1419701.626056313980371 ], [ -4267621.048422012478113, 1419664.951796609675512 ], [ -4267429.77410963922739, 1419617.4541212732438 ], [ -4267114.609467448666692, 1419537.493852350395173 ], [ -4266797.298349159769714, 1419456.984271647175774 ], [ -4266462.408176892437041, 1419372.584587342571467 ], [ -4266126.909010341390967, 1419286.638085735030472 ], [ -4265811.716724527999759, 1419206.67835928639397 ], [ -4265169.881040889769793, 1419047.50154604203999 ], [ -4265224.602168453857303, 1418851.062668819446117 ], [ -4265333.799071429297328, 1418426.127130389213562 ], [ -4265494.871288015507162, 1417786.948798033874482 ], [ -4265512.397455250844359, 1417643.110138005344197 ], [ -4265808.829491649754345, 1416483.924087209859863 ], [ -4265932.68830896448344, 1416018.254532274091616 ], [ -4266039.848026899620891, 1415596.398852564627305 ] ] ] } },
{ "type": "Feature", "properties": { "neighborhood": "South Park Hill", "total_housing": 3759.0, "total_occupied_housing": 3674.0, "total_vacant_housing": 85.0, "owner_occupied_units": 3242.0, "renter_occupied_units": 432.0, "vacant_homes_rented": 0.0, "vacant_homes_sold": 43.0, "vacant_homes_seasonal": 0.0, "population": 8841.0, "median_gross_rent": 1667.0, "median_home_value": 1002278.0, "median_household_income": 166679.0, "total_listings": 47, "pct_entire_home": 70.21, "avg_price": 257.49, "avg_bedrooms": 2.33, "avg_price_per_bedroom": 118.84, "avg_estimated_annual_revenue": 24807.81, "estimated_total_annual_revenue": 1041928.0, "total_hosts": 36, "hobbyist_hosts": 31, "small_business_hosts": 3, "commercial_hosts": 2 }, "geometry": { "type": "Polygon", "coordinates": [ [ [ -4266147.667643739841878, 1415174.137081297580153 ], [ -4266253.162662551738322, 1414752.278477560263127 ], [ -4266363.448270578868687, 1414332.614743712591007 ], [ -4266472.920419159345329, 1413913.327157997759059 ], [ -4266640.63764763250947, 1413269.562681044219062 ], [ -4266801.999017242342234, 1412622.64348025014624 ], [ -4266908.806994298473001, 1412205.221738242544234 ], [ -4266962.975417971611023, 1411984.478542682947591 ], [ -4267008.242128410376608, 1411808.55036226217635 ], [ -4267127.504208415746689, 1411337.744553418131545 ], [ -4267452.808859957382083, 1411424.837975792819634 ], [ -4267765.313892458565533, 1411502.244718466652557 ], [ -4268076.678273883648217, 1411583.278603127226233 ], [ -4268408.384100967086852, 1411665.554628673009574 ], [ -4268735.975122847594321, 1411745.948845267761499 ], [ -4269047.659741291776299, 1411825.445727583486587 ], [ -4269358.552744480781257, 1411904.182411150075495 ], [ -4269573.451022469438612, 1411960.362673931056634 ], [ -4269674.940429143607616, 1411986.381919960258529 ], [ -4269987.713337561115623, 1412063.614298110827804 ], [ -4270289.706378361210227, 1412139.232641637558118 ], [ -4270635.071679908782244, 1412226.842668548692018 ], [ -4270889.214266387745738, 1412290.935862846905366 ], [ -4270971.316107987426221, 1412311.534322113497183 ], [ -4271190.450002811849117, 1412366.772401102352887 ], [ -4271303.157912977971137, 1412395.890365651808679 ], [ -4271489.57039187848568, 1412442.997399730840698 ], [ -4271623.979894137009978, 1412476.015593763673678 ], [ -4271790.75483837723732, 1412518.139472748152912 ], [ -4271947.00143844075501, 1412556.712546413531527 ], [ -4272090.945796118117869, 1412593.70409840461798 ], [ -4272270.555598088540137, 1412639.933318176539615 ], [ -4272572.424426127225161, 1412719.282605355838314 ], [ -4272893.951608231291175, 1412799.289004897233099 ], [ -4273211.663519428111613, 1412881.471367070218548 ], [ -4273518.781153074465692, 1412956.484691141173244 ], [ -4273689.713294386863708, 1412998.191479749279097 ], [ -4273837.186031916178763, 1413035.548729796893895 ], [ -4273998.586803958751261, 1413075.589499475667253 ], [ -4274151.895903196185827, 1413114.337636518292129 ], [ -4274309.693654542788863, 1413154.253787112189457 ], [ -4274467.847286031581461, 1413194.133950969902799 ], [ -4274619.091616633348167, 1413232.344912661006674 ], [ -4274782.623675600625575, 1413274.310707360506058 ], [ -4274933.427261712960899, 1413311.849869279423729 ], [ -4275097.788591348566115, 1413354.717177585233003 ], [ -4275400.302693434990942, 1413431.273643716936931 ], [ -4275727.752854730002582, 1413514.749712368706241 ], [ -4275868.074553711339831, 1413550.374370173551142 ], [ -4276040.056631430983543, 1413593.854220712790266 ], [ -4276336.705750621855259, 1413669.570772176142782 ], [ -4276650.242978606373072, 1413746.811787677695975 ], [ -4276802.694878007285297, 1413784.780502482550219 ], [ -4276950.781571664847434, 1413824.354331263108179 ], [ -4277271.47441965341568, 1413903.329791966127232 ], [ -4277157.242052265442908, 1414347.094633157365024 ], [ -4277124.252154711633921, 1414475.804208033252507 ], [ -4277107.048550818115473, 1414542.880578720010817 ], [ -4277050.24204826168716, 1414764.06882858579047 ], [ -4276974.972548695281148, 1415057.172039968892932 ], [ -4276943.989344314672053, 1415182.141787423286587 ], [ -4276833.858785557560623, 1415606.179770051734522 ], [ -4276727.718944208696485, 1416018.857179194921628 ], [ -4276613.066890158690512, 1416465.225277516059577 ], [ -4276445.166706529445946, 1417119.112518176902086 ], [ -4276282.630360748618841, 1417751.405059923650697 ], [ -4275962.316430904902518, 1417672.022639084607363 ], [ -4275661.498025679960847, 1417596.166632678825408 ], [ -4275360.712199185043573, 1417522.124167073750868 ], [ -4275060.284675165079534, 1417445.724034321727231 ], [ -4274760.394764610566199, 1417369.203902747947723 ], [ -4274459.425363589078188, 1417291.887578240362927 ], [ -4274158.726168454624712, 1417218.522606122773141 ], [ -4273849.975311033427715, 1417141.366455156821758 ], [ -4273523.362798760645092, 1417059.304029985330999 ], [ -4273204.181274844333529, 1416978.534646864281967 ], [ -4272884.599305650219321, 1416899.349001470720395 ], [ -4272565.083844926208258, 1416818.892745508812368 ], [ -4272236.916408875957131, 1416735.927975719096139 ], [ -4271923.852299003861845, 1416656.50696407770738 ], [ -4271606.25103350635618, 1416577.003380703274161 ], [ -4271281.897873173467815, 1416495.943244401365519 ], [ -4270960.946103858761489, 1416416.629029683070257 ], [ -4270641.036497503519058, 1416334.95068327547051 ], [ -4270321.680748852901161, 1416254.554949211888015 ], [ -4269991.45060502178967, 1416170.394298419123515 ], [ -4269659.150530511513352, 1416089.001163739943877 ], [ -4269338.821986932307482, 1416006.386935141868889 ], [ -4269019.746373028494418, 1415927.586607061326504 ], [ -4268709.771204138174653, 1415847.642880700295791 ], [ -4268588.410204095765948, 1415796.470014717197046 ], [ -4268559.453074757941067, 1415783.946511771995574 ], [ -4268520.723002430982888, 1415772.75364974886179 ], [ -4268398.249996207654476, 1415741.344392247963697 ], [ -4268077.700589003041387, 1415661.409803475951776 ], [ -4267768.68847949244082, 1415582.361150121549144 ], [ -4267439.108838262036443, 1415499.946250128792599 ], [ -4267109.083775065839291, 1415416.719624827615917 ], [ -4266797.893741503357887, 1415338.396111816866323 ], [ -4266478.795098233036697, 1415258.102915769908577 ], [ -4266147.667643739841878, 1415174.137081297580153 ] ] ] } },
{ "type": "Feature", "properties": { "neighborhood": "University Park", "total_housing": 4744.0, "total_occupied_housing": 4463.0, "total_vacant_housing": 281.0, "owner_occupied_units": 1601.0, "renter_occupied_units": 2862.0, "vacant_homes_rented": 41.0, "vacant_homes_sold": 35.0, "vacant_homes_seasonal": 0.0, "population": 8631.0, "median_gross_rent": 1730.0, "median_home_value": 1069197.0, "median_household_income": 64325.0, "total_listings": 22, "pct_entire_home": 100.0, "avg_price": 480.57, "avg_bedrooms": 2.91, "avg_price_per_bedroom": 135.16, "avg_estimated_annual_revenue": 34048.22, "estimated_total_annual_revenue": 612868.0, "total_hosts": 20, "hobbyist_hosts": 15, "small_business_hosts": 1, "commercial_hosts": 4 }, "geometry": { "type": "Polygon", "coordinates": [ [ [ -4282399.765259576030076, 1393721.569426446920261 ], [ -4282430.41159709636122, 1393603.461800508433953 ], [ -4282512.881815715692937, 1393275.212794995866716 ], [ -4282592.774416273459792, 1392960.752115516923368 ], [ -4282655.340418689884245, 1392710.201826626434922 ], [ -4282823.822192089632154, 1392120.388739309506491 ], [ -4282982.007350665517151, 1391477.491283336887136 ], [ -4283138.076419076882303, 1390847.373057275777683 ], [ -4283178.738901797682047, 1390669.141391002573073 ], [ -4283269.108199481852353, 1390318.944989869603887 ], [ -4283394.214010378345847, 1389812.301191177219152 ], [ -4283708.662711492739618, 1388554.913361690938473 ], [ -4283777.525739965960383, 1388283.44340996677056 ], [ -4284076.093171443790197, 1388358.434361156309023 ], [ -4284355.858068842440844, 1388429.632539228070527 ], [ -4284635.113993731327355, 1388501.777089066337794 ], [ -4284783.454637483693659, 1388540.230922326212749 ], [ -4284913.55507738981396, 1388572.621312781237066 ], [ -4285054.915860373526812, 1388609.186076031066477 ], [ -4285180.27344392426312, 1388641.432414930779487 ], [ -4285225.221627989783883, 1388651.905896653421223 ], [ -4285247.113727875053883, 1388655.698407634161413 ], [ -4285282.043444076552987, 1388653.352031007874757 ], [ -4285366.011121861636639, 1388640.595142327016219 ], [ -4285512.486654565669596, 1388616.948710068827495 ], [ -4285583.048889030702412, 1388602.790310424519703 ], [ -4285653.168010652065277, 1388592.076824395218864 ], [ -4285766.113102152012289, 1388584.148763654753566 ], [ -4285806.747895346023142, 1388586.1847070872318 ], [ -4285845.943891823291779, 1388589.96219864836894 ], [ -4285910.492204524576664, 1388596.044669467257336 ], [ -4285969.347790086641908, 1388606.713500751880929 ], [ -4286016.745175200514495, 1388619.830435182433575 ], [ -4286078.882866590283811, 1388638.848208581563085 ], [ -4286102.634304102510214, 1388646.840795112773776 ], [ -4286121.180137952789664, 1388653.992829291382805 ], [ -4286139.473720144480467, 1388662.114127908367664 ], [ -4286157.304826816543937, 1388671.018207495799288 ], [ -4286183.815778723917902, 1388685.282256193691865 ], [ -4286242.2995276870206, 1388717.589557406958193 ], [ -4286266.961477738805115, 1388733.283771209884435 ], [ -4286309.820648523978889, 1388761.80090993270278 ], [ -4286353.34019355289638, 1388794.68018603278324 ], [ -4286381.131386199966073, 1388815.437283534556627 ], [ -4286416.05019614379853, 1388848.118961294880137 ], [ -4286448.938786491751671, 1388886.43191732512787 ], [ -4286496.843727789819241, 1388949.365176235558465 ], [ -4286535.632620905525982, 1388977.421268291538581 ], [ -4286715.743568212725222, 1389033.56858090008609 ], [ -4286966.154625569470227, 1389098.520656106295064 ], [ -4287218.452047734521329, 1389162.328969849040732 ], [ -4287365.789148918353021, 1389201.708194311475381 ], [ -4287716.729168047197163, 1389290.619340572971851 ], [ -4288103.627054482698441, 1389389.693394952919334 ], [ -4288490.307628650218248, 1389490.319549668114632 ], [ -4288876.594968773424625, 1389590.89928697864525 ], [ -4288718.191370384767652, 1390231.899934160523117 ], [ -4288555.050671994686127, 1390869.420256277546287 ], [ -4288390.915927024558187, 1391509.827895876253024 ], [ -4288227.269479846581817, 1392149.668914403999224 ], [ -4288069.703911288641393, 1392781.823388590943068 ], [ -4287909.28741214890033, 1393415.479340835241601 ], [ -4287744.140914074145257, 1394060.190347858471796 ], [ -4287581.529928325675428, 1394688.84230187558569 ], [ -4287543.256850374862552, 1394848.392638918943703 ], [ -4287526.852449123747647, 1394957.5783063150011 ], [ -4287483.764327858574688, 1395138.079652727581561 ], [ -4287386.877375201322138, 1395533.028117852052674 ], [ -4287369.86805753596127, 1395600.495305500691757 ], [ -4287358.806857635267079, 1395644.370508597465232 ], [ -4287118.058677615597844, 1395582.264782823389396 ], [ -4286280.382319936528802, 1395370.915029989788309 ], [ -4285803.270642363466322, 1395253.280314221046865 ], [ -4285117.032845864072442, 1395078.303972337394953 ], [ -4284946.462053474038839, 1395031.230578312417492 ], [ -4284871.960962089709938, 1395010.670078544178978 ], [ -4284804.206303637474775, 1394991.971424663672224 ], [ -4284675.047532817348838, 1394952.228919485351071 ], [ -4284413.386274553835392, 1394862.083889189874753 ], [ -4284212.811756601557136, 1394781.722966537578031 ], [ -4283955.422189065255225, 1394665.768016133690253 ], [ -4283777.06321517098695, 1394575.281929397489876 ], [ -4283453.126266162842512, 1394390.606353211449459 ], [ -4283169.971014899201691, 1394208.893680708715692 ], [ -4282992.325129105709493, 1394101.772468194831163 ], [ -4282711.687288904562593, 1393924.697689031716436 ], [ -4282538.022429601289332, 1393816.837689227657393 ], [ -4282473.458677877672017, 1393772.349038292188197 ], [ -4282399.765259576030076, 1393721.569426446920261 ] ] ] } },
{ "type": "Feature", "properties": { "neighborhood": "Platt Park", "total_housing": 3520.0, "total_occupied_housing": 3379.0, "total_vacant_housing": 141.0, "owner_occupied_units": 2087.0, "renter_occupied_units": 1292.0, "vacant_homes_rented": 0.0, "vacant_homes_sold": 0.0, "vacant_homes_seasonal": 0.0, "population": 7294.0, "median_gross_rent": 2579.0, "median_home_value": 899878.0, "median_household_income": 182695.0, "total_listings": 62, "pct_entire_home": 93.55, "avg_price": 215.15, "avg_bedrooms": 1.59, "avg_price_per_bedroom": 127.59, "avg_estimated_annual_revenue": 31550.51, "estimated_total_annual_revenue": 1609076.0, "total_hosts": 57, "hobbyist_hosts": 51, "small_business_hosts": 3, "commercial_hosts": 3 }, "geometry": { "type": "Polygon", "coordinates": [ [ [ -4290714.143685583025217, 1398411.749101482797414 ], [ -4290728.013008616864681, 1398362.957813794724643 ], [ -4290757.930160148069263, 1398249.524464067537338 ], [ -4290784.450252704322338, 1398134.880018257303163 ], [ -4290797.411418812349439, 1398078.85244894050993 ], [ -4290917.138678247109056, 1397612.878997497959062 ], [ -4291079.202511503361166, 1396972.405809408985078 ], [ -4291238.657548277638853, 1396349.110392100876197 ], [ -4291402.664176935330033, 1395700.791772025637329 ], [ -4291403.056151977740228, 1395675.923774632159621 ], [ -4291563.592998730018735, 1395060.491422214312479 ], [ -4291730.738397295586765, 1394419.120522064855322 ], [ -4292047.451843988150358, 1394502.127196272835135 ], [ -4292362.620557243004441, 1394584.969464531634003 ], [ -4292678.654923433437943, 1394666.177550208056346 ], [ -4293010.294551187194884, 1394751.629283266840503 ], [ -4293345.344325697049499, 1394841.96675228769891 ], [ -4293660.369243716821074, 1394930.948833571048453 ], [ -4293975.985524261370301, 1395011.061026321258396 ], [ -4294305.224484356120229, 1395093.053307096008211 ], [ -4294629.883229555562139, 1395174.410813704831526 ], [ -4294943.441309916786849, 1395253.890028584515676 ], [ -4295256.535169755108654, 1395331.079760264838114 ], [ -4295586.32972326874733, 1395401.812076987000182 ], [ -4295425.129351713694632, 1396040.439862623577937 ], [ -4295260.85391260497272, 1396683.251426746603101 ], [ -4295091.4316222127527, 1397323.022409417899325 ], [ -4294925.625704353675246, 1397961.720713919727132 ], [ -4294758.53703801240772, 1398594.525814274325967 ], [ -4294591.133010920137167, 1399238.101416630204767 ], [ -4294427.019000107422471, 1399861.054730352945626 ], [ -4294257.605744387954473, 1400513.532787666888908 ], [ -4294092.672950020059943, 1401140.426968515617773 ], [ -4293922.825766046531498, 1401787.068971178494394 ], [ -4293593.034764334559441, 1401700.909937371267006 ], [ -4293279.976243942044675, 1401620.224733806215227 ], [ -4292972.850893848575652, 1401540.274057361297309 ], [ -4292649.424816660583019, 1401472.756131144240499 ], [ -4292499.192809601314366, 1401433.871695916401222 ], [ -4292462.337106716819108, 1401361.150794521672651 ], [ -4292295.6430479940027, 1401038.089727951912209 ], [ -4292271.930379034951329, 1400994.026380065595731 ], [ -4292114.996151943691075, 1400723.575348045444116 ], [ -4292038.453512040898204, 1400580.957048336509615 ], [ -4291947.530435519292951, 1400401.672146823490039 ], [ -4291888.227543165907264, 1400284.736990230623633 ], [ -4291886.497524575330317, 1400281.238056179601699 ], [ -4291702.592875602655113, 1399909.298314148792997 ], [ -4291445.290425275452435, 1399388.914455079939216 ], [ -4291319.600804635323584, 1399156.072669571498409 ], [ -4291242.44362623617053, 1399033.141618161229417 ], [ -4291111.227797427214682, 1398851.029999459628016 ], [ -4291014.093549501150846, 1398735.528389225248247 ], [ -4290755.642897074110806, 1398455.742414734791964 ], [ -4290745.217732764780521, 1398444.691104238620028 ], [ -4290714.143685583025217, 1398411.749101482797414 ] ] ] } },
{ "type": "Feature", "properties": { "neighborhood": "College View - South Platte", "total_housing": 2713.0, "total_occupied_housing": 2690.0, "total_vacant_housing": 24.0, "owner_occupied_units": 960.0, "renter_occupied_units": 1730.0, "vacant_homes_rented": 1.0, "vacant_homes_sold": 0.0, "vacant_homes_seasonal": 0.0, "population": 7112.0, "median_gross_rent": 1457.0, "median_home_value": 455119.0, "median_household_income": 77493.0, "total_listings": 12, "pct_entire_home": 66.67, "avg_price": 398.34, "avg_bedrooms": 2.22, "avg_price_per_bedroom": 179.25, "avg_estimated_annual_revenue": 16075.0, "estimated_total_annual_revenue": 144675.0, "total_hosts": 9, "hobbyist_hosts": 5, "small_business_hosts": 2, "commercial_hosts": 2 }, "geometry": { "type": "Polygon", "coordinates": [ [ [ -4299030.334440479055047, 1397649.177748848218471 ], [ -4299028.292149569839239, 1397603.439573832787573 ], [ -4299016.406393639743328, 1397475.446140852756798 ], [ -4299009.03768437448889, 1397441.237408091081306 ], [ -4298992.711621148511767, 1397392.813976502045989 ], [ -4298974.285796042531729, 1397351.46456768270582 ], [ -4298950.949830235913396, 1397313.098950540181249 ], [ -4298866.238075779750943, 1397216.777966427151114 ], [ -4298777.944809207692742, 1397130.245107648894191 ], [ -4298720.994051494635642, 1397088.036573176272213 ], [ -4298658.646442461758852, 1397042.744257778860629 ], [ -4298622.716243087314069, 1397015.049463259521872 ], [ -4298603.062876058742404, 1397000.245883383089676 ], [ -4298579.12590092420578, 1396980.064989881590009 ], [ -4298557.343643181957304, 1396956.570049361791462 ], [ -4298537.271710348315537, 1396925.512481182580814 ], [ -4298510.320917640812695, 1396872.256477471906692 ], [ -4298473.639499248936772, 1396793.864131776150316 ], [ -4298458.894107073545456, 1396751.276922936318442 ], [ -4298447.041666649281979, 1396710.476206102641299 ], [ -4298433.153003924526274, 1396635.821681988658383 ], [ -4298424.709655743092299, 1396556.126751797040924 ], [ -4298414.113066822290421, 1396398.374327975092456 ], [ -4298413.609863745048642, 1396297.109951326390728 ], [ -4298416.578508174046874, 1396219.223256572382525 ], [ -4298424.340189510025084, 1396156.663241198519245 ], [ -4298453.070813347585499, 1395963.942417852580547 ], [ -4298457.261147974058986, 1395910.139523888472468 ], [ -4298462.845639276318252, 1395847.012636291095987 ], [ -4298473.269532372243702, 1395766.288001479580998 ], [ -4298489.588244000449777, 1395674.827691964572296 ], [ -4298555.181247159838676, 1395398.061090938048437 ], [ -4298568.493291167542338, 1395350.895242993487045 ], [ -4298582.231720935553312, 1395294.153439780697227 ], [ -4298597.336831369437277, 1395215.293191740987822 ], [ -4298607.214333302341402, 1395156.512918011751026 ], [ -4298612.901692241430283, 1395089.021248272852972 ], [ -4298615.404615938663483, 1395046.662005494115874 ], [ -4298619.519384446553886, 1395010.018123798305169 ], [ -4298633.154828833416104, 1394957.640961160417646 ], [ -4298641.316815528087318, 1394938.195803790586069 ], [ -4298644.963854228146374, 1394912.279533294029534 ], [ -4298649.400028905831277, 1394845.624631813494489 ], [ -4298651.259107550606132, 1394822.406103186309338 ], [ -4298659.956098387949169, 1394713.786422239383683 ], [ -4298664.211869440972805, 1394643.855440952349454 ], [ -4298666.361751624383032, 1394569.113997275941074 ], [ -4298670.619642330333591, 1394523.982530056964606 ], [ -4298675.446104323491454, 1394501.473317808005959 ], [ -4298683.035374611616135, 1394472.321026031859219 ], [ -4298687.326573149301112, 1394451.868403385858983 ], [ -4298690.29924582876265, 1394423.580861593829468 ], [ -4298689.650923403911293, 1394368.518385672941804 ], [ -4298686.755826555192471, 1394341.93246377306059 ], [ -4298692.26672475785017, 1394320.763718759873882 ], [ -4298717.205240901559591, 1394262.675332729471847 ], [ -4298736.817498014308512, 1394216.116441034479067 ], [ -4298746.980480612255633, 1394181.046924712369218 ], [ -4298761.147194545716047, 1394139.528438272653148 ], [ -4298776.898557660169899, 1394090.931160667678341 ], [ -4298786.287209458649158, 1394063.797359185293317 ], [ -4298804.077046760357916, 1394011.339133510598913 ], [ -4298814.991706497035921, 1393986.281655264087021 ], [ -4298827.9993183799088, 1393961.123235323932022 ], [ -4298850.93696744274348, 1393918.659082156140357 ], [ -4298881.429924543015659, 1393863.04988274583593 ], [ -4298918.216862753033638, 1393796.1629825506825 ], [ -4298988.606267356313765, 1393687.52183226426132 ], [ -4299036.958287020213902, 1393612.925381326116621 ], [ -4299070.596305459737778, 1393558.134861341211945 ], [ -4299095.469352504238486, 1393516.174473659135401 ], [ -4299129.628106808289886, 1393451.44506936846301 ], [ -4299158.257087462581694, 1393391.088150756666437 ], [ -4299176.95605447422713, 1393348.037162069231272 ], [ -4299196.490751013159752, 1393293.837533958489075 ], [ -4299205.763462367467582, 1393266.156832432607189 ], [ -4299216.732711236923933, 1393244.859233250608668 ], [ -4299238.614129242487252, 1393214.390447513898835 ], [ -4299268.383216853253543, 1393183.391839776188135 ], [ -4299294.836846457794309, 1393147.267784847412258 ], [ -4299345.366263930685818, 1393073.238017678726465 ], [ -4299363.935194023884833, 1393043.585958905052394 ], [ -4299383.908220487646759, 1393003.579027784522623 ], [ -4299400.865175169892609, 1392968.211815580958501 ], [ -4299432.325798087753356, 1392912.854364562779665 ], [ -4299457.801585008390248, 1392877.50901420484297 ], [ -4299483.818862482905388, 1392851.991763459984213 ], [ -4299535.750255069695413, 1392805.321863477816805 ], [ -4299585.603332194499671, 1392766.63558587920852 ], [ -4299627.775174434296787, 1392741.57813510671258 ], [ -4299671.672034616582096, 1392716.840593362692744 ], [ -4299722.992628519423306, 1392689.385986209381372 ], [ -4299779.960548911243677, 1392661.076623534783721 ], [ -4299833.325642510317266, 1392641.645593918161467 ], [ -4299901.319111575372517, 1392620.597937195561826 ], [ -4299965.812740788795054, 1392604.063966065878049 ], [ -4299998.294635387137532, 1392448.012836821610108 ], [ -4300749.193161182105541, 1392346.508533963467926 ], [ -4300775.946603765711188, 1392341.977976303780451 ], [ -4300845.804090018384159, 1392325.677957767853513 ], [ -4300913.902180740609765, 1392303.236807200824842 ], [ -4300979.872931090183556, 1392275.075409763725474 ], [ -4301043.200953306630254, 1392241.188610311830416 ], [ -4301056.196101883426309, 1392232.947157139191404 ], [ -4301078.210958762094378, 1392216.850016067968681 ], [ -4301098.878772197291255, 1392198.981438549701124 ], [ -4301117.684112383052707, 1392179.336428723530844 ], [ -4301134.837525869719684, 1392158.098778122803196 ], [ -4301150.03399769961834, 1392135.447644766187295 ], [ -4301163.210571040399373, 1392111.624786861939356 ], [ -4301174.367223381064832, 1392086.630292952060699 ], [ -4301183.136160431429744, 1392060.885049940319732 ], [ -4301189.790712594985962, 1392034.33102731895633 ], [ -4301451.399287011474371, 1391643.1175225910265 ], [ -4301567.105713214725256, 1391470.088231629226357 ], [ -4301643.773592418059707, 1391354.235225782962516 ], [ -4301692.630564423277974, 1391364.792889236472547 ], [ -4301837.384951156564057, 1390691.858290627365932 ], [ -4301853.176991371437907, 1390598.452360576018691 ], [ -4301860.701798541471362, 1390504.056564521742985 ], [ -4301860.044162600301206, 1390409.338988294126466 ], [ -4301851.015058549121022, 1390315.025357810780406 ], [ -4301836.551333568058908, 1390232.993380246451125 ], [ -4302335.412218376994133, 1390362.940643745241687 ], [ -4303563.758332716301084, 1390683.596241841558367 ], [ -4302503.808495933189988, 1391739.903815111611038 ], [ -4302484.454356618225574, 1391734.865301375743002 ], [ -4302467.099062273278832, 1391751.917084009386599 ], [ -4302304.455524696968496, 1391929.150655357632786 ], [ -4302157.65775647200644, 1392119.938037798507139 ], [ -4302075.538749627768993, 1392243.866673617623746 ], [ -4301674.090991649776697, 1392884.320355046540499 ], [ -4301684.391203316859901, 1392887.042636733269319 ], [ -4301030.449811501428485, 1395452.572359735378996 ], [ -4300867.264362890273333, 1396093.133602757239714 ], [ -4301503.839299933053553, 1396259.7917827477213 ], [ -4301340.332742911763489, 1396902.052555243251845 ], [ -4303248.092924306169152, 1397406.834462188184261 ], [ -4303579.001645493321121, 1396112.685771143296733 ], [ -4304232.379132743924856, 1393552.304901056690142 ], [ -4304913.129455909132957, 1391004.860652654897422 ], [ -4306817.367025216110051, 1391486.514802475459874 ], [ -4307158.464364089071751, 1390184.751884429715574 ], [ -4307797.163228644058108, 1390347.550122378626838 ], [ -4307798.22280390560627, 1390353.179583137389272 ], [ -4307742.112426053732634, 1390569.154171213740483 ], [ -4307459.843426926061511, 1391652.076333590317518 ], [ -4307311.641188483685255, 1392222.41853766143322 ], [ -4307164.211653890088201, 1392788.25754006090574 ], [ -4307132.790666587650776, 1392909.692489304812625 ], [ -4307042.529856571927667, 1393250.974195556715131 ], [ -4307015.055070019327104, 1393354.774588894331828 ], [ -4306967.235847792588174, 1393524.570796641055495 ], [ -4306867.676231291145086, 1393922.560973718762398 ], [ -4306797.600494938902557, 1394194.872449737042189 ], [ -4306713.63102491106838, 1394484.181041823001578 ], [ -4306569.747669115662575, 1395053.155516291270033 ], [ -4306471.431097382679582, 1395419.952270672190934 ], [ -4306418.792619552463293, 1395628.535863983212039 ], [ -4306357.685318844392896, 1395885.727316743694246 ], [ -4306282.113157194107771, 1396177.605024557327852 ], [ -4306119.225927573628724, 1396809.748780067777261 ], [ -4305966.168159622699022, 1397384.970527048921213 ], [ -4305801.683639919385314, 1398046.222629739902914 ], [ -4305625.843803061172366, 1398705.17188031761907 ], [ -4305469.561055646277964, 1399327.415378311416134 ], [ -4305116.945279888808727, 1399238.466933285817504 ], [ -4304831.499492505565286, 1399168.396020027343184 ], [ -4304513.414112266153097, 1399089.951352886389941 ], [ -4304193.230389067903161, 1399011.800452118972316 ], [ -4303872.544929115101695, 1398932.265642118873075 ], [ -4303554.488933742977679, 1398855.236218382138759 ], [ -4303235.947181188501418, 1398776.86722369492054 ], [ -4302914.633229168131948, 1398702.369209478143603 ], [ -4302654.061779997311532, 1398635.079556176206097 ], [ -4302404.655855265446007, 1398567.648509757593274 ], [ -4302283.312342370860279, 1398534.776570099871606 ], [ -4302151.88325257319957, 1398499.269656925927848 ], [ -4301650.015846508555114, 1398363.819839895470068 ], [ -4301362.968715452589095, 1398287.362211819272488 ], [ -4301072.502945760264993, 1398207.989582924637944 ], [ -4301011.069537740200758, 1398190.871971551794559 ], [ -4300494.655933231115341, 1398052.345031708944589 ], [ -4300379.032307801768184, 1398020.26082988968119 ], [ -4300331.457123026251793, 1398004.900062043918297 ], [ -4300075.243609585799277, 1397933.342512384755537 ], [ -4299759.20152482483536, 1397848.095886648399755 ], [ -4299310.097836215049028, 1397724.592392452759668 ], [ -4299147.552712816745043, 1397682.724220125004649 ], [ -4299030.334440479055047, 1397649.177748848218471 ] ] ] } },
{ "type": "Feature", "properties": { "neighborhood": "Overland", "total_housing": 2078.0, "total_occupied_housing": 1871.0, "total_vacant_housing": 206.0, "owner_occupied_units": 518.0, "renter_occupied_units": 1354.0, "vacant_homes_rented": 97.0, "vacant_homes_sold": 0.0, "vacant_homes_seasonal": 0.0, "population": 3845.0, "median_gross_rent": 2130.0, "median_home_value": 636491.0, "median_household_income": 97362.0, "total_listings": 44, "pct_entire_home": 56.82, "avg_price": 93.72, "avg_bedrooms": 1.48, "avg_price_per_bedroom": 61.97, "avg_estimated_annual_revenue": 11853.9, "estimated_total_annual_revenue": 486010.0, "total_hosts": 25, "hobbyist_hosts": 19, "small_business_hosts": 3, "commercial_hosts": 3 }, "geometry": { "type": "Polygon", "coordinates": [ [ [ -4293922.825766046531498, 1401787.068971178494394 ], [ -4294092.672950020059943, 1401140.426968515617773 ], [ -4294257.605744387954473, 1400513.532787666888908 ], [ -4294427.019000107422471, 1399861.054730352945626 ], [ -4294591.133010920137167, 1399238.101416630204767 ], [ -4294758.53703801240772, 1398594.525814274325967 ], [ -4294925.625704353675246, 1397961.720713919727132 ], [ -4295091.4316222127527, 1397323.022409417899325 ], [ -4295260.85391260497272, 1396683.251426746603101 ], [ -4295425.129351713694632, 1396040.439862623577937 ], [ -4295586.32972326874733, 1395401.812076987000182 ], [ -4295750.999394436366856, 1394762.123212879057974 ], [ -4295914.011028039269149, 1394121.66668613255024 ], [ -4296077.714559190906584, 1393485.84865156095475 ], [ -4296240.148759015835822, 1392850.172743491828442 ], [ -4296402.058147107250988, 1392213.771726238075644 ], [ -4296560.478913204744458, 1391576.700322936056182 ], [ -4299135.961691714823246, 1392223.475321589037776 ], [ -4299998.294635387137532, 1392448.012836821610108 ], [ -4299965.812740788795054, 1392604.063966065878049 ], [ -4299901.319111575372517, 1392620.597937195561826 ], [ -4299833.325642510317266, 1392641.645593918161467 ], [ -4299779.960548911243677, 1392661.076623534783721 ], [ -4299722.992628519423306, 1392689.385986209381372 ], [ -4299671.672034616582096, 1392716.840593362692744 ], [ -4299627.775174434296787, 1392741.57813510671258 ], [ -4299585.603332194499671, 1392766.63558587920852 ], [ -4299535.750255069695413, 1392805.321863477816805 ], [ -4299483.818862482905388, 1392851.991763459984213 ], [ -4299457.801585008390248, 1392877.50901420484297 ], [ -4299432.325798087753356, 1392912.854364562779665 ], [ -4299400.865175169892609, 1392968.211815580958501 ], [ -4299383.908220487646759, 1393003.579027784522623 ], [ -4299363.935194023884833, 1393043.585958905052394 ], [ -4299345.366263930685818, 1393073.238017678726465 ], [ -4299294.836846457794309, 1393147.267784847412258 ], [ -4299268.383216853253543, 1393183.391839776188135 ], [ -4299238.614129242487252, 1393214.390447513898835 ], [ -4299216.732711236923933, 1393244.859233250608668 ], [ -4299205.763462367467582, 1393266.156832432607189 ], [ -4299196.490751013159752, 1393293.837533958489075 ], [ -4299176.95605447422713, 1393348.037162069231272 ], [ -4299158.257087462581694, 1393391.088150756666437 ], [ -4299129.628106808289886, 1393451.44506936846301 ], [ -4299095.469352504238486, 1393516.174473659135401 ], [ -4299070.596305459737778, 1393558.134861341211945 ], [ -4299036.958287020213902, 1393612.925381326116621 ], [ -4298988.606267356313765, 1393687.52183226426132 ], [ -4298918.216862753033638, 1393796.1629825506825 ], [ -4298881.429924543015659, 1393863.04988274583593 ], [ -4298850.93696744274348, 1393918.659082156140357 ], [ -4298827.9993183799088, 1393961.123235323932022 ], [ -4298814.991706497035921, 1393986.281655264087021 ], [ -4298804.077046760357916, 1394011.339133510598913 ], [ -4298786.287209458649158, 1394063.797359185293317 ], [ -4298776.898557660169899, 1394090.931160667678341 ], [ -4298761.147194545716047, 1394139.528438272653148 ], [ -4298746.980480612255633, 1394181.046924712369218 ], [ -4298736.817498014308512, 1394216.116441034479067 ], [ -4298717.205240901559591, 1394262.675332729471847 ], [ -4298692.26672475785017, 1394320.763718759873882 ], [ -4298686.755826555192471, 1394341.93246377306059 ], [ -4298689.650923403911293, 1394368.518385672941804 ], [ -4298690.29924582876265, 1394423.580861593829468 ], [ -4298687.326573149301112, 1394451.868403385858983 ], [ -4298683.035374611616135, 1394472.321026031859219 ], [ -4298675.446104323491454, 1394501.473317808005959 ], [ -4298670.619642330333591, 1394523.982530056964606 ], [ -4298666.361751624383032, 1394569.113997275941074 ], [ -4298664.211869440972805, 1394643.855440952349454 ], [ -4298659.956098387949169, 1394713.786422239383683 ], [ -4298651.259107550606132, 1394822.406103186309338 ], [ -4298649.400028905831277, 1394845.624631813494489 ], [ -4298644.963854228146374, 1394912.279533294029534 ], [ -4298641.316815528087318, 1394938.195803790586069 ], [ -4298633.154828833416104, 1394957.640961160417646 ], [ -4298619.519384446553886, 1395010.018123798305169 ], [ -4298615.404615938663483, 1395046.662005494115874 ], [ -4298612.901692241430283, 1395089.021248272852972 ], [ -4298607.214333302341402, 1395156.512918011751026 ], [ -4298597.336831369437277, 1395215.293191740987822 ], [ -4298582.231720935553312, 1395294.153439780697227 ], [ -4298568.493291167542338, 1395350.895242993487045 ], [ -4298555.181247159838676, 1395398.061090938048437 ], [ -4298489.588244000449777, 1395674.827691964572296 ], [ -4298473.269532372243702, 1395766.288001479580998 ], [ -4298462.845639276318252, 1395847.012636291095987 ], [ -4298457.261147974058986, 1395910.139523888472468 ], [ -4298453.070813347585499, 1395963.942417852580547 ], [ -4298424.340189510025084, 1396156.663241198519245 ], [ -4298416.578508174046874, 1396219.223256572382525 ], [ -4298413.609863745048642, 1396297.109951326390728 ], [ -4298414.113066822290421, 1396398.374327975092456 ], [ -4298424.709655743092299, 1396556.126751797040924 ], [ -4298433.153003924526274, 1396635.821681988658383 ], [ -4298447.041666649281979, 1396710.476206102641299 ], [ -4298458.894107073545456, 1396751.276922936318442 ], [ -4298473.639499248936772, 1396793.864131776150316 ], [ -4298510.320917640812695, 1396872.256477471906692 ], [ -4298537.271710348315537, 1396925.512481182580814 ], [ -4298557.343643181957304, 1396956.570049361791462 ], [ -4298579.12590092420578, 1396980.064989881590009 ], [ -4298603.062876058742404, 1397000.245883383089676 ], [ -4298622.716243087314069, 1397015.049463259521872 ], [ -4298658.646442461758852, 1397042.744257778860629 ], [ -4298720.994051494635642, 1397088.036573176272213 ], [ -4298777.944809207692742, 1397130.245107648894191 ], [ -4298866.238075779750943, 1397216.777966427151114 ], [ -4298950.949830235913396, 1397313.098950540181249 ], [ -4298974.285796042531729, 1397351.46456768270582 ], [ -4298992.711621148511767, 1397392.813976502045989 ], [ -4299009.03768437448889, 1397441.237408091081306 ], [ -4299016.406393639743328, 1397475.446140852756798 ], [ -4299028.292149569839239, 1397603.439573832787573 ], [ -4299030.334440479055047, 1397649.177748848218471 ], [ -4299025.967673796229064, 1397686.789352106396109 ], [ -4298999.611940856091678, 1397812.835264374502003 ], [ -4298973.380215355195105, 1397913.597798062255606 ], [ -4298939.422786462120712, 1398023.1986016810406 ], [ -4298927.437469236552715, 1398052.368798529729247 ], [ -4298899.595701531507075, 1398109.701543370494619 ], [ -4298872.541241870261729, 1398164.010044883703813 ], [ -4298646.313022390939295, 1398595.412438282277435 ], [ -4298423.692726247012615, 1399048.678197950124741 ], [ -4298401.89318803884089, 1399095.700879695825279 ], [ -4298382.532947949133813, 1399141.291992797981948 ], [ -4298351.542341349646449, 1399210.721108802594244 ], [ -4298327.036113197915256, 1399271.117644387530163 ], [ -4298300.51709265820682, 1399323.37000218173489 ], [ -4298283.157689607702196, 1399353.336810778127983 ], [ -4298268.876008251681924, 1399375.451170433312654 ], [ -4298244.651281679049134, 1399409.959650297882035 ], [ -4298219.314359429292381, 1399449.732610824285075 ], [ -4298182.378496810793877, 1399513.222283267183229 ], [ -4298171.684273427352309, 1399537.433085188036785 ], [ -4298166.173433087766171, 1399558.601590748177841 ], [ -4298154.238449067808688, 1399604.446827946230769 ], [ -4298149.011016290634871, 1399624.526694692438468 ], [ -4298142.194442538544536, 1399642.772177830571309 ], [ -4298137.038438021205366, 1399658.608337418409064 ], [ -4298121.120740418322384, 1399689.983829072676599 ], [ -4298089.763156775385141, 1399740.976302214199677 ], [ -4298056.238254492171109, 1399790.371377351460978 ], [ -4298026.532615341246128, 1399842.95634049619548 ], [ -4297994.376838054507971, 1399916.860896835802123 ], [ -4297974.836150932125747, 1399959.176123180659488 ], [ -4297941.055285357870162, 1400022.454034087946638 ], [ -4297915.575389655306935, 1400070.714294647565112 ], [ -4297905.134717211127281, 1400088.594465080182999 ], [ -4297880.614948146045208, 1400130.585239143576473 ], [ -4297853.487049492076039, 1400164.337904167827219 ], [ -4297836.383681391365826, 1400180.422131817787886 ], [ -4297807.576428798027337, 1400199.788133403053507 ], [ -4297784.456408086232841, 1400214.176790155237541 ], [ -4297767.44451997615397, 1400223.955766582628712 ], [ -4297707.261688018217683, 1400258.661197443492711 ], [ -4297635.754360807128251, 1400298.168226351263002 ], [ -4297559.527334990911186, 1400342.904536580434069 ], [ -4297494.252462820149958, 1400374.346976825036108 ], [ -4297439.142665914259851, 1400395.519488740246743 ], [ -4297388.752286490984261, 1400411.462646552361548 ], [ -4297316.888083328492939, 1400431.502484611235559 ], [ -4297234.75993681140244, 1400453.261760662775487 ], [ -4297167.121404597535729, 1400468.976882494520396 ], [ -4297074.399857220239937, 1400485.782749249832705 ], [ -4296994.836124371737242, 1400502.857992236036807 ], [ -4296850.040305704809725, 1400533.93280992936343 ], [ -4296761.179704777896404, 1400552.777077295817435 ], [ -4296653.244290571659803, 1400578.409104511840269 ], [ -4296550.844718107953668, 1400611.553036166587844 ], [ -4296402.041684187017381, 1400662.194594400702044 ], [ -4296354.00919137801975, 1400681.980471675749868 ], [ -4296300.933793948963284, 1400712.207360768690705 ], [ -4296251.139315154403448, 1400741.738265713909641 ], [ -4296128.943232520483434, 1400831.080210956046358 ], [ -4296070.073456664569676, 1400883.5642186680343 ], [ -4296023.726496723480523, 1400929.621293064206839 ], [ -4295953.177799453958869, 1401014.067688826937228 ], [ -4295870.102371008135378, 1401117.856062569655478 ], [ -4295768.250626755878329, 1401257.054863828700036 ], [ -4295705.010078996419907, 1401360.065581344300881 ], [ -4295657.631942711770535, 1401446.798198172589764 ], [ -4295639.046010824851692, 1401484.453799966722727 ], [ -4295618.569083197042346, 1401526.396124426275492 ], [ -4295592.127599797211587, 1401586.288885646034032 ], [ -4295545.280734675005078, 1401683.88038970855996 ], [ -4295521.555810060352087, 1401729.368528151651844 ], [ -4295507.98993054497987, 1401752.70243135583587 ], [ -4295458.680348165333271, 1401826.016158384969458 ], [ -4295427.868204034864902, 1401873.921642585657537 ], [ -4295391.25568784493953, 1401932.199826108524576 ], [ -4295351.160286664962769, 1401986.988208444323391 ], [ -4295311.757606350816786, 1402039.115457737352699 ], [ -4295296.562724949792027, 1402064.737730831373483 ], [ -4295287.371589358896017, 1402087.143903073854744 ], [ -4295271.246196023188531, 1402140.054889212362468 ], [ -4295132.094619859009981, 1402105.101275690365583 ], [ -4294969.728862760588527, 1402059.990896168164909 ], [ -4294687.211622758768499, 1401986.442794534144923 ], [ -4294656.675735128112137, 1401978.493346194270998 ], [ -4294620.486796768382192, 1401969.053493283921853 ], [ -4293922.825766046531498, 1401787.068971178494394 ] ] ] } },
{ "type": "Feature", "properties": { "neighborhood": "Ruby Hill", "total_housing": 3689.0, "total_occupied_housing": 3553.0, "total_vacant_housing": 136.0, "owner_occupied_units": 1877.0, "renter_occupied_units": 1676.0, "vacant_homes_rented": 0.0, "vacant_homes_sold": 0.0, "vacant_homes_seasonal": 0.0, "population": 9008.0, "median_gross_rent": 1203.0, "median_home_value": 454954.0, "median_household_income": 51439.0, "total_listings": 23, "pct_entire_home": 95.65, "avg_price": 281.22, "avg_bedrooms": 2.57, "avg_price_per_bedroom": 98.95, "avg_estimated_annual_revenue": 51098.89, "estimated_total_annual_revenue": 970879.0, "total_hosts": 18, "hobbyist_hosts": 12, "small_business_hosts": 4, "commercial_hosts": 2 }, "geometry": { "type": "Polygon", "coordinates": [ [ [ -4295271.246196023188531, 1402140.054889212362468 ], [ -4295287.371589358896017, 1402087.143903073854744 ], [ -4295296.562724949792027, 1402064.737730831373483 ], [ -4295311.757606350816786, 1402039.115457737352699 ], [ -4295351.160286664962769, 1401986.988208444323391 ], [ -4295391.25568784493953, 1401932.199826108524576 ], [ -4295427.868204034864902, 1401873.921642585657537 ], [ -4295458.680348165333271, 1401826.016158384969458 ], [ -4295507.98993054497987, 1401752.70243135583587 ], [ -4295521.555810060352087, 1401729.368528151651844 ], [ -4295545.280734675005078, 1401683.88038970855996 ], [ -4295592.127599797211587, 1401586.288885646034032 ], [ -4295618.569083197042346, 1401526.396124426275492 ], [ -4295639.046010824851692, 1401484.453799966722727 ], [ -4295657.631942711770535, 1401446.798198172589764 ], [ -4295705.010078996419907, 1401360.065581344300881 ], [ -4295768.250626755878329, 1401257.054863828700036 ], [ -4295870.102371008135378, 1401117.856062569655478 ], [ -4295953.177799453958869, 1401014.067688826937228 ], [ -4296023.726496723480523, 1400929.621293064206839 ], [ -4296070.073456664569676, 1400883.5642186680343 ], [ -4296128.943232520483434, 1400831.080210956046358 ], [ -4296251.139315154403448, 1400741.738265713909641 ], [ -4296300.933793948963284, 1400712.207360768690705 ], [ -4296354.00919137801975, 1400681.980471675749868 ], [ -4296402.041684187017381, 1400662.194594400702044 ], [ -4296550.844718107953668, 1400611.553036166587844 ], [ -4296653.244290571659803, 1400578.409104511840269 ], [ -4296761.179704777896404, 1400552.777077295817435 ], [ -4296850.040305704809725, 1400533.93280992936343 ], [ -4296994.836124371737242, 1400502.857992236036807 ], [ -4297074.399857220239937, 1400485.782749249832705 ], [ -4297167.121404597535729, 1400468.976882494520396 ], [ -4297234.75993681140244, 1400453.261760662775487 ], [ -4297316.888083328492939, 1400431.502484611235559 ], [ -4297388.752286490984261, 1400411.462646552361548 ], [ -4297439.142665914259851, 1400395.519488740246743 ], [ -4297494.252462820149958, 1400374.346976825036108 ], [ -4297559.527334990911186, 1400342.904536580434069 ], [ -4297635.754360807128251, 1400298.168226351263002 ], [ -4297707.261688018217683, 1400258.661197443492711 ], [ -4297767.44451997615397, 1400223.955766582628712 ], [ -4297784.456408086232841, 1400214.176790155237541 ], [ -4297807.576428798027337, 1400199.788133403053507 ], [ -4297836.383681391365826, 1400180.422131817787886 ], [ -4297853.487049492076039, 1400164.337904167827219 ], [ -4297880.614948146045208, 1400130.585239143576473 ], [ -4297905.134717211127281, 1400088.594465080182999 ], [ -4297915.575389655306935, 1400070.714294647565112 ], [ -4297941.055285357870162, 1400022.454034087946638 ], [ -4297974.836150932125747, 1399959.176123180659488 ], [ -4297994.376838054507971, 1399916.860896835802123 ], [ -4298026.532615341246128, 1399842.95634049619548 ], [ -4298056.238254492171109, 1399790.371377351460978 ], [ -4298089.763156775385141, 1399740.976302214199677 ], [ -4298121.120740418322384, 1399689.983829072676599 ], [ -4298137.038438021205366, 1399658.608337418409064 ], [ -4298142.194442538544536, 1399642.772177830571309 ], [ -4298149.011016290634871, 1399624.526694692438468 ], [ -4298154.238449067808688, 1399604.446827946230769 ], [ -4298166.173433087766171, 1399558.601590748177841 ], [ -4298171.684273427352309, 1399537.433085188036785 ], [ -4298182.378496810793877, 1399513.222283267183229 ], [ -4298219.314359429292381, 1399449.732610824285075 ], [ -4298244.651281679049134, 1399409.959650297882035 ], [ -4298268.876008251681924, 1399375.451170433312654 ], [ -4298283.157689607702196, 1399353.336810778127983 ], [ -4298300.51709265820682, 1399323.37000218173489 ], [ -4298327.036113197915256, 1399271.117644387530163 ], [ -4298351.542341349646449, 1399210.721108802594244 ], [ -4298382.532947949133813, 1399141.291992797981948 ], [ -4298401.89318803884089, 1399095.700879695825279 ], [ -4298423.692726247012615, 1399048.678197950124741 ], [ -4298646.313022390939295, 1398595.412438282277435 ], [ -4298872.541241870261729, 1398164.010044883703813 ], [ -4298899.595701531507075, 1398109.701543370494619 ], [ -4298927.437469236552715, 1398052.368798529729247 ], [ -4298939.422786462120712, 1398023.1986016810406 ], [ -4298973.380215355195105, 1397913.597798062255606 ], [ -4298999.611940856091678, 1397812.835264374502003 ], [ -4299025.967673796229064, 1397686.789352106396109 ], [ -4299030.334440479055047, 1397649.177748848218471 ], [ -4299147.552712816745043, 1397682.724220125004649 ], [ -4299310.097836215049028, 1397724.592392452759668 ], [ -4299759.20152482483536, 1397848.095886648399755 ], [ -4300075.243609585799277, 1397933.342512384755537 ], [ -4300331.457123026251793, 1398004.900062043918297 ], [ -4300379.032307801768184, 1398020.26082988968119 ], [ -4300494.655933231115341, 1398052.345031708944589 ], [ -4301011.069537740200758, 1398190.871971551794559 ], [ -4301072.502945760264993, 1398207.989582924637944 ], [ -4301362.968715452589095, 1398287.362211819272488 ], [ -4301650.015846508555114, 1398363.819839895470068 ], [ -4302151.88325257319957, 1398499.269656925927848 ], [ -4302283.312342370860279, 1398534.776570099871606 ], [ -4302404.655855265446007, 1398567.648509757593274 ], [ -4302654.061779997311532, 1398635.079556176206097 ], [ -4302914.633229168131948, 1398702.369209478143603 ], [ -4303235.947181188501418, 1398776.86722369492054 ], [ -4303554.488933742977679, 1398855.236218382138759 ], [ -4303872.544929115101695, 1398932.265642118873075 ], [ -4304193.230389067903161, 1399011.800452118972316 ], [ -4304513.414112266153097, 1399089.951352886389941 ], [ -4304831.499492505565286, 1399168.396020027343184 ], [ -4305116.945279888808727, 1399238.466933285817504 ], [ -4305469.561055646277964, 1399327.415378311416134 ], [ -4305308.157495347782969, 1399965.968297777697444 ], [ -4305228.274331239983439, 1400281.42553724697791 ], [ -4305148.895994078367949, 1400604.662714268779382 ], [ -4304986.736009685322642, 1401237.764802925288677 ], [ -4304826.053440022282302, 1401875.730678861262277 ], [ -4304707.942022811621428, 1402341.356313948519528 ], [ -4304664.407197971828282, 1402515.281372645171359 ], [ -4304501.915253336541355, 1403154.981278142193332 ], [ -4304340.138471610844135, 1403793.86816017748788 ], [ -4304173.542736820876598, 1404438.721079294802621 ], [ -4303808.896714601665735, 1404341.018993634963408 ], [ -4303538.242822433821857, 1404272.958797292318195 ], [ -4303218.480473374947906, 1404192.426230408018455 ], [ -4302892.638448554091156, 1404110.440266201039776 ], [ -4302582.080910093151033, 1404034.241518219467252 ], [ -4302264.948223698884249, 1403954.522920212941244 ], [ -4301979.045514478348196, 1403883.838593907654285 ], [ -4301617.378108997829258, 1403793.785522818565369 ], [ -4301122.386490938253701, 1403665.772202544147149 ], [ -4300805.493026721291244, 1403581.165455398149788 ], [ -4300533.062328218482435, 1403509.338679201900959 ], [ -4300261.158312839455903, 1403439.457236704183742 ], [ -4299894.860028741881251, 1403343.193695968016982 ], [ -4299717.04416673257947, 1403296.902416068827733 ], [ -4299140.792954544536769, 1403148.812468302901834 ], [ -4299024.046956880949438, 1403118.486051644431427 ], [ -4297757.261474451981485, 1402789.420031843706965 ], [ -4297430.17678314819932, 1402704.269387187669054 ], [ -4297113.231510047800839, 1402620.854114795802161 ], [ -4296790.501373426057398, 1402536.837154819862917 ], [ -4296471.400193629786372, 1402453.764955041930079 ], [ -4296151.793793557211757, 1402369.657156598754227 ], [ -4295830.999079209752381, 1402286.144129616441205 ], [ -4295424.298935453407466, 1402179.363060670904815 ], [ -4295271.246196023188531, 1402140.054889212362468 ] ] ] } },
{ "type": "Feature", "properties": { "neighborhood": "Kennedy", "total_housing": 0.0, "total_occupied_housing": 0.0, "total_vacant_housing": 0.0, "owner_occupied_units": 0.0, "renter_occupied_units": 0.0, "vacant_homes_rented": 0.0, "vacant_homes_sold": 0.0, "vacant_homes_seasonal": 0.0, "population": 0.0, "median_gross_rent": 1791.0, "median_home_value": 590464.0, "median_household_income": 67738.0, "total_listings": 1, "pct_entire_home": 100.0, "avg_price": null, "avg_bedrooms": 1.0, "avg_price_per_bedroom": null, "avg_estimated_annual_revenue": null, "estimated_total_annual_revenue": null, "total_hosts": 1, "hobbyist_hosts": 1, "small_business_hosts": 0, "commercial_hosts": 0 }, "geometry": { "type": "Polygon", "coordinates": [ [ [ -4260915.312121109105647, 1379709.899182413239032 ], [ -4260853.936478666961193, 1379664.908388042123988 ], [ -4260563.541282026097178, 1379477.336016797926277 ], [ -4260290.412405725568533, 1379344.266217339783907 ], [ -4260215.158211992122233, 1379269.66508049890399 ], [ -4259583.365337525494397, 1378968.773669796064496 ], [ -4259478.014025167562068, 1378957.364042249508202 ], [ -4259427.250974372960627, 1378933.066576007753611 ], [ -4259413.895283550955355, 1378926.673890297533944 ], [ -4259525.305690721608698, 1378487.699266743380576 ], [ -4259504.983866425231099, 1378482.409064503386617 ], [ -4259575.656232348643243, 1378209.935090675251558 ], [ -4259217.910716453567147, 1378122.489394218660891 ], [ -4259424.508412451483309, 1378077.075228871544823 ], [ -4259634.386289617978036, 1378049.822535515762866 ], [ -4259833.020180873572826, 1378040.954464967828244 ], [ -4260443.052783287130296, 1378026.553490692749619 ], [ -4260713.348123839125037, 1378012.316573667572811 ], [ -4260981.475516581907868, 1377974.65351005224511 ], [ -4261245.100010448135436, 1377913.602582661435008 ], [ -4261502.728619672358036, 1377829.937455548206344 ], [ -4261598.59463849849999, 1377792.120984699577093 ], [ -4265497.369197877123952, 1376156.14758759457618 ], [ -4265660.341054211370647, 1376088.785501818871126 ], [ -4265828.326390181668103, 1376035.903080619638786 ], [ -4266000.200247976928949, 1375997.853107312694192 ], [ -4266106.615784287452698, 1375982.028099703136832 ], [ -4266408.420950758270919, 1375885.451704817358404 ], [ -4266720.098153841681778, 1375946.439192647812888 ], [ -4267261.727813643403351, 1375932.831384695367888 ], [ -4267566.754473592154682, 1375904.257756412262097 ], [ -4267867.823690965771675, 1375849.20911697903648 ], [ -4268027.654146154411137, 1375808.799056712538004 ], [ -4267941.619568306021392, 1376130.359627891564742 ], [ -4267398.192235077731311, 1378159.323744070716202 ], [ -4267609.934817324392498, 1378734.191188204567879 ], [ -4267330.87023779284209, 1378663.813885807758197 ], [ -4266333.552435981109738, 1378407.085915440460667 ], [ -4266038.943087118677795, 1378336.382462482666597 ], [ -4265891.593249765224755, 1378298.023939829785377 ], [ -4265815.912969739176333, 1378282.518301627598703 ], [ -4265749.975074280053377, 1378277.940021263202652 ], [ -4265692.407152760773897, 1378273.442814785055816 ], [ -4265621.005613593384624, 1378273.735633921343833 ], [ -4265539.699501700699329, 1378279.841355367098004 ], [ -4265443.536719256080687, 1378294.666252607712522 ], [ -4265366.817385593429208, 1378308.866430683294311 ], [ -4265310.808314803987741, 1378325.67663132888265 ], [ -4265257.454342937096953, 1378340.62606442742981 ], [ -4265198.620221726596355, 1378365.168687411351129 ], [ -4265140.72790024895221, 1378394.151823024265468 ], [ -4265087.276329630985856, 1378422.193335202755406 ], [ -4265025.37359993904829, 1378458.523756795562804 ], [ -4264976.281594105064869, 1378493.993626247392967 ], [ -4264942.557714184746146, 1378518.779548433376476 ], [ -4264904.823639834299684, 1378550.912509461166337 ], [ -4264872.553026573732495, 1378578.174419636605307 ], [ -4264833.795803742483258, 1378614.236825292930007 ], [ -4264801.955604083836079, 1378647.904188549146056 ], [ -4264767.558105334639549, 1378691.394916110206395 ], [ -4264732.649313200265169, 1378736.85023092594929 ], [ -4264702.262188814580441, 1378772.993739169323817 ], [ -4264646.196969820186496, 1378867.484643186442554 ], [ -4264602.000811330974102, 1378956.674100791104138 ], [ -4264575.29982228577137, 1379018.950759690487757 ], [ -4264553.039570805616677, 1379080.285696001257747 ], [ -4264526.176286795176566, 1379159.302671228069812 ], [ -4264501.626869099214673, 1379253.606534695485607 ], [ -4264457.253046209923923, 1379419.393938158638775 ], [ -4264228.569208863191307, 1380263.941268747672439 ], [ -4264137.387110446579754, 1380583.534276339458302 ], [ -4264055.86954302713275, 1380548.372255567694083 ], [ -4263764.831811425276101, 1380475.579244843684137 ], [ -4261499.346402069553733, 1379908.943339500809088 ], [ -4261449.625208351761103, 1379896.51646357611753 ], [ -4261431.565088727511466, 1379892.460804719943553 ], [ -4261403.681947648525238, 1379888.431172576732934 ], [ -4261375.168902602978051, 1379886.820962554076687 ], [ -4261346.783499529585242, 1379887.697910044342279 ], [ -4261318.798884777352214, 1379891.00417953543365 ], [ -4261290.973304571583867, 1379896.676723889773712 ], [ -4261263.790529606863856, 1379904.84149805107154 ], [ -4261237.523889789357781, 1379915.440468574874103 ], [ -4261208.823905179277062, 1379836.155424753669649 ], [ -4261052.644773091189563, 1379797.048793497495353 ], [ -4261024.630802313797176, 1379790.034130979562178 ], [ -4260915.312121109105647, 1379709.899182413239032 ] ] ] } },
{ "type": "Feature", "properties": { "neighborhood": "Hampden", "total_housing": 10883.0, "total_occupied_housing": 9570.0, "total_vacant_housing": 1313.0, "owner_occupied_units": 4976.0, "renter_occupied_units": 4594.0, "vacant_homes_rented": 48.0, "vacant_homes_sold": 110.0, "vacant_homes_seasonal": 0.0, "population": 19597.0, "median_gross_rent": 1908.0, "median_home_value": 507299.0, "median_household_income": 85741.0, "total_listings": 26, "pct_entire_home": 73.08, "avg_price": 368.6, "avg_bedrooms": 2.23, "avg_price_per_bedroom": 152.53, "avg_estimated_annual_revenue": 13743.67, "estimated_total_annual_revenue": 329848.0, "total_hosts": 18, "hobbyist_hosts": 12, "small_business_hosts": 6, "commercial_hosts": 0 }, "geometry": { "type": "Polygon", "coordinates": [ [ [ -4264055.86954302713275, 1380548.372255567694083 ], [ -4264137.387110446579754, 1380583.534276339458302 ], [ -4264228.569208863191307, 1380263.941268747672439 ], [ -4264457.253046209923923, 1379419.393938158638775 ], [ -4264501.626869099214673, 1379253.606534695485607 ], [ -4264526.176286795176566, 1379159.302671228069812 ], [ -4264553.039570805616677, 1379080.285696001257747 ], [ -4264575.29982228577137, 1379018.950759690487757 ], [ -4264602.000811330974102, 1378956.674100791104138 ], [ -4264646.196969820186496, 1378867.484643186442554 ], [ -4264702.262188814580441, 1378772.993739169323817 ], [ -4264732.649313200265169, 1378736.85023092594929 ], [ -4264767.558105334639549, 1378691.394916110206395 ], [ -4264801.955604083836079, 1378647.904188549146056 ], [ -4264833.795803742483258, 1378614.236825292930007 ], [ -4264872.553026573732495, 1378578.174419636605307 ], [ -4264904.823639834299684, 1378550.912509461166337 ], [ -4264942.557714184746146, 1378518.779548433376476 ], [ -4264976.281594105064869, 1378493.993626247392967 ], [ -4265025.37359993904829, 1378458.523756795562804 ], [ -4265087.276329630985856, 1378422.193335202755406 ], [ -4265140.72790024895221, 1378394.151823024265468 ], [ -4265198.620221726596355, 1378365.168687411351129 ], [ -4265257.454342937096953, 1378340.62606442742981 ], [ -4265310.808314803987741, 1378325.67663132888265 ], [ -4265366.817385593429208, 1378308.866430683294311 ], [ -4265443.536719256080687, 1378294.666252607712522 ], [ -4265539.699501700699329, 1378279.841355367098004 ], [ -4265621.005613593384624, 1378273.735633921343833 ], [ -4265692.407152760773897, 1378273.442814785055816 ], [ -4265749.975074280053377, 1378277.940021263202652 ], [ -4265815.912969739176333, 1378282.518301627598703 ], [ -4265891.593249765224755, 1378298.023939829785377 ], [ -4266038.943087118677795, 1378336.382462482666597 ], [ -4266333.552435981109738, 1378407.085915440460667 ], [ -4267330.87023779284209, 1378663.813885807758197 ], [ -4267609.934817324392498, 1378734.191188204567879 ], [ -4268540.335420256480575, 1378972.650523547548801 ], [ -4268575.730709414929152, 1378981.709531238302588 ], [ -4268884.491338581778109, 1379060.770286786369979 ], [ -4268902.765189111232758, 1379065.449480491690338 ], [ -4269263.487721771933138, 1379157.93256369093433 ], [ -4269820.425749662332237, 1379300.721969952574 ], [ -4270268.345165509730577, 1379415.028069703141227 ], [ -4270550.600416802801192, 1379487.05776739353314 ], [ -4270621.94735711440444, 1379506.018952746875584 ], [ -4270690.840161711908877, 1379525.503443165915087 ], [ -4271752.375303521752357, 1379797.06740568485111 ], [ -4272356.005700251087546, 1379952.14065868104808 ], [ -4272483.650966041721404, 1379985.209700115723535 ], [ -4273630.5347461681813, 1380282.33137015090324 ], [ -4274117.784814713522792, 1380404.575607773382217 ], [ -4274590.921270946972072, 1380526.065723896259442 ], [ -4275157.914276608265936, 1380670.051655563525856 ], [ -4275259.220576277934015, 1380695.26136701926589 ], [ -4275330.881187248043716, 1380713.141857812646776 ], [ -4275592.85606771800667, 1380778.49904942815192 ], [ -4275862.120290233753622, 1380845.624710344243795 ], [ -4275922.955516542308033, 1380860.815880203619599 ], [ -4275982.673391812480986, 1380875.716081650462002 ], [ -4276128.239408318884671, 1380911.931488266447559 ], [ -4276382.925048969686031, 1380975.520327383186668 ], [ -4276452.941849647089839, 1380992.609322929056361 ], [ -4276515.153950653970242, 1381008.392604351975024 ], [ -4276988.172516996972263, 1381126.365274023031816 ], [ -4277432.096888942644, 1381237.022047879407182 ], [ -4277500.488727740943432, 1381254.051860113628209 ], [ -4278160.391291009262204, 1381420.287242635386065 ], [ -4278520.481415102258325, 1381506.665976001881063 ], [ -4278820.672335028648376, 1381585.975708943791687 ], [ -4278988.363934686407447, 1381627.408823366044089 ], [ -4279007.397306838072836, 1381632.537532835034654 ], [ -4279019.428131878376007, 1381743.338553517125547 ], [ -4279042.531764110550284, 1381956.116326924646273 ], [ -4279134.75784913636744, 1383049.99555122689344 ], [ -4279203.470035153441131, 1383841.698465798748657 ], [ -4279265.349114752374589, 1384615.914898590650409 ], [ -4279312.41856843046844, 1385206.747862824471667 ], [ -4279342.127181945368648, 1385556.998455107212067 ], [ -4279380.267132878303528, 1385874.861433494603261 ], [ -4279409.825173061341047, 1386073.210689890664071 ], [ -4279450.526399979367852, 1386268.711859442759305 ], [ -4279633.593227288685739, 1387006.515006309840828 ], [ -4279687.019967471249402, 1387218.228453529765829 ], [ -4279569.680612132884562, 1387192.209079928696156 ], [ -4279518.744463774375618, 1387181.014069327386096 ], [ -4279196.030315147712827, 1387111.163383293896914 ], [ -4279145.216389484703541, 1387114.750924151623622 ], [ -4278853.274340930394828, 1387041.462981111370027 ], [ -4278740.717186342924833, 1387013.065642766654491 ], [ -4278651.939181098714471, 1386991.245794998016208 ], [ -4278515.723964730277658, 1386956.81871756282635 ], [ -4278490.575368887744844, 1386950.408899888629094 ], [ -4278351.802470547147095, 1386915.115179054439068 ], [ -4278346.352642071433365, 1386903.358571995515376 ], [ -4278259.097144128754735, 1386715.127474033040926 ], [ -4278349.670735065825284, 1386672.833803181070834 ], [ -4278795.785143143497407, 1386788.96917216735892 ], [ -4279086.298105581663549, 1385665.07467690599151 ], [ -4279065.360275322571397, 1385648.257750979857519 ], [ -4279068.86025189049542, 1385643.744238507701084 ], [ -4279071.907731591723859, 1385638.983553091995418 ], [ -4279074.502985520288348, 1385633.976029837038368 ], [ -4279076.645787962712348, 1385628.72166658192873 ], [ -4279078.546691158786416, 1385623.404236088739708 ], [ -4279079.721826638095081, 1385617.897869047010317 ], [ -4279080.41311267670244, 1385612.265562046319246 ], [ -4279080.862480957061052, 1385606.570258586201817 ], [ -4279080.523032138124108, 1385600.927922627655789 ], [ -4279079.910169208422303, 1385595.343577960971743 ], [ -4279078.782044216990471, 1385589.754321766318753 ], [ -4279077.075533888302743, 1385584.401906759478152 ], [ -4278988.16630060877651, 1385342.456905020400882 ], [ -4278985.627997094765306, 1385335.338046885794029 ], [ -4278982.360918861813843, 1385322.088033879408613 ], [ -4278979.945583242923021, 1385308.543116842862219 ], [ -4278978.865888373926282, 1385294.829267363296822 ], [ -4278979.058785483241081, 1385281.18831401434727 ], [ -4278980.313842599280179, 1385267.436458776472136 ], [ -4278982.778560356236994, 1385253.999529065797105 ], [ -4278986.484382340684533, 1385240.756523307878524 ], [ -4278991.399906056933105, 1385227.828359274426475 ], [ -4278997.18856536410749, 1385215.514962341636419 ], [ -4279004.155415425077081, 1385203.637523325858638 ], [ -4279012.237465148791671, 1385192.437867129454389 ], [ -4279021.16122420784086, 1385181.974059587344527 ], [ -4279030.895269823260605, 1385172.366805484052747 ], [ -4279041.439604097045958, 1385163.616388687631115 ], [ -4279119.48996392916888, 1385105.921380603220314 ], [ -4279058.600845174863935, 1384372.319801246514544 ], [ -4278474.368521247059107, 1384224.103589094709605 ], [ -4278514.59587889444083, 1384077.515371137997136 ], [ -4278440.314086228609085, 1384059.211142018204555 ], [ -4278391.745239053852856, 1383830.996802709065378 ], [ -4278312.807588874362409, 1383736.308507689274848 ], [ -4278276.066248193383217, 1383789.128883239580318 ], [ -4278015.326651803217828, 1383608.880978610133752 ], [ -4278063.40798775292933, 1383540.284263923997059 ], [ -4277825.623044688254595, 1383372.082824160577729 ], [ -4277841.933044427074492, 1383347.138247254071757 ], [ -4277960.159166862256825, 1383248.237385282758623 ], [ -4277952.935367496684194, 1383023.940605632960796 ], [ -4277951.841719565913081, 1383024.172535831807181 ], [ -4277943.438725786283612, 1383024.697419025469571 ], [ -4277935.193229638040066, 1383024.617518262239173 ], [ -4277926.926186248660088, 1383023.627811524318531 ], [ -4277918.816569168120623, 1383022.033377906307578 ], [ -4277910.864508968777955, 1383019.834005796350539 ], [ -4277809.496736548841, 1382993.445337267592549 ], [ -4277843.703408256173134, 1382858.076830820878968 ], [ -4277946.694738962687552, 1382892.121161071350798 ], [ -4278001.359584857709706, 1382823.042675683274865 ], [ -4278223.440927701070905, 1382575.259933554101735 ], [ -4278036.344130491837859, 1382501.108934079064056 ], [ -4278030.043128405697644, 1382519.359494901495054 ], [ -4278019.22298838198185, 1382544.054232401773334 ], [ -4278006.593386556021869, 1382567.761152206920087 ], [ -4277991.670515711419284, 1382590.35443890071474 ], [ -4277984.166693350300193, 1382601.31714596808888 ], [ -4277857.878625740297139, 1382502.956144424853846 ], [ -4277267.357493250630796, 1382356.073734599165618 ], [ -4276636.059217083267868, 1384807.897212149109691 ], [ -4277176.619984924793243, 1384948.231713694520295 ], [ -4277316.390918019227684, 1385025.561828258447349 ], [ -4277392.71337045263499, 1385127.319028604542837 ], [ -4277155.938046310096979, 1386074.560419076588005 ], [ -4277275.450243469327688, 1386105.672557446407154 ], [ -4277144.378802252933383, 1386610.154559984104708 ], [ -4277119.156540894880891, 1386604.157167389756069 ], [ -4277000.366149025037885, 1386575.911105226958171 ], [ -4276935.238366304896772, 1386561.557579183019698 ], [ -4276668.506264323368669, 1386492.231450313236564 ], [ -4276184.051482856273651, 1386384.451656123856083 ], [ -4275653.775845513679087, 1386251.315587320830673 ], [ -4275334.639938541688025, 1386171.078028356190771 ], [ -4275014.331460703164339, 1386090.792902063112706 ], [ -4274690.257613308727741, 1386009.399244151078165 ], [ -4274277.671283476985991, 1385905.996690788771957 ], [ -4273637.745994307100773, 1385736.772831978974864 ], [ -4273639.726765402592719, 1385728.931726053589955 ], [ -4273616.375725015997887, 1385722.96523815812543 ], [ -4272351.644367053173482, 1385399.81144784623757 ], [ -4271063.561651876196265, 1385070.691520838299766 ], [ -4271043.208298563957214, 1385065.522212961455807 ], [ -4270281.36625412106514, 1383711.201563086360693 ], [ -4269667.329469493590295, 1383997.993194575421512 ], [ -4269797.664602961391211, 1384051.038447531871498 ], [ -4269808.415400358848274, 1384055.387118745595217 ], [ -4269818.6722960928455, 1384060.64046588470228 ], [ -4269828.435439909808338, 1384066.798565717414021 ], [ -4269837.736221854574978, 1384073.740402846364304 ], [ -4269846.301178518682718, 1384081.524012885522097 ], [ -4269854.19331466127187, 1384089.907517985906452 ], [ -4269861.349822347052395, 1384099.132620570948347 ], [ -4269867.622936093248427, 1384108.77370824245736 ], [ -4269871.022987485863268, 1384114.566909485962242 ], [ -4269972.074712533503771, 1384304.908106710994616 ], [ -4269985.119561800733209, 1384332.198886389145628 ], [ -4269995.850895469076931, 1384360.437305831583217 ], [ -4270004.027127004228532, 1384389.560474233934656 ], [ -4270008.940813343040645, 1384414.347030000993982 ], [ -4270071.954769830219448, 1384816.297850152244791 ], [ -4268628.228030714206398, 1384446.014978584367782 ], [ -4267414.672618605196476, 1382771.784153396496549 ], [ -4266509.776010354980826, 1382544.537228233879432 ], [ -4266469.737153094261885, 1382565.371334861265495 ], [ -4266431.666744402609766, 1382589.559345848392695 ], [ -4266395.838192637078464, 1382617.043361902236938 ], [ -4266362.345981617458165, 1382647.460437169764191 ], [ -4266331.978825137019157, 1382680.757631330750883 ], [ -4266304.347374715842307, 1382716.446064725052565 ], [ -4266280.208834753371775, 1382754.593838124535978 ], [ -4266259.205442162230611, 1382794.590956122614443 ], [ -4266241.915421740151942, 1382836.200609791558236 ], [ -4266228.370194215327501, 1382879.301734941313043 ], [ -4266220.97176777292043, 1382910.69936260743998 ], [ -4266147.172998121008277, 1383199.150202576303855 ], [ -4265975.632969236932695, 1383765.815125531051308 ], [ -4265875.456927029415965, 1384095.059821154689416 ], [ -4265861.48843483440578, 1384153.679210765520111 ], [ -4265852.905429776757956, 1384213.442249266430736 ], [ -4265849.492996718734503, 1384265.251849622931331 ], [ -4265901.219916638918221, 1385012.224736758740619 ], [ -4265904.006905726157129, 1385053.119450350524858 ], [ -4265910.495718299411237, 1385093.686172865331173 ], [ -4265920.539006497710943, 1385133.499136682134122 ], [ -4265933.957693738862872, 1385172.253369239158928 ], [ -4265950.783381777815521, 1385209.827910370891914 ], [ -4265970.658181052654982, 1385245.613034469773993 ], [ -4265977.615661325864494, 1385256.594685185933486 ], [ -4266078.316058361902833, 1385417.524458271916956 ], [ -4266123.446926350705326, 1385503.153474612860009 ], [ -4265571.67452952824533, 1385362.226781115867198 ], [ -4265316.002493250183761, 1386353.611630525207147 ], [ -4264040.064225825481117, 1386026.182379618519917 ], [ -4263163.678691143169999, 1384456.898697138298303 ], [ -4263086.389902976341546, 1384317.175318694207817 ], [ -4263388.157448649406433, 1383101.406698057893664 ], [ -4263722.013404676690698, 1381824.889638310531154 ], [ -4264055.86954302713275, 1380548.372255567694083 ] ] ] } },
{ "type": "Feature", "properties": { "neighborhood": "Baker", "total_housing": 4202.0, "total_occupied_housing": 3754.0, "total_vacant_housing": 448.0, "owner_occupied_units": 1395.0, "renter_occupied_units": 2359.0, "vacant_homes_rented": 90.0, "vacant_homes_sold": 19.0, "vacant_homes_seasonal": 0.0, "population": 6612.0, "median_gross_rent": 1868.0, "median_home_value": 673437.0, "median_household_income": 102508.0, "total_listings": 116, "pct_entire_home": 88.79, "avg_price": 189.34, "avg_bedrooms": 1.69, "avg_price_per_bedroom": 105.31, "avg_estimated_annual_revenue": 25062.8, "estimated_total_annual_revenue": 2355903.0, "total_hosts": 89, "hobbyist_hosts": 64, "small_business_hosts": 16, "commercial_hosts": 9 }, "geometry": { "type": "Polygon", "coordinates": [ [ [ -4291320.219707713462412, 1412026.219845061888918 ], [ -4291394.872581671923399, 1411759.304429406998679 ], [ -4291467.667456902563572, 1411499.526004015700892 ], [ -4291612.392964040860534, 1410934.666549450252205 ], [ -4291745.686530292965472, 1410370.059943970991299 ], [ -4291900.115367455407977, 1409817.542488197796047 ], [ -4291990.677361202426255, 1409460.739541872870177 ], [ -4292073.38273320440203, 1409145.030812524491921 ], [ -4292151.882497416809201, 1408831.58554926677607 ], [ -4292193.030528047122061, 1408674.517464717384428 ], [ -4292235.396741363219917, 1408513.762284762924537 ], [ -4292319.575165177695453, 1408199.341302812099457 ], [ -4292401.809908169321716, 1407888.418042331701145 ], [ -4292484.976249298080802, 1407568.954380011651665 ], [ -4292565.623361880891025, 1407259.167734414339066 ], [ -4292658.278841468505561, 1406924.091824861243367 ], [ -4292742.610337951220572, 1406600.152500339550897 ], [ -4292828.091595877893269, 1406282.712107901927084 ], [ -4292907.666354969143867, 1405974.066999230533838 ], [ -4292996.498550509102643, 1405648.716022213920951 ], [ -4293140.849027097225189, 1405006.907184653216973 ], [ -4293288.052128047682345, 1404349.179115170845762 ], [ -4293335.117443613708019, 1404163.427614762680605 ], [ -4293398.977149091660976, 1403912.171916689490899 ], [ -4293455.596739553846419, 1403735.365424284012988 ], [ -4293477.207055295817554, 1403689.069006195059046 ], [ -4293482.815375461243093, 1403661.971921359421685 ], [ -4293497.083780471235514, 1403593.031172984745353 ], [ -4293513.153049110434949, 1403523.091947284992784 ], [ -4293520.93665783945471, 1403479.504340602317825 ], [ -4293524.392946313135326, 1403426.995239266427234 ], [ -4293526.378241152502596, 1403396.832894717110321 ], [ -4293540.11107268370688, 1403336.301864551380277 ], [ -4293602.306386314332485, 1403100.370477105258033 ], [ -4293613.75450845528394, 1403053.462863388936967 ], [ -4293922.825766046531498, 1401787.068971178494394 ], [ -4294620.486796768382192, 1401969.053493283921853 ], [ -4294656.675735128112137, 1401978.493346194270998 ], [ -4294687.211622758768499, 1401986.442794534144923 ], [ -4294969.728862760588527, 1402059.990896168164909 ], [ -4295132.094619859009981, 1402105.101275690365583 ], [ -4295271.246196023188531, 1402140.054889212362468 ], [ -4295266.109390331432223, 1402156.909733288455755 ], [ -4295253.3871985450387, 1402205.778933277586475 ], [ -4295243.940033657476306, 1402242.067915274994448 ], [ -4295237.106601257808506, 1402268.316881708567962 ], [ -4295223.420745193958282, 1402304.019089152105153 ], [ -4295190.068286875262856, 1402382.520309393294156 ], [ -4295167.968496732413769, 1402438.635160098318011 ], [ -4295139.521996783092618, 1402527.067448757356033 ], [ -4295116.510935193859041, 1402611.489790350664407 ], [ -4295089.383046069182456, 1402707.756583421258256 ], [ -4295078.115449908189476, 1402762.94574567861855 ], [ -4295063.140450087375939, 1402828.406875806162134 ], [ -4295042.67353393137455, 1402931.832609063247219 ], [ -4295040.003327656537294, 1402975.827264177147299 ], [ -4295041.153427447192371, 1403004.154590306570753 ], [ -4295043.550579937174916, 1403044.560338386101648 ], [ -4295049.096940238960087, 1403072.869750879472122 ], [ -4295058.827395345084369, 1403098.006098714657128 ], [ -4295076.186724703758955, 1403130.553272894117981 ], [ -4295090.323389872908592, 1403154.640935005620122 ], [ -4295094.442077995277941, 1403167.596101987641305 ], [ -4295095.033946885727346, 1403194.098975283326581 ], [ -4295098.436325510963798, 1403309.034175895852968 ], [ -4295108.838082834146917, 1403393.113701878115535 ], [ -4295129.127797237597406, 1403501.724773747380823 ], [ -4295144.156627760268748, 1403543.22310600685887 ], [ -4295161.444386262446642, 1403580.013943399069831 ], [ -4295195.232562782242894, 1403656.619771533180028 ], [ -4295234.886436810716987, 1403769.238617008551955 ], [ -4295307.717690808698535, 1403977.678430514875799 ], [ -4295343.777118677273393, 1404095.173779320670292 ], [ -4295391.216964398510754, 1404277.112612375058234 ], [ -4295402.817473707720637, 1404318.880933240288869 ], [ -4295415.965370060876012, 1404363.635333074023947 ], [ -4295448.966270186938345, 1404443.265155432280153 ], [ -4295517.775226371362805, 1404600.672496126033366 ], [ -4295661.338818026706576, 1404880.74045921349898 ], [ -4295716.700517315417528, 1404988.475862217135727 ], [ -4295727.693520308472216, 1405009.868432469433174 ], [ -4295779.798577687703073, 1405120.303989567328244 ], [ -4295794.912512422539294, 1405152.107900088652968 ], [ -4295812.510050721466541, 1405189.138165859039873 ], [ -4295823.033904299139977, 1405223.134739281842485 ], [ -4295839.754173113033175, 1405302.788561632158235 ], [ -4295853.276020061224699, 1405359.006442623212934 ], [ -4295865.479242963716388, 1405407.389814314665273 ], [ -4295873.344830811955035, 1405446.635928401257843 ], [ -4295879.745777797885239, 1405480.592652232619002 ], [ -4295888.197217239066958, 1405534.457218719879165 ], [ -4295896.174655835144222, 1405587.165251717437059 ], [ -4295901.90142485499382, 1405618.750648115528747 ], [ -4295918.223338918760419, 1405680.088917450048029 ], [ -4295921.35341477021575, 1405713.710780745605007 ], [ -4295924.646738248877227, 1405758.612107825931162 ], [ -4295923.124728871509433, 1405806.134754785336554 ], [ -4295918.15712331328541, 1405861.93070029723458 ], [ -4295916.6140027474612, 1405930.37189771910198 ], [ -4295920.052422719076276, 1405991.585376739036292 ], [ -4295925.655283257365227, 1406048.454023443628103 ], [ -4295951.21304252743721, 1406301.547151218634099 ], [ -4295963.420221044681966, 1406399.529369566589594 ], [ -4295970.826486358419061, 1406445.501345131080598 ], [ -4295972.404882838018239, 1406489.052040259120986 ], [ -4295971.224699755199254, 1406526.33078524377197 ], [ -4295968.132134419865906, 1406566.986428872449324 ], [ -4295966.771390076726675, 1406663.503013412468135 ], [ -4295978.765954722650349, 1406861.529897412052378 ], [ -4295989.474072990007699, 1406948.40142847946845 ], [ -4296001.962761796079576, 1407020.495482264086604 ], [ -4296026.121135885827243, 1407167.828776651062071 ], [ -4296048.814079539850354, 1407328.729791437275708 ], [ -4296051.944102286361158, 1407362.351535765919834 ], [ -4296056.169724704697728, 1407420.540905084693804 ], [ -4296057.161706415936351, 1407552.672789767384529 ], [ -4296055.731581165455282, 1407615.718518356326967 ], [ -4296055.051256100647151, 1407663.976822133176029 ], [ -4296056.272745044901967, 1407688.060509792063385 ], [ -4296062.421852886676788, 1407722.984849879518151 ], [ -4296079.797666031867266, 1407806.961387630319223 ], [ -4296080.797325989231467, 1407811.792809196515009 ], [ -4296099.142485430464149, 1407900.453885180409998 ], [ -4296108.080692370422184, 1407960.386643320322037 ], [ -4296111.33252068515867, 1408006.439564371947199 ], [ -4296116.636895340867341, 1408097.200039824703708 ], [ -4296121.912052995525301, 1408172.195148758590221 ], [ -4296143.857122216373682, 1408435.197093229973689 ], [ -4296158.639843858778477, 1408552.06152646872215 ], [ -4296180.260167190805078, 1408692.275917241815478 ], [ -4296198.475271572358906, 1408858.469288309803233 ], [ -4296202.732449196279049, 1408916.537612261716276 ], [ -4296205.96224163658917, 1409064.88037353171967 ], [ -4296207.068285038694739, 1409172.759586829924956 ], [ -4296212.463036575354636, 1409213.558043873868883 ], [ -4296229.250786793418229, 1409301.883262902265415 ], [ -4296241.557010844349861, 1409345.901881469180807 ], [ -4296291.84941980894655, 1409511.921270948601887 ], [ -4296308.345768355764449, 1409564.651178722502664 ], [ -4296323.194255268201232, 1409602.873654054943472 ], [ -4296355.72519198898226, 1409668.431708522839472 ], [ -4296415.193871651776135, 1409782.33406872744672 ], [ -4296464.72308602463454, 1409873.88730630162172 ], [ -4296484.301191098056734, 1409905.849528651917353 ], [ -4296570.408636890351772, 1410017.645602546865121 ], [ -4296647.06515780184418, 1410116.131730507360771 ], [ -4296747.664393585175276, 1410246.682970267022029 ], [ -4296853.070340065285563, 1410378.615005281288177 ], [ -4296949.62824003957212, 1410503.852111789630726 ], [ -4297009.462842293083668, 1410592.534076199168339 ], [ -4297087.164523656480014, 1410698.912707032635808 ], [ -4297117.035449701361358, 1410740.182183823082596 ], [ -4297141.881165691651404, 1410774.508769356412813 ], [ -4297161.294779388234019, 1410807.153232894372195 ], [ -4297180.869734774343669, 1410840.068906557746232 ], [ -4297199.267919819802046, 1410868.624158575199544 ], [ -4297215.768494631163776, 1410908.439064636360854 ], [ -4297227.47164040338248, 1410945.842703736387193 ], [ -4297257.745800159871578, 1411040.907656555064023 ], [ -4297273.049469821155071, 1411085.319287460064515 ], [ -4297445.414294787682593, 1411480.992853168863803 ], [ -4297522.427386380732059, 1411661.459853146458045 ], [ -4297575.254012919031084, 1411784.999262328725308 ], [ -4297657.641011931933463, 1411964.669655683450401 ], [ -4297690.032990803942084, 1412025.800015506567433 ], [ -4297742.459321446716785, 1412106.224559040972963 ], [ -4297812.590758484788239, 1412196.037245254032314 ], [ -4297836.172528670169413, 1412221.550571021158248 ], [ -4297871.608617058955133, 1412250.149888743180782 ], [ -4297924.643957937136292, 1412286.559817324392498 ], [ -4298040.452826403081417, 1412358.686068129725754 ], [ -4298337.386781865730882, 1412532.858465944416821 ], [ -4298389.464390296489, 1412567.985975668067113 ], [ -4298436.986764149740338, 1412600.765023290412501 ], [ -4298458.997983751818538, 1412619.411363810766488 ], [ -4298494.392649366520345, 1412649.162319217575714 ], [ -4298519.12249225564301, 1412678.203573136590421 ], [ -4298534.226851122453809, 1412702.543144643073902 ], [ -4298545.460316087119281, 1412725.875070480629802 ], [ -4298561.248950250446796, 1412751.5551967471838 ], [ -4298604.78655989933759, 1412807.579265777952969 ], [ -4298752.800890513695776, 1412988.189437256194651 ], [ -4298788.161584788933396, 1413033.947445143014193 ], [ -4298846.322583891451359, 1413120.127289697062224 ], [ -4298889.018339375033975, 1413175.415489536710083 ], [ -4299028.378902278840542, 1413338.661011365475133 ], [ -4299056.024917239323258, 1413373.369440229376778 ], [ -4299081.034229916520417, 1413414.237036250298843 ], [ -4299102.620927637442946, 1413467.258854944026098 ], [ -4299128.425322365015745, 1413541.786181197501719 ], [ -4299129.96942022908479, 1413546.910792679293081 ], [ -4299138.264838851056993, 1413574.442229592474177 ], [ -4299147.033508405089378, 1413611.210996115347371 ], [ -4299149.682596886530519, 1413650.648941101739183 ], [ -4299146.161679779179394, 1413676.0812251358293 ], [ -4299130.307437523268163, 1413729.043012463022023 ], [ -4299114.31409437675029, 1413777.576978093478829 ], [ -4299102.931599504314363, 1413813.362110578920692 ], [ -4299055.420866347849369, 1413943.850768701871857 ], [ -4299029.687550595961511, 1413939.826823996845633 ], [ -4298788.488895360380411, 1413902.109835011651739 ], [ -4298651.380754831247032, 1413880.893754251999781 ], [ -4298465.520726297050714, 1413852.133676722180098 ], [ -4298409.951786101795733, 1413842.427280259784311 ], [ -4298296.458000220358372, 1413819.515013584168628 ], [ -4298281.636612344533205, 1413816.655385787133127 ], [ -4298128.171842477284372, 1413787.046067248331383 ], [ -4297993.789568861946464, 1413764.692739962833002 ], [ -4297908.571319096721709, 1413747.559827025979757 ], [ -4297819.80418153014034, 1413729.503250573761761 ], [ -4297656.538444565609097, 1413689.525995699688792 ], [ -4297372.591612185351551, 1413620.657663438702002 ], [ -4297316.195660271681845, 1413610.968988412991166 ], [ -4297301.260379919782281, 1413608.403181482572109 ], [ -4297192.335160593502223, 1413590.150934740202501 ], [ -4297183.476314937695861, 1413588.499385521980003 ], [ -4297055.611283813603222, 1413564.662019494688138 ], [ -4296984.895978095009923, 1413550.041619497118518 ], [ -4296919.220113541930914, 1413535.470224749762565 ], [ -4296845.312733940780163, 1413513.703549459343776 ], [ -4296732.110451510176063, 1413477.918030949542299 ], [ -4296657.46591773070395, 1413452.465617035981268 ], [ -4296638.142574709840119, 1413445.876609329134226 ], [ -4296466.435086527839303, 1413389.807997615775093 ], [ -4295985.890980468131602, 1413263.443631098838523 ], [ -4294971.547130248509347, 1412999.377310109790415 ], [ -4294779.343622609041631, 1412932.422174688661471 ], [ -4294588.969328197650611, 1412883.765748146455735 ], [ -4294558.455049158073962, 1412875.951072819065303 ], [ -4294349.904930365271866, 1412822.692153021460399 ], [ -4294215.404142886400223, 1412786.643963939510286 ], [ -4294206.210955873131752, 1412784.250684129772708 ], [ -4294071.226306965574622, 1412748.076611101161689 ], [ -4293911.861528501845896, 1412709.301274357363582 ], [ -4293752.96749066375196, 1412665.740347762359306 ], [ -4293593.84336225874722, 1412624.056967573706061 ], [ -4293430.395812490023673, 1412581.118902775458992 ], [ -4293269.945933733135462, 1412538.573711684672162 ], [ -4293108.286257515661418, 1412495.713711115997285 ], [ -4292948.373326888307929, 1412454.083324193488806 ], [ -4292785.798964304849505, 1412411.760089352726936 ], [ -4292604.596409416757524, 1412364.587356602074578 ], [ -4292433.554777003824711, 1412320.059839962748811 ], [ -4292259.610021386295557, 1412274.776556908618659 ], [ -4292094.268398938700557, 1412230.182972728041932 ], [ -4291797.403773932717741, 1412151.995701281353831 ], [ -4291712.267360364086926, 1412130.736149131553248 ], [ -4291574.589929789304733, 1412093.99029825697653 ], [ -4291320.219707713462412, 1412026.219845061888918 ] ] ] } },
{ "type": "Feature", "properties": { "neighborhood": "Lincoln Park", "total_housing": 4095.0, "total_occupied_housing": 3527.0, "total_vacant_housing": 568.0, "owner_occupied_units": 1166.0, "renter_occupied_units": 2361.0, "vacant_homes_rented": 32.0, "vacant_homes_sold": 177.0, "vacant_homes_seasonal": 0.0, "population": 6557.0, "median_gross_rent": 1609.0, "median_home_value": 569060.0, "median_household_income": 78556.0, "total_listings": 92, "pct_entire_home": 91.3, "avg_price": 239.75, "avg_bedrooms": 2.1, "avg_price_per_bedroom": 100.58, "avg_estimated_annual_revenue": 30694.63, "estimated_total_annual_revenue": 2240708.0, "total_hosts": 74, "hobbyist_hosts": 50, "small_business_hosts": 17, "commercial_hosts": 7 }, "geometry": { "type": "Polygon", "coordinates": [ [ [ -4293047.139622198417783, 1417936.194123148918152 ], [ -4293028.770950336940587, 1417830.023806804092601 ], [ -4293026.328061686828732, 1417803.684924105647951 ], [ -4293023.121092609129846, 1417784.250962896971032 ], [ -4293016.969538323581219, 1417765.212845413945615 ], [ -4293008.680515347979963, 1417741.485066832043231 ], [ -4292995.836571377702057, 1417715.409102494362742 ], [ -4292986.499920692294836, 1417699.67484244517982 ], [ -4292980.339900667779148, 1417684.638487590709701 ], [ -4292973.058584072627127, 1417657.039856068324298 ], [ -4292966.996972383931279, 1417628.725638928124681 ], [ -4292963.340627172030509, 1417614.9868702464737 ], [ -4292962.117464438080788, 1417587.932028808631003 ], [ -4292960.412044824101031, 1417563.722493617562577 ], [ -4292955.742110213264823, 1417541.970162143232301 ], [ -4292949.560477101244032, 1417526.023988815257326 ], [ -4292936.473042318597436, 1417496.914008953375742 ], [ -4292930.866869385354221, 1417474.788682628190145 ], [ -4292924.119377824477851, 1417442.162717208033428 ], [ -4292918.601569686084986, 1417407.79029134567827 ], [ -4292916.834649756550789, 1417386.793763267574832 ], [ -4292909.553402416408062, 1417359.19514853740111 ], [ -4292903.189933643676341, 1417337.002011065138504 ], [ -4292893.933226585388184, 1417313.022312248358503 ], [ -4292889.718638941645622, 1417297.459149988600984 ], [ -4292876.591144685633481, 1417272.471780779538676 ], [ -4292842.784671237692237, 1417200.898628812516108 ], [ -4292839.698649953119457, 1417150.239288798766211 ], [ -4292824.411781583912671, 1417097.824258001288399 ], [ -4292820.428788252174854, 1417085.941742472117767 ], [ -4292811.034988891333342, 1417057.918381793657318 ], [ -4292791.452063925564289, 1416995.214772308943793 ], [ -4292763.196408323943615, 1416898.350407571531832 ], [ -4292734.344813193194568, 1416787.898267855634913 ], [ -4292720.951957793906331, 1416737.138738765614107 ], [ -4292707.821141234599054, 1416684.380972191691399 ], [ -4292656.188163412734866, 1416487.789177918806672 ], [ -4292644.108362047933042, 1416454.808303289115429 ], [ -4292632.78442329633981, 1416418.924257712904364 ], [ -4292622.798520488664508, 1416366.98505854816176 ], [ -4292613.750307985581458, 1416318.390047591179609 ], [ -4292606.539138501510024, 1416283.576704532373697 ], [ -4292589.623436375521123, 1416233.450017238035798 ], [ -4292576.26203190907836, 1416182.569579943316057 ], [ -4292559.300200996920466, 1416124.681433782912791 ], [ -4292543.164304776117206, 1416056.675144480075687 ], [ -4292522.294210253283381, 1415986.015813838457689 ], [ -4292511.464107542298734, 1415949.227062246529385 ], [ -4292497.608860567212105, 1415899.251400701003149 ], [ -4292483.924126215279102, 1415853.5823373880703 ], [ -4292471.712491889484227, 1415809.201035824837163 ], [ -4292445.941891677677631, 1415718.666684495983645 ], [ -4292438.236884218640625, 1415684.758022892056033 ], [ -4292432.890975371934474, 1415657.663307241629809 ], [ -4292425.811664594337344, 1415634.250543495407328 ], [ -4292407.793690050020814, 1415588.357572149252519 ], [ -4292393.856963840313256, 1415543.656170673668385 ], [ -4292378.782182791270316, 1415494.396288269199431 ], [ -4292366.357032291591167, 1415443.888825557893142 ], [ -4292358.440043092705309, 1415406.825106277829036 ], [ -4292350.568957721814513, 1415377.523127534193918 ], [ -4292334.56144608836621, 1415293.146990479202941 ], [ -4292324.629005882889032, 1415263.824837998719886 ], [ -4292302.182986807078123, 1415196.242573120864108 ], [ -4292293.888100272975862, 1415160.630447164177895 ], [ -4292289.217982824891806, 1415138.878192801959813 ], [ -4292277.932417610660195, 1415095.900310305412859 ], [ -4292263.40149203594774, 1415040.582284544361755 ], [ -4292252.18408512044698, 1414995.572917810175568 ], [ -4292251.904034517705441, 1414994.449368133209646 ], [ -4292233.338830878026783, 1414926.843983368948102 ], [ -4292219.064193718135357, 1414879.471521714702249 ], [ -4292207.396363548003137, 1414829.031965857604519 ], [ -4292190.252652571536601, 1414764.896585726179183 ], [ -4292164.064201002940536, 1414679.936551815830171 ], [ -4292151.019321183674037, 1414630.817551649874076 ], [ -4292134.419401366263628, 1414560.623993123415858 ], [ -4292115.138385619036853, 1414491.799236304825172 ], [ -4292095.807409442029893, 1414428.127610089024529 ], [ -4292083.438175640068948, 1414384.351053276564926 ], [ -4292076.1468973653391, 1414357.783156865509227 ], [ -4292065.578647127375007, 1414318.995959755266085 ], [ -4292056.098091926425695, 1414268.092569920001552 ], [ -4292045.316515972837806, 1414223.179355900269002 ], [ -4292037.445376724936068, 1414193.877263942034915 ], [ -4292026.413326632231474, 1414152.902888031909242 ], [ -4292012.636561343446374, 1414091.710535584716126 ], [ -4291997.238263410516083, 1414047.662048870231956 ], [ -4291976.051804516464472, 1413975.241123302606866 ], [ -4291963.578239571303129, 1413932.858152547152713 ], [ -4291951.884781359694898, 1413894.423826518701389 ], [ -4291928.894889838993549, 1413832.899668834172189 ], [ -4291917.186971478164196, 1413786.58280644309707 ], [ -4291899.035613687708974, 1413726.318289097864181 ], [ -4291888.255426169373095, 1413684.376137401442975 ], [ -4291871.803527525626123, 1413636.436707644723356 ], [ -4291862.233014065772295, 1413594.809471574146301 ], [ -4291850.029754134826362, 1413546.426367033040151 ], [ -4291840.671173576265574, 1413507.954005109844729 ], [ -4291830.778797192499042, 1413474.509233199292794 ], [ -4291822.237812904641032, 1413451.749208834953606 ], [ -4291787.677940844558179, 1413367.193038092693314 ], [ -4291778.412745983339846, 1413347.215183207532391 ], [ -4291766.534982180222869, 1413318.420011820038781 ], [ -4291752.943706819787621, 1413291.245290611172095 ], [ -4291743.898889928124845, 1413270.420614594593644 ], [ -4291734.239880294539034, 1413241.040640002815053 ], [ -4291725.323582631535828, 1413203.845906545640901 ], [ -4291713.667725530453026, 1413177.1751106409356 ], [ -4291696.023581412620842, 1413142.745650797151029 ], [ -4291683.85537127405405, 1413122.011974292807281 ], [ -4291675.062613034620881, 1413100.219651274383068 ], [ -4291664.441844674758613, 1413082.472118300618604 ], [ -4291646.939759456552565, 1413058.412484955042601 ], [ -4291626.352578152902424, 1413027.349979181075469 ], [ -4291601.440704446285963, 1412992.061691941926256 ], [ -4291563.683219892904162, 1412927.726422972744331 ], [ -4291542.122411530464888, 1412884.527482313336805 ], [ -4291528.662982154637575, 1412868.753345444565639 ], [ -4291504.842300218529999, 1412849.11936107953079 ], [ -4291490.860662664286792, 1412840.313044120557606 ], [ -4291479.296667251735926, 1412829.165466970764101 ], [ -4291449.656166339293122, 1412781.279966342961416 ], [ -4291399.782497274689376, 1412715.857083652401343 ], [ -4291346.997249164618552, 1412653.680026754038408 ], [ -4291278.303221118636429, 1412578.19108315045014 ], [ -4291223.888207456097007, 1412514.544167187297717 ], [ -4291199.766780104488134, 1412486.330589830409735 ], [ -4291226.169253303669393, 1412389.476763827959076 ], [ -4291230.874177910387516, 1412371.304656200809404 ], [ -4291320.219707713462412, 1412026.219845061888918 ], [ -4291574.589929789304733, 1412093.99029825697653 ], [ -4291712.267360364086926, 1412130.736149131553248 ], [ -4291797.403773932717741, 1412151.995701281353831 ], [ -4292094.268398938700557, 1412230.182972728041932 ], [ -4292259.610021386295557, 1412274.776556908618659 ], [ -4292433.554777003824711, 1412320.059839962748811 ], [ -4292604.596409416757524, 1412364.587356602074578 ], [ -4292785.798964304849505, 1412411.760089352726936 ], [ -4292948.373326888307929, 1412454.083324193488806 ], [ -4293108.286257515661418, 1412495.713711115997285 ], [ -4293269.945933733135462, 1412538.573711684672162 ], [ -4293430.395812490023673, 1412581.118902775458992 ], [ -4293593.84336225874722, 1412624.056967573706061 ], [ -4293752.96749066375196, 1412665.740347762359306 ], [ -4293911.861528501845896, 1412709.301274357363582 ], [ -4294071.226306965574622, 1412748.076611101161689 ], [ -4294206.210955873131752, 1412784.250684129772708 ], [ -4294215.404142886400223, 1412786.643963939510286 ], [ -4294349.904930365271866, 1412822.692153021460399 ], [ -4294558.455049158073962, 1412875.951072819065303 ], [ -4294588.969328197650611, 1412883.765748146455735 ], [ -4294779.343622609041631, 1412932.422174688661471 ], [ -4294971.547130248509347, 1412999.377310109790415 ], [ -4295985.890980468131602, 1413263.443631098838523 ], [ -4296466.435086527839303, 1413389.807997615775093 ], [ -4296638.142574709840119, 1413445.876609329134226 ], [ -4296657.46591773070395, 1413452.465617035981268 ], [ -4296732.110451510176063, 1413477.918030949542299 ], [ -4296845.312733940780163, 1413513.703549459343776 ], [ -4296919.220113541930914, 1413535.470224749762565 ], [ -4296984.895978095009923, 1413550.041619497118518 ], [ -4297055.611283813603222, 1413564.662019494688138 ], [ -4297183.476314937695861, 1413588.499385521980003 ], [ -4297192.335160593502223, 1413590.150934740202501 ], [ -4297301.260379919782281, 1413608.403181482572109 ], [ -4297316.195660271681845, 1413610.968988412991166 ], [ -4297372.591612185351551, 1413620.657663438702002 ], [ -4297656.538444565609097, 1413689.525995699688792 ], [ -4297819.80418153014034, 1413729.503250573761761 ], [ -4297908.571319096721709, 1413747.559827025979757 ], [ -4297993.789568861946464, 1413764.692739962833002 ], [ -4298128.171842477284372, 1413787.046067248331383 ], [ -4298281.636612344533205, 1413816.655385787133127 ], [ -4298296.458000220358372, 1413819.515013584168628 ], [ -4298409.951786101795733, 1413842.427280259784311 ], [ -4298465.520726297050714, 1413852.133676722180098 ], [ -4298651.380754831247032, 1413880.893754251999781 ], [ -4298788.488895360380411, 1413902.109835011651739 ], [ -4299029.687550595961511, 1413939.826823996845633 ], [ -4299055.420866347849369, 1413943.850768701871857 ], [ -4299031.687565878033638, 1414009.034499949775636 ], [ -4299031.32445390895009, 1414010.031888596015051 ], [ -4299008.185425447300076, 1414070.13839244004339 ], [ -4298993.050882808864117, 1414111.404785654041916 ], [ -4298959.665293604135513, 1414215.296412162715569 ], [ -4298959.038965788669884, 1414217.245301421033219 ], [ -4298929.355914166197181, 1414314.396544124698266 ], [ -4298899.324816610664129, 1414409.907371676294133 ], [ -4298886.499605853110552, 1414463.140921680722386 ], [ -4298869.282762320712209, 1414525.305867784656584 ], [ -4298857.12483103107661, 1414587.883868149248883 ], [ -4298849.465971663594246, 1414646.078895034268498 ], [ -4298849.16371036414057, 1414655.243574118241668 ], [ -4298847.404538800008595, 1414708.572881784755737 ], [ -4298851.849925787188113, 1414806.600856691366062 ], [ -4298859.577364421449602, 1414885.075931819621474 ], [ -4298868.022625959478319, 1414927.055972593370825 ], [ -4298884.709372225217521, 1414982.03127240925096 ], [ -4298935.530924068763852, 1415134.109881332609802 ], [ -4298958.787150728516281, 1415202.548956716898829 ], [ -4298978.975725321099162, 1415277.810030036140233 ], [ -4298986.398985403589904, 1415315.778428006451577 ], [ -4298994.096402660012245, 1415397.345478643663228 ], [ -4298998.070054143667221, 1415456.50234946119599 ], [ -4298998.248408652842045, 1415497.492896126350388 ], [ -4298997.211084021255374, 1415526.284044120693579 ], [ -4298992.777006993070245, 1415555.224264742340893 ], [ -4298924.034840671345592, 1415844.085602991515771 ], [ -4298878.581105059012771, 1416035.551814704434946 ], [ -4298804.193559921346605, 1416350.06736021139659 ], [ -4298723.373408576473594, 1416655.04489982011728 ], [ -4298686.939483234658837, 1416792.529556266032159 ], [ -4298643.267840662971139, 1416972.189432422164828 ], [ -4298556.078690376132727, 1417303.133749932050705 ], [ -4298517.658138656057417, 1417488.42292158305645 ], [ -4298505.716010823845863, 1417603.754591854289174 ], [ -4298499.342173767276108, 1417707.619694683467969 ], [ -4298500.886504931375384, 1417767.177535735303536 ], [ -4298521.288840400055051, 1417932.906725087668747 ], [ -4298542.814261608757079, 1418135.997479778015986 ], [ -4298554.733114451169968, 1418288.668726630043238 ], [ -4298556.636411623097956, 1418392.492873313836753 ], [ -4298557.782392677851021, 1418433.735221837181598 ], [ -4298554.746009872294962, 1418502.950014865957201 ], [ -4298548.300975049845874, 1418548.544964371016249 ], [ -4298531.484982423484325, 1418613.139047655509785 ], [ -4298509.013297352008522, 1418682.589730778243393 ], [ -4298480.560795371420681, 1418759.137200247030705 ], [ -4298453.682825672440231, 1418829.636532344855368 ], [ -4298441.768895682878792, 1418854.562868642853573 ], [ -4298417.431213993579149, 1418894.466572329867631 ], [ -4298395.730302207171917, 1418928.211135321529582 ], [ -4298380.828858979977667, 1418951.713921614456922 ], [ -4298234.0618233140558, 1419201.921782116871327 ], [ -4298188.132183755747974, 1419283.089784626383334 ], [ -4298186.00748950894922, 1419286.774515720549971 ], [ -4298146.528930026106536, 1419355.24418842443265 ], [ -4297588.924982630647719, 1419194.791313277091831 ], [ -4297387.549886256456375, 1419136.712805153802037 ], [ -4296382.973600457422435, 1418852.57152650738135 ], [ -4295972.148577805608511, 1418733.746270987670869 ], [ -4295184.736423463560641, 1418505.999005069723353 ], [ -4295037.996608388610184, 1418459.635678795399144 ], [ -4294862.729371065273881, 1418404.259202611399814 ], [ -4294739.99962565023452, 1418365.482213527197018 ], [ -4294644.103224911727011, 1418332.035873553017154 ], [ -4294566.05131550040096, 1418306.062212536809966 ], [ -4294408.16969889588654, 1418266.374078194610775 ], [ -4294209.772962776944041, 1418218.944599439622834 ], [ -4293909.806277555413544, 1418147.235769923543558 ], [ -4293867.142752494663, 1418137.699909401591867 ], [ -4293476.250850706361234, 1418050.331011239206418 ], [ -4293468.313388421200216, 1418048.556801917031407 ], [ -4293449.919954412616789, 1418044.040242835413665 ], [ -4293428.182580744847655, 1418038.702583498787135 ], [ -4293181.329877432435751, 1417978.086557364091277 ], [ -4293139.827263078652322, 1417965.116041438886896 ], [ -4293047.139622198417783, 1417936.194123148918152 ] ] ] } },
{ "type": "Feature", "properties": { "neighborhood": "Auraria", "total_housing": 107.0, "total_occupied_housing": 102.0, "total_vacant_housing": 5.0, "owner_occupied_units": 60.0, "renter_occupied_units": 42.0, "vacant_homes_rented": 0.0, "vacant_homes_sold": 0.0, "vacant_homes_seasonal": 0.0, "population": 705.0, "median_gross_rent": 3238.0, "median_home_value": 750123.0, "median_household_income": 186634.0, "total_listings": 5, "pct_entire_home": 100.0, "avg_price": 229.72, "avg_bedrooms": 1.8, "avg_price_per_bedroom": 127.62, "avg_estimated_annual_revenue": 27151.8, "estimated_total_annual_revenue": 135759.0, "total_hosts": 5, "hobbyist_hosts": 3, "small_business_hosts": 1, "commercial_hosts": 1 }, "geometry": { "type": "Polygon", "coordinates": [ [ [ -4293074.137182199396193, 1419944.963152312673628 ], [ -4293084.269018705002964, 1419897.095086572458968 ], [ -4293086.828261530958116, 1419883.295376402325928 ], [ -4293100.165685786865652, 1419824.124467344721779 ], [ -4293107.897822865284979, 1419786.485073649091646 ], [ -4293115.292159238830209, 1419746.17452198616229 ], [ -4293124.043146021664143, 1419684.776425471995026 ], [ -4293133.077339770272374, 1419622.289661902468652 ], [ -4293140.394123774021864, 1419574.338378028944135 ], [ -4293154.183597595430911, 1419493.586200685240328 ], [ -4293170.827621201053262, 1419421.714401710778475 ], [ -4293187.691949024796486, 1419348.995705705601722 ], [ -4293194.124544284306467, 1419320.317487376043573 ], [ -4293197.810003846883774, 1419287.307638439117 ], [ -4293202.481559889391065, 1419249.517328594112769 ], [ -4293201.84226943552494, 1419212.281739396508783 ], [ -4293199.439621704630554, 1419181.820149812847376 ], [ -4293194.929480098187923, 1419143.57677796552889 ], [ -4293191.307254062965512, 1419113.830938148545101 ], [ -4293185.787926457822323, 1419076.487330898176879 ], [ -4293181.40131760109216, 1419053.64640727895312 ], [ -4293180.476208944804966, 1419033.385611536446959 ], [ -4293177.145748164504766, 1418998.549348317785189 ], [ -4293174.782934416085482, 1418963.964918817859143 ], [ -4293175.361816971562803, 1418923.042491222498938 ], [ -4293175.478422742336988, 1418882.903890278423205 ], [ -4293171.432177316397429, 1418846.847887692274526 ], [ -4293169.661820775829256, 1418798.080893589183688 ], [ -4293165.827487198635936, 1418765.179907869780436 ], [ -4293159.418015287257731, 1418735.225164402741939 ], [ -4293148.510870957747102, 1418650.110198695212603 ], [ -4293147.04193816985935, 1418635.907677765702829 ], [ -4293142.685354736633599, 1418609.974643273279071 ], [ -4293136.168316347524524, 1418575.471222275169566 ], [ -4293130.902610680088401, 1418540.131017606006935 ], [ -4293126.644348203204572, 1418500.920099979266524 ], [ -4293124.019757626578212, 1418468.334047300275415 ], [ -4293104.141918983310461, 1418342.264710893854499 ], [ -4293103.676646864973009, 1418337.106430503772572 ], [ -4293101.60929986089468, 1418325.201984041603282 ], [ -4293099.046602286398411, 1418311.231277057901025 ], [ -4293097.735081651248038, 1418296.423802674980834 ], [ -4293096.887228462845087, 1418283.803640397731215 ], [ -4293096.04807148501277, 1418267.18170012626797 ], [ -4293089.482625572010875, 1418240.802850667387247 ], [ -4293085.267898809164762, 1418225.239654298406094 ], [ -4293082.957119357772171, 1418210.301264869980514 ], [ -4293081.644119099713862, 1418192.522703291615471 ], [ -4293081.884095838293433, 1418167.786222752416506 ], [ -4293081.88064032047987, 1418140.015799353597686 ], [ -4293082.472918788902462, 1418125.833338430617005 ], [ -4293081.917190635576844, 1418108.122675565769896 ], [ -4293080.362075874581933, 1418090.281007928075269 ], [ -4293075.606157907284796, 1418064.889867898076773 ], [ -4293071.863793526776135, 1418047.512280415277928 ], [ -4293063.424377822317183, 1418017.416406660806388 ], [ -4293053.832472180016339, 1417974.879530362319201 ], [ -4293052.632518167607486, 1417967.944352307124063 ], [ -4293047.139622198417783, 1417936.194123148918152 ], [ -4293139.827263078652322, 1417965.116041438886896 ], [ -4293181.329877432435751, 1417978.086557364091277 ], [ -4293428.182580744847655, 1418038.702583498787135 ], [ -4293449.919954412616789, 1418044.040242835413665 ], [ -4293468.313388421200216, 1418048.556801917031407 ], [ -4293476.250850706361234, 1418050.331011239206418 ], [ -4293867.142752494663, 1418137.699909401591867 ], [ -4293909.806277555413544, 1418147.235769923543558 ], [ -4294209.772962776944041, 1418218.944599439622834 ], [ -4294408.16969889588654, 1418266.374078194610775 ], [ -4294566.05131550040096, 1418306.062212536809966 ], [ -4294644.103224911727011, 1418332.035873553017154 ], [ -4294739.99962565023452, 1418365.482213527197018 ], [ -4294862.729371065273881, 1418404.259202611399814 ], [ -4295037.996608388610184, 1418459.635678795399144 ], [ -4295184.736423463560641, 1418505.999005069723353 ], [ -4295972.148577805608511, 1418733.746270987670869 ], [ -4296382.973600457422435, 1418852.57152650738135 ], [ -4297387.549886256456375, 1419136.712805153802037 ], [ -4297588.924982630647719, 1419194.791313277091831 ], [ -4298146.528930026106536, 1419355.24418842443265 ], [ -4298117.487043387256563, 1419405.612870699493214 ], [ -4298064.848014745861292, 1419487.746672316687182 ], [ -4297986.548704029992223, 1419614.864396964199841 ], [ -4297747.067679917439818, 1420021.760808265767992 ], [ -4297691.630455865524709, 1420123.573431568685919 ], [ -4297664.215247122570872, 1420171.329653172986582 ], [ -4297651.446651177480817, 1420190.608710346976295 ], [ -4297618.235205909237266, 1420235.822807969292626 ], [ -4297581.888539986684918, 1420291.878138455329463 ], [ -4297490.477520944550633, 1420432.856830406235531 ], [ -4297438.619754639454186, 1420500.082152918446809 ], [ -4297392.20735393371433, 1420562.266821057535708 ], [ -4297389.76323508284986, 1420566.466440682765096 ], [ -4297368.837436287663877, 1420602.42246565152891 ], [ -4297340.815668570809066, 1420656.478809033054858 ], [ -4297322.351550256833434, 1420706.565383567707613 ], [ -4297287.978902401402593, 1420805.853862763615325 ], [ -4297251.155917477793992, 1420926.461683165282011 ], [ -4297188.800762046128511, 1421116.368962650420144 ], [ -4297167.309469304047525, 1421190.983115022536367 ], [ -4297141.077773567289114, 1421291.745141219114885 ], [ -4297123.34857929777354, 1421359.847088011913002 ], [ -4297107.283939680084586, 1421412.624826658982784 ], [ -4297077.149974764324725, 1421512.500124475220218 ], [ -4297046.679553197696805, 1421612.675217898562551 ], [ -4297016.220448704436421, 1421709.923903412884101 ], [ -4296996.183761070482433, 1421773.896518793189898 ], [ -4296911.806011511012912, 1422027.559261000482365 ], [ -4296877.338909300975502, 1422127.21057981881313 ], [ -4296819.705235229805112, 1422274.174197384389117 ], [ -4296776.800778964534402, 1422368.529062221758068 ], [ -4296754.650408359244466, 1422407.968816355802119 ], [ -4296719.203259113244712, 1422461.771198846865445 ], [ -4296704.247305646538734, 1422481.514122593216598 ], [ -4296696.143772261217237, 1422491.803880950435996 ], [ -4296675.129760338924825, 1422511.002955398289487 ], [ -4296630.006469672545791, 1422543.428832258796319 ], [ -4296569.740989032201469, 1422580.437350732041523 ], [ -4296536.779433980584145, 1422599.884248780086637 ], [ -4296509.263551925309002, 1422614.290822280803695 ], [ -4296444.289389771409333, 1422636.640800038352609 ], [ -4296184.21883428003639, 1422734.648961161496118 ], [ -4296155.806527531705797, 1422744.559962115250528 ], [ -4296137.393248256295919, 1422748.807550695724785 ], [ -4296117.571228525601327, 1422754.496779564302415 ], [ -4296095.129683990031481, 1422758.341552869183943 ], [ -4296036.514110245741904, 1422772.143053131876513 ], [ -4295989.552566771395504, 1422787.816145198885351 ], [ -4295926.465360037051141, 1422818.794533631997183 ], [ -4295844.442569413222373, 1422860.988293649395928 ], [ -4295742.301936358213425, 1422926.876785133499652 ], [ -4295677.100931446067989, 1422978.874652391998097 ], [ -4295545.082342720590532, 1423068.241819908376783 ], [ -4295518.097562320530415, 1423093.50696789752692 ], [ -4295490.70345466863364, 1423120.344730750424787 ], [ -4295472.128594766370952, 1423138.112210929626599 ], [ -4295438.843931102193892, 1423162.7704612321686 ], [ -4295412.224045535549521, 1423181.672704371623695 ], [ -4295365.952599537558854, 1423210.570681483950466 ], [ -4295241.069975099526346, 1423289.396143217105418 ], [ -4295183.063339083455503, 1423321.697020038031042 ], [ -4295139.072312684729695, 1423346.797294406453148 ], [ -4295053.423552209511399, 1423393.988493907032534 ], [ -4295020.313223474659026, 1423410.038498470559716 ], [ -4294972.826290477067232, 1423426.737248109187931 ], [ -4294940.471755648963153, 1423439.884144303621724 ], [ -4294885.790539997629821, 1423476.27982788416557 ], [ -4294789.616559223271906, 1423541.554743655025959 ], [ -4294757.462485276162624, 1423563.378819598816335 ], [ -4294742.14562229719013, 1423576.569601193536073 ], [ -4294731.445327858440578, 1423588.895850470289588 ], [ -4294707.605660976842046, 1423614.979696563212201 ], [ -4294663.811053361743689, 1423654.209519273834303 ], [ -4294634.026180140674114, 1423674.354263363173231 ], [ -4294612.503828973509371, 1423686.575484687229618 ], [ -4294516.234842706471682, 1423737.84748040465638 ], [ -4294485.744225788861513, 1423755.741893751779571 ], [ -4294469.067318584769964, 1423762.249900428578258 ], [ -4294458.11921285931021, 1423762.628765633096918 ], [ -4294429.026738935150206, 1423758.284059612080455 ], [ -4294403.079191946424544, 1423754.758080910891294 ], [ -4294381.960262089036405, 1423753.522487957263365 ], [ -4294366.271884285844862, 1423755.418979155598208 ], [ -4294356.888883963227272, 1423756.553466504206881 ], [ -4294357.628638044930995, 1423753.20673395995982 ], [ -4294362.691686580888927, 1423730.294498457107693 ], [ -4294366.307194097898901, 1423704.499501661397517 ], [ -4294373.62997836060822, 1423668.432615241734311 ], [ -4294375.761844041757286, 1423620.552390542114154 ], [ -4294377.112517978996038, 1423587.580529707018286 ], [ -4294373.556786158122122, 1423522.849416849669069 ], [ -4294372.87406815867871, 1423461.966165217803791 ], [ -4294375.730268719606102, 1423411.30388299934566 ], [ -4294381.695623302832246, 1423352.667896097060293 ], [ -4294381.228302044793963, 1423322.710156173910946 ], [ -4294378.271719629876316, 1423299.337433168198913 ], [ -4294374.348975392058492, 1423278.683715576771647 ], [ -4294364.62848499417305, 1423252.516711981734261 ], [ -4294333.141339388675988, 1423191.880396293709055 ], [ -4294324.300078707747161, 1423178.212620639707893 ], [ -4294313.068095384165645, 1423157.851839929353446 ], [ -4294287.848390857689083, 1423116.800504601094872 ], [ -4294262.299378758296371, 1423069.076015863567591 ], [ -4294234.140660957433283, 1423018.476516615599394 ], [ -4294204.760752581059933, 1422965.621836225269362 ], [ -4294162.66884221881628, 1422898.091473657637835 ], [ -4294124.029872857965529, 1422837.143181913997978 ], [ -4294109.240423150360584, 1422811.594149357173592 ], [ -4294097.355973861180246, 1422792.02693917020224 ], [ -4294078.862946949899197, 1422761.579390665749088 ], [ -4294043.25302948243916, 1422700.903103338554502 ], [ -4293992.863657560199499, 1422613.646762941498309 ], [ -4293966.936703848652542, 1422567.374081155983731 ], [ -4293948.568354434333742, 1422535.726799703203142 ], [ -4293924.420967700891197, 1422493.533668764401227 ], [ -4293888.811082131229341, 1422432.857238522963598 ], [ -4293815.773200449533761, 1422314.518717324128374 ], [ -4293783.238306967541575, 1422261.875785645563155 ], [ -4293758.154643122106791, 1422219.309800679562613 ], [ -4293724.47162479441613, 1422163.139054072787985 ], [ -4293691.260973773896694, 1422105.153825361281633 ], [ -4293589.478996437042952, 1421943.425539482617751 ], [ -4293555.01872777286917, 1421889.248125694692135 ], [ -4293520.92021516431123, 1421822.765515301609412 ], [ -4293481.851350414566696, 1421743.622795060975477 ], [ -4293455.452217907644808, 1421699.164398697204888 ], [ -4293443.000447019934654, 1421679.519482570700347 ], [ -4293409.74131319206208, 1421629.658783172257245 ], [ -4293386.803360929712653, 1421587.780563542619348 ], [ -4293355.267729766666889, 1421535.268699330743402 ], [ -4293327.49291941896081, 1421495.101989353774115 ], [ -4293298.024434552527964, 1421454.494512510718778 ], [ -4293250.882049523293972, 1421382.549501546891406 ], [ -4293231.271239888854325, 1421347.737159823765978 ], [ -4293198.525913833640516, 1421294.910448827547953 ], [ -4293177.222962313331664, 1421262.628363490104675 ], [ -4293148.510333119891584, 1421219.117736767511815 ], [ -4293132.016005464829504, 1421191.187282643979415 ], [ -4293096.565919653512537, 1421114.019891008967534 ], [ -4293086.845466478727758, 1421087.85296961828135 ], [ -4293077.698818361386657, 1421052.535769344074652 ], [ -4293066.379967442713678, 1420984.87969848793 ], [ -4293050.115588711574674, 1420933.243488403502852 ], [ -4293042.247099795378745, 1420888.055353271076456 ], [ -4293035.840633195824921, 1420801.528936607064679 ], [ -4293033.591353190131485, 1420783.377567962510511 ], [ -4293024.423214270733297, 1420747.150655859382823 ], [ -4293020.540459590032697, 1420722.37432495248504 ], [ -4293015.059222376905382, 1420684.195259129395708 ], [ -4293015.031205137260258, 1420684.000088886590675 ], [ -4293011.859211911447346, 1420629.701771289575845 ], [ -4293010.00037975795567, 1420593.182028787210584 ], [ -4293008.439314846880734, 1420563.456171688158065 ], [ -4293005.452888766303658, 1420543.175444417400286 ], [ -4293000.138485309667885, 1420515.959729260066524 ], [ -4292995.286450826562941, 1420487.960268006427214 ], [ -4292990.576532755978405, 1420470.330803458578885 ], [ -4292983.003281932324171, 1420447.822638660669327 ], [ -4292979.537543562240899, 1420373.815433389740065 ], [ -4292980.531780922785401, 1420343.204906045924872 ], [ -4292981.032126773148775, 1420313.498991231434047 ], [ -4292985.403379849158227, 1420284.800854151137173 ], [ -4292990.15843671746552, 1420266.535500947386026 ], [ -4292994.03178817499429, 1420251.656998028978705 ], [ -4293043.443779553286731, 1420089.636963674100116 ], [ -4293052.813437577337027, 1420045.707446966785938 ], [ -4293074.137182199396193, 1419944.963152312673628 ] ] ] } },
{ "type": "Feature", "properties": { "neighborhood": "Cory - Merrill", "total_housing": 1814.0, "total_occupied_housing": 1792.0, "total_vacant_housing": 22.0, "owner_occupied_units": 1535.0, "renter_occupied_units": 257.0, "vacant_homes_rented": 0.0, "vacant_homes_sold": 0.0, "vacant_homes_seasonal": 0.0, "population": 4341.0, "median_gross_rent": 2573.0, "median_home_value": 933657.0, "median_household_income": 154961.0, "total_listings": 21, "pct_entire_home": 95.24, "avg_price": 335.6, "avg_bedrooms": 2.76, "avg_price_per_bedroom": 92.58, "avg_estimated_annual_revenue": 25588.88, "estimated_total_annual_revenue": 409422.0, "total_hosts": 21, "hobbyist_hosts": 14, "small_business_hosts": 4, "commercial_hosts": 3 }, "geometry": { "type": "Polygon", "coordinates": [ [ [ -4281287.578699194826186, 1398115.029966460773721 ], [ -4281344.898130444809794, 1397888.286645046900958 ], [ -4281327.698718477971852, 1397883.938705639215186 ], [ -4281328.259381006471813, 1397881.809697269462049 ], [ -4281490.025935110636055, 1397240.945153820095584 ], [ -4281657.294301301240921, 1396602.435257508652285 ], [ -4281814.120849008671939, 1395962.655366344377398 ], [ -4281984.038922370411456, 1395318.736650249222293 ], [ -4282157.200383667834103, 1394683.915528660640121 ], [ -4282232.587564731016755, 1394404.518636224325746 ], [ -4282267.645604642108083, 1394244.111937198089436 ], [ -4282357.744700502604246, 1393888.091991698136553 ], [ -4282384.923306681215763, 1393780.171147088287398 ], [ -4282392.377171809785068, 1393750.094490103889257 ], [ -4282399.765259576030076, 1393721.569426446920261 ], [ -4282473.458677877672017, 1393772.349038292188197 ], [ -4282538.022429601289332, 1393816.837689227657393 ], [ -4282711.687288904562593, 1393924.697689031716436 ], [ -4282992.325129105709493, 1394101.772468194831163 ], [ -4283169.971014899201691, 1394208.893680708715692 ], [ -4283453.126266162842512, 1394390.606353211449459 ], [ -4283777.06321517098695, 1394575.281929397489876 ], [ -4283955.422189065255225, 1394665.768016133690253 ], [ -4284212.811756601557136, 1394781.722966537578031 ], [ -4284413.386274553835392, 1394862.083889189874753 ], [ -4284675.047532817348838, 1394952.228919485351071 ], [ -4284804.206303637474775, 1394991.971424663672224 ], [ -4284871.960962089709938, 1395010.670078544178978 ], [ -4284946.462053474038839, 1395031.230578312417492 ], [ -4285117.032845864072442, 1395078.303972337394953 ], [ -4285803.270642363466322, 1395253.280314221046865 ], [ -4286280.382319936528802, 1395370.915029989788309 ], [ -4287118.058677615597844, 1395582.264782823389396 ], [ -4287358.806857635267079, 1395644.370508597465232 ], [ -4287346.616389542818069, 1395692.72229626076296 ], [ -4287332.414295912720263, 1395747.908387250034139 ], [ -4287321.373304583132267, 1395790.811286543030292 ], [ -4287210.961748157627881, 1396223.130701245274395 ], [ -4287095.410637425258756, 1396621.456590389134362 ], [ -4286922.68861498311162, 1397253.500636663520709 ], [ -4286755.122234245762229, 1397903.545576424803585 ], [ -4286592.110568205825984, 1398544.161349970614538 ], [ -4286428.050604732707143, 1399183.294094725279137 ], [ -4286261.644414010457695, 1399820.5241865364369 ], [ -4285929.364942874759436, 1399736.476573135470971 ], [ -4285618.374154105782509, 1399657.970425712410361 ], [ -4285307.740177690051496, 1399577.103417362319306 ], [ -4284993.278460278175771, 1399497.048162686638534 ], [ -4284678.470241509377956, 1399418.323633265681565 ], [ -4284361.390216779895127, 1399339.395047314465046 ], [ -4284045.233446459285915, 1399255.92798348958604 ], [ -4283724.807832945138216, 1399174.966137932613492 ], [ -4283404.980547968298197, 1399091.706004358828068 ], [ -4283089.435119861736894, 1399010.852246197871864 ], [ -4282773.606158699840307, 1398931.08704346138984 ], [ -4282457.777244032360613, 1398851.321954422397539 ], [ -4282135.457761184312403, 1398768.704646796686575 ], [ -4281818.419136391021311, 1398688.6247646023985 ], [ -4281506.575405219569802, 1398607.443132338114083 ], [ -4281352.300482546910644, 1398568.960272224387154 ], [ -4281183.573167112655938, 1398526.456515074707568 ], [ -4281287.578699194826186, 1398115.029966460773721 ] ] ] } },
{ "type": "Feature", "properties": { "neighborhood": "Belcaro", "total_housing": 3367.0, "total_occupied_housing": 3025.0, "total_vacant_housing": 342.0, "owner_occupied_units": 1952.0, "renter_occupied_units": 1073.0, "vacant_homes_rented": 0.0, "vacant_homes_sold": 56.0, "vacant_homes_seasonal": 0.0, "population": 6157.0, "median_gross_rent": 2765.0, "median_home_value": 1278282.0, "median_household_income": 154895.0, "total_listings": 14, "pct_entire_home": 85.71, "avg_price": 472.83, "avg_bedrooms": 2.69, "avg_price_per_bedroom": 135.09, "avg_estimated_annual_revenue": 31308.8, "estimated_total_annual_revenue": 313088.0, "total_hosts": 13, "hobbyist_hosts": 10, "small_business_hosts": 3, "commercial_hosts": 0 }, "geometry": { "type": "Polygon", "coordinates": [ [ [ -4279841.997651158832014, 1403820.772041654912755 ], [ -4279880.696646329015493, 1403647.308361076982692 ], [ -4280532.637933567166328, 1401083.4623400894925 ], [ -4281079.376844664104283, 1398935.63774325302802 ], [ -4280896.60761374887079, 1398890.511911567067727 ], [ -4280878.721221066080034, 1398959.219118360662833 ], [ -4280479.102671406231821, 1398859.966267141746357 ], [ -4280593.448690840043128, 1398410.804143351735547 ], [ -4280863.311667618341744, 1398478.602795595070347 ], [ -4280871.530562504194677, 1398447.031455976190045 ], [ -4281159.917966952547431, 1398521.073359494796023 ], [ -4281183.573167112655938, 1398526.456515074707568 ], [ -4281352.300482546910644, 1398568.960272224387154 ], [ -4281506.575405219569802, 1398607.443132338114083 ], [ -4281818.419136391021311, 1398688.6247646023985 ], [ -4282135.457761184312403, 1398768.704646796686575 ], [ -4282457.777244032360613, 1398851.321954422397539 ], [ -4282773.606158699840307, 1398931.08704346138984 ], [ -4283089.435119861736894, 1399010.852246197871864 ], [ -4283404.980547968298197, 1399091.706004358828068 ], [ -4283724.807832945138216, 1399174.966137932613492 ], [ -4284045.233446459285915, 1399255.92798348958604 ], [ -4284361.390216779895127, 1399339.395047314465046 ], [ -4284678.470241509377956, 1399418.323633265681565 ], [ -4284993.278460278175771, 1399497.048162686638534 ], [ -4285307.740177690051496, 1399577.103417362319306 ], [ -4285618.374154105782509, 1399657.970425712410361 ], [ -4285929.364942874759436, 1399736.476573135470971 ], [ -4286261.644414010457695, 1399820.5241865364369 ], [ -4286100.930011680349708, 1400461.6900058996398 ], [ -4285936.904558194801211, 1401106.643590857042 ], [ -4285776.304823227226734, 1401745.38497019582428 ], [ -4285619.127950211055577, 1402393.800273541361094 ], [ -4285449.08144296053797, 1403028.144783438416198 ], [ -4285299.170759637840092, 1403611.933529199333861 ], [ -4285285.371073092333972, 1403671.88832102320157 ], [ -4285122.825865502469242, 1404311.156057 ], [ -4284971.396193605847657, 1404885.895345469936728 ], [ -4284941.811284788884223, 1404947.940571128157899 ], [ -4284950.08410351164639, 1404976.215279775206 ], [ -4284901.952237426303327, 1405166.401024427497759 ], [ -4284788.41277470998466, 1405605.232330769300461 ], [ -4284695.100474066101015, 1405965.885954174445942 ], [ -4284678.653153599239886, 1406029.454770823009312 ], [ -4284648.695109410211444, 1406149.511974274879321 ], [ -4284578.175397341139615, 1406432.11925467569381 ], [ -4284547.828016579151154, 1406553.736154811922461 ], [ -4284452.761144394055009, 1406542.730372321791947 ], [ -4284433.618732676841319, 1406540.846749265445396 ], [ -4284406.356944190338254, 1406538.399844356114045 ], [ -4284362.72035632841289, 1406536.339422662043944 ], [ -4284312.561623345129192, 1406531.548058029031381 ], [ -4284276.486120587214828, 1406528.22698485176079 ], [ -4284210.380258143879473, 1406517.217663589632139 ], [ -4284150.166542891412973, 1406511.358350510243326 ], [ -4284121.095411895774305, 1406507.923506643623114 ], [ -4284082.116929200477898, 1406503.846761893713847 ], [ -4284051.100291585549712, 1406500.938712789444253 ], [ -4284011.132538105361164, 1406495.700410011457279 ], [ -4283956.679031982086599, 1406483.591267058858648 ], [ -4283919.180498953908682, 1406473.829312368528917 ], [ -4283843.089600066654384, 1406454.537186304107308 ], [ -4283813.806499419733882, 1406447.947213559644297 ], [ -4283793.978582347743213, 1406441.752166914986446 ], [ -4283760.188785254023969, 1406424.68946340167895 ], [ -4283730.22837433218956, 1406409.785980552434921 ], [ -4283708.978964957408607, 1406400.120948441559449 ], [ -4283660.915464751422405, 1406379.342444907873869 ], [ -4283632.418129594065249, 1406366.757378230569884 ], [ -4283610.452921965159476, 1406355.872567638522014 ], [ -4283585.205095447599888, 1406342.712635352509096 ], [ -4283563.955441739410162, 1406333.047597140772268 ], [ -4283529.360015159472823, 1406324.041408851975575 ], [ -4283501.296532560139894, 1406316.735674329800531 ], [ -4283486.317172266542912, 1406310.76952587836422 ], [ -4283461.942474477924407, 1406298.224435918498784 ], [ -4283442.416480655781925, 1406285.908262058859691 ], [ -4283397.012802232056856, 1406262.851333316648379 ], [ -4283362.03335721231997, 1406243.412231846014038 ], [ -4283320.99593314807862, 1406223.429500266676769 ], [ -4283302.775469873100519, 1406214.036265026312321 ], [ -4283279.840920964255929, 1406199.928724190453067 ], [ -4283250.253899954259396, 1406174.660357070155442 ], [ -4283215.282972121611238, 1406151.219672326929867 ], [ -4283184.890229311771691, 1406134.007889179512858 ], [ -4283148.157413552515209, 1406120.312310947105289 ], [ -4283128.581217046827078, 1406113.149456451414153 ], [ -4283105.616812174208462, 1406102.133772477973253 ], [ -4283079.770595258101821, 1406091.272138467757031 ], [ -4283062.643892772495747, 1406081.647103225812316 ], [ -4283042.905855693854392, 1406066.175781396450475 ], [ -4283027.123153114691377, 1406052.380023088073358 ], [ -4282997.827932691201568, 1406022.021310826065019 ], [ -4282962.97704266756773, 1405986.212345331441611 ], [ -4282928.166119839064777, 1405946.280550542054698 ], [ -4282897.90173810813576, 1405912.698775775264949 ], [ -4282861.125493181869388, 1405875.355301022296771 ], [ -4282840.206409807316959, 1405853.50611024373211 ], [ -4282816.47395876608789, 1405821.624765909509733 ], [ -4282807.032826527953148, 1405807.284144482109696 ], [ -4282792.605695002712309, 1405791.258040361339226 ], [ -4282771.727974405512214, 1405768.257108454825357 ], [ -4282752.200327647849917, 1405752.96987753175199 ], [ -4282703.077356058172882, 1405716.416037502931431 ], [ -4282678.005439843982458, 1405697.618791645392776 ], [ -4282657.289683141745627, 1405682.926360554527491 ], [ -4282632.429667398333549, 1405667.284152551786974 ], [ -4282613.105662844143808, 1405659.153706588316709 ], [ -4282581.039349989965558, 1405639.43964276346378 ], [ -4282568.993026378564537, 1405631.137253320543095 ], [ -4282552.166594690643251, 1405612.420030426932499 ], [ -4282536.12740292865783, 1405590.67878267983906 ], [ -4282529.431969440542161, 1405577.698576408904046 ], [ -4282515.242201284505427, 1405552.822223023511469 ], [ -4282490.488665165379643, 1405498.071979840053245 ], [ -4282470.707082099281251, 1405458.952899906551465 ], [ -4282457.185785355046391, 1405424.563424981432036 ], [ -4282438.884166818112135, 1405379.759136283071712 ], [ -4282421.955821702256799, 1405346.549317047232762 ], [ -4282414.926317715086043, 1405317.982961834175512 ], [ -4282394.640918423421681, 1405280.799256003461778 ], [ -4282382.934934433549643, 1405259.281967447139323 ], [ -4282370.978508141823113, 1405241.703227342572063 ], [ -4282364.496585199609399, 1405234.84941061004065 ], [ -4282335.87569406721741, 1405206.862006173469126 ], [ -4282323.415416771546006, 1405191.218707214808092 ], [ -4282312.859197981655598, 1405176.200388879980892 ], [ -4282296.472093163058162, 1405152.818462724564597 ], [ -4282268.325101219117641, 1405125.987769860774279 ], [ -4282249.089449878782034, 1405105.609866395127028 ], [ -4282237.17304915189743, 1405083.908576180459931 ], [ -4282233.974414456635714, 1405060.472701664548367 ], [ -4282240.704915309324861, 1405038.588416429003701 ], [ -4282238.597371683456004, 1405030.806691901525483 ], [ -4282237.087434724904597, 1405030.05455705197528 ], [ -4282221.218781569972634, 1405022.149504414293915 ], [ -4282207.205563677474856, 1405013.464075197232887 ], [ -4282184.228916097432375, 1404978.679786178516224 ], [ -4282154.296486124396324, 1404935.884734358871356 ], [ -4282142.340002559125423, 1404918.306206307839602 ], [ -4282114.72692684456706, 1404886.448044735239819 ], [ -4282096.46891750767827, 1404865.291459145722911 ], [ -4282082.143191089853644, 1404841.92961121047847 ], [ -4282069.983347723260522, 1404817.19414509111084 ], [ -4282061.694417072460055, 1404793.466481907526031 ], [ -4282055.49075473845005, 1404754.782189076999202 ], [ -4282055.407128208316863, 1404735.257188536692411 ], [ -4282053.760190746746957, 1404701.892261753091589 ], [ -4282050.309597782790661, 1404679.424154896754771 ], [ -4282047.56641495320946, 1404662.177426957990974 ], [ -4282040.708956343121827, 1404640.888929629232734 ], [ -4282025.34059508703649, 1404593.748318116180599 ], [ -4282015.57150418497622, 1404575.705812874948606 ], [ -4282004.299319411627948, 1404559.467766523594037 ], [ -4281987.786445835605264, 1404536.569807877531275 ], [ -4281969.780208598822355, 1404514.445499456953257 ], [ -4281961.442849729210138, 1404498.842322746524587 ], [ -4281954.655332305468619, 1404470.338961274595931 ], [ -4281949.057536959648132, 1404444.212001714156941 ], [ -4281938.54111288767308, 1404425.07084582792595 ], [ -4281915.638097018934786, 1404410.842203519539908 ], [ -4281887.150687390007079, 1404397.226393515942618 ], [ -4281874.650518230162561, 1404385.705982912797481 ], [ -4281855.540764760226011, 1404364.844373242929578 ], [ -4281836.063186503946781, 1404344.403490430675447 ], [ -4281823.380987778306007, 1404326.636113801505417 ], [ -4281807.642220157198608, 1404295.802412590710446 ], [ -4281341.955103432759643, 1404175.474921252811328 ], [ -4281177.561104034073651, 1404133.19539166148752 ], [ -4281012.651752953417599, 1404090.91064963513054 ], [ -4280851.644562864676118, 1404049.512589055579156 ], [ -4280684.105569628067315, 1404006.414104985073209 ], [ -4280518.934266585856676, 1403966.12787436787039 ], [ -4280353.762791144661605, 1403925.841435930225998 ], [ -4280254.120740397833288, 1403889.953344741370529 ], [ -4280028.609147478826344, 1403822.798447543755174 ], [ -4279906.611878839321434, 1403799.487105503212661 ], [ -4279841.997651158832014, 1403820.772041654912755 ] ] ] } },
{ "type": "Feature", "properties": { "neighborhood": "Washington Park", "total_housing": 3771.0, "total_occupied_housing": 3529.0, "total_vacant_housing": 242.0, "owner_occupied_units": 2895.0, "renter_occupied_units": 634.0, "vacant_homes_rented": 33.0, "vacant_homes_sold": 0.0, "vacant_homes_seasonal": 0.0, "population": 8030.0, "median_gross_rent": 2411.0, "median_home_value": 1146968.0, "median_household_income": 216737.0, "total_listings": 40, "pct_entire_home": 95.0, "avg_price": 303.15, "avg_bedrooms": 2.08, "avg_price_per_bedroom": 123.51, "avg_estimated_annual_revenue": 36236.55, "estimated_total_annual_revenue": 1195806.0, "total_hosts": 36, "hobbyist_hosts": 23, "small_business_hosts": 8, "commercial_hosts": 5 }, "geometry": { "type": "Polygon", "coordinates": [ [ [ -4284547.828016579151154, 1406553.736154811922461 ], [ -4284578.175397341139615, 1406432.11925467569381 ], [ -4284648.695109410211444, 1406149.511974274879321 ], [ -4284678.653153599239886, 1406029.454770823009312 ], [ -4284695.100474066101015, 1405965.885954174445942 ], [ -4284788.41277470998466, 1405605.232330769300461 ], [ -4284901.952237426303327, 1405166.401024427497759 ], [ -4284950.08410351164639, 1404976.215279775206 ], [ -4284941.811284788884223, 1404947.940571128157899 ], [ -4284971.396193605847657, 1404885.895345469936728 ], [ -4285122.825865502469242, 1404311.156057 ], [ -4285285.371073092333972, 1403671.88832102320157 ], [ -4285299.170759637840092, 1403611.933529199333861 ], [ -4285449.08144296053797, 1403028.144783438416198 ], [ -4285619.127950211055577, 1402393.800273541361094 ], [ -4285776.304823227226734, 1401745.38497019582428 ], [ -4285936.904558194801211, 1401106.643590857042 ], [ -4286100.930011680349708, 1400461.6900058996398 ], [ -4286261.644414010457695, 1399820.5241865364369 ], [ -4286428.050604732707143, 1399183.294094725279137 ], [ -4286592.110568205825984, 1398544.161349970614538 ], [ -4286755.122234245762229, 1397903.545576424803585 ], [ -4286922.68861498311162, 1397253.500636663520709 ], [ -4287095.410637425258756, 1396621.456590389134362 ], [ -4287210.961748157627881, 1396223.130701245274395 ], [ -4287321.373304583132267, 1395790.811286543030292 ], [ -4287332.414295912720263, 1395747.908387250034139 ], [ -4287346.616389542818069, 1395692.72229626076296 ], [ -4287358.806857635267079, 1395644.370508597465232 ], [ -4287522.656804458238184, 1395686.638792696874589 ], [ -4287828.513394193723798, 1395764.890125863719732 ], [ -4287981.895602978765965, 1395817.383649698924273 ], [ -4288090.69689451623708, 1395860.597825394710526 ], [ -4288210.532766333781183, 1395916.27090957085602 ], [ -4288349.642856772057712, 1395997.340842370409518 ], [ -4288481.806929147802293, 1396086.654099598992616 ], [ -4288610.531761365942657, 1396192.753958318149671 ], [ -4288706.436101412400603, 1396281.934117953293025 ], [ -4288856.971516266465187, 1396436.52095246873796 ], [ -4289517.468278572894633, 1397141.718086961656809 ], [ -4289612.660339304246008, 1397242.98355862707831 ], [ -4289666.189540012739599, 1397299.927891180617735 ], [ -4289911.069799116812646, 1397560.432024847017601 ], [ -4290681.705751931294799, 1398377.363611455308273 ], [ -4290714.143685583025217, 1398411.749101482797414 ], [ -4290696.401928103528917, 1398474.163663560990244 ], [ -4290656.597189866006374, 1398640.672116489615291 ], [ -4290632.052493141032755, 1398737.76208924036473 ], [ -4290597.211134591139853, 1398874.2118824000936 ], [ -4290428.930549436248839, 1399522.22886611125432 ], [ -4290269.272674478590488, 1400148.921132781310007 ], [ -4290095.911991701461375, 1400802.940002656076103 ], [ -4289936.972983385436237, 1401420.414820570731536 ], [ -4289935.514923941344023, 1401448.838276112917811 ], [ -4289773.382356346584857, 1402073.618810805026442 ], [ -4289605.448602381162345, 1402727.629391322145239 ], [ -4289442.259938407689333, 1403364.405107542406768 ], [ -4289278.199566054157913, 1404003.537029430270195 ], [ -4289115.297351856715977, 1404645.165936538018286 ], [ -4288954.012611898593605, 1405282.566206622403115 ], [ -4288795.874531820416451, 1405923.756116824224591 ], [ -4288757.05981345102191, 1406077.815215812297538 ], [ -4288634.853276955895126, 1406562.128790540853515 ], [ -4288470.940576184540987, 1407201.686011384474114 ], [ -4288403.527635395526886, 1407184.78257071506232 ], [ -4288241.570264818146825, 1407822.781881022034213 ], [ -4288111.177636914886534, 1408341.516739479266107 ], [ -4288116.136683694086969, 1408414.750442113494501 ], [ -4288101.872739063575864, 1408488.894163300748914 ], [ -4288073.981535209342837, 1408472.489782211370766 ], [ -4288044.808494079858065, 1408454.562216609949246 ], [ -4288027.809887423180044, 1408444.56156182079576 ], [ -4288007.398294943384826, 1408432.552925452124327 ], [ -4287979.918753274716437, 1408415.066304837120697 ], [ -4287964.969250397756696, 1408406.008112197741866 ], [ -4287814.937978118658066, 1408314.511053589871153 ], [ -4287750.638112784363329, 1408276.718607475282624 ], [ -4287730.608212573453784, 1408266.337835806189105 ], [ -4287707.705231017433107, 1408252.10916551714763 ], [ -4287675.143575853668153, 1408230.328814351465553 ], [ -4287639.408512533642352, 1408213.792910307180136 ], [ -4287617.473073448985815, 1408199.816120865521953 ], [ -4287589.538097460754216, 1408176.140454370295629 ], [ -4287564.951677267439663, 1408160.440212635090575 ], [ -4287533.609711004421115, 1408137.944118212675676 ], [ -4287514.571419168263674, 1408112.838794331299141 ], [ -4287491.474971402436495, 1408090.42266681836918 ], [ -4287480.900218257680535, 1408080.436595642473549 ], [ -4287464.025358091108501, 1408069.84391079726629 ], [ -4287439.62929393351078, 1408056.388963041128591 ], [ -4287415.334722171537578, 1408035.59829301154241 ], [ -4287378.720373509451747, 1408006.563196947798133 ], [ -4287357.802721839398146, 1407987.685038974042982 ], [ -4287332.045106248930097, 1407964.57597972638905 ], [ -4287321.984088467434049, 1407951.624021258438006 ], [ -4287307.511039633303881, 1407927.83624079125002 ], [ -4287289.998751306906343, 1407904.807230225531384 ], [ -4287274.21161047462374, 1407882.098178339656442 ], [ -4287258.896798064000905, 1407857.574779796879739 ], [ -4287245.547412046231329, 1407830.462958611082286 ], [ -4287229.172907058149576, 1407790.164301322074607 ], [ -4287212.788339804857969, 1407750.896271640202031 ], [ -4287192.803311126306653, 1407704.620448258006945 ], [ -4287179.49383279774338, 1407673.385970173403621 ], [ -4287165.478712626732886, 1407639.901090019382536 ], [ -4287153.570764483883977, 1407614.198086209828034 ], [ -4287140.000809881836176, 1407587.932942516170442 ], [ -4287125.99178393278271, 1407566.332644431618974 ], [ -4287105.536383554339409, 1407546.670594510389492 ], [ -4287087.349878958426416, 1407521.270384357310832 ], [ -4287074.938207197003067, 1407497.502684192266315 ], [ -4287065.883354940451682, 1407477.708662797464058 ], [ -4287056.202797533944249, 1407447.418976204702631 ], [ -4287052.834362802095711, 1407438.873461275128648 ], [ -4287036.289309692569077, 1407396.899335836758837 ], [ -4287013.133337269537151, 1407339.981632269453257 ], [ -4287008.67523296084255, 1407321.38443215447478 ], [ -4286998.76416418235749, 1407292.972176388604566 ], [ -4286989.799361452460289, 1407263.901917686453089 ], [ -4286976.499898565933108, 1407231.636685281759128 ], [ -4286963.94625688996166, 1407197.499098624102771 ], [ -4286949.175143782049417, 1407166.917529766447842 ], [ -4286933.436528721824288, 1407136.083921311888844 ], [ -4286921.306668539531529, 1407108.256311645498499 ], [ -4286906.833487667143345, 1407084.468723019585013 ], [ -4286877.948866416700184, 1407033.680160882417113 ], [ -4286839.979421957395971, 1406966.189781026449054 ], [ -4286802.021877193823457, 1406922.468020689208061 ], [ -4286779.036817170679569, 1406891.685482181143016 ], [ -4286751.724126456305385, 1406850.734950487269089 ], [ -4286719.604475236497819, 1406808.403969961917028 ], [ -4286689.814009145833552, 1406775.978931389283389 ], [ -4286668.462482198141515, 1406751.821286125574261 ], [ -4286643.51052856259048, 1406720.65578058315441 ], [ -4286617.071079038083553, 1406680.320158728398383 ], [ -4286596.483702921308577, 1406649.257540450664237 ], [ -4286578.517727354541421, 1406623.010548001155257 ], [ -4286567.033643994480371, 1406603.617467024363577 ], [ -4286552.668071828782558, 1406584.37842332595028 ], [ -4286532.010899530723691, 1406560.530650698579848 ], [ -4286510.155536695383489, 1406538.308375304797664 ], [ -4286487.270835568197072, 1406519.047231799224392 ], [ -4286465.809407280758023, 1406506.227190018864349 ], [ -4286454.690868206322193, 1406502.299363314872608 ], [ -4286436.092474428005517, 1406494.357870826730505 ], [ -4286415.306869018822908, 1406486.880230029113591 ], [ -4286406.123629048466682, 1406483.456219057319686 ], [ -4286391.859949407167733, 1406478.709713889984414 ], [ -4286378.100216026417911, 1406472.027698089601472 ], [ -4286369.021420041099191, 1406467.210220868699253 ], [ -4286355.291669284924865, 1406457.436230451334268 ], [ -4286337.952896880917251, 1406444.656172269955277 ], [ -4286321.329840173944831, 1406433.095626957016066 ], [ -4286304.657019210979342, 1406426.688666160451248 ], [ -4286283.831359754316509, 1406423.333664261037484 ], [ -4286263.9334407588467, 1406424.353378353640437 ], [ -4286232.876874038949609, 1406425.568041505524889 ], [ -4286204.512951640412211, 1406427.3544363505207 ], [ -4286184.856954042799771, 1406428.437130050035194 ], [ -4286156.209727174602449, 1406431.312357887392864 ], [ -4286131.202913385815918, 1406437.072563261026517 ], [ -4286112.736476139165461, 1406440.531618671026081 ], [ -4286085.984641311690211, 1406448.03331969701685 ], [ -4286044.028936964459717, 1406463.330683406675234 ], [ -4286010.696634464897215, 1406477.256465391721576 ], [ -4285981.245062704198062, 1406491.15926869539544 ], [ -4285958.112143012695014, 1406500.636478923959658 ], [ -4285940.846910889260471, 1406508.41206571040675 ], [ -4285932.813394339755177, 1406511.487092728260905 ], [ -4285914.386990350671113, 1406510.823373109102249 ], [ -4285902.018794233910739, 1406510.703498328104615 ], [ -4285888.924813302233815, 1406510.394548186799511 ], [ -4285869.018367823213339, 1406515.416092480765656 ], [ -4285852.951211972162127, 1406521.566039175027981 ], [ -4285831.321383425965905, 1406529.238810600247234 ], [ -4285795.174335048533976, 1406530.161615764489397 ], [ -4285759.995135908015072, 1406531.336286396486685 ], [ -4285732.936845124699175, 1406536.045819140737876 ], [ -4285714.430394276045263, 1406543.627656229306012 ], [ -4285673.236582203768194, 1406567.906184476800263 ], [ -4285645.680473363026977, 1406586.43570625805296 ], [ -4285625.975919565185905, 1406595.642780032008886 ], [ -4285614.031574383378029, 1406601.832919673761353 ], [ -4285593.881792620755732, 1406603.820410612272099 ], [ -4285567.231364532373846, 1406603.986424617003649 ], [ -4285537.868338539265096, 1406605.641894422238693 ], [ -4285499.282040201127529, 1406607.996131081832573 ], [ -4285452.521845459938049, 1406606.026857148390263 ], [ -4285399.380078259855509, 1406608.72509471164085 ], [ -4285355.956753165461123, 1406612.790970022557303 ], [ -4285336.890514862723649, 1406615.577022103825584 ], [ -4285314.049510773271322, 1406619.963840800570324 ], [ -4285282.016842456534505, 1406624.928374080685899 ], [ -4285237.846242357976735, 1406627.895387655356899 ], [ -4285189.3226521871984, 1406632.700048225931823 ], [ -4285151.240201691165566, 1406633.118940454674885 ], [ -4285123.6321558104828, 1406632.002394783077762 ], [ -4285094.087143993936479, 1406627.410761785693467 ], [ -4285067.581192789599299, 1406622.060461781686172 ], [ -4285037.068500123918056, 1406617.216970216250047 ], [ -4285006.303820573724806, 1406613.341069965623319 ], [ -4284979.883809125982225, 1406611.629725781036541 ], [ -4284950.338854108937085, 1406607.03816532320343 ], [ -4284915.713442815467715, 1406601.124032698804513 ], [ -4284875.051271227188408, 1406595.575795445591211 ], [ -4284836.041137204505503, 1406591.6199716408737 ], [ -4284800.196058346889913, 1406586.421572143677622 ], [ -4284781.759770069271326, 1406586.788606565678492 ], [ -4284767.078149391338229, 1406587.616325289476663 ], [ -4284754.206086377613246, 1406589.431738893967122 ], [ -4284736.778931807726622, 1406588.898914359509945 ], [ -4284718.8464379850775, 1406587.330512481508777 ], [ -4284691.962634741328657, 1406583.431653733365238 ], [ -4284668.01193864364177, 1406577.196589055005461 ], [ -4284654.755891499109566, 1406568.579190584132448 ], [ -4284624.253153178840876, 1406562.705121885519475 ], [ -4284598.327091818675399, 1406560.088933589169756 ], [ -4284573.378710624761879, 1406556.693997979629785 ], [ -4284553.911311964504421, 1406554.440347594907507 ], [ -4284547.828016579151154, 1406553.736154811922461 ] ] ] } },
{ "type": "Feature", "properties": { "neighborhood": "Washington Park West", "total_housing": 4329.0, "total_occupied_housing": 4154.0, "total_vacant_housing": 175.0, "owner_occupied_units": 2395.0, "renter_occupied_units": 1759.0, "vacant_homes_rented": 49.0, "vacant_homes_sold": 37.0, "vacant_homes_seasonal": 48.0, "population": 7847.0, "median_gross_rent": 2168.0, "median_home_value": 943765.0, "median_household_income": 144841.0, "total_listings": 68, "pct_entire_home": 92.65, "avg_price": 272.52, "avg_bedrooms": 1.98, "avg_price_per_bedroom": 144.28, "avg_estimated_annual_revenue": 27465.81, "estimated_total_annual_revenue": 1730346.0, "total_hosts": 53, "hobbyist_hosts": 35, "small_business_hosts": 8, "commercial_hosts": 10 }, "geometry": { "type": "Polygon", "coordinates": [ [ [ -4290714.143685583025217, 1398411.749101482797414 ], [ -4290745.217732764780521, 1398444.691104238620028 ], [ -4290755.642897074110806, 1398455.742414734791964 ], [ -4291014.093549501150846, 1398735.528389225248247 ], [ -4291111.227797427214682, 1398851.029999459628016 ], [ -4291242.44362623617053, 1399033.141618161229417 ], [ -4291319.600804635323584, 1399156.072669571498409 ], [ -4291445.290425275452435, 1399388.914455079939216 ], [ -4291702.592875602655113, 1399909.298314148792997 ], [ -4291886.497524575330317, 1400281.238056179601699 ], [ -4291888.227543165907264, 1400284.736990230623633 ], [ -4291947.530435519292951, 1400401.672146823490039 ], [ -4292038.453512040898204, 1400580.957048336509615 ], [ -4292114.996151943691075, 1400723.575348045444116 ], [ -4292271.930379034951329, 1400994.026380065595731 ], [ -4292295.6430479940027, 1401038.089727951912209 ], [ -4292462.337106716819108, 1401361.150794521672651 ], [ -4292499.192809601314366, 1401433.871695916401222 ], [ -4292649.424816660583019, 1401472.756131144240499 ], [ -4292972.850893848575652, 1401540.274057361297309 ], [ -4293279.976243942044675, 1401620.224733806215227 ], [ -4293593.034764334559441, 1401700.909937371267006 ], [ -4293922.825766046531498, 1401787.068971178494394 ], [ -4293613.75450845528394, 1403053.462863388936967 ], [ -4293602.306386314332485, 1403100.370477105258033 ], [ -4293540.11107268370688, 1403336.301864551380277 ], [ -4293526.378241152502596, 1403396.832894717110321 ], [ -4293524.392946313135326, 1403426.995239266427234 ], [ -4293520.93665783945471, 1403479.504340602317825 ], [ -4293513.153049110434949, 1403523.091947284992784 ], [ -4293497.083780471235514, 1403593.031172984745353 ], [ -4293482.815375461243093, 1403661.971921359421685 ], [ -4293477.207055295817554, 1403689.069006195059046 ], [ -4293455.596739553846419, 1403735.365424284012988 ], [ -4293398.977149091660976, 1403912.171916689490899 ], [ -4293335.117443613708019, 1404163.427614762680605 ], [ -4293288.052128047682345, 1404349.179115170845762 ], [ -4293140.849027097225189, 1405006.907184653216973 ], [ -4292996.498550509102643, 1405648.716022213920951 ], [ -4292907.666354969143867, 1405974.066999230533838 ], [ -4292828.091595877893269, 1406282.712107901927084 ], [ -4292742.610337951220572, 1406600.152500339550897 ], [ -4292658.278841468505561, 1406924.091824861243367 ], [ -4292491.518549171276391, 1406881.970589465461671 ], [ -4292329.354936360381544, 1406841.045868691056967 ], [ -4292168.715789993293583, 1406799.226512495195493 ], [ -4292009.528381373733282, 1406757.785095343133435 ], [ -4291851.224038859829307, 1406715.927867442602292 ], [ -4291688.56504765804857, 1406672.93690208834596 ], [ -4291530.103256095200777, 1406631.684405514970422 ], [ -4291353.013299050740898, 1406585.582430151291192 ], [ -4291177.762490767985582, 1406537.375950462417677 ], [ -4291175.585199557244778, 1406536.809134567389265 ], [ -4291169.295124080963433, 1406535.171634443337098 ], [ -4291013.788008978590369, 1406492.492650910746306 ], [ -4290860.58562152273953, 1406452.867683360818774 ], [ -4290700.819761235266924, 1406411.663216708460823 ], [ -4290541.884113440290093, 1406369.254135056165978 ], [ -4290386.335573742166162, 1406327.726827764417976 ], [ -4290233.111632086336613, 1406287.192099602892995 ], [ -4290075.29118945915252, 1406245.460825010668486 ], [ -4289915.725651171989739, 1406205.47103250795044 ], [ -4289754.70874313171953, 1406165.103410975076258 ], [ -4289594.690958847291768, 1406124.866579536115751 ], [ -4289435.125557457096875, 1406084.87684268807061 ], [ -4289276.075418192893267, 1406044.892082999227569 ], [ -4289114.364123020321131, 1406004.214418371440843 ], [ -4288952.442346793599427, 1405963.3529304752592 ], [ -4288795.874531820416451, 1405923.756116824224591 ], [ -4288954.012611898593605, 1405282.566206622403115 ], [ -4289115.297351856715977, 1404645.165936538018286 ], [ -4289278.199566054157913, 1404003.537029430270195 ], [ -4289442.259938407689333, 1403364.405107542406768 ], [ -4289605.448602381162345, 1402727.629391322145239 ], [ -4289773.382356346584857, 1402073.618810805026442 ], [ -4289935.514923941344023, 1401448.838276112917811 ], [ -4289936.972983385436237, 1401420.414820570731536 ], [ -4290095.911991701461375, 1400802.940002656076103 ], [ -4290269.272674478590488, 1400148.921132781310007 ], [ -4290428.930549436248839, 1399522.22886611125432 ], [ -4290597.211134591139853, 1398874.2118824000936 ], [ -4290632.052493141032755, 1398737.76208924036473 ], [ -4290656.597189866006374, 1398640.672116489615291 ], [ -4290696.401928103528917, 1398474.163663560990244 ], [ -4290714.143685583025217, 1398411.749101482797414 ] ] ] } },
{ "type": "Feature", "properties": { "neighborhood": "Speer", "total_housing": 9333.0, "total_occupied_housing": 8616.0, "total_vacant_housing": 717.0, "owner_occupied_units": 2491.0, "renter_occupied_units": 6125.0, "vacant_homes_rented": 29.0, "vacant_homes_sold": 37.0, "vacant_homes_seasonal": 28.0, "population": 12968.0, "median_gross_rent": 1885.0, "median_home_value": 658692.0, "median_household_income": 99721.0, "total_listings": 136, "pct_entire_home": 95.59, "avg_price": 179.86, "avg_bedrooms": 1.66, "avg_price_per_bedroom": 109.82, "avg_estimated_annual_revenue": 25398.31, "estimated_total_annual_revenue": 3225586.0, "total_hosts": 108, "hobbyist_hosts": 76, "small_business_hosts": 23, "commercial_hosts": 9 }, "geometry": { "type": "Polygon", "coordinates": [ [ [ -4288101.872739063575864, 1408488.894163300748914 ], [ -4288116.136683694086969, 1408414.750442113494501 ], [ -4288111.177636914886534, 1408341.516739479266107 ], [ -4288241.570264818146825, 1407822.781881022034213 ], [ -4288403.527635395526886, 1407184.78257071506232 ], [ -4288470.940576184540987, 1407201.686011384474114 ], [ -4288634.853276955895126, 1406562.128790540853515 ], [ -4288757.05981345102191, 1406077.815215812297538 ], [ -4288795.874531820416451, 1405923.756116824224591 ], [ -4288952.442346793599427, 1405963.3529304752592 ], [ -4289114.364123020321131, 1406004.214418371440843 ], [ -4289276.075418192893267, 1406044.892082999227569 ], [ -4289435.125557457096875, 1406084.87684268807061 ], [ -4289594.690958847291768, 1406124.866579536115751 ], [ -4289754.70874313171953, 1406165.103410975076258 ], [ -4289915.725651171989739, 1406205.47103250795044 ], [ -4290075.29118945915252, 1406245.460825010668486 ], [ -4290233.111632086336613, 1406287.192099602892995 ], [ -4290386.335573742166162, 1406327.726827764417976 ], [ -4290541.884113440290093, 1406369.254135056165978 ], [ -4290700.819761235266924, 1406411.663216708460823 ], [ -4290860.58562152273953, 1406452.867683360818774 ], [ -4291013.788008978590369, 1406492.492650910746306 ], [ -4291169.295124080963433, 1406535.171634443337098 ], [ -4291175.585199557244778, 1406536.809134567389265 ], [ -4291177.762490767985582, 1406537.375950462417677 ], [ -4291353.013299050740898, 1406585.582430151291192 ], [ -4291530.103256095200777, 1406631.684405514970422 ], [ -4291688.56504765804857, 1406672.93690208834596 ], [ -4291851.224038859829307, 1406715.927867442602292 ], [ -4292009.528381373733282, 1406757.785095343133435 ], [ -4292168.715789993293583, 1406799.226512495195493 ], [ -4292329.354936360381544, 1406841.045868691056967 ], [ -4292491.518549171276391, 1406881.970589465461671 ], [ -4292658.278841468505561, 1406924.091824861243367 ], [ -4292565.623361880891025, 1407259.167734414339066 ], [ -4292484.976249298080802, 1407568.954380011651665 ], [ -4292401.809908169321716, 1407888.418042331701145 ], [ -4292319.575165177695453, 1408199.341302812099457 ], [ -4292235.396741363219917, 1408513.762284762924537 ], [ -4292193.030528047122061, 1408674.517464717384428 ], [ -4292151.882497416809201, 1408831.58554926677607 ], [ -4292073.38273320440203, 1409145.030812524491921 ], [ -4291990.677361202426255, 1409460.739541872870177 ], [ -4291900.115367455407977, 1409817.542488197796047 ], [ -4291745.686530292965472, 1410370.059943970991299 ], [ -4291612.392964040860534, 1410934.666549450252205 ], [ -4291467.667456902563572, 1411499.526004015700892 ], [ -4291394.872581671923399, 1411759.304429406998679 ], [ -4291320.219707713462412, 1412026.219845061888918 ], [ -4291230.874177910387516, 1412371.304656200809404 ], [ -4291226.169253303669393, 1412389.476763827959076 ], [ -4291199.766780104488134, 1412486.330589830409735 ], [ -4291167.770056406967342, 1412602.888560271356255 ], [ -4290822.574631737545133, 1412515.864863265771419 ], [ -4290479.829968264326453, 1412429.350341035751626 ], [ -4290133.141537068411708, 1412343.100444660056382 ], [ -4289957.83956830855459, 1412297.076526886085048 ], [ -4289790.763204053975642, 1412253.193938508396968 ], [ -4289623.907250717282295, 1412208.464620496612042 ], [ -4289457.745603014715016, 1412164.045075357658789 ], [ -4289130.021837551146746, 1412082.345097135053948 ], [ -4288971.865156410261989, 1412040.913759851362556 ], [ -4288812.530303710140288, 1411999.046490865992382 ], [ -4288482.102356400340796, 1411914.834372602635995 ], [ -4288166.918773415498435, 1411840.532129512401298 ], [ -4287851.206748561002314, 1411761.313424305059016 ], [ -4287532.591703111305833, 1411681.338925714604557 ], [ -4287375.50868980679661, 1411641.737136205425486 ], [ -4287220.876549559645355, 1411602.644164938246831 ], [ -4287367.379938722588122, 1410998.207883008057252 ], [ -4287532.592194340191782, 1410349.689942091703415 ], [ -4287691.418791702948511, 1409718.754644767614082 ], [ -4287846.050388373434544, 1409110.880156149389222 ], [ -4287862.656358789652586, 1409067.930101776961237 ], [ -4287892.523774981498718, 1409023.653800362488255 ], [ -4287935.534916250035167, 1408974.532794626429677 ], [ -4287971.889858268201351, 1408927.166166907176375 ], [ -4288009.535355942323804, 1408853.011747157666832 ], [ -4288015.549540302716196, 1408832.819350408622995 ], [ -4288070.741089887917042, 1408615.919139594305307 ], [ -4288081.017436790280044, 1408597.282636482967064 ], [ -4288101.872739063575864, 1408488.894163300748914 ] ] ] } },
{ "type": "Feature", "properties": { "neighborhood": "Cherry Creek", "total_housing": 5281.0, "total_occupied_housing": 4505.0, "total_vacant_housing": 776.0, "owner_occupied_units": 2005.0, "renter_occupied_units": 2499.0, "vacant_homes_rented": 178.0, "vacant_homes_sold": 210.0, "vacant_homes_seasonal": 27.0, "population": 7039.0, "median_gross_rent": 2398.0, "median_home_value": 1172531.0, "median_household_income": 137433.0, "total_listings": 67, "pct_entire_home": 94.03, "avg_price": 367.3, "avg_bedrooms": 1.88, "avg_price_per_bedroom": 175.38, "avg_estimated_annual_revenue": 31437.4, "estimated_total_annual_revenue": 1666182.0, "total_hosts": 53, "hobbyist_hosts": 38, "small_business_hosts": 6, "commercial_hosts": 9 }, "geometry": { "type": "Polygon", "coordinates": [ [ [ -4279841.997651158832014, 1403820.772041654912755 ], [ -4279906.611878839321434, 1403799.487105503212661 ], [ -4280028.609147478826344, 1403822.798447543755174 ], [ -4280254.120740397833288, 1403889.953344741370529 ], [ -4280353.762791144661605, 1403925.841435930225998 ], [ -4280518.934266585856676, 1403966.12787436787039 ], [ -4280684.105569628067315, 1404006.414104985073209 ], [ -4280851.644562864676118, 1404049.512589055579156 ], [ -4281012.651752953417599, 1404090.91064963513054 ], [ -4281177.561104034073651, 1404133.19539166148752 ], [ -4281341.955103432759643, 1404175.474921252811328 ], [ -4281807.642220157198608, 1404295.802412590710446 ], [ -4281823.380987778306007, 1404326.636113801505417 ], [ -4281836.063186503946781, 1404344.403490430675447 ], [ -4281855.540764760226011, 1404364.844373242929578 ], [ -4281874.650518230162561, 1404385.705982912797481 ], [ -4281887.150687390007079, 1404397.226393515942618 ], [ -4281915.638097018934786, 1404410.842203519539908 ], [ -4281938.54111288767308, 1404425.07084582792595 ], [ -4281949.057536959648132, 1404444.212001714156941 ], [ -4281954.655332305468619, 1404470.338961274595931 ], [ -4281961.442849729210138, 1404498.842322746524587 ], [ -4281969.780208598822355, 1404514.445499456953257 ], [ -4281987.786445835605264, 1404536.569807877531275 ], [ -4282004.299319411627948, 1404559.467766523594037 ], [ -4282015.57150418497622, 1404575.705812874948606 ], [ -4282025.34059508703649, 1404593.748318116180599 ], [ -4282040.708956343121827, 1404640.888929629232734 ], [ -4282047.56641495320946, 1404662.177426957990974 ], [ -4282050.309597782790661, 1404679.424154896754771 ], [ -4282053.760190746746957, 1404701.892261753091589 ], [ -4282055.407128208316863, 1404735.257188536692411 ], [ -4282055.49075473845005, 1404754.782189076999202 ], [ -4282061.694417072460055, 1404793.466481907526031 ], [ -4282069.983347723260522, 1404817.19414509111084 ], [ -4282082.143191089853644, 1404841.92961121047847 ], [ -4282096.46891750767827, 1404865.291459145722911 ], [ -4282114.72692684456706, 1404886.448044735239819 ], [ -4282142.340002559125423, 1404918.306206307839602 ], [ -4282154.296486124396324, 1404935.884734358871356 ], [ -4282184.228916097432375, 1404978.679786178516224 ], [ -4282207.205563677474856, 1405013.464075197232887 ], [ -4282221.218781569972634, 1405022.149504414293915 ], [ -4282237.087434724904597, 1405030.05455705197528 ], [ -4282238.597371683456004, 1405030.806691901525483 ], [ -4282240.704915309324861, 1405038.588416429003701 ], [ -4282233.974414456635714, 1405060.472701664548367 ], [ -4282237.17304915189743, 1405083.908576180459931 ], [ -4282249.089449878782034, 1405105.609866395127028 ], [ -4282268.325101219117641, 1405125.987769860774279 ], [ -4282296.472093163058162, 1405152.818462724564597 ], [ -4282312.859197981655598, 1405176.200388879980892 ], [ -4282323.415416771546006, 1405191.218707214808092 ], [ -4282335.87569406721741, 1405206.862006173469126 ], [ -4282364.496585199609399, 1405234.84941061004065 ], [ -4282370.978508141823113, 1405241.703227342572063 ], [ -4282382.934934433549643, 1405259.281967447139323 ], [ -4282394.640918423421681, 1405280.799256003461778 ], [ -4282414.926317715086043, 1405317.982961834175512 ], [ -4282421.955821702256799, 1405346.549317047232762 ], [ -4282438.884166818112135, 1405379.759136283071712 ], [ -4282457.185785355046391, 1405424.563424981432036 ], [ -4282470.707082099281251, 1405458.952899906551465 ], [ -4282490.488665165379643, 1405498.071979840053245 ], [ -4282515.242201284505427, 1405552.822223023511469 ], [ -4282529.431969440542161, 1405577.698576408904046 ], [ -4282536.12740292865783, 1405590.67878267983906 ], [ -4282552.166594690643251, 1405612.420030426932499 ], [ -4282568.993026378564537, 1405631.137253320543095 ], [ -4282581.039349989965558, 1405639.43964276346378 ], [ -4282613.105662844143808, 1405659.153706588316709 ], [ -4282632.429667398333549, 1405667.284152551786974 ], [ -4282657.289683141745627, 1405682.926360554527491 ], [ -4282678.005439843982458, 1405697.618791645392776 ], [ -4282703.077356058172882, 1405716.416037502931431 ], [ -4282752.200327647849917, 1405752.96987753175199 ], [ -4282771.727974405512214, 1405768.257108454825357 ], [ -4282792.605695002712309, 1405791.258040361339226 ], [ -4282807.032826527953148, 1405807.284144482109696 ], [ -4282816.47395876608789, 1405821.624765909509733 ], [ -4282840.206409807316959, 1405853.50611024373211 ], [ -4282861.125493181869388, 1405875.355301022296771 ], [ -4282897.90173810813576, 1405912.698775775264949 ], [ -4282928.166119839064777, 1405946.280550542054698 ], [ -4282962.97704266756773, 1405986.212345331441611 ], [ -4282997.827932691201568, 1406022.021310826065019 ], [ -4283027.123153114691377, 1406052.380023088073358 ], [ -4283042.905855693854392, 1406066.175781396450475 ], [ -4283062.643892772495747, 1406081.647103225812316 ], [ -4283079.770595258101821, 1406091.272138467757031 ], [ -4283105.616812174208462, 1406102.133772477973253 ], [ -4283128.581217046827078, 1406113.149456451414153 ], [ -4283148.157413552515209, 1406120.312310947105289 ], [ -4283184.890229311771691, 1406134.007889179512858 ], [ -4283215.282972121611238, 1406151.219672326929867 ], [ -4283250.253899954259396, 1406174.660357070155442 ], [ -4283279.840920964255929, 1406199.928724190453067 ], [ -4283302.775469873100519, 1406214.036265026312321 ], [ -4283320.99593314807862, 1406223.429500266676769 ], [ -4283362.03335721231997, 1406243.412231846014038 ], [ -4283397.012802232056856, 1406262.851333316648379 ], [ -4283442.416480655781925, 1406285.908262058859691 ], [ -4283461.942474477924407, 1406298.224435918498784 ], [ -4283486.317172266542912, 1406310.76952587836422 ], [ -4283501.296532560139894, 1406316.735674329800531 ], [ -4283529.360015159472823, 1406324.041408851975575 ], [ -4283563.955441739410162, 1406333.047597140772268 ], [ -4283585.205095447599888, 1406342.712635352509096 ], [ -4283610.452921965159476, 1406355.872567638522014 ], [ -4283632.418129594065249, 1406366.757378230569884 ], [ -4283660.915464751422405, 1406379.342444907873869 ], [ -4283708.978964957408607, 1406400.120948441559449 ], [ -4283730.22837433218956, 1406409.785980552434921 ], [ -4283760.188785254023969, 1406424.68946340167895 ], [ -4283793.978582347743213, 1406441.752166914986446 ], [ -4283813.806499419733882, 1406447.947213559644297 ], [ -4283843.089600066654384, 1406454.537186304107308 ], [ -4283919.180498953908682, 1406473.829312368528917 ], [ -4283956.679031982086599, 1406483.591267058858648 ], [ -4284011.132538105361164, 1406495.700410011457279 ], [ -4284051.100291585549712, 1406500.938712789444253 ], [ -4284082.116929200477898, 1406503.846761893713847 ], [ -4284121.095411895774305, 1406507.923506643623114 ], [ -4284150.166542891412973, 1406511.358350510243326 ], [ -4284210.380258143879473, 1406517.217663589632139 ], [ -4284276.486120587214828, 1406528.22698485176079 ], [ -4284312.561623345129192, 1406531.548058029031381 ], [ -4284362.72035632841289, 1406536.339422662043944 ], [ -4284406.356944190338254, 1406538.399844356114045 ], [ -4284433.618732676841319, 1406540.846749265445396 ], [ -4284452.761144394055009, 1406542.730372321791947 ], [ -4284547.828016579151154, 1406553.736154811922461 ], [ -4284511.051339850760996, 1406701.11874705250375 ], [ -4284324.040791541337967, 1407447.6357604295481 ], [ -4284307.336421521380544, 1407502.798839422641322 ], [ -4284295.962627652101219, 1407540.388418880058452 ], [ -4284245.74032852333039, 1407891.654328498756513 ], [ -4284104.668660522438586, 1408442.482374709798023 ], [ -4283966.259717794135213, 1408996.974382082000375 ], [ -4283828.062573470175266, 1409554.621299267979339 ], [ -4283754.570522155612707, 1409848.833457413362339 ], [ -4283824.096864177845418, 1409947.917179715353996 ], [ -4283855.543887849897146, 1409990.847877897322178 ], [ -4283879.418059455230832, 1410033.098968894919381 ], [ -4283889.802928250283003, 1410062.667954359203577 ], [ -4283893.634363570250571, 1410089.626640875358135 ], [ -4283890.518747119233012, 1410126.401834178948775 ], [ -4283732.637051423080266, 1410087.883465050486848 ], [ -4283693.91894820984453, 1410078.83758177026175 ], [ -4283539.192073632963002, 1410040.107190646231174 ], [ -4283360.461639628745615, 1409994.353486201958731 ], [ -4283259.147452088072896, 1409968.753409885568544 ], [ -4283202.684326717630029, 1409954.441884845495224 ], [ -4283102.369504315778613, 1409928.972827710444108 ], [ -4283039.342700342647731, 1409913.081756871193647 ], [ -4282945.044449863955379, 1409889.30821607564576 ], [ -4282875.338274402543902, 1409871.290830324869603 ], [ -4282787.908354076556861, 1409848.917759012430906 ], [ -4282708.977563438005745, 1409828.628109913785011 ], [ -4282627.690346322022378, 1409807.466700357850641 ], [ -4282542.164371645078063, 1409785.71845428366214 ], [ -4282469.975964543409646, 1409767.313290184363723 ], [ -4282379.096256927587092, 1409744.300465423380956 ], [ -4282312.94590275362134, 1409728.500354025512934 ], [ -4282216.743732289411128, 1409704.101961804553866 ], [ -4282156.441159238107502, 1409688.661784833064303 ], [ -4282049.11050068307668, 1409661.366312677506357 ], [ -4281887.261804727837443, 1409619.232453838922083 ], [ -4281842.263553672470152, 1409607.518119375919923 ], [ -4281721.300520101562142, 1409576.0279773354996 ], [ -4281557.474947525188327, 1409534.542003143578768 ], [ -4281525.719692146405578, 1409526.533518978394568 ], [ -4281390.746272734366357, 1409492.300181186757982 ], [ -4281225.227431395091116, 1409450.373320623068139 ], [ -4281208.744900582358241, 1409446.211691343924031 ], [ -4281121.252062940038741, 1409424.080595273990184 ], [ -4281061.643827804364264, 1409408.950359069276601 ], [ -4280983.501558096148074, 1409388.607703801477328 ], [ -4280897.975768626667559, 1409366.859618265647441 ], [ -4280832.803016806952655, 1409350.280764972325414 ], [ -4280731.278596609830856, 1409324.49685852508992 ], [ -4280682.303579376079142, 1409310.197318459162489 ], [ -4280404.005486290901899, 1409240.073272049427032 ], [ -4280239.727567903697491, 1409198.340352760162205 ], [ -4280232.43830197583884, 1409196.571994132827967 ], [ -4280074.208518897183239, 1409156.413639051141217 ], [ -4279932.061820326372981, 1409120.958745974348858 ], [ -4279781.447953193448484, 1409083.299691719934344 ], [ -4279633.052648731507361, 1409045.055689455941319 ], [ -4279481.512381954118609, 1409005.992989929392934 ], [ -4279334.084847254678607, 1408968.000936884665862 ], [ -4279251.525029235519469, 1408946.76654624287039 ], [ -4279187.141149809584022, 1408930.134789210977033 ], [ -4279085.101206699386239, 1408904.346040113829076 ], [ -4279043.395377364009619, 1408893.876237262040377 ], [ -4278921.486206332221627, 1408863.043975311564282 ], [ -4278896.020863800309598, 1408856.672423794399947 ], [ -4278756.187520431354642, 1408820.269907879875973 ], [ -4278580.843869470991194, 1408775.398629790870473 ], [ -4278607.166714415885508, 1408668.331344175618142 ], [ -4278694.614614095538855, 1408332.416782236890867 ], [ -4278714.965780231170356, 1408250.272825822932646 ], [ -4278803.348319833166897, 1407911.760004152543843 ], [ -4278857.622672645375133, 1407695.336942926980555 ], [ -4278999.447989686392248, 1407138.634542606538162 ], [ -4279140.918281938880682, 1406587.264414157485589 ], [ -4279235.032011048868299, 1406216.987508027581498 ], [ -4279284.948431255295873, 1406020.598676114343107 ], [ -4279314.922651996836066, 1405901.516349238809198 ], [ -4279424.49143257457763, 1405466.218618978746235 ], [ -4279526.436010065488517, 1405056.406486505409703 ], [ -4279563.360573520883918, 1404907.971445509931073 ], [ -4279702.554818100295961, 1404347.483749115141109 ], [ -4279841.997651158832014, 1403820.772041654912755 ] ] ] } },
{ "type": "Feature", "properties": { "neighborhood": "Country Club", "total_housing": 1486.0, "total_occupied_housing": 1406.0, "total_vacant_housing": 80.0, "owner_occupied_units": 1217.0, "renter_occupied_units": 188.0, "vacant_homes_rented": 0.0, "vacant_homes_sold": 0.0, "vacant_homes_seasonal": 0.0, "population": 3276.0, "median_gross_rent": 2789.0, "median_home_value": 1767714.0, "median_household_income": 242383.0, "total_listings": 12, "pct_entire_home": 100.0, "avg_price": 271.0, "avg_bedrooms": 2.08, "avg_price_per_bedroom": 130.08, "avg_estimated_annual_revenue": 50396.92, "estimated_total_annual_revenue": 604763.0, "total_hosts": 11, "hobbyist_hosts": 9, "small_business_hosts": 2, "commercial_hosts": 0 }, "geometry": { "type": "Polygon", "coordinates": [ [ [ -4283890.518747119233012, 1410126.401834178948775 ], [ -4283893.634363570250571, 1410089.626640875358135 ], [ -4283889.802928250283003, 1410062.667954359203577 ], [ -4283879.418059455230832, 1410033.098968894919381 ], [ -4283855.543887849897146, 1409990.847877897322178 ], [ -4283824.096864177845418, 1409947.917179715353996 ], [ -4283754.570522155612707, 1409848.833457413362339 ], [ -4283828.062573470175266, 1409554.621299267979339 ], [ -4283966.259717794135213, 1408996.974382082000375 ], [ -4284104.668660522438586, 1408442.482374709798023 ], [ -4284245.74032852333039, 1407891.654328498756513 ], [ -4284295.962627652101219, 1407540.388418880058452 ], [ -4284307.336421521380544, 1407502.798839422641322 ], [ -4284324.040791541337967, 1407447.6357604295481 ], [ -4284511.051339850760996, 1406701.11874705250375 ], [ -4284547.828016579151154, 1406553.736154811922461 ], [ -4284553.911311964504421, 1406554.440347594907507 ], [ -4284573.378710624761879, 1406556.693997979629785 ], [ -4284598.327091818675399, 1406560.088933589169756 ], [ -4284624.253153178840876, 1406562.705121885519475 ], [ -4284654.755891499109566, 1406568.579190584132448 ], [ -4284668.01193864364177, 1406577.196589055005461 ], [ -4284691.962634741328657, 1406583.431653733365238 ], [ -4284718.8464379850775, 1406587.330512481508777 ], [ -4284736.778931807726622, 1406588.898914359509945 ], [ -4284754.206086377613246, 1406589.431738893967122 ], [ -4284767.078149391338229, 1406587.616325289476663 ], [ -4284781.759770069271326, 1406586.788606565678492 ], [ -4284800.196058346889913, 1406586.421572143677622 ], [ -4284836.041137204505503, 1406591.6199716408737 ], [ -4284875.051271227188408, 1406595.575795445591211 ], [ -4284915.713442815467715, 1406601.124032698804513 ], [ -4284950.338854108937085, 1406607.03816532320343 ], [ -4284979.883809125982225, 1406611.629725781036541 ], [ -4285006.303820573724806, 1406613.341069965623319 ], [ -4285037.068500123918056, 1406617.216970216250047 ], [ -4285067.581192789599299, 1406622.060461781686172 ], [ -4285094.087143993936479, 1406627.410761785693467 ], [ -4285123.6321558104828, 1406632.002394783077762 ], [ -4285151.240201691165566, 1406633.118940454674885 ], [ -4285189.3226521871984, 1406632.700048225931823 ], [ -4285237.846242357976735, 1406627.895387655356899 ], [ -4285282.016842456534505, 1406624.928374080685899 ], [ -4285314.049510773271322, 1406619.963840800570324 ], [ -4285336.890514862723649, 1406615.577022103825584 ], [ -4285355.956753165461123, 1406612.790970022557303 ], [ -4285399.380078259855509, 1406608.72509471164085 ], [ -4285452.521845459938049, 1406606.026857148390263 ], [ -4285499.282040201127529, 1406607.996131081832573 ], [ -4285537.868338539265096, 1406605.641894422238693 ], [ -4285567.231364532373846, 1406603.986424617003649 ], [ -4285593.881792620755732, 1406603.820410612272099 ], [ -4285614.031574383378029, 1406601.832919673761353 ], [ -4285625.975919565185905, 1406595.642780032008886 ], [ -4285645.680473363026977, 1406586.43570625805296 ], [ -4285673.236582203768194, 1406567.906184476800263 ], [ -4285714.430394276045263, 1406543.627656229306012 ], [ -4285732.936845124699175, 1406536.045819140737876 ], [ -4285759.995135908015072, 1406531.336286396486685 ], [ -4285795.174335048533976, 1406530.161615764489397 ], [ -4285831.321383425965905, 1406529.238810600247234 ], [ -4285852.951211972162127, 1406521.566039175027981 ], [ -4285869.018367823213339, 1406515.416092480765656 ], [ -4285888.924813302233815, 1406510.394548186799511 ], [ -4285902.018794233910739, 1406510.703498328104615 ], [ -4285914.386990350671113, 1406510.823373109102249 ], [ -4285932.813394339755177, 1406511.487092728260905 ], [ -4285940.846910889260471, 1406508.41206571040675 ], [ -4285958.112143012695014, 1406500.636478923959658 ], [ -4285981.245062704198062, 1406491.15926869539544 ], [ -4286010.696634464897215, 1406477.256465391721576 ], [ -4286044.028936964459717, 1406463.330683406675234 ], [ -4286085.984641311690211, 1406448.03331969701685 ], [ -4286112.736476139165461, 1406440.531618671026081 ], [ -4286131.202913385815918, 1406437.072563261026517 ], [ -4286156.209727174602449, 1406431.312357887392864 ], [ -4286184.856954042799771, 1406428.437130050035194 ], [ -4286204.512951640412211, 1406427.3544363505207 ], [ -4286232.876874038949609, 1406425.568041505524889 ], [ -4286263.9334407588467, 1406424.353378353640437 ], [ -4286283.831359754316509, 1406423.333664261037484 ], [ -4286304.657019210979342, 1406426.688666160451248 ], [ -4286321.329840173944831, 1406433.095626957016066 ], [ -4286337.952896880917251, 1406444.656172269955277 ], [ -4286355.291669284924865, 1406457.436230451334268 ], [ -4286369.021420041099191, 1406467.210220868699253 ], [ -4286378.100216026417911, 1406472.027698089601472 ], [ -4286391.859949407167733, 1406478.709713889984414 ], [ -4286406.123629048466682, 1406483.456219057319686 ], [ -4286415.306869018822908, 1406486.880230029113591 ], [ -4286436.092474428005517, 1406494.357870826730505 ], [ -4286454.690868206322193, 1406502.299363314872608 ], [ -4286465.809407280758023, 1406506.227190018864349 ], [ -4286487.270835568197072, 1406519.047231799224392 ], [ -4286510.155536695383489, 1406538.308375304797664 ], [ -4286532.010899530723691, 1406560.530650698579848 ], [ -4286552.668071828782558, 1406584.37842332595028 ], [ -4286567.033643994480371, 1406603.617467024363577 ], [ -4286578.517727354541421, 1406623.010548001155257 ], [ -4286596.483702921308577, 1406649.257540450664237 ], [ -4286617.071079038083553, 1406680.320158728398383 ], [ -4286643.51052856259048, 1406720.65578058315441 ], [ -4286668.462482198141515, 1406751.821286125574261 ], [ -4286689.814009145833552, 1406775.978931389283389 ], [ -4286719.604475236497819, 1406808.403969961917028 ], [ -4286751.724126456305385, 1406850.734950487269089 ], [ -4286779.036817170679569, 1406891.685482181143016 ], [ -4286802.021877193823457, 1406922.468020689208061 ], [ -4286839.979421957395971, 1406966.189781026449054 ], [ -4286877.948866416700184, 1407033.680160882417113 ], [ -4286906.833487667143345, 1407084.468723019585013 ], [ -4286921.306668539531529, 1407108.256311645498499 ], [ -4286933.436528721824288, 1407136.083921311888844 ], [ -4286949.175143782049417, 1407166.917529766447842 ], [ -4286963.94625688996166, 1407197.499098624102771 ], [ -4286976.499898565933108, 1407231.636685281759128 ], [ -4286989.799361452460289, 1407263.901917686453089 ], [ -4286998.76416418235749, 1407292.972176388604566 ], [ -4287008.67523296084255, 1407321.38443215447478 ], [ -4287013.133337269537151, 1407339.981632269453257 ], [ -4287036.289309692569077, 1407396.899335836758837 ], [ -4287052.834362802095711, 1407438.873461275128648 ], [ -4287056.202797533944249, 1407447.418976204702631 ], [ -4287065.883354940451682, 1407477.708662797464058 ], [ -4287074.938207197003067, 1407497.502684192266315 ], [ -4287087.349878958426416, 1407521.270384357310832 ], [ -4287105.536383554339409, 1407546.670594510389492 ], [ -4287125.99178393278271, 1407566.332644431618974 ], [ -4287140.000809881836176, 1407587.932942516170442 ], [ -4287153.570764483883977, 1407614.198086209828034 ], [ -4287165.478712626732886, 1407639.901090019382536 ], [ -4287179.49383279774338, 1407673.385970173403621 ], [ -4287192.803311126306653, 1407704.620448258006945 ], [ -4287212.788339804857969, 1407750.896271640202031 ], [ -4287229.172907058149576, 1407790.164301322074607 ], [ -4287245.547412046231329, 1407830.462958611082286 ], [ -4287258.896798064000905, 1407857.574779796879739 ], [ -4287274.21161047462374, 1407882.098178339656442 ], [ -4287289.998751306906343, 1407904.807230225531384 ], [ -4287307.511039633303881, 1407927.83624079125002 ], [ -4287321.984088467434049, 1407951.624021258438006 ], [ -4287332.045106248930097, 1407964.57597972638905 ], [ -4287357.802721839398146, 1407987.685038974042982 ], [ -4287378.720373509451747, 1408006.563196947798133 ], [ -4287415.334722171537578, 1408035.59829301154241 ], [ -4287439.62929393351078, 1408056.388963041128591 ], [ -4287464.025358091108501, 1408069.84391079726629 ], [ -4287480.900218257680535, 1408080.436595642473549 ], [ -4287491.474971402436495, 1408090.42266681836918 ], [ -4287514.571419168263674, 1408112.838794331299141 ], [ -4287533.609711004421115, 1408137.944118212675676 ], [ -4287564.951677267439663, 1408160.440212635090575 ], [ -4287589.538097460754216, 1408176.140454370295629 ], [ -4287617.473073448985815, 1408199.816120865521953 ], [ -4287639.408512533642352, 1408213.792910307180136 ], [ -4287675.143575853668153, 1408230.328814351465553 ], [ -4287707.705231017433107, 1408252.10916551714763 ], [ -4287730.608212573453784, 1408266.337835806189105 ], [ -4287750.638112784363329, 1408276.718607475282624 ], [ -4287814.937978118658066, 1408314.511053589871153 ], [ -4287964.969250397756696, 1408406.008112197741866 ], [ -4287979.918753274716437, 1408415.066304837120697 ], [ -4288007.398294943384826, 1408432.552925452124327 ], [ -4288027.809887423180044, 1408444.56156182079576 ], [ -4288044.808494079858065, 1408454.562216609949246 ], [ -4288073.981535209342837, 1408472.489782211370766 ], [ -4288101.872739063575864, 1408488.894163300748914 ], [ -4288081.017436790280044, 1408597.282636482967064 ], [ -4288070.741089887917042, 1408615.919139594305307 ], [ -4288015.549540302716196, 1408832.819350408622995 ], [ -4288009.535355942323804, 1408853.011747157666832 ], [ -4287971.889858268201351, 1408927.166166907176375 ], [ -4287935.534916250035167, 1408974.532794626429677 ], [ -4287892.523774981498718, 1409023.653800362488255 ], [ -4287862.656358789652586, 1409067.930101776961237 ], [ -4287846.050388373434544, 1409110.880156149389222 ], [ -4287691.418791702948511, 1409718.754644767614082 ], [ -4287532.592194340191782, 1410349.689942091703415 ], [ -4287367.379938722588122, 1410998.207883008057252 ], [ -4287220.876549559645355, 1411602.644164938246831 ], [ -4287058.843332028947771, 1412235.973448689794168 ], [ -4286743.499306902289391, 1412156.333914375631139 ], [ -4286427.251996442675591, 1412079.171886379132047 ], [ -4286111.286588214337826, 1411997.949909419519827 ], [ -4285954.782007201574743, 1411958.111195179866627 ], [ -4285796.552274405024946, 1411917.952546588610858 ], [ -4285639.290346345864236, 1411878.045928427018225 ], [ -4285478.883463475853205, 1411837.320516068954021 ], [ -4285321.064649595879018, 1411798.560499502811581 ], [ -4285134.604200123809278, 1411752.731707593658939 ], [ -4284845.777444479055703, 1411680.383119164966047 ], [ -4284686.959519747644663, 1411641.492198198102415 ], [ -4284529.319777161814272, 1411603.037166845286265 ], [ -4284372.236749809235334, 1411563.435320055112243 ], [ -4284213.42872250918299, 1411523.513824724126607 ], [ -4284056.798146652989089, 1411484.159095994196832 ], [ -4283898.232078738510609, 1411444.300432829884812 ], [ -4283740.00250406190753, 1411404.141759245656431 ], [ -4283582.498617047443986, 1411364.172312164912 ], [ -4283740.009134626016021, 1410731.344688115175813 ], [ -4283753.225765096955001, 1410658.192897404078394 ], [ -4283890.518747119233012, 1410126.401834178948775 ] ] ] } },
{ "type": "Feature", "properties": { "neighborhood": "Congress Park", "total_housing": 6331.0, "total_occupied_housing": 6154.0, "total_vacant_housing": 177.0, "owner_occupied_units": 2823.0, "renter_occupied_units": 3331.0, "vacant_homes_rented": 0.0, "vacant_homes_sold": 24.0, "vacant_homes_seasonal": 0.0, "population": 11229.0, "median_gross_rent": 1663.0, "median_home_value": 889298.0, "median_household_income": 122758.0, "total_listings": 96, "pct_entire_home": 88.54, "avg_price": 188.99, "avg_bedrooms": 1.75, "avg_price_per_bedroom": 101.56, "avg_estimated_annual_revenue": 21468.75, "estimated_total_annual_revenue": 1696031.0, "total_hosts": 75, "hobbyist_hosts": 56, "small_business_hosts": 15, "commercial_hosts": 4 }, "geometry": { "type": "Polygon", "coordinates": [ [ [ -4277271.47441965341568, 1413903.329791966127232 ], [ -4277437.366861620917916, 1413250.210531647084281 ], [ -4277579.803137235343456, 1412696.122038710862398 ], [ -4277722.409511849284172, 1412124.511880544479936 ], [ -4277759.915554055944085, 1411983.416039693634957 ], [ -4277855.675353586673737, 1411612.596357963979244 ], [ -4277927.933476297184825, 1411333.045903517631814 ], [ -4277998.554184327833354, 1411059.785268714185804 ], [ -4278093.558135016821325, 1410691.868748638313264 ], [ -4278142.911395739763975, 1410498.317936867941171 ], [ -4278256.156734887510538, 1410056.361773374723271 ], [ -4278429.987255772575736, 1409378.701697281794623 ], [ -4278468.645484857261181, 1409228.218588840449229 ], [ -4278580.843869470991194, 1408775.398629790870473 ], [ -4278756.187520431354642, 1408820.269907879875973 ], [ -4278896.020863800309598, 1408856.672423794399947 ], [ -4278921.486206332221627, 1408863.043975311564282 ], [ -4279043.395377364009619, 1408893.876237262040377 ], [ -4279085.101206699386239, 1408904.346040113829076 ], [ -4279187.141149809584022, 1408930.134789210977033 ], [ -4279251.525029235519469, 1408946.76654624287039 ], [ -4279334.084847254678607, 1408968.000936884665862 ], [ -4279481.512381954118609, 1409005.992989929392934 ], [ -4279633.052648731507361, 1409045.055689455941319 ], [ -4279781.447953193448484, 1409083.299691719934344 ], [ -4279932.061820326372981, 1409120.958745974348858 ], [ -4280074.208518897183239, 1409156.413639051141217 ], [ -4280232.43830197583884, 1409196.571994132827967 ], [ -4280239.727567903697491, 1409198.340352760162205 ], [ -4280404.005486290901899, 1409240.073272049427032 ], [ -4280682.303579376079142, 1409310.197318459162489 ], [ -4280731.278596609830856, 1409324.49685852508992 ], [ -4280832.803016806952655, 1409350.280764972325414 ], [ -4280897.975768626667559, 1409366.859618265647441 ], [ -4280983.501558096148074, 1409388.607703801477328 ], [ -4281061.643827804364264, 1409408.950359069276601 ], [ -4281121.252062940038741, 1409424.080595273990184 ], [ -4281208.744900582358241, 1409446.211691343924031 ], [ -4281225.227431395091116, 1409450.373320623068139 ], [ -4281390.746272734366357, 1409492.300181186757982 ], [ -4281525.719692146405578, 1409526.533518978394568 ], [ -4281557.474947525188327, 1409534.542003143578768 ], [ -4281721.300520101562142, 1409576.0279773354996 ], [ -4281842.263553672470152, 1409607.518119375919923 ], [ -4281887.261804727837443, 1409619.232453838922083 ], [ -4282049.11050068307668, 1409661.366312677506357 ], [ -4282156.441159238107502, 1409688.661784833064303 ], [ -4282216.743732289411128, 1409704.101961804553866 ], [ -4282312.94590275362134, 1409728.500354025512934 ], [ -4282379.096256927587092, 1409744.300465423380956 ], [ -4282469.975964543409646, 1409767.313290184363723 ], [ -4282542.164371645078063, 1409785.71845428366214 ], [ -4282627.690346322022378, 1409807.466700357850641 ], [ -4282708.977563438005745, 1409828.628109913785011 ], [ -4282787.908354076556861, 1409848.917759012430906 ], [ -4282875.338274402543902, 1409871.290830324869603 ], [ -4282945.044449863955379, 1409889.30821607564576 ], [ -4283039.342700342647731, 1409913.081756871193647 ], [ -4283102.369504315778613, 1409928.972827710444108 ], [ -4283202.684326717630029, 1409954.441884845495224 ], [ -4283259.147452088072896, 1409968.753409885568544 ], [ -4283360.461639628745615, 1409994.353486201958731 ], [ -4283539.192073632963002, 1410040.107190646231174 ], [ -4283693.91894820984453, 1410078.83758177026175 ], [ -4283732.637051423080266, 1410087.883465050486848 ], [ -4283890.518747119233012, 1410126.401834178948775 ], [ -4283753.225765096955001, 1410658.192897404078394 ], [ -4283740.009134626016021, 1410731.344688115175813 ], [ -4283582.498617047443986, 1411364.172312164912 ], [ -4283452.111734515056014, 1411851.134431661805138 ], [ -4283415.027077263221145, 1411911.227059509605169 ], [ -4283338.616542374715209, 1411987.430887609953061 ], [ -4283309.529672307893634, 1412035.656232069944963 ], [ -4283274.6113674165681, 1412178.717344564618543 ], [ -4283229.754815964028239, 1412343.08603884652257 ], [ -4283190.689032052643597, 1412457.42722352896817 ], [ -4283084.632968379184604, 1412870.772708126343787 ], [ -4282941.652009767480195, 1413430.919291594298556 ], [ -4282780.708814582787454, 1414055.103073820471764 ], [ -4282637.126445794478059, 1414611.605737784411758 ], [ -4282518.404075698927045, 1415083.392368179978803 ], [ -4282494.91563440207392, 1415176.731224061688408 ], [ -4282408.142030301503837, 1415161.762196193216369 ], [ -4282354.786779803223908, 1415158.334265573183075 ], [ -4282313.884384054690599, 1415155.694259498501197 ], [ -4282214.970224665477872, 1415154.613588078180328 ], [ -4282114.621537824161351, 1415145.151693185325712 ], [ -4282020.803329041227698, 1415134.419174012495205 ], [ -4281987.818363490514457, 1415128.157148882048205 ], [ -4281960.492310373112559, 1415122.98081980808638 ], [ -4281834.783864865079522, 1415086.896948859561235 ], [ -4281678.078874886035919, 1415045.843858909327537 ], [ -4281519.890979250892997, 1415004.533729617251083 ], [ -4281360.040893396362662, 1414962.66181779676117 ], [ -4281222.034804944880307, 1414926.476610553218052 ], [ -4281104.167770436033607, 1414896.696464264998212 ], [ -4280954.62612312939018, 1414857.895693008322269 ], [ -4280946.727067993953824, 1414856.485216619214043 ], [ -4280792.746213218197227, 1414815.882791212759912 ], [ -4280784.036835394799709, 1414813.615641126642004 ], [ -4280626.606109169311821, 1414772.37351328949444 ], [ -4280466.325155890546739, 1414731.164495196891949 ], [ -4280309.441406639292836, 1414689.806382749928162 ], [ -4280150.549048542045057, 1414649.217184881214052 ], [ -4280004.152362569235265, 1414611.235098564997315 ], [ -4279990.583003591746092, 1414606.798435586038977 ], [ -4279829.450399081222713, 1414565.884348147315904 ], [ -4279669.116520160809159, 1414523.886581002734601 ], [ -4279655.71607615891844, 1414520.785604527918622 ], [ -4279521.86809110455215, 1414486.199487639591098 ], [ -4279499.127115983515978, 1414480.279366270406172 ], [ -4279369.370445217937231, 1414445.854168172227219 ], [ -4279339.908394454978406, 1414438.959290113532916 ], [ -4279220.817891174927354, 1414408.214974634815007 ], [ -4279182.351677066646516, 1414398.201130292378366 ], [ -4279070.760821720585227, 1414369.409265667200089 ], [ -4278871.108986211940646, 1414317.692645093658939 ], [ -4278769.415543526411057, 1414290.573117707855999 ], [ -4278709.34501697588712, 1414276.226721735903993 ], [ -4278619.433129726909101, 1414253.465754334814847 ], [ -4278551.357454412616789, 1414236.131298979511485 ], [ -4278394.925880017690361, 1414195.02020322647877 ], [ -4278318.298292264342308, 1414174.813725313637406 ], [ -4278223.389032384380698, 1414149.847790158819407 ], [ -4277920.892308593727648, 1414072.867490969598293 ], [ -4277600.104745575226843, 1413988.493573638610542 ], [ -4277449.111540443263948, 1413949.314983220305294 ], [ -4277271.47441965341568, 1413903.329791966127232 ] ] ] } },
{ "type": "Feature", "properties": { "neighborhood": "City Park", "total_housing": 2183.0, "total_occupied_housing": 1970.0, "total_vacant_housing": 213.0, "owner_occupied_units": 732.0, "renter_occupied_units": 1238.0, "vacant_homes_rented": 0.0, "vacant_homes_sold": 40.0, "vacant_homes_seasonal": 0.0, "population": 3611.0, "median_gross_rent": 1810.0, "median_home_value": 801278.0, "median_household_income": 85206.0, "total_listings": 59, "pct_entire_home": 98.31, "avg_price": 135.8, "avg_bedrooms": 1.46, "avg_price_per_bedroom": 94.71, "avg_estimated_annual_revenue": 15188.83, "estimated_total_annual_revenue": 805008.0, "total_hosts": 26, "hobbyist_hosts": 19, "small_business_hosts": 4, "commercial_hosts": 3 }, "geometry": { "type": "Polygon", "coordinates": [ [ [ -4276282.630360748618841, 1417751.405059923650697 ], [ -4276445.166706529445946, 1417119.112518176902086 ], [ -4276613.066890158690512, 1416465.225277516059577 ], [ -4276727.718944208696485, 1416018.857179194921628 ], [ -4276833.858785557560623, 1415606.179770051734522 ], [ -4276943.989344314672053, 1415182.141787423286587 ], [ -4276974.972548695281148, 1415057.172039968892932 ], [ -4277050.24204826168716, 1414764.06882858579047 ], [ -4277107.048550818115473, 1414542.880578720010817 ], [ -4277124.252154711633921, 1414475.804208033252507 ], [ -4277157.242052265442908, 1414347.094633157365024 ], [ -4277271.47441965341568, 1413903.329791966127232 ], [ -4277449.111540443263948, 1413949.314983220305294 ], [ -4277600.104745575226843, 1413988.493573638610542 ], [ -4277920.892308593727648, 1414072.867490969598293 ], [ -4278223.389032384380698, 1414149.847790158819407 ], [ -4278318.298292264342308, 1414174.813725313637406 ], [ -4278394.925880017690361, 1414195.02020322647877 ], [ -4278551.357454412616789, 1414236.131298979511485 ], [ -4278619.433129726909101, 1414253.465754334814847 ], [ -4278709.34501697588712, 1414276.226721735903993 ], [ -4278769.415543526411057, 1414290.573117707855999 ], [ -4278871.108986211940646, 1414317.692645093658939 ], [ -4279070.760821720585227, 1414369.409265667200089 ], [ -4279182.351677066646516, 1414398.201130292378366 ], [ -4279220.817891174927354, 1414408.214974634815007 ], [ -4279339.908394454978406, 1414438.959290113532916 ], [ -4279369.370445217937231, 1414445.854168172227219 ], [ -4279499.127115983515978, 1414480.279366270406172 ], [ -4279521.86809110455215, 1414486.199487639591098 ], [ -4279655.71607615891844, 1414520.785604527918622 ], [ -4279669.116520160809159, 1414523.886581002734601 ], [ -4279829.450399081222713, 1414565.884348147315904 ], [ -4279990.583003591746092, 1414606.798435586038977 ], [ -4280004.152362569235265, 1414611.235098564997315 ], [ -4280150.549048542045057, 1414649.217184881214052 ], [ -4280309.441406639292836, 1414689.806382749928162 ], [ -4280466.325155890546739, 1414731.164495196891949 ], [ -4280626.606109169311821, 1414772.37351328949444 ], [ -4280784.036835394799709, 1414813.615641126642004 ], [ -4280792.746213218197227, 1414815.882791212759912 ], [ -4280946.727067993953824, 1414856.485216619214043 ], [ -4280954.62612312939018, 1414857.895693008322269 ], [ -4281104.167770436033607, 1414896.696464264998212 ], [ -4281222.034804944880307, 1414926.476610553218052 ], [ -4281360.040893396362662, 1414962.66181779676117 ], [ -4281519.890979250892997, 1415004.533729617251083 ], [ -4281678.078874886035919, 1415045.843858909327537 ], [ -4281834.783864865079522, 1415086.896948859561235 ], [ -4281960.492310373112559, 1415122.98081980808638 ], [ -4281987.818363490514457, 1415128.157148882048205 ], [ -4282020.803329041227698, 1415134.419174012495205 ], [ -4282114.621537824161351, 1415145.151693185325712 ], [ -4282214.970224665477872, 1415154.613588078180328 ], [ -4282313.884384054690599, 1415155.694259498501197 ], [ -4282354.786779803223908, 1415158.334265573183075 ], [ -4282408.142030301503837, 1415161.762196193216369 ], [ -4282494.91563440207392, 1415176.731224061688408 ], [ -4282347.577894689515233, 1415751.630166060524061 ], [ -4282202.040859137661755, 1416331.518335232045501 ], [ -4282068.753558406606317, 1416864.351780065335333 ], [ -4281872.638778259046376, 1417629.592784749111161 ], [ -4281754.693691867403686, 1418074.71602059295401 ], [ -4281640.43881069868803, 1418517.571010199841112 ], [ -4281528.793852462433279, 1418963.300854100147262 ], [ -4281380.262988955713809, 1418926.571451315889135 ], [ -4281259.609594232402742, 1418903.815636271378025 ], [ -4281144.588039238937199, 1418891.179599764291197 ], [ -4280998.794785971753299, 1418881.640867681708187 ], [ -4280826.38989161234349, 1418865.174207832664251 ], [ -4280657.917287101969123, 1418846.502231121528894 ], [ -4280273.555986877530813, 1418799.785199501086026 ], [ -4280175.97994624171406, 1418782.649653500178829 ], [ -4280054.715262516401708, 1418757.280672834953293 ], [ -4278790.850963877514005, 1418432.49622447649017 ], [ -4278572.417075663805008, 1418376.363533614203334 ], [ -4277665.198671934194863, 1418143.229458085028455 ], [ -4276987.399008247070014, 1417971.428784447489306 ], [ -4276759.293013644404709, 1417908.946629696758464 ], [ -4276282.630360748618841, 1417751.405059923650697 ] ] ] } },
{ "type": "Feature", "properties": { "neighborhood": "Clayton", "total_housing": 1831.0, "total_occupied_housing": 1748.0, "total_vacant_housing": 83.0, "owner_occupied_units": 923.0, "renter_occupied_units": 825.0, "vacant_homes_rented": 32.0, "vacant_homes_sold": 24.0, "vacant_homes_seasonal": 0.0, "population": 4056.0, "median_gross_rent": 1762.0, "median_home_value": 545769.0, "median_household_income": 74405.0, "total_listings": 47, "pct_entire_home": 95.74, "avg_price": 201.79, "avg_bedrooms": 1.95, "avg_price_per_bedroom": 100.89, "avg_estimated_annual_revenue": 24891.09, "estimated_total_annual_revenue": 1070317.0, "total_hosts": 44, "hobbyist_hosts": 35, "small_business_hosts": 6, "commercial_hosts": 3 }, "geometry": { "type": "Polygon", "coordinates": [ [ [ -4275292.454597759991884, 1421604.397723440313712 ], [ -4275331.243750325404108, 1421608.830680942861363 ], [ -4275451.741779489442706, 1421629.470466339727864 ], [ -4275507.737309252843261, 1421637.349840638926253 ], [ -4275596.49972412455827, 1421643.712966723134741 ], [ -4275715.164930753409863, 1421646.697697083232924 ], [ -4275786.384035906754434, 1421651.842677479377016 ], [ -4275845.516091511584818, 1421660.538581501226872 ], [ -4275895.238953971303999, 1421666.785104923415929 ], [ -4275949.873614196665585, 1421679.891714865807444 ], [ -4276004.236251650378108, 1421694.043829756556079 ], [ -4276052.326102530583739, 1421706.562963559292257 ], [ -4276109.509579608216882, 1421727.030925618717447 ], [ -4276168.239740538410842, 1421750.133851237362251 ], [ -4276233.972409282810986, 1421780.641399099258706 ], [ -4276300.707396215759218, 1421815.874911436345428 ], [ -4276383.897181856445968, 1421856.508314861683175 ], [ -4276456.991113582625985, 1421884.467084077186882 ], [ -4276507.128782047890127, 1421901.984511142596602 ], [ -4276575.081836964935064, 1421919.674526633694768 ], [ -4276741.499568048864603, 1421962.997973492834717 ], [ -4276843.210471198894083, 1421989.476339519023895 ], [ -4277071.662834150716662, 1422048.948560885619372 ], [ -4277178.398228816688061, 1422075.859872844070196 ], [ -4277207.841326724737883, 1422083.283372733974829 ], [ -4277513.810013297013938, 1422160.093012690311298 ], [ -4277568.286841625347733, 1422173.768748986301944 ], [ -4277778.375428332015872, 1422232.925961441127583 ], [ -4277836.724382162094116, 1422248.753265351988375 ], [ -4277880.55589734762907, 1422260.64268924924545 ], [ -4278181.689172855578363, 1422339.786354125244543 ], [ -4278516.565079607069492, 1422427.798010262893513 ], [ -4278851.414650214836001, 1422515.802858711220324 ], [ -4279185.277735662646592, 1422603.572006857255474 ], [ -4279225.446600145660341, 1422610.982017411617562 ], [ -4279356.600973857566714, 1422643.581511001102626 ], [ -4279520.669334634207189, 1422688.101527564926073 ], [ -4279688.73297639656812, 1422730.174237838247791 ], [ -4279856.523261537775397, 1422772.305016705999151 ], [ -4280024.419494555331767, 1422816.013277136953548 ], [ -4280190.622230808250606, 1422859.280678545124829 ], [ -4280356.677427054382861, 1422902.122195525094867 ], [ -4280514.023045993410051, 1422942.696381650399417 ], [ -4280401.883190096355975, 1423386.35957388440147 ], [ -4280292.09622242860496, 1423824.952243820298463 ], [ -4280175.843198328278959, 1424267.544631700962782 ], [ -4280066.797562292777002, 1424695.351513214875013 ], [ -4279959.558242503553629, 1425118.203828943660483 ], [ -4279857.092458238825202, 1425517.758284417213872 ], [ -4279689.730192279443145, 1426175.529878481989726 ], [ -4279665.545790879055858, 1426268.429196336073801 ], [ -4279618.118663717992604, 1426444.656707275426015 ], [ -4279571.598741396330297, 1426542.978343537077308 ], [ -4279440.606113761663437, 1426767.327064104378223 ], [ -4279128.495653793215752, 1426695.116871383739635 ], [ -4278831.02371446415782, 1426620.259427355602384 ], [ -4278009.468837212771177, 1426410.259853838942945 ], [ -4277862.051928211003542, 1426371.237122136633843 ], [ -4277710.522300643846393, 1426331.1438319880981 ], [ -4277560.467266620136797, 1426295.309136124327779 ], [ -4277407.508941499516368, 1426258.718787529272959 ], [ -4277108.877252102829516, 1426178.39312490914017 ], [ -4276957.811554851941764, 1426140.487311753444374 ], [ -4276830.759280965663493, 1426108.574396638199687 ], [ -4276681.607397106476128, 1426070.262626201845706 ], [ -4276657.383497204631567, 1426064.085529411910102 ], [ -4276508.442005462944508, 1426025.957628298783675 ], [ -4276209.49542080797255, 1425946.841787207406014 ], [ -4276056.315383198671043, 1425908.127177422400564 ], [ -4275898.990893186070025, 1425868.462747364770621 ], [ -4274955.409668682143092, 1425624.113780635409057 ], [ -4274616.714248081669211, 1425535.94183162227273 ], [ -4274427.119356653653085, 1425488.264040654525161 ], [ -4274324.76624792534858, 1425462.382291748886928 ], [ -4274653.059393426403403, 1424157.058965433621779 ], [ -4274753.487112795934081, 1423774.247386115137488 ], [ -4274863.186075737699866, 1423355.831439465051517 ], [ -4274961.528459039516747, 1422962.833407408325002 ], [ -4274957.591324487701058, 1422914.713356648338959 ], [ -4275064.660825389437377, 1422492.517241083085537 ], [ -4275128.719915063120425, 1422242.47728032968007 ], [ -4275292.454597759991884, 1421604.397723440313712 ] ] ] } },
{ "type": "Feature", "properties": { "neighborhood": "Skyland", "total_housing": 1774.0, "total_occupied_housing": 1631.0, "total_vacant_housing": 143.0, "owner_occupied_units": 890.0, "renter_occupied_units": 741.0, "vacant_homes_rented": 0.0, "vacant_homes_sold": 84.0, "vacant_homes_seasonal": 0.0, "population": 3224.0, "median_gross_rent": 1871.0, "median_home_value": 672085.0, "median_household_income": 110166.0, "total_listings": 47, "pct_entire_home": 85.11, "avg_price": 346.08, "avg_bedrooms": 2.17, "avg_price_per_bedroom": 143.88, "avg_estimated_annual_revenue": 29080.51, "estimated_total_annual_revenue": 1075979.0, "total_hosts": 43, "hobbyist_hosts": 38, "small_business_hosts": 2, "commercial_hosts": 3 }, "geometry": { "type": "Polygon", "coordinates": [ [ [ -4276282.630360748618841, 1417751.405059923650697 ], [ -4276759.293013644404709, 1417908.946629696758464 ], [ -4276987.399008247070014, 1417971.428784447489306 ], [ -4277665.198671934194863, 1418143.229458085028455 ], [ -4278572.417075663805008, 1418376.363533614203334 ], [ -4278790.850963877514005, 1418432.49622447649017 ], [ -4280054.715262516401708, 1418757.280672834953293 ], [ -4280175.97994624171406, 1418782.649653500178829 ], [ -4280273.555986877530813, 1418799.785199501086026 ], [ -4280657.917287101969123, 1418846.502231121528894 ], [ -4280826.38989161234349, 1418865.174207832664251 ], [ -4280998.794785971753299, 1418881.640867681708187 ], [ -4281144.588039238937199, 1418891.179599764291197 ], [ -4281259.609594232402742, 1418903.815636271378025 ], [ -4281380.262988955713809, 1418926.571451315889135 ], [ -4281528.793852462433279, 1418963.300854100147262 ], [ -4281417.535148862749338, 1419403.577553241979331 ], [ -4281306.2764888163656, 1419843.854156384011731 ], [ -4281190.23394013941288, 1420286.630815192125738 ], [ -4281077.127321424894035, 1420733.013334934366867 ], [ -4280967.015373196452856, 1421173.84669864969328 ], [ -4280854.200637402012944, 1421615.138656796887517 ], [ -4280739.765516001731157, 1422054.717228077817708 ], [ -4280627.23904094658792, 1422503.833800457883626 ], [ -4280514.023045993410051, 1422942.696381650399417 ], [ -4280356.677427054382861, 1422902.122195525094867 ], [ -4280190.622230808250606, 1422859.280678545124829 ], [ -4280024.419494555331767, 1422816.013277136953548 ], [ -4279856.523261537775397, 1422772.305016705999151 ], [ -4279688.73297639656812, 1422730.174237838247791 ], [ -4279520.669334634207189, 1422688.101527564926073 ], [ -4279356.600973857566714, 1422643.581511001102626 ], [ -4279225.446600145660341, 1422610.982017411617562 ], [ -4279185.277735662646592, 1422603.572006857255474 ], [ -4278851.414650214836001, 1422515.802858711220324 ], [ -4278516.565079607069492, 1422427.798010262893513 ], [ -4278181.689172855578363, 1422339.786354125244543 ], [ -4277880.55589734762907, 1422260.64268924924545 ], [ -4277836.724382162094116, 1422248.753265351988375 ], [ -4277778.375428332015872, 1422232.925961441127583 ], [ -4277568.286841625347733, 1422173.768748986301944 ], [ -4277513.810013297013938, 1422160.093012690311298 ], [ -4277207.841326724737883, 1422083.283372733974829 ], [ -4277178.398228816688061, 1422075.859872844070196 ], [ -4277071.662834150716662, 1422048.948560885619372 ], [ -4276843.210471198894083, 1421989.476339519023895 ], [ -4276741.499568048864603, 1421962.997973492834717 ], [ -4276575.081836964935064, 1421919.674526633694768 ], [ -4276507.128782047890127, 1421901.984511142596602 ], [ -4276456.991113582625985, 1421884.467084077186882 ], [ -4276383.897181856445968, 1421856.508314861683175 ], [ -4276300.707396215759218, 1421815.874911436345428 ], [ -4276233.972409282810986, 1421780.641399099258706 ], [ -4276168.239740538410842, 1421750.133851237362251 ], [ -4276109.509579608216882, 1421727.030925618717447 ], [ -4276052.326102530583739, 1421706.562963559292257 ], [ -4276004.236251650378108, 1421694.043829756556079 ], [ -4275949.873614196665585, 1421679.891714865807444 ], [ -4275895.238953971303999, 1421666.785104923415929 ], [ -4275845.516091511584818, 1421660.538581501226872 ], [ -4275786.384035906754434, 1421651.842677479377016 ], [ -4275715.164930753409863, 1421646.697697083232924 ], [ -4275596.49972412455827, 1421643.712966723134741 ], [ -4275507.737309252843261, 1421637.349840638926253 ], [ -4275451.741779489442706, 1421629.470466339727864 ], [ -4275331.243750325404108, 1421608.830680942861363 ], [ -4275292.454597759991884, 1421604.397723440313712 ], [ -4275306.621333583258092, 1421548.898093005875126 ], [ -4275454.118173891678452, 1420975.652588078984991 ], [ -4275624.747767981141806, 1420312.272813559975475 ], [ -4275787.127082076855004, 1419680.585293271811679 ], [ -4275835.840581058524549, 1419490.484787791036069 ], [ -4275922.76134424097836, 1419152.62574111437425 ], [ -4275954.040984960272908, 1419031.478935836814344 ], [ -4275976.072404311969876, 1418944.864572984166443 ], [ -4276119.295812424272299, 1418387.75275087938644 ], [ -4276282.630360748618841, 1417751.405059923650697 ] ] ] } },
{ "type": "Feature", "properties": { "neighborhood": "Cole", "total_housing": 2020.0, "total_occupied_housing": 1820.0, "total_vacant_housing": 200.0, "owner_occupied_units": 981.0, "renter_occupied_units": 839.0, "vacant_homes_rented": 0.0, "vacant_homes_sold": 0.0, "vacant_homes_seasonal": 0.0, "population": 4483.0, "median_gross_rent": 2001.0, "median_home_value": 611476.0, "median_household_income": 100365.0, "total_listings": 105, "pct_entire_home": 71.43, "avg_price": 258.99, "avg_bedrooms": 1.82, "avg_price_per_bedroom": 143.72, "avg_estimated_annual_revenue": 28968.55, "estimated_total_annual_revenue": 2780981.0, "total_hosts": 75, "hobbyist_hosts": 58, "small_business_hosts": 14, "commercial_hosts": 3 }, "geometry": { "type": "Polygon", "coordinates": [ [ [ -4280514.023045993410051, 1422942.696381650399417 ], [ -4280681.11942179966718, 1422984.517252448480576 ], [ -4280849.183108543045819, 1423026.590082106878981 ], [ -4281016.005555326119065, 1423068.468898531515151 ], [ -4281186.246573054231703, 1423111.108641585567966 ], [ -4281353.774931995198131, 1423155.237747510895133 ], [ -4281521.061297456733882, 1423199.303938405588269 ], [ -4281699.643661499023438, 1423244.631852117367089 ], [ -4281867.065977430902421, 1423287.183481446700171 ], [ -4282036.423865789547563, 1423330.239004800794646 ], [ -4282203.877664683386683, 1423372.669772055000067 ], [ -4282372.015721699222922, 1423416.441089767031372 ], [ -4282537.008831806480885, 1423459.393691788660362 ], [ -4282708.701332717202604, 1423502.411385637009516 ], [ -4282875.07154125161469, 1423544.04321492370218 ], [ -4283545.140222084708512, 1423715.769802910508588 ], [ -4283710.912063318304718, 1423759.700129358563572 ], [ -4283881.007013509050012, 1423804.885122086154297 ], [ -4284043.622266107238829, 1423846.056275467155501 ], [ -4284090.998271989636123, 1423859.552161605097353 ], [ -4284211.178057293407619, 1423902.979693347588181 ], [ -4284178.631778958253562, 1424035.937616479350254 ], [ -4284101.658100392669439, 1424329.629980949917808 ], [ -4284051.89206072781235, 1424518.810572741320357 ], [ -4284016.092376134358346, 1424665.258280326146632 ], [ -4283990.032845112495124, 1424773.297942192293704 ], [ -4283929.93511463701725, 1424996.212138190632686 ], [ -4283871.917016469873488, 1425214.113806667504832 ], [ -4283865.515995427034795, 1425242.670942319557071 ], [ -4283848.106443834491074, 1425318.476483417442068 ], [ -4283815.497624008916318, 1425473.504604519112036 ], [ -4283771.316859921440482, 1425643.215132126118988 ], [ -4283751.487896417267621, 1425718.390819553518668 ], [ -4283683.625079069286585, 1425976.094168012961745 ], [ -4283663.202443935908377, 1426062.481459894916043 ], [ -4283572.380694944411516, 1426424.252584428526461 ], [ -4283082.580105978064239, 1426718.063448856351897 ], [ -4282334.584714191965759, 1427160.228467342210934 ], [ -4281911.414504366926849, 1427401.510038669221103 ], [ -4281221.946357076987624, 1427216.983716952614486 ], [ -4280885.179547794163227, 1427136.288233044790104 ], [ -4279440.606113761663437, 1426767.327064104378223 ], [ -4279571.598741396330297, 1426542.978343537077308 ], [ -4279618.118663717992604, 1426444.656707275426015 ], [ -4279665.545790879055858, 1426268.429196336073801 ], [ -4279689.730192279443145, 1426175.529878481989726 ], [ -4279857.092458238825202, 1425517.758284417213872 ], [ -4279959.558242503553629, 1425118.203828943660483 ], [ -4280066.797562292777002, 1424695.351513214875013 ], [ -4280175.843198328278959, 1424267.544631700962782 ], [ -4280292.09622242860496, 1423824.952243820298463 ], [ -4280401.883190096355975, 1423386.35957388440147 ], [ -4280514.023045993410051, 1422942.696381650399417 ] ] ] } },
{ "type": "Feature", "properties": { "neighborhood": "City Park West", "total_housing": 3821.0, "total_occupied_housing": 3574.0, "total_vacant_housing": 247.0, "owner_occupied_units": 1017.0, "renter_occupied_units": 2557.0, "vacant_homes_rented": 0.0, "vacant_homes_sold": 0.0, "vacant_homes_seasonal": 0.0, "population": 5780.0, "median_gross_rent": 1642.0, "median_home_value": 746136.0, "median_household_income": 88159.0, "total_listings": 114, "pct_entire_home": 77.19, "avg_price": 240.09, "avg_bedrooms": 1.77, "avg_price_per_bedroom": 147.2, "avg_estimated_annual_revenue": 29540.08, "estimated_total_annual_revenue": 3042628.0, "total_hosts": 80, "hobbyist_hosts": 56, "small_business_hosts": 13, "commercial_hosts": 11 }, "geometry": { "type": "Polygon", "coordinates": [ [ [ -4282494.91563440207392, 1415176.731224061688408 ], [ -4282664.063463877886534, 1415219.60306062689051 ], [ -4282830.760394977405667, 1415261.965899384114891 ], [ -4282999.140867109410465, 1415305.800265516620129 ], [ -4283163.892243600450456, 1415348.689879000885412 ], [ -4283331.104577925987542, 1415391.05772782326676 ], [ -4283498.769102382473648, 1415433.672318647848442 ], [ -4283677.794254348613322, 1415480.27783813723363 ], [ -4283852.464690326713026, 1415525.749704932793975 ], [ -4284019.877326895482838, 1415569.332159951096401 ], [ -4284185.596499085426331, 1415612.473763394635171 ], [ -4284352.946134299039841, 1415656.298223499441519 ], [ -4284523.4094577729702, 1415701.062368334736675 ], [ -4284691.378903232514858, 1415743.498226659372449 ], [ -4284858.685564760118723, 1415785.503158315317705 ], [ -4285191.630022692494094, 1415875.924255724996328 ], [ -4285315.022141689434648, 1415907.013648110441864 ], [ -4285361.566313683055341, 1415918.743023584596813 ], [ -4285491.490466283634305, 1415951.532905389089137 ], [ -4285628.272972178645432, 1415986.754101698985323 ], [ -4285788.101543794386089, 1416027.716399739263579 ], [ -4285858.838275485672057, 1416045.743831091094762 ], [ -4286026.683286089450121, 1416091.634686649544165 ], [ -4286090.846658526919782, 1416109.113216309109703 ], [ -4286206.285254849120975, 1416135.032227918040007 ], [ -4286055.064406387507915, 1416706.982711197575554 ], [ -4285961.740110841579735, 1417070.428076180396602 ], [ -4285910.632953675463796, 1417269.721871196292341 ], [ -4285861.948968700133264, 1417456.730512468609959 ], [ -4285769.197690314613283, 1417829.882858344819397 ], [ -4285745.084074502810836, 1417918.538475378183648 ], [ -4285663.10363479796797, 1418219.391538337105885 ], [ -4285564.169909873045981, 1418577.918611922068521 ], [ -4285512.417077916674316, 1418777.112450010841712 ], [ -4285459.281917261891067, 1418985.358350404538214 ], [ -4285443.699250966310501, 1419072.271832252386957 ], [ -4285344.165038008242846, 1419466.519802389666438 ], [ -4285231.938277464359999, 1419906.544389464426786 ], [ -4285061.823082934133708, 1419863.420712555292994 ], [ -4284892.949037780053914, 1419820.49104099906981 ], [ -4284725.610979619435966, 1419778.606982639292255 ], [ -4284555.885300362482667, 1419735.972176102222875 ], [ -4284391.259900011122227, 1419692.598700321745127 ], [ -4284222.037988747470081, 1419648.028490381548181 ], [ -4284054.615599351003766, 1419605.47668965975754 ], [ -4283888.37115406896919, 1419563.360811978345737 ], [ -4283720.232867553830147, 1419519.589412308530882 ], [ -4283548.949471500702202, 1419474.999254693510011 ], [ -4283382.252884151414037, 1419432.636525702895597 ], [ -4283212.13776383176446, 1419389.512855953769758 ], [ -4283044.915636837482452, 1419348.175739682978019 ], [ -4282875.758180689997971, 1419306.334731789771467 ], [ -4282707.609798333607614, 1419263.594087113393471 ], [ -4282532.929579867050052, 1419219.152945095673203 ], [ -4282365.591483738273382, 1419177.269036736339331 ], [ -4282198.737381302751601, 1419135.511152375489473 ], [ -4282031.208805375732481, 1419091.381845580646768 ], [ -4281863.953780836425722, 1419047.194667808245867 ], [ -4281695.648066530935466, 1419005.058889446314424 ], [ -4281528.793852462433279, 1418963.300854100147262 ], [ -4281640.43881069868803, 1418517.571010199841112 ], [ -4281754.693691867403686, 1418074.71602059295401 ], [ -4281872.638778259046376, 1417629.592784749111161 ], [ -4282068.753558406606317, 1416864.351780065335333 ], [ -4282202.040859137661755, 1416331.518335232045501 ], [ -4282347.577894689515233, 1415751.630166060524061 ], [ -4282494.91563440207392, 1415176.731224061688408 ] ] ] } },
{ "type": "Feature", "properties": { "neighborhood": "Whittier", "total_housing": 2251.0, "total_occupied_housing": 2083.0, "total_vacant_housing": 168.0, "owner_occupied_units": 1058.0, "renter_occupied_units": 1025.0, "vacant_homes_rented": 45.0, "vacant_homes_sold": 25.0, "vacant_homes_seasonal": 0.0, "population": 4389.0, "median_gross_rent": 1227.0, "median_home_value": 780773.0, "median_household_income": 145656.0, "total_listings": 108, "pct_entire_home": 82.41, "avg_price": 264.19, "avg_bedrooms": 1.93, "avg_price_per_bedroom": 127.1, "avg_estimated_annual_revenue": 34169.3, "estimated_total_annual_revenue": 3041068.0, "total_hosts": 90, "hobbyist_hosts": 67, "small_business_hosts": 14, "commercial_hosts": 9 }, "geometry": { "type": "Polygon", "coordinates": [ [ [ -4281528.793852462433279, 1418963.300854100147262 ], [ -4281695.648066530935466, 1419005.058889446314424 ], [ -4281863.953780836425722, 1419047.194667808245867 ], [ -4282031.208805375732481, 1419091.381845580646768 ], [ -4282198.737381302751601, 1419135.511152375489473 ], [ -4282365.591483738273382, 1419177.269036736339331 ], [ -4282532.929579867050052, 1419219.152945095673203 ], [ -4282707.609798333607614, 1419263.594087113393471 ], [ -4282875.758180689997971, 1419306.334731789771467 ], [ -4283044.915636837482452, 1419348.175739682978019 ], [ -4283212.13776383176446, 1419389.512855953769758 ], [ -4283382.252884151414037, 1419432.636525702895597 ], [ -4283548.949471500702202, 1419474.999254693510011 ], [ -4283720.232867553830147, 1419519.589412308530882 ], [ -4283888.37115406896919, 1419563.360811978345737 ], [ -4284054.615599351003766, 1419605.47668965975754 ], [ -4284222.037988747470081, 1419648.028490381548181 ], [ -4284391.259900011122227, 1419692.598700321745127 ], [ -4284555.885300362482667, 1419735.972176102222875 ], [ -4284725.610979619435966, 1419778.606982639292255 ], [ -4284892.949037780053914, 1419820.49104099906981 ], [ -4285061.823082934133708, 1419863.420712555292994 ], [ -4285231.938277464359999, 1419906.544389464426786 ], [ -4285120.576156655326486, 1420351.185536986449733 ], [ -4285009.327182784676552, 1420790.431249947519973 ], [ -4284889.204828240908682, 1421256.815727461827919 ], [ -4284855.302905385382473, 1421392.00398444198072 ], [ -4284839.128473709337413, 1421456.119261694373563 ], [ -4284822.726474417373538, 1421528.054160264786333 ], [ -4284782.710940227843821, 1421677.79591191932559 ], [ -4284725.748024556785822, 1421902.559714211616665 ], [ -4284671.640746962279081, 1422117.346556808799505 ], [ -4284602.92763939499855, 1422378.316100931959227 ], [ -4284555.176977294497192, 1422559.75506927468814 ], [ -4284434.770680766552687, 1423005.399691046448424 ], [ -4284356.266120604239404, 1423328.787961362162605 ], [ -4284327.246591632254422, 1423448.198086590273306 ], [ -4284294.367156275548041, 1423587.397865673759952 ], [ -4284236.013986573554575, 1423808.570865634363145 ], [ -4284211.178057293407619, 1423902.979693347588181 ], [ -4284090.998271989636123, 1423859.552161605097353 ], [ -4284043.622266107238829, 1423846.056275467155501 ], [ -4283881.007013509050012, 1423804.885122086154297 ], [ -4283710.912063318304718, 1423759.700129358563572 ], [ -4283545.140222084708512, 1423715.769802910508588 ], [ -4282875.07154125161469, 1423544.04321492370218 ], [ -4282708.701332717202604, 1423502.411385637009516 ], [ -4282537.008831806480885, 1423459.393691788660362 ], [ -4282372.015721699222922, 1423416.441089767031372 ], [ -4282203.877664683386683, 1423372.669772055000067 ], [ -4282036.423865789547563, 1423330.239004800794646 ], [ -4281867.065977430902421, 1423287.183481446700171 ], [ -4281699.643661499023438, 1423244.631852117367089 ], [ -4281521.061297456733882, 1423199.303938405588269 ], [ -4281353.774931995198131, 1423155.237747510895133 ], [ -4281186.246573054231703, 1423111.108641585567966 ], [ -4281016.005555326119065, 1423068.468898531515151 ], [ -4280849.183108543045819, 1423026.590082106878981 ], [ -4280681.11942179966718, 1422984.517252448480576 ], [ -4280514.023045993410051, 1422942.696381650399417 ], [ -4280627.23904094658792, 1422503.833800457883626 ], [ -4280739.765516001731157, 1422054.717228077817708 ], [ -4280854.200637402012944, 1421615.138656796887517 ], [ -4280967.015373196452856, 1421173.84669864969328 ], [ -4281077.127321424894035, 1420733.013334934366867 ], [ -4281190.23394013941288, 1420286.630815192125738 ], [ -4281306.2764888163656, 1419843.854156384011731 ], [ -4281417.535148862749338, 1419403.577553241979331 ], [ -4281528.793852462433279, 1418963.300854100147262 ] ] ] } },
{ "type": "Feature", "properties": { "neighborhood": "Capitol Hill", "total_housing": 10680.0, "total_occupied_housing": 10129.0, "total_vacant_housing": 551.0, "owner_occupied_units": 2720.0, "renter_occupied_units": 7409.0, "vacant_homes_rented": 0.0, "vacant_homes_sold": 0.0, "vacant_homes_seasonal": 0.0, "population": 13938.0, "median_gross_rent": 1564.0, "median_home_value": 427395.0, "median_household_income": 82617.0, "total_listings": 137, "pct_entire_home": 82.48, "avg_price": 167.46, "avg_bedrooms": 1.48, "avg_price_per_bedroom": 111.03, "avg_estimated_annual_revenue": 21642.97, "estimated_total_annual_revenue": 2640442.0, "total_hosts": 97, "hobbyist_hosts": 62, "small_business_hosts": 23, "commercial_hosts": 12 }, "geometry": { "type": "Polygon", "coordinates": [ [ [ -4286206.285254849120975, 1416135.032227918040007 ], [ -4286090.846658526919782, 1416109.113216309109703 ], [ -4286137.370801765471697, 1415935.362421345897019 ], [ -4286245.262513513676822, 1415532.827874477021396 ], [ -4286379.125701396726072, 1414993.815221842145547 ], [ -4286530.780906214378774, 1414386.45821244828403 ], [ -4286655.234232725575566, 1413873.669372865697369 ], [ -4286804.37615832220763, 1413287.873722383752465 ], [ -4286938.95168174803257, 1412722.309850078774616 ], [ -4287058.843332028947771, 1412235.973448689794168 ], [ -4287220.876549559645355, 1411602.644164938246831 ], [ -4287375.50868980679661, 1411641.737136205425486 ], [ -4287532.591703111305833, 1411681.338925714604557 ], [ -4287851.206748561002314, 1411761.313424305059016 ], [ -4288166.918773415498435, 1411840.532129512401298 ], [ -4288482.102356400340796, 1411914.834372602635995 ], [ -4288812.530303710140288, 1411999.046490865992382 ], [ -4288971.865156410261989, 1412040.913759851362556 ], [ -4289130.021837551146746, 1412082.345097135053948 ], [ -4289457.745603014715016, 1412164.045075357658789 ], [ -4289623.907250717282295, 1412208.464620496612042 ], [ -4289790.763204053975642, 1412253.193938508396968 ], [ -4289957.83956830855459, 1412297.076526886085048 ], [ -4290133.141537068411708, 1412343.100444660056382 ], [ -4290479.829968264326453, 1412429.350341035751626 ], [ -4290822.574631737545133, 1412515.864863265771419 ], [ -4291167.770056406967342, 1412602.888560271356255 ], [ -4291001.323077826760709, 1413244.239180034724995 ], [ -4290879.040243715979159, 1413723.882361229043454 ], [ -4290736.195759172551334, 1414285.485363710438833 ], [ -4290576.942257256247103, 1414925.996075617149472 ], [ -4290446.905283410102129, 1415420.54052015976049 ], [ -4290302.219893909059465, 1415981.276544885709882 ], [ -4290165.547927781939507, 1416540.998856005026028 ], [ -4290054.339347690343857, 1416957.265030341688544 ], [ -4290017.501643689349294, 1417097.596298682270572 ], [ -4290008.548616107553244, 1417130.683169187745079 ], [ -4289699.791526881046593, 1417054.769595033954829 ], [ -4289670.836513302288949, 1417028.307118854252622 ], [ -4289492.169402468018234, 1416982.311083967564628 ], [ -4289322.453528076410294, 1416938.645416888874024 ], [ -4289150.580237444490194, 1416892.351510880980641 ], [ -4288977.013534089550376, 1416845.616916220169514 ], [ -4288809.503390618599951, 1416796.454940961906686 ], [ -4288636.347495766356587, 1416751.118812880944461 ], [ -4288473.006216879934072, 1416709.758467830484733 ], [ -4288302.375594317913055, 1416666.629808516474441 ], [ -4288137.319178463891149, 1416623.918802589643747 ], [ -4287978.100613130256534, 1416582.598407484125346 ], [ -4287820.638357862830162, 1416541.477094138041139 ], [ -4287660.24160214420408, 1416499.720920318504795 ], [ -4287514.338906272314489, 1416460.833826396847144 ], [ -4287360.725956989452243, 1416419.810432519065216 ], [ -4287043.456886011175811, 1416338.636453582672402 ], [ -4286939.146878808736801, 1416315.614507323363796 ], [ -4286760.965024930424988, 1416272.715779282152653 ], [ -4286727.421764827333391, 1416264.629252670099959 ], [ -4286583.171091808006167, 1416227.334678702056408 ], [ -4286408.742607201449573, 1416181.925674177473411 ], [ -4286206.285254849120975, 1416135.032227918040007 ] ] ] } },
{ "type": "Feature", "properties": { "neighborhood": "North Capitol Hill", "total_housing": 4204.0, "total_occupied_housing": 3750.0, "total_vacant_housing": 454.0, "owner_occupied_units": 677.0, "renter_occupied_units": 3073.0, "vacant_homes_rented": 26.0, "vacant_homes_sold": 0.0, "vacant_homes_seasonal": 0.0, "population": 5591.0, "median_gross_rent": 2005.0, "median_home_value": 586015.0, "median_household_income": 100351.0, "total_listings": 53, "pct_entire_home": 90.57, "avg_price": 244.48, "avg_bedrooms": 1.76, "avg_price_per_bedroom": 120.69, "avg_estimated_annual_revenue": 26508.51, "estimated_total_annual_revenue": 1033832.0, "total_hosts": 46, "hobbyist_hosts": 34, "small_business_hosts": 8, "commercial_hosts": 4 }, "geometry": { "type": "Polygon", "coordinates": [ [ [ -4285861.948968700133264, 1417456.730512468609959 ], [ -4285910.632953675463796, 1417269.721871196292341 ], [ -4285961.740110841579735, 1417070.428076180396602 ], [ -4286055.064406387507915, 1416706.982711197575554 ], [ -4286206.285254849120975, 1416135.032227918040007 ], [ -4286408.742607201449573, 1416181.925674177473411 ], [ -4286583.171091808006167, 1416227.334678702056408 ], [ -4286727.421764827333391, 1416264.629252670099959 ], [ -4286760.965024930424988, 1416272.715779282152653 ], [ -4286939.146878808736801, 1416315.614507323363796 ], [ -4287043.456886011175811, 1416338.636453582672402 ], [ -4287360.725956989452243, 1416419.810432519065216 ], [ -4287514.338906272314489, 1416460.833826396847144 ], [ -4287660.24160214420408, 1416499.720920318504795 ], [ -4287820.638357862830162, 1416541.477094138041139 ], [ -4287978.100613130256534, 1416582.598407484125346 ], [ -4288137.319178463891149, 1416623.918802589643747 ], [ -4288302.375594317913055, 1416666.629808516474441 ], [ -4288473.006216879934072, 1416709.758467830484733 ], [ -4288636.347495766356587, 1416751.118812880944461 ], [ -4288809.503390618599951, 1416796.454940961906686 ], [ -4288977.013534089550376, 1416845.616916220169514 ], [ -4289150.580237444490194, 1416892.351510880980641 ], [ -4289322.453528076410294, 1416938.645416888874024 ], [ -4289492.169402468018234, 1416982.311083967564628 ], [ -4289670.836513302288949, 1417028.307118854252622 ], [ -4289699.791526881046593, 1417054.769595033954829 ], [ -4290008.548616107553244, 1417130.683169187745079 ], [ -4289940.238135658204556, 1417393.573119476437569 ], [ -4289888.23645019903779, 1417613.170609530294314 ], [ -4289870.92279137391597, 1417691.58459810889326 ], [ -4289848.934137017466128, 1417784.07566272909753 ], [ -4289827.432030351832509, 1417874.520360269350931 ], [ -4289742.897085409611464, 1418172.798625349765643 ], [ -4289713.229897017590702, 1418277.478491259040311 ], [ -4289592.547132744453847, 1418801.581402217969298 ], [ -4289568.640004123561084, 1418881.507897232891992 ], [ -4289532.408401625230908, 1419024.23390781506896 ], [ -4289490.723409445956349, 1419188.442001033807173 ], [ -4289467.392905799672008, 1419280.34730044612661 ], [ -4289421.740250271745026, 1419451.741476280614734 ], [ -4289394.237660043872893, 1419555.401602175086737 ], [ -4289360.660490585491061, 1419691.326398963807151 ], [ -4289329.706092894077301, 1419707.114335665246472 ], [ -4289291.768038785085082, 1419735.825161856366321 ], [ -4288992.694615001790226, 1419661.011970555409789 ], [ -4288875.592700895853341, 1419631.559897037222981 ], [ -4288841.620627732947469, 1419648.935669536702335 ], [ -4288817.687956683337688, 1419635.374029955128208 ], [ -4288790.515333571471274, 1419624.278415746521205 ], [ -4288748.427983463741839, 1419609.811548983445391 ], [ -4288714.345530027523637, 1419598.306104895658791 ], [ -4288673.072172556072474, 1419586.869784158654511 ], [ -4288649.022020016796887, 1419582.033668786287308 ], [ -4288624.242657453753054, 1419575.288400838850066 ], [ -4288475.433849383145571, 1419541.335559070808813 ], [ -4288398.827859132550657, 1419522.038584284018725 ], [ -4288304.980751524679363, 1419495.540624904911965 ], [ -4288177.953684078529477, 1419463.221933212596923 ], [ -4288130.058551796711981, 1419451.036245283437893 ], [ -4287956.345937951467931, 1419406.846898312447593 ], [ -4287786.756122962571681, 1419362.697454538429156 ], [ -4287620.069404979236424, 1419319.303783573210239 ], [ -4287296.876842848956585, 1419233.100196940591559 ], [ -4286980.196154156699777, 1419150.658536639530212 ], [ -4286882.942054120823741, 1419125.340327807003632 ], [ -4286841.957780254073441, 1419106.146239443682134 ], [ -4286834.625493255443871, 1419102.558377732057124 ], [ -4286710.13229257427156, 1418869.304093130864203 ], [ -4286596.665499610826373, 1418686.96815332910046 ], [ -4286492.366686803288758, 1418519.030730730155483 ], [ -4286422.710876377299428, 1418399.392482001567259 ], [ -4286147.13704670779407, 1417926.076129393652081 ], [ -4285984.206980678252876, 1417657.887611966114491 ], [ -4285861.948968700133264, 1417456.730512468609959 ] ] ] } },
{ "type": "Feature", "properties": { "neighborhood": "Civic Center", "total_housing": 2890.0, "total_occupied_housing": 2688.0, "total_vacant_housing": 202.0, "owner_occupied_units": 408.0, "renter_occupied_units": 2280.0, "vacant_homes_rented": 0.0, "vacant_homes_sold": 0.0, "vacant_homes_seasonal": 0.0, "population": 4289.0, "median_gross_rent": 2466.0, "median_home_value": 878510.0, "median_household_income": 93736.0, "total_listings": 42, "pct_entire_home": 97.62, "avg_price": 284.57, "avg_bedrooms": 1.43, "avg_price_per_bedroom": 189.71, "avg_estimated_annual_revenue": 19788.15, "estimated_total_annual_revenue": 791526.0, "total_hosts": 16, "hobbyist_hosts": 9, "small_business_hosts": 3, "commercial_hosts": 4 }, "geometry": { "type": "Polygon", "coordinates": [ [ [ -4290008.548616107553244, 1417130.683169187745079 ], [ -4290017.501643689349294, 1417097.596298682270572 ], [ -4290054.339347690343857, 1416957.265030341688544 ], [ -4290165.547927781939507, 1416540.998856005026028 ], [ -4290302.219893909059465, 1415981.276544885709882 ], [ -4290446.905283410102129, 1415420.54052015976049 ], [ -4290576.942257256247103, 1414925.996075617149472 ], [ -4290736.195759172551334, 1414285.485363710438833 ], [ -4290879.040243715979159, 1413723.882361229043454 ], [ -4291001.323077826760709, 1413244.239180034724995 ], [ -4291167.770056406967342, 1412602.888560271356255 ], [ -4291199.766780104488134, 1412486.330589830409735 ], [ -4291223.888207456097007, 1412514.544167187297717 ], [ -4291278.303221118636429, 1412578.19108315045014 ], [ -4291346.997249164618552, 1412653.680026754038408 ], [ -4291399.782497274689376, 1412715.857083652401343 ], [ -4291449.656166339293122, 1412781.279966342961416 ], [ -4291479.296667251735926, 1412829.165466970764101 ], [ -4291490.860662664286792, 1412840.313044120557606 ], [ -4291504.842300218529999, 1412849.11936107953079 ], [ -4291528.662982154637575, 1412868.753345444565639 ], [ -4291542.122411530464888, 1412884.527482313336805 ], [ -4291563.683219892904162, 1412927.726422972744331 ], [ -4291601.440704446285963, 1412992.061691941926256 ], [ -4291626.352578152902424, 1413027.349979181075469 ], [ -4291646.939759456552565, 1413058.412484955042601 ], [ -4291664.441844674758613, 1413082.472118300618604 ], [ -4291675.062613034620881, 1413100.219651274383068 ], [ -4291683.85537127405405, 1413122.011974292807281 ], [ -4291696.023581412620842, 1413142.745650797151029 ], [ -4291713.667725530453026, 1413177.1751106409356 ], [ -4291725.323582631535828, 1413203.845906545640901 ], [ -4291734.239880294539034, 1413241.040640002815053 ], [ -4291743.898889928124845, 1413270.420614594593644 ], [ -4291752.943706819787621, 1413291.245290611172095 ], [ -4291766.534982180222869, 1413318.420011820038781 ], [ -4291778.412745983339846, 1413347.215183207532391 ], [ -4291787.677940844558179, 1413367.193038092693314 ], [ -4291822.237812904641032, 1413451.749208834953606 ], [ -4291830.778797192499042, 1413474.509233199292794 ], [ -4291840.671173576265574, 1413507.954005109844729 ], [ -4291850.029754134826362, 1413546.426367033040151 ], [ -4291862.233014065772295, 1413594.809471574146301 ], [ -4291871.803527525626123, 1413636.436707644723356 ], [ -4291888.255426169373095, 1413684.376137401442975 ], [ -4291899.035613687708974, 1413726.318289097864181 ], [ -4291917.186971478164196, 1413786.58280644309707 ], [ -4291928.894889838993549, 1413832.899668834172189 ], [ -4291951.884781359694898, 1413894.423826518701389 ], [ -4291963.578239571303129, 1413932.858152547152713 ], [ -4291976.051804516464472, 1413975.241123302606866 ], [ -4291997.238263410516083, 1414047.662048870231956 ], [ -4292012.636561343446374, 1414091.710535584716126 ], [ -4292026.413326632231474, 1414152.902888031909242 ], [ -4292037.445376724936068, 1414193.877263942034915 ], [ -4292045.316515972837806, 1414223.179355900269002 ], [ -4292056.098091926425695, 1414268.092569920001552 ], [ -4292065.578647127375007, 1414318.995959755266085 ], [ -4292076.1468973653391, 1414357.783156865509227 ], [ -4292083.438175640068948, 1414384.351053276564926 ], [ -4292095.807409442029893, 1414428.127610089024529 ], [ -4292115.138385619036853, 1414491.799236304825172 ], [ -4292134.419401366263628, 1414560.623993123415858 ], [ -4292151.019321183674037, 1414630.817551649874076 ], [ -4292164.064201002940536, 1414679.936551815830171 ], [ -4292190.252652571536601, 1414764.896585726179183 ], [ -4292207.396363548003137, 1414829.031965857604519 ], [ -4292219.064193718135357, 1414879.471521714702249 ], [ -4292233.338830878026783, 1414926.843983368948102 ], [ -4292251.904034517705441, 1414994.449368133209646 ], [ -4292252.18408512044698, 1414995.572917810175568 ], [ -4292263.40149203594774, 1415040.582284544361755 ], [ -4292277.932417610660195, 1415095.900310305412859 ], [ -4292289.217982824891806, 1415138.878192801959813 ], [ -4292293.888100272975862, 1415160.630447164177895 ], [ -4292302.182986807078123, 1415196.242573120864108 ], [ -4292324.629005882889032, 1415263.824837998719886 ], [ -4292334.56144608836621, 1415293.146990479202941 ], [ -4292350.568957721814513, 1415377.523127534193918 ], [ -4292358.440043092705309, 1415406.825106277829036 ], [ -4292366.357032291591167, 1415443.888825557893142 ], [ -4292378.782182791270316, 1415494.396288269199431 ], [ -4292393.856963840313256, 1415543.656170673668385 ], [ -4292407.793690050020814, 1415588.357572149252519 ], [ -4292425.811664594337344, 1415634.250543495407328 ], [ -4292432.890975371934474, 1415657.663307241629809 ], [ -4292438.236884218640625, 1415684.758022892056033 ], [ -4292445.941891677677631, 1415718.666684495983645 ], [ -4292471.712491889484227, 1415809.201035824837163 ], [ -4292483.924126215279102, 1415853.5823373880703 ], [ -4292497.608860567212105, 1415899.251400701003149 ], [ -4292511.464107542298734, 1415949.227062246529385 ], [ -4292522.294210253283381, 1415986.015813838457689 ], [ -4292543.164304776117206, 1416056.675144480075687 ], [ -4292559.300200996920466, 1416124.681433782912791 ], [ -4292576.26203190907836, 1416182.569579943316057 ], [ -4292589.623436375521123, 1416233.450017238035798 ], [ -4292606.539138501510024, 1416283.576704532373697 ], [ -4292613.750307985581458, 1416318.390047591179609 ], [ -4292622.798520488664508, 1416366.98505854816176 ], [ -4292632.78442329633981, 1416418.924257712904364 ], [ -4292644.108362047933042, 1416454.808303289115429 ], [ -4292656.188163412734866, 1416487.789177918806672 ], [ -4292707.821141234599054, 1416684.380972191691399 ], [ -4292720.951957793906331, 1416737.138738765614107 ], [ -4292734.344813193194568, 1416787.898267855634913 ], [ -4292763.196408323943615, 1416898.350407571531832 ], [ -4292791.452063925564289, 1416995.214772308943793 ], [ -4292811.034988891333342, 1417057.918381793657318 ], [ -4292820.428788252174854, 1417085.941742472117767 ], [ -4292824.411781583912671, 1417097.824258001288399 ], [ -4292839.698649953119457, 1417150.239288798766211 ], [ -4292842.784671237692237, 1417200.898628812516108 ], [ -4292876.591144685633481, 1417272.471780779538676 ], [ -4292889.718638941645622, 1417297.459149988600984 ], [ -4292893.933226585388184, 1417313.022312248358503 ], [ -4292903.189933643676341, 1417337.002011065138504 ], [ -4292909.553402416408062, 1417359.19514853740111 ], [ -4292916.834649756550789, 1417386.793763267574832 ], [ -4292918.601569686084986, 1417407.79029134567827 ], [ -4292924.119377824477851, 1417442.162717208033428 ], [ -4292930.866869385354221, 1417474.788682628190145 ], [ -4292936.473042318597436, 1417496.914008953375742 ], [ -4292949.560477101244032, 1417526.023988815257326 ], [ -4292955.742110213264823, 1417541.970162143232301 ], [ -4292960.412044824101031, 1417563.722493617562577 ], [ -4292962.117464438080788, 1417587.932028808631003 ], [ -4292963.340627172030509, 1417614.9868702464737 ], [ -4292966.996972383931279, 1417628.725638928124681 ], [ -4292973.058584072627127, 1417657.039856068324298 ], [ -4292980.339900667779148, 1417684.638487590709701 ], [ -4292986.499920692294836, 1417699.67484244517982 ], [ -4292995.836571377702057, 1417715.409102494362742 ], [ -4293008.680515347979963, 1417741.485066832043231 ], [ -4293016.969538323581219, 1417765.212845413945615 ], [ -4293023.121092609129846, 1417784.250962896971032 ], [ -4293026.328061686828732, 1417803.684924105647951 ], [ -4293028.770950336940587, 1417830.023806804092601 ], [ -4293047.139622198417783, 1417936.194123148918152 ], [ -4292963.005923325195909, 1417909.940654922043905 ], [ -4292928.369247104041278, 1417900.482190437614918 ], [ -4292605.547720112837851, 1417812.606331638526171 ], [ -4292490.449369831942022, 1417781.265816552564502 ], [ -4292471.255172195844352, 1417776.059621597873047 ], [ -4292152.752106426283717, 1417691.311452801572159 ], [ -4291905.511330185458064, 1417625.453414259012789 ], [ -4291680.787325205281377, 1417566.636632056441158 ], [ -4291513.613989803940058, 1417522.881320885848254 ], [ -4291400.637789776548743, 1417493.311665789224207 ], [ -4291169.633959920145571, 1417432.793038106290624 ], [ -4290834.708705423399806, 1417344.463547152234241 ], [ -4290740.729974277317524, 1417318.690943673253059 ], [ -4290702.629447632469237, 1417313.012553238077089 ], [ -4290665.741886894218624, 1417318.957910718163475 ], [ -4290620.457611636258662, 1417335.441152056213468 ], [ -4290575.299971005879343, 1417373.159040258266032 ], [ -4290531.919257063418627, 1417398.618502545868978 ], [ -4290491.240556942299008, 1417419.126688186777756 ], [ -4290431.448846528306603, 1417426.178457994479686 ], [ -4290383.336696331389248, 1417426.375736744375899 ], [ -4290333.375326130539179, 1417411.954905799357221 ], [ -4290279.516891629435122, 1417371.783273793291301 ], [ -4290279.077367768622935, 1417371.239433364709839 ], [ -4290250.664837558753788, 1417336.001370502868667 ], [ -4290226.874469595961273, 1417291.642230256227776 ], [ -4290192.492853544652462, 1417244.524441077373922 ], [ -4290188.020836907438934, 1417238.909170547733083 ], [ -4290158.40163660608232, 1417201.723944144323468 ], [ -4290147.575961115770042, 1417189.010655787307769 ], [ -4290129.441819741390646, 1417177.221999259199947 ], [ -4290109.983083575032651, 1417165.088736237026751 ], [ -4290041.887236718088388, 1417138.880526152439415 ], [ -4290008.548616107553244, 1417130.683169187745079 ] ] ] } },
{ "type": "Feature", "properties": { "neighborhood": "CBD", "total_housing": 3794.0, "total_occupied_housing": 3085.0, "total_vacant_housing": 709.0, "owner_occupied_units": 765.0, "renter_occupied_units": 2320.0, "vacant_homes_rented": 48.0, "vacant_homes_sold": 46.0, "vacant_homes_seasonal": 0.0, "population": 4390.0, "median_gross_rent": 2043.0, "median_home_value": 529216.0, "median_household_income": 121858.0, "total_listings": 165, "pct_entire_home": 87.88, "avg_price": 164.74, "avg_bedrooms": 1.3, "avg_price_per_bedroom": 119.58, "avg_estimated_annual_revenue": 15246.92, "estimated_total_annual_revenue": 2180309.0, "total_hosts": 79, "hobbyist_hosts": 52, "small_business_hosts": 13, "commercial_hosts": 14 }, "geometry": { "type": "Polygon", "coordinates": [ [ [ -4289360.660490585491061, 1419691.326398963807151 ], [ -4289394.237660043872893, 1419555.401602175086737 ], [ -4289421.740250271745026, 1419451.741476280614734 ], [ -4289467.392905799672008, 1419280.34730044612661 ], [ -4289490.723409445956349, 1419188.442001033807173 ], [ -4289532.408401625230908, 1419024.23390781506896 ], [ -4289568.640004123561084, 1418881.507897232891992 ], [ -4289592.547132744453847, 1418801.581402217969298 ], [ -4289713.229897017590702, 1418277.478491259040311 ], [ -4289742.897085409611464, 1418172.798625349765643 ], [ -4289827.432030351832509, 1417874.520360269350931 ], [ -4289848.934137017466128, 1417784.07566272909753 ], [ -4289870.92279137391597, 1417691.58459810889326 ], [ -4289888.23645019903779, 1417613.170609530294314 ], [ -4289940.238135658204556, 1417393.573119476437569 ], [ -4290008.548616107553244, 1417130.683169187745079 ], [ -4290041.887236718088388, 1417138.880526152439415 ], [ -4290109.983083575032651, 1417165.088736237026751 ], [ -4290129.441819741390646, 1417177.221999259199947 ], [ -4290147.575961115770042, 1417189.010655787307769 ], [ -4290158.40163660608232, 1417201.723944144323468 ], [ -4290188.020836907438934, 1417238.909170547733083 ], [ -4290192.492853544652462, 1417244.524441077373922 ], [ -4290226.874469595961273, 1417291.642230256227776 ], [ -4290250.664837558753788, 1417336.001370502868667 ], [ -4290279.077367768622935, 1417371.239433364709839 ], [ -4290279.516891629435122, 1417371.783273793291301 ], [ -4290333.375326130539179, 1417411.954905799357221 ], [ -4290383.336696331389248, 1417426.375736744375899 ], [ -4290431.448846528306603, 1417426.178457994479686 ], [ -4290491.240556942299008, 1417419.126688186777756 ], [ -4290531.919257063418627, 1417398.618502545868978 ], [ -4290575.299971005879343, 1417373.159040258266032 ], [ -4290620.457611636258662, 1417335.441152056213468 ], [ -4290665.741886894218624, 1417318.957910718163475 ], [ -4290702.629447632469237, 1417313.012553238077089 ], [ -4290740.729974277317524, 1417318.690943673253059 ], [ -4290834.708705423399806, 1417344.463547152234241 ], [ -4291169.633959920145571, 1417432.793038106290624 ], [ -4291400.637789776548743, 1417493.311665789224207 ], [ -4291513.613989803940058, 1417522.881320885848254 ], [ -4291680.787325205281377, 1417566.636632056441158 ], [ -4291905.511330185458064, 1417625.453414259012789 ], [ -4292152.752106426283717, 1417691.311452801572159 ], [ -4292471.255172195844352, 1417776.059621597873047 ], [ -4292490.449369831942022, 1417781.265816552564502 ], [ -4292605.547720112837851, 1417812.606331638526171 ], [ -4292928.369247104041278, 1417900.482190437614918 ], [ -4292963.005923325195909, 1417909.940654922043905 ], [ -4293047.139622198417783, 1417936.194123148918152 ], [ -4293052.632518167607486, 1417967.944352307124063 ], [ -4293053.832472180016339, 1417974.879530362319201 ], [ -4293063.424377822317183, 1418017.416406660806388 ], [ -4293071.863793526776135, 1418047.512280415277928 ], [ -4293075.606157907284796, 1418064.889867898076773 ], [ -4293080.362075874581933, 1418090.281007928075269 ], [ -4293081.917190635576844, 1418108.122675565769896 ], [ -4293082.472918788902462, 1418125.833338430617005 ], [ -4293081.88064032047987, 1418140.015799353597686 ], [ -4293081.884095838293433, 1418167.786222752416506 ], [ -4293081.644119099713862, 1418192.522703291615471 ], [ -4293082.957119357772171, 1418210.301264869980514 ], [ -4293085.267898809164762, 1418225.239654298406094 ], [ -4293089.482625572010875, 1418240.802850667387247 ], [ -4293096.04807148501277, 1418267.18170012626797 ], [ -4293096.887228462845087, 1418283.803640397731215 ], [ -4293097.735081651248038, 1418296.423802674980834 ], [ -4293099.046602286398411, 1418311.231277057901025 ], [ -4293101.60929986089468, 1418325.201984041603282 ], [ -4293103.676646864973009, 1418337.106430503772572 ], [ -4293104.141918983310461, 1418342.264710893854499 ], [ -4293124.019757626578212, 1418468.334047300275415 ], [ -4293126.644348203204572, 1418500.920099979266524 ], [ -4293130.902610680088401, 1418540.131017606006935 ], [ -4293136.168316347524524, 1418575.471222275169566 ], [ -4293142.685354736633599, 1418609.974643273279071 ], [ -4293147.04193816985935, 1418635.907677765702829 ], [ -4293148.510870957747102, 1418650.110198695212603 ], [ -4293159.418015287257731, 1418735.225164402741939 ], [ -4293165.827487198635936, 1418765.179907869780436 ], [ -4293169.661820775829256, 1418798.080893589183688 ], [ -4293171.432177316397429, 1418846.847887692274526 ], [ -4293175.478422742336988, 1418882.903890278423205 ], [ -4293175.361816971562803, 1418923.042491222498938 ], [ -4293174.782934416085482, 1418963.964918817859143 ], [ -4293177.145748164504766, 1418998.549348317785189 ], [ -4293180.476208944804966, 1419033.385611536446959 ], [ -4293181.40131760109216, 1419053.64640727895312 ], [ -4293185.787926457822323, 1419076.487330898176879 ], [ -4293191.307254062965512, 1419113.830938148545101 ], [ -4293194.929480098187923, 1419143.57677796552889 ], [ -4293199.439621704630554, 1419181.820149812847376 ], [ -4293201.84226943552494, 1419212.281739396508783 ], [ -4293202.481559889391065, 1419249.517328594112769 ], [ -4293197.810003846883774, 1419287.307638439117 ], [ -4293194.124544284306467, 1419320.317487376043573 ], [ -4293187.691949024796486, 1419348.995705705601722 ], [ -4293170.827621201053262, 1419421.714401710778475 ], [ -4293154.183597595430911, 1419493.586200685240328 ], [ -4293140.394123774021864, 1419574.338378028944135 ], [ -4293133.077339770272374, 1419622.289661902468652 ], [ -4293124.043146021664143, 1419684.776425471995026 ], [ -4293115.292159238830209, 1419746.17452198616229 ], [ -4293107.897822865284979, 1419786.485073649091646 ], [ -4293100.165685786865652, 1419824.124467344721779 ], [ -4293086.828261530958116, 1419883.295376402325928 ], [ -4293084.269018705002964, 1419897.095086572458968 ], [ -4293074.137182199396193, 1419944.963152312673628 ], [ -4292978.775286122225225, 1420008.608739502495155 ], [ -4292572.598231894895434, 1420248.114596834406257 ], [ -4292158.684354465454817, 1420494.518204663647339 ], [ -4291749.544480959884822, 1420739.452461156062782 ], [ -4291333.872416885569692, 1420982.686124029103667 ], [ -4290919.908594040200114, 1421234.243235577829182 ], [ -4290509.549204530194402, 1421479.893294220324606 ], [ -4290087.117989906109869, 1421729.246169389458373 ], [ -4289915.492622435092926, 1421423.016305834753439 ], [ -4289740.689655957743526, 1421134.945854287128896 ], [ -4289564.21721613779664, 1420831.458201405825093 ], [ -4289476.378401333466172, 1420685.630024392157793 ], [ -4289385.823756493628025, 1420535.349280004855245 ], [ -4289243.133297863416374, 1420296.582646526629105 ], [ -4289220.219454314559698, 1420239.728073263308033 ], [ -4289283.366030910052359, 1419993.195935692172498 ], [ -4289360.660490585491061, 1419691.326398963807151 ] ] ] } },
{ "type": "Feature", "properties": { "neighborhood": "Union Station", "total_housing": 8241.0, "total_occupied_housing": 6810.0, "total_vacant_housing": 1431.0, "owner_occupied_units": 1724.0, "renter_occupied_units": 5086.0, "vacant_homes_rented": 53.0, "vacant_homes_sold": 62.0, "vacant_homes_seasonal": 0.0, "population": 9920.0, "median_gross_rent": 2358.0, "median_home_value": 918257.0, "median_household_income": 118075.0, "total_listings": 226, "pct_entire_home": 85.4, "avg_price": 262.97, "avg_bedrooms": 1.53, "avg_price_per_bedroom": 166.96, "avg_estimated_annual_revenue": 28983.5, "estimated_total_annual_revenue": 5796700.0, "total_hosts": 147, "hobbyist_hosts": 110, "small_business_hosts": 22, "commercial_hosts": 15 }, "geometry": { "type": "Polygon", "coordinates": [ [ [ -4290087.117989906109869, 1421729.246169389458373 ], [ -4290509.549204530194402, 1421479.893294220324606 ], [ -4290919.908594040200114, 1421234.243235577829182 ], [ -4291333.872416885569692, 1420982.686124029103667 ], [ -4291749.544480959884822, 1420739.452461156062782 ], [ -4292158.684354465454817, 1420494.518204663647339 ], [ -4292572.598231894895434, 1420248.114596834406257 ], [ -4292978.775286122225225, 1420008.608739502495155 ], [ -4293074.137182199396193, 1419944.963152312673628 ], [ -4293052.813437577337027, 1420045.707446966785938 ], [ -4293043.443779553286731, 1420089.636963674100116 ], [ -4292994.03178817499429, 1420251.656998028978705 ], [ -4292990.15843671746552, 1420266.535500947386026 ], [ -4292985.403379849158227, 1420284.800854151137173 ], [ -4292981.032126773148775, 1420313.498991231434047 ], [ -4292980.531780922785401, 1420343.204906045924872 ], [ -4292979.537543562240899, 1420373.815433389740065 ], [ -4292983.003281932324171, 1420447.822638660669327 ], [ -4292990.576532755978405, 1420470.330803458578885 ], [ -4292995.286450826562941, 1420487.960268006427214 ], [ -4293000.138485309667885, 1420515.959729260066524 ], [ -4293005.452888766303658, 1420543.175444417400286 ], [ -4293008.439314846880734, 1420563.456171688158065 ], [ -4293010.00037975795567, 1420593.182028787210584 ], [ -4293011.859211911447346, 1420629.701771289575845 ], [ -4293015.031205137260258, 1420684.000088886590675 ], [ -4293015.059222376905382, 1420684.195259129395708 ], [ -4293020.540459590032697, 1420722.37432495248504 ], [ -4293024.423214270733297, 1420747.150655859382823 ], [ -4293033.591353190131485, 1420783.377567962510511 ], [ -4293035.840633195824921, 1420801.528936607064679 ], [ -4293042.247099795378745, 1420888.055353271076456 ], [ -4293050.115588711574674, 1420933.243488403502852 ], [ -4293066.379967442713678, 1420984.87969848793 ], [ -4293077.698818361386657, 1421052.535769344074652 ], [ -4293086.845466478727758, 1421087.85296961828135 ], [ -4293096.565919653512537, 1421114.019891008967534 ], [ -4293132.016005464829504, 1421191.187282643979415 ], [ -4293148.510333119891584, 1421219.117736767511815 ], [ -4293177.222962313331664, 1421262.628363490104675 ], [ -4293198.525913833640516, 1421294.910448827547953 ], [ -4293231.271239888854325, 1421347.737159823765978 ], [ -4293250.882049523293972, 1421382.549501546891406 ], [ -4293298.024434552527964, 1421454.494512510718778 ], [ -4293327.49291941896081, 1421495.101989353774115 ], [ -4293355.267729766666889, 1421535.268699330743402 ], [ -4293386.803360929712653, 1421587.780563542619348 ], [ -4293409.74131319206208, 1421629.658783172257245 ], [ -4293443.000447019934654, 1421679.519482570700347 ], [ -4293455.452217907644808, 1421699.164398697204888 ], [ -4293481.851350414566696, 1421743.622795060975477 ], [ -4293520.92021516431123, 1421822.765515301609412 ], [ -4293555.01872777286917, 1421889.248125694692135 ], [ -4293589.478996437042952, 1421943.425539482617751 ], [ -4293691.260973773896694, 1422105.153825361281633 ], [ -4293724.47162479441613, 1422163.139054072787985 ], [ -4293758.154643122106791, 1422219.309800679562613 ], [ -4293783.238306967541575, 1422261.875785645563155 ], [ -4293815.773200449533761, 1422314.518717324128374 ], [ -4293888.811082131229341, 1422432.857238522963598 ], [ -4293924.420967700891197, 1422493.533668764401227 ], [ -4293948.568354434333742, 1422535.726799703203142 ], [ -4293966.936703848652542, 1422567.374081155983731 ], [ -4293992.863657560199499, 1422613.646762941498309 ], [ -4294043.25302948243916, 1422700.903103338554502 ], [ -4294078.862946949899197, 1422761.579390665749088 ], [ -4294097.355973861180246, 1422792.02693917020224 ], [ -4294109.240423150360584, 1422811.594149357173592 ], [ -4294124.029872857965529, 1422837.143181913997978 ], [ -4294162.66884221881628, 1422898.091473657637835 ], [ -4294204.760752581059933, 1422965.621836225269362 ], [ -4294234.140660957433283, 1423018.476516615599394 ], [ -4294262.299378758296371, 1423069.076015863567591 ], [ -4294287.848390857689083, 1423116.800504601094872 ], [ -4294313.068095384165645, 1423157.851839929353446 ], [ -4294324.300078707747161, 1423178.212620639707893 ], [ -4294333.141339388675988, 1423191.880396293709055 ], [ -4294364.62848499417305, 1423252.516711981734261 ], [ -4294374.348975392058492, 1423278.683715576771647 ], [ -4294378.271719629876316, 1423299.337433168198913 ], [ -4294381.228302044793963, 1423322.710156173910946 ], [ -4294381.695623302832246, 1423352.667896097060293 ], [ -4294375.730268719606102, 1423411.30388299934566 ], [ -4294372.87406815867871, 1423461.966165217803791 ], [ -4294373.556786158122122, 1423522.849416849669069 ], [ -4294377.112517978996038, 1423587.580529707018286 ], [ -4294375.761844041757286, 1423620.552390542114154 ], [ -4294373.62997836060822, 1423668.432615241734311 ], [ -4294366.307194097898901, 1423704.499501661397517 ], [ -4294362.691686580888927, 1423730.294498457107693 ], [ -4294357.628638044930995, 1423753.20673395995982 ], [ -4294356.888883963227272, 1423756.553466504206881 ], [ -4294137.736687425523996, 1423930.569371975958347 ], [ -4293976.980459721758962, 1424072.773291173856705 ], [ -4293927.2367261685431, 1424118.978914982872084 ], [ -4293858.022004556842148, 1424178.456503282301128 ], [ -4293823.343093954958022, 1424212.438900508219376 ], [ -4293783.125924543477595, 1424254.795793379889801 ], [ -4293764.708528806455433, 1424271.958463995950297 ], [ -4293730.281679891049862, 1424304.97321700816974 ], [ -4293705.134447637945414, 1424327.392496339278296 ], [ -4293663.002183803357184, 1424364.954605000559241 ], [ -4293604.817103427834809, 1424418.778953300556168 ], [ -4293581.638755450025201, 1424442.322556453291327 ], [ -4293550.186362845823169, 1424471.849378837738186 ], [ -4293516.294766660779715, 1424502.80781803955324 ], [ -4293486.767808357253671, 1424533.869156280299649 ], [ -4293473.031472007744014, 1424552.896331979660317 ], [ -4293463.294956603087485, 1424578.389384753303602 ], [ -4293451.593048749491572, 1424606.47064705286175 ], [ -4293440.772780193015933, 1424631.165101734688506 ], [ -4293421.22622652258724, 1424661.595724041806534 ], [ -4293395.246786523610353, 1424698.876059244154021 ], [ -4293376.568900002166629, 1424721.008364409673959 ], [ -4293360.716862374916673, 1424736.255494472337887 ], [ -4293317.982912527397275, 1424772.403345652157441 ], [ -4293194.141405452974141, 1424872.036245996830985 ], [ -4293165.302787655964494, 1424891.523307129973546 ], [ -4293093.189027314074337, 1424937.33004314545542 ], [ -4293044.406995731405914, 1424971.9032871525269 ], [ -4292976.060988651588559, 1425023.082542229210958 ], [ -4292930.965315712615848, 1425068.302371175028384 ], [ -4292880.331319686956704, 1425121.89680912042968 ], [ -4292861.810997357591987, 1425143.424105609767139 ], [ -4292835.680998802185059, 1425174.336514536989853 ], [ -4292806.376091815531254, 1425207.522275305353105 ], [ -4292772.453042104840279, 1425238.601574951782823 ], [ -4292735.832713572308421, 1425260.195837102597579 ], [ -4292701.409818408079445, 1425280.29557960643433 ], [ -4292667.071378470398486, 1425301.063163965707645 ], [ -4292624.161040642298758, 1425321.019858033861965 ], [ -4292573.164245272055268, 1425343.262961472850293 ], [ -4292485.41590788308531, 1425390.323685442097485 ], [ -4292195.901875684037805, 1425074.297724712174386 ], [ -4292172.517388890497386, 1425034.629568706266582 ], [ -4292069.743260812014341, 1424928.311250733211637 ], [ -4291954.424647205509245, 1424805.681889776140451 ], [ -4291791.475618434138596, 1424623.896827421151102 ], [ -4291731.710203683003783, 1424546.857467882800847 ], [ -4291672.401056146249175, 1424457.150005297269672 ], [ -4291472.381655379198492, 1424133.970498481532559 ], [ -4291234.670176538638771, 1423703.307828802615404 ], [ -4291163.521079915575683, 1423574.406922196503729 ], [ -4290984.752635205164552, 1423250.531272581079975 ], [ -4290786.224578474648297, 1422923.606787608237937 ], [ -4290694.661049877293408, 1422774.225734469713643 ], [ -4290606.770657326094806, 1422630.579974918393418 ], [ -4290517.42283730302006, 1422474.671914349775761 ], [ -4290435.201346102170646, 1422331.081145861186087 ], [ -4290352.16206141281873, 1422171.77801948110573 ], [ -4290275.196774368174374, 1422023.872525102691725 ], [ -4290181.068014563061297, 1421876.40695222094655 ], [ -4290087.117989906109869, 1421729.246169389458373 ] ] ] } },
{ "type": "Feature", "properties": { "neighborhood": "Five Points", "total_housing": 15649.0, "total_occupied_housing": 14141.0, "total_vacant_housing": 1508.0, "owner_occupied_units": 2748.0, "renter_occupied_units": 11393.0, "vacant_homes_rented": 232.0, "vacant_homes_sold": 20.0, "vacant_homes_seasonal": 0.0, "population": 23698.0, "median_gross_rent": 1973.0, "median_home_value": 621890.0, "median_household_income": 104923.0, "total_listings": 402, "pct_entire_home": 82.34, "avg_price": 309.25, "avg_bedrooms": 1.91, "avg_price_per_bedroom": 162.45, "avg_estimated_annual_revenue": 37385.57, "estimated_total_annual_revenue": 13197105.0, "total_hosts": 277, "hobbyist_hosts": 194, "small_business_hosts": 52, "commercial_hosts": 31 }, "geometry": { "type": "Polygon", "coordinates": [ [ [ -4283082.580105978064239, 1426718.063448856351897 ], [ -4283572.380694944411516, 1426424.252584428526461 ], [ -4283663.202443935908377, 1426062.481459894916043 ], [ -4283683.625079069286585, 1425976.094168012961745 ], [ -4283751.487896417267621, 1425718.390819553518668 ], [ -4283771.316859921440482, 1425643.215132126118988 ], [ -4283815.497624008916318, 1425473.504604519112036 ], [ -4283848.106443834491074, 1425318.476483417442068 ], [ -4283865.515995427034795, 1425242.670942319557071 ], [ -4283871.917016469873488, 1425214.113806667504832 ], [ -4283929.93511463701725, 1424996.212138190632686 ], [ -4283990.032845112495124, 1424773.297942192293704 ], [ -4284016.092376134358346, 1424665.258280326146632 ], [ -4284051.89206072781235, 1424518.810572741320357 ], [ -4284101.658100392669439, 1424329.629980949917808 ], [ -4284178.631778958253562, 1424035.937616479350254 ], [ -4284211.178057293407619, 1423902.979693347588181 ], [ -4284236.013986573554575, 1423808.570865634363145 ], [ -4284294.367156275548041, 1423587.397865673759952 ], [ -4284327.246591632254422, 1423448.198086590273306 ], [ -4284356.266120604239404, 1423328.787961362162605 ], [ -4284434.770680766552687, 1423005.399691046448424 ], [ -4284555.176977294497192, 1422559.75506927468814 ], [ -4284602.92763939499855, 1422378.316100931959227 ], [ -4284671.640746962279081, 1422117.346556808799505 ], [ -4284725.748024556785822, 1421902.559714211616665 ], [ -4284782.710940227843821, 1421677.79591191932559 ], [ -4284822.726474417373538, 1421528.054160264786333 ], [ -4284839.128473709337413, 1421456.119261694373563 ], [ -4284855.302905385382473, 1421392.00398444198072 ], [ -4284889.204828240908682, 1421256.815727461827919 ], [ -4285009.327182784676552, 1420790.431249947519973 ], [ -4285120.576156655326486, 1420351.185536986449733 ], [ -4285231.938277464359999, 1419906.544389464426786 ], [ -4285344.165038008242846, 1419466.519802389666438 ], [ -4285443.699745622463524, 1419072.272036555223167 ], [ -4285459.281917261891067, 1418985.358350404538214 ], [ -4285512.417077916674316, 1418777.112450010841712 ], [ -4285564.169909873045981, 1418577.918611922068521 ], [ -4285663.10363479796797, 1418219.391538337105885 ], [ -4285745.084074502810836, 1417918.538475378183648 ], [ -4285769.197690314613283, 1417829.882858344819397 ], [ -4285861.948968700133264, 1417456.730512468609959 ], [ -4285984.206980678252876, 1417657.887611966114491 ], [ -4286147.13704670779407, 1417926.076129393652081 ], [ -4286422.710876377299428, 1418399.392482001567259 ], [ -4286492.366686803288758, 1418519.030730730155483 ], [ -4286596.665499610826373, 1418686.96815332910046 ], [ -4286710.13229257427156, 1418869.304093130864203 ], [ -4286834.625493255443871, 1419102.558377732057124 ], [ -4286841.957780254073441, 1419106.146239443682134 ], [ -4286882.942054120823741, 1419125.340327807003632 ], [ -4286980.196154156699777, 1419150.658536639530212 ], [ -4287296.876842848956585, 1419233.100196940591559 ], [ -4287620.069404979236424, 1419319.303783573210239 ], [ -4287786.756122962571681, 1419362.697454538429156 ], [ -4287956.345937951467931, 1419406.846898312447593 ], [ -4288130.058551796711981, 1419451.036245283437893 ], [ -4288177.953684078529477, 1419463.221933212596923 ], [ -4288304.980751524679363, 1419495.540624904911965 ], [ -4288398.827859132550657, 1419522.038584284018725 ], [ -4288475.433849383145571, 1419541.335559070808813 ], [ -4288624.242657453753054, 1419575.288400838850066 ], [ -4288649.022020016796887, 1419582.033668786287308 ], [ -4288673.072172556072474, 1419586.869784158654511 ], [ -4288714.345530027523637, 1419598.306104895658791 ], [ -4288748.427983463741839, 1419609.811548983445391 ], [ -4288790.515333571471274, 1419624.278415746521205 ], [ -4288817.687956683337688, 1419635.374029955128208 ], [ -4288841.620627732947469, 1419648.935669536702335 ], [ -4288875.592700895853341, 1419631.559897037222981 ], [ -4288992.694615001790226, 1419661.011970555409789 ], [ -4289291.768038785085082, 1419735.825161856366321 ], [ -4289329.706092894077301, 1419707.114335665246472 ], [ -4289360.660490585491061, 1419691.326398963807151 ], [ -4289283.366030910052359, 1419993.195935692172498 ], [ -4289220.219454314559698, 1420239.728073263308033 ], [ -4289243.133297863416374, 1420296.582646526629105 ], [ -4289385.823756493628025, 1420535.349280004855245 ], [ -4289476.378401333466172, 1420685.630024392157793 ], [ -4289564.21721613779664, 1420831.458201405825093 ], [ -4289740.689655957743526, 1421134.945854287128896 ], [ -4289915.492622435092926, 1421423.016305834753439 ], [ -4290087.117989906109869, 1421729.246169389458373 ], [ -4290181.068014563061297, 1421876.40695222094655 ], [ -4290275.196774368174374, 1422023.872525102691725 ], [ -4290352.16206141281873, 1422171.77801948110573 ], [ -4290435.201346102170646, 1422331.081145861186087 ], [ -4290517.42283730302006, 1422474.671914349775761 ], [ -4290606.770657326094806, 1422630.579974918393418 ], [ -4290694.661049877293408, 1422774.225734469713643 ], [ -4290786.224578474648297, 1422923.606787608237937 ], [ -4290984.752635205164552, 1423250.531272581079975 ], [ -4291163.521079915575683, 1423574.406922196503729 ], [ -4291234.670176538638771, 1423703.307828802615404 ], [ -4291472.381655379198492, 1424133.970498481532559 ], [ -4291672.401056146249175, 1424457.150005297269672 ], [ -4291731.710203683003783, 1424546.857467882800847 ], [ -4291791.475618434138596, 1424623.896827421151102 ], [ -4291954.424647205509245, 1424805.681889776140451 ], [ -4292069.743260812014341, 1424928.311250733211637 ], [ -4292172.517388890497386, 1425034.629568706266582 ], [ -4292195.901875684037805, 1425074.297724712174386 ], [ -4292485.41590788308531, 1425390.323685442097485 ], [ -4292435.353715755045414, 1425417.172883853316307 ], [ -4292417.511662083677948, 1425428.156547955237329 ], [ -4292388.77602787874639, 1425443.278748408425599 ], [ -4292374.569910248741508, 1425448.23421288956888 ], [ -4292358.963685734197497, 1425450.629510280676186 ], [ -4292318.8416100544855, 1425451.938004262279719 ], [ -4292281.410615837201476, 1425450.847209696657956 ], [ -4292264.594785993918777, 1425452.927627002121881 ], [ -4292205.788977310061455, 1425464.483944195788354 ], [ -4292163.706005725078285, 1425477.293815042590722 ], [ -4292114.386705791577697, 1425489.124253653688356 ], [ -4292077.497019135393202, 1425497.861436514183879 ], [ -4292038.491590978577733, 1425502.818943848600611 ], [ -4292007.382131568156183, 1425503.244701698422432 ], [ -4291968.309252325445414, 1425499.530799986096099 ], [ -4291932.694717192091048, 1425492.455017097294331 ], [ -4291893.26092784665525, 1425482.189134868094698 ], [ -4291843.049389979802072, 1425476.608746533049271 ], [ -4291790.012262525036931, 1425477.913203028962016 ], [ -4291673.985096062533557, 1425493.947063103318214 ], [ -4291539.999995356425643, 1425520.417773845372722 ], [ -4291474.265658376738429, 1425536.757553532719612 ], [ -4291406.798011800274253, 1425556.779299849178642 ], [ -4291360.782640795223415, 1425571.794628744013608 ], [ -4291323.095845813862979, 1425584.58655937272124 ], [ -4291279.217944278381765, 1425604.29152336041443 ], [ -4291228.472953216172755, 1425625.566868265392259 ], [ -4291205.959865126758814, 1425633.655302533879876 ], [ -4291160.731897874735296, 1425645.64660673821345 ], [ -4291138.038389706984162, 1425650.459060126915574 ], [ -4291124.647382732480764, 1425652.04281615652144 ], [ -4291112.451733287423849, 1425653.484996446873993 ], [ -4291080.81703816447407, 1425654.936586429364979 ], [ -4291046.814519932493567, 1425653.576007375027984 ], [ -4291010.603252227418125, 1425651.769493411760777 ], [ -4290990.457843688316643, 1425653.9599205176346 ], [ -4290955.307405292056501, 1425657.781554109882563 ], [ -4290890.282894348725677, 1425663.456777579151094 ], [ -4290860.754053617827594, 1425669.718864474678412 ], [ -4290825.182954339310527, 1425686.290592565434054 ], [ -4290794.048101777210832, 1425698.721774552948773 ], [ -4290756.222220364958048, 1425707.086133308941498 ], [ -4290713.345985815860331, 1425711.035823363810778 ], [ -4290692.41741708945483, 1425712.045474017504603 ], [ -4290654.806060204282403, 1425707.67880130908452 ], [ -4290630.069784605875611, 1425702.264414889272302 ], [ -4290604.949395981617272, 1425696.765974603360519 ], [ -4290554.706534622237086, 1425691.306593929650262 ], [ -4290502.920515748672187, 1425691.774506974499673 ], [ -4290438.750776309520006, 1425703.096945549594238 ], [ -4290384.35107964463532, 1425713.604658336844295 ], [ -4290316.3035161877051, 1425730.892213036539033 ], [ -4290217.098148018121719, 1425756.730111051118001 ], [ -4290165.750516721978784, 1425771.390459478832781 ], [ -4290138.05410282779485, 1425782.521105547901243 ], [ -4290106.572798638604581, 1425796.282824614550918 ], [ -4290056.72420066408813, 1425822.053867487004027 ], [ -4289885.335450592450798, 1425922.741571948630735 ], [ -4289714.313704207539558, 1426041.86554809845984 ], [ -4289666.216131529770792, 1426077.779415010008961 ], [ -4289622.837813019752502, 1426108.463811699999496 ], [ -4289578.32168828509748, 1426134.589671351015568 ], [ -4289520.598396122455597, 1426165.801967113045976 ], [ -4289436.21408071089536, 1426217.068225150695071 ], [ -4289372.186740297824144, 1426260.58862751792185 ], [ -4289333.286248959600925, 1426285.980797291500494 ], [ -4289289.557245700620115, 1426309.082558592315763 ], [ -4289243.208558921702206, 1426330.339904265245423 ], [ -4289149.521923345513642, 1426371.693040403304622 ], [ -4289105.841429178602993, 1426386.670424161711708 ], [ -4289027.322660344652832, 1426411.435760120395571 ], [ -4288973.535848451778293, 1426427.527642562054098 ], [ -4288916.381898027844727, 1426440.676598848309368 ], [ -4288875.905028138309717, 1426447.317436269950122 ], [ -4288793.277469510212541, 1426458.097142145968974 ], [ -4288675.341976589523256, 1426464.593080854043365 ], [ -4288638.364809673279524, 1426466.720319403568283 ], [ -4288603.121322307735682, 1426465.16568964230828 ], [ -4288572.934965538792312, 1426461.053026667330414 ], [ -4288290.283111724071205, 1426430.480215121991932 ], [ -4288232.520388517528772, 1426425.129745324142277 ], [ -4288141.548451500013471, 1426427.279139042599127 ], [ -4288066.502155874855816, 1426434.736830177018419 ], [ -4288026.812422112561762, 1426438.353731352603063 ], [ -4287704.347662283107638, 1426470.335401776246727 ], [ -4287676.526289721950889, 1426473.094740920001641 ], [ -4287381.958310049027205, 1426505.162647250806913 ], [ -4287047.738208449445665, 1426552.610804232768714 ], [ -4287014.474425915628672, 1426556.350694362306967 ], [ -4286787.621607362292707, 1426621.02954962127842 ], [ -4286732.934452063404024, 1426645.540982346981764 ], [ -4286704.379241219721735, 1426663.939254549797624 ], [ -4286649.765652011148632, 1426709.006325222784653 ], [ -4286611.68994568195194, 1426743.137708141934127 ], [ -4286578.91502408310771, 1426777.745086377253756 ], [ -4286520.331149178557098, 1426853.939437802415341 ], [ -4286462.786467540077865, 1426926.142050696304068 ], [ -4286371.850008611567318, 1427040.282712797401473 ], [ -4286318.6025136616081, 1427103.917060609674081 ], [ -4286281.354785034433007, 1427145.798714304575697 ], [ -4286257.974210466258228, 1427172.087992299580947 ], [ -4286218.323984486982226, 1427212.267549960175529 ], [ -4286094.249842900782824, 1427329.664085090393201 ], [ -4285934.444774659350514, 1427480.123503957642242 ], [ -4285860.943052223883569, 1427547.138810337288305 ], [ -4285668.370071650482714, 1427725.232693541795015 ], [ -4285618.626482754945755, 1427771.438340564258397 ], [ -4285492.586968736723065, 1427891.42322533740662 ], [ -4285431.859866601414979, 1427951.043789806775749 ], [ -4285196.433262538164854, 1428177.653505225433037 ], [ -4285155.028026079759002, 1428220.605272834189236 ], [ -4285075.906573654152453, 1428301.269206976518035 ], [ -4285048.441022418439388, 1428332.350564614171162 ], [ -4284987.997318625450134, 1428390.88249067380093 ], [ -4284946.844044017605484, 1428432.86649365676567 ], [ -4284918.230390647426248, 1428460.419956573517993 ], [ -4284882.048575145192444, 1428496.206829769536853 ], [ -4284853.30903503485024, 1428524.244150712154806 ], [ -4284787.784842406399548, 1428581.453392054419965 ], [ -4284719.902806029655039, 1428634.819882055046037 ], [ -4284692.611772901378572, 1428657.292814151151106 ], [ -4284656.321024250239134, 1428685.560070106526837 ], [ -4284609.119598132558167, 1428725.969627384329215 ], [ -4284576.699711436405778, 1428755.244510952848941 ], [ -4284528.175728805363178, 1428800.734443568158895 ], [ -4284483.332075426355004, 1428844.98675057082437 ], [ -4284449.747082887217402, 1428878.737200750038028 ], [ -4284403.907121667638421, 1428934.928890145383775 ], [ -4284383.923987954854965, 1428885.496162768220529 ], [ -4284333.573055442422628, 1428791.146452317945659 ], [ -4284157.693358223885298, 1428495.305180590134114 ], [ -4283978.258002235554159, 1428197.246478822082281 ], [ -4283888.450833418406546, 1428048.064786637201905 ], [ -4283799.959223627112806, 1427900.775390781229362 ], [ -4283709.837132314220071, 1427752.803272722288966 ], [ -4283620.757098618894815, 1427606.781568550271913 ], [ -4283445.336774443276227, 1427304.214256364386529 ], [ -4283268.593895417638123, 1427006.727491884492338 ], [ -4283176.391865843906999, 1426863.767750347033143 ], [ -4283082.580105978064239, 1426718.063448856351897 ] ] ] } },
{ "type": "Feature", "properties": { "neighborhood": "Montbello", "total_housing": 9445.0, "total_occupied_housing": 9108.0, "total_vacant_housing": 337.0, "owner_occupied_units": 5884.0, "renter_occupied_units": 3224.0, "vacant_homes_rented": 86.0, "vacant_homes_sold": 28.0, "vacant_homes_seasonal": 0.0, "population": 32422.0, "median_gross_rent": 1914.0, "median_home_value": 422651.0, "median_household_income": 88644.0, "total_listings": 16, "pct_entire_home": 50.0, "avg_price": 171.45, "avg_bedrooms": 2.5, "avg_price_per_bedroom": 68.58, "avg_estimated_annual_revenue": 19198.92, "estimated_total_annual_revenue": 230387.0, "total_hosts": 13, "hobbyist_hosts": 10, "small_business_hosts": 2, "commercial_hosts": 1 }, "geometry": { "type": "Polygon", "coordinates": [ [ [ -4238708.9001196147874, 1416434.484998348169029 ], [ -4241260.361285485327244, 1417071.425579351605847 ], [ -4243690.57433994859457, 1417674.996922481339425 ], [ -4243709.610887454822659, 1417600.512734925141558 ], [ -4244299.237258348613977, 1417820.664441048633307 ], [ -4244611.042880481109023, 1417937.084698893129826 ], [ -4245208.936163634993136, 1418161.893973007332534 ], [ -4245378.021093288436532, 1418225.469348274171352 ], [ -4246210.373456207104027, 1418539.242896364536136 ], [ -4247054.108592011965811, 1418854.306587233906612 ], [ -4247358.431215900927782, 1418968.281266200821847 ], [ -4248182.861873320303857, 1419277.046421951847151 ], [ -4248707.401365152560174, 1419474.391399254789576 ], [ -4248977.244192723184824, 1419575.913600936066359 ], [ -4249773.193203384056687, 1419875.190137240337208 ], [ -4249989.655295718461275, 1419958.102301112608984 ], [ -4250482.56934404745698, 1420146.906153282150626 ], [ -4251235.844573891721666, 1420430.051424857228994 ], [ -4252082.306633924134076, 1420747.499449184630066 ], [ -4252547.259984837844968, 1420919.509575367439538 ], [ -4252906.884674847126007, 1421052.553497439017519 ], [ -4253677.996269379742444, 1421345.36250863596797 ], [ -4253698.23149770218879, 1421351.580243579577655 ], [ -4253689.837390499189496, 1421385.294228060403839 ], [ -4253604.212804703041911, 1421729.191136090550572 ], [ -4253589.69388802908361, 1421789.283504635794088 ], [ -4253445.171914800070226, 1422355.64976576063782 ], [ -4253429.659548916853964, 1422417.470745409606025 ], [ -4253276.510295266285539, 1423030.859322063857689 ], [ -4253128.127666983753443, 1423625.153831337345764 ], [ -4253113.145245992578566, 1423680.398002653382719 ], [ -4252951.213790466077626, 1424342.429662737064064 ], [ -4252739.907250444404781, 1425206.320969108026475 ], [ -4252446.510845442302525, 1426405.819443705491722 ], [ -4252431.295093319378793, 1426469.212510185083374 ], [ -4252353.630906596779823, 1426780.689788542222232 ], [ -4252222.815987765789032, 1427305.335320844547823 ], [ -4252061.698550431989133, 1427951.508012945530936 ], [ -4251857.493217207491398, 1428812.924922274425626 ], [ -4251742.940520534291863, 1429278.636345981620252 ], [ -4251726.766632363200188, 1429323.380107623990625 ], [ -4251723.149320233613253, 1429331.24498217785731 ], [ -4249159.610367422923446, 1428671.261141318827868 ], [ -4246596.102375413291156, 1428011.157991877291352 ], [ -4244001.503989893943071, 1427327.593135101953521 ], [ -4241406.726045909337699, 1426643.724783497862518 ], [ -4238969.84511202108115, 1426049.913389943307266 ], [ -4236367.002608479931951, 1425413.992286520311609 ], [ -4236500.832875876687467, 1424951.01556914136745 ], [ -4236528.11232868116349, 1424864.637644437374547 ], [ -4236704.650531318038702, 1424178.517915801377967 ], [ -4237101.46858839970082, 1422640.628381275571883 ], [ -4237116.616451628506184, 1422581.914300044067204 ], [ -4237334.413142638280988, 1421736.650519092567265 ], [ -4237708.326327520422637, 1420285.866592073813081 ], [ -4238026.169504091143608, 1419085.053946682950482 ], [ -4238200.630806606262922, 1418425.279081010026857 ], [ -4238360.032189163379371, 1417822.457580127054825 ], [ -4238375.427439777180552, 1417764.235804578056559 ], [ -4238511.351836424320936, 1417217.641737004974857 ], [ -4238672.024962631985545, 1416559.223440114641562 ], [ -4238708.9001196147874, 1416434.484998348169029 ] ] ] } },
{ "type": "Feature", "properties": { "neighborhood": "Lowry Field", "total_housing": 5908.0, "total_occupied_housing": 5583.0, "total_vacant_housing": 325.0, "owner_occupied_units": 2819.0, "renter_occupied_units": 2764.0, "vacant_homes_rented": 10.0, "vacant_homes_sold": 44.0, "vacant_homes_seasonal": 2.0, "population": 11150.0, "median_gross_rent": 2294.0, "median_home_value": 763745.0, "median_household_income": 112991.0, "total_listings": 13, "pct_entire_home": 76.92, "avg_price": 215.5, "avg_bedrooms": 3.0, "avg_price_per_bedroom": 86.2, "avg_estimated_annual_revenue": 6814.92, "estimated_total_annual_revenue": 81779.0, "total_hosts": 13, "hobbyist_hosts": 10, "small_business_hosts": 1, "commercial_hosts": 2 }, "geometry": { "type": "Polygon", "coordinates": [ [ [ -4262667.178038702346385, 1407465.67267482704483 ], [ -4262874.396339665167034, 1406661.56188754667528 ], [ -4262890.016909293830395, 1406642.106947223655879 ], [ -4262906.248629605397582, 1406623.158908764831722 ], [ -4262923.075061134062707, 1406604.736962339607999 ], [ -4262940.47916273213923, 1406586.859765475150198 ], [ -4262958.443307497538626, 1406569.545423899078742 ], [ -4262976.949302126653492, 1406552.811473363777623 ], [ -4262995.978403375484049, 1406536.674861593171954 ], [ -4263015.511339405551553, 1406521.151931650238112 ], [ -4263035.52832714188844, 1406506.258404731284827 ], [ -4263056.009094444103539, 1406492.009365025907755 ], [ -4263076.932897797785699, 1406478.419243466807529 ], [ -4263098.278546688146889, 1406465.501804080558941 ], [ -4263120.024422350339592, 1406453.270129436859861 ], [ -4263142.148500820621848, 1406441.736607540166005 ], [ -4263164.628375257365406, 1406430.912919353926554 ], [ -4263187.441278342157602, 1406420.810026976047084 ], [ -4263455.919379211962223, 1406306.987259328365326 ], [ -4263475.23560316581279, 1406296.556767631787807 ], [ -4263494.182640769518912, 1406285.469774028519168 ], [ -4263178.286188116297126, 1405827.577187329065055 ], [ -4263161.269943933933973, 1405801.76466881390661 ], [ -4263145.355675118044019, 1405775.258542198920622 ], [ -4263130.571610237471759, 1405748.105823538033292 ], [ -4263116.943973200395703, 1405720.354675528593361 ], [ -4262718.145002169534564, 1404751.659978840965778 ], [ -4262626.389776359312236, 1404528.320037036435679 ], [ -4262570.18748751655221, 1404551.35529277776368 ], [ -4262530.204996257089078, 1404566.812814426608384 ], [ -4262489.634386410936713, 1404580.653340429067612 ], [ -4262448.541023351252079, 1404592.854571494041011 ], [ -4262406.991114895790815, 1404603.396849538898095 ], [ -4262365.05160496942699, 1404612.263189412653446 ], [ -4262322.790064095519483, 1404619.439305894775316 ], [ -4262280.274582784622908, 1404624.913637327728793 ], [ -4262237.573659709654748, 1404628.677363510010764 ], [ -4262183.51649759337306, 1404614.85582974832505 ], [ -4262183.497116468846798, 1404614.929988696239889 ], [ -4260762.826282287016511, 1404251.609595010522753 ], [ -4261333.044540874660015, 1402010.576987134991214 ], [ -4261301.078721680678427, 1402002.384712422033772 ], [ -4261306.901287535205483, 1401974.064284285297617 ], [ -4261310.273009707219899, 1401945.235068809939548 ], [ -4261311.341606014408171, 1401916.32300391769968 ], [ -4261309.5599568746984, 1401887.443751143524423 ], [ -4261305.411938557401299, 1401858.723501390311867 ], [ -4261298.771808249875903, 1401830.646077514858916 ], [ -4261289.670826994813979, 1401803.090525610838085 ], [ -4261278.256728987209499, 1401776.482863471843302 ], [ -4261264.497659416869283, 1401750.943644980434328 ], [ -4261248.572860492393374, 1401726.778073834488168 ], [ -4261230.724159945733845, 1401704.049197887303308 ], [ -4261210.888554675504565, 1401682.99881877284497 ], [ -4261189.30797578394413, 1401663.689803431509063 ], [ -4261165.919484610669315, 1401646.364215838257223 ], [ -4261141.480331741273403, 1401631.090037241112441 ], [ -4261115.412228655070066, 1401618.104114970657974 ], [ -4261088.503791596740484, 1401607.353654618142173 ], [ -4261060.965718352235854, 1401599.022446495015174 ], [ -4260132.843539780005813, 1401363.739834227832034 ], [ -4260787.329029609449208, 1398801.978641878115013 ], [ -4260862.059083865955472, 1398504.988553653936833 ], [ -4260878.33551256544888, 1398441.178434708155692 ], [ -4262263.874499138444662, 1398365.148344980087131 ], [ -4263323.772588839754462, 1398312.215697958366945 ], [ -4264543.974367958493531, 1398250.363827266497537 ], [ -4264684.719940233044326, 1398248.188702728366479 ], [ -4264740.648075562901795, 1398252.270244630053639 ], [ -4264824.038345878943801, 1398266.765140349511057 ], [ -4264910.027137976139784, 1398289.751269159838557 ], [ -4264991.316760564222932, 1398318.353726545115933 ], [ -4265045.395808070898056, 1398343.2418259952683 ], [ -4265099.511547478847206, 1398372.251138218911365 ], [ -4265154.718098409473896, 1398407.62942400178872 ], [ -4265199.814157873392105, 1398440.228708902141079 ], [ -4265263.62186970282346, 1398493.377443911042064 ], [ -4265307.156010658480227, 1398536.681489035487175 ], [ -4265358.658298482187092, 1398598.501714055426419 ], [ -4265417.531289868988097, 1398674.115764385322109 ], [ -4265483.637898455373943, 1398763.77790987957269 ], [ -4265591.325510242953897, 1398904.789695572573692 ], [ -4265645.544921818189323, 1398977.009229260263965 ], [ -4265887.782182283699512, 1399299.666310126660392 ], [ -4266021.346341639757156, 1399477.571877362439409 ], [ -4266142.289718986488879, 1399637.095605195034295 ], [ -4266391.932092611677945, 1399966.372724853688851 ], [ -4266519.766960131004453, 1400138.496359333395958 ], [ -4266579.794078852050006, 1400216.694516444345936 ], [ -4266641.820053089410067, 1400276.687102804891765 ], [ -4266700.97554087638855, 1400323.144140431191772 ], [ -4266749.179110529832542, 1400348.484396152896807 ], [ -4266841.476042223162949, 1400386.109762420644984 ], [ -4269239.854225197806954, 1400999.228687803726643 ], [ -4269689.650063493289053, 1401114.214265289483592 ], [ -4269720.138978511095047, 1401148.689105671597645 ], [ -4269765.41592432372272, 1401141.407929264707491 ], [ -4269985.794633951038122, 1401189.891200025798753 ], [ -4270540.148842526599765, 1401324.333722508279607 ], [ -4271142.725007475353777, 1401481.005629802821204 ], [ -4271416.791676414199173, 1401547.537754888646305 ], [ -4271565.973075972869992, 1401586.135955739300698 ], [ -4271511.710577209480107, 1401640.700930581428111 ], [ -4271465.038596016354859, 1401687.494759478839114 ], [ -4271124.356159304268658, 1402023.001954041887075 ], [ -4270996.173792610876262, 1402149.234411546960473 ], [ -4270579.462044334039092, 1402559.603371223201975 ], [ -4270491.667219252325594, 1402646.062661663861945 ], [ -4270489.354121666401625, 1402648.340593497501686 ], [ -4270480.642789781093597, 1402656.919641831889749 ], [ -4271219.366712534800172, 1402850.701899388572201 ], [ -4271915.92698207590729, 1403025.05237008840777 ], [ -4271785.207016644068062, 1403538.882434767438099 ], [ -4271602.957620183937252, 1404255.262968315044418 ], [ -4271618.989171711727977, 1404290.761288302252069 ], [ -4271308.849101513624191, 1404211.64513650489971 ], [ -4271049.262597652152181, 1404146.049078286159784 ], [ -4270786.845025344751775, 1404079.387735621072352 ], [ -4270526.952325124293566, 1404014.831177279120311 ], [ -4270419.040975596755743, 1403989.0461144966539 ], [ -4270411.783139490522444, 1403987.156714720884338 ], [ -4270404.525374399498105, 1403985.267333461437374 ], [ -4270389.978375521488488, 1403981.609451942145824 ], [ -4270375.431282063946128, 1403977.951715892879292 ], [ -4270360.884104644879699, 1403974.293939150404185 ], [ -4270351.99249560572207, 1404006.465114765334874 ], [ -4270336.719947305507958, 1404065.132242803927511 ], [ -4270321.50035335868597, 1404124.588236166862771 ], [ -4270206.440666739828885, 1404570.541323551209643 ], [ -4270074.20392544195056, 1405081.485415487317368 ], [ -4270058.301602997817099, 1405142.571723410394043 ], [ -4270040.972169453278184, 1405210.132339100120589 ], [ -4270028.81711751781404, 1405256.824088777182624 ], [ -4269974.047305138781667, 1405242.953576314961538 ], [ -4269679.750230154022574, 1405168.794634476536885 ], [ -4269624.012655572034419, 1405154.672288449015468 ], [ -4269586.055807990953326, 1405145.122709504794329 ], [ -4269445.818924372084439, 1405109.833839948521927 ], [ -4269386.86174847278744, 1405093.194289192091674 ], [ -4269109.736031009815633, 1405022.166272034402937 ], [ -4268827.303496045060456, 1404948.096148777287453 ], [ -4268773.296153364703059, 1404934.387422112748027 ], [ -4268737.747957393527031, 1405071.745483450125903 ], [ -4268656.747947682626545, 1405385.640895183663815 ], [ -4268515.139540336094797, 1405934.409178474219516 ], [ -4268493.911873516626656, 1406007.557184952311218 ], [ -4268470.104749680496752, 1406082.21918803290464 ], [ -4268411.934699974022806, 1406212.988705636467785 ], [ -4268330.216629107482731, 1406589.623105346923694 ], [ -4268315.310890001244843, 1406654.028093691216782 ], [ -4268304.429828010499477, 1406703.114601407665759 ], [ -4268209.033315625041723, 1407074.585456671658903 ], [ -4268156.195046728476882, 1407287.291281488025561 ], [ -4268102.487453635782003, 1407503.495902184862643 ], [ -4268076.74984098598361, 1407606.333587639732286 ], [ -4268049.633527520112693, 1407712.505494109354913 ], [ -4268034.42616275139153, 1407772.029306271811947 ], [ -4267973.53718856908381, 1408009.195454479893669 ], [ -4267886.396529344841838, 1408351.439232729142532 ], [ -4267777.110066863708198, 1408777.581064756261185 ], [ -4267392.302844400517642, 1408671.662767717381939 ], [ -4267102.161458263173699, 1408599.205791678512469 ], [ -4266806.828952857293189, 1408523.873046954860911 ], [ -4266499.106489480473101, 1408445.314911536639556 ], [ -4266225.623827451840043, 1408374.849815335357562 ], [ -4266179.101201106794178, 1408362.862835644977167 ], [ -4265983.476233982481062, 1408312.45844341116026 ], [ -4265886.228656752966344, 1408287.401798945385963 ], [ -4265741.328684780746698, 1408250.067192823626101 ], [ -4265528.587674623355269, 1408195.252658526180312 ], [ -4265029.972566805779934, 1408066.780595934251323 ], [ -4264273.725896812044084, 1407875.318880582926795 ], [ -4263954.333211675286293, 1407792.76756512443535 ], [ -4263628.033822276629508, 1407711.156763940351084 ], [ -4263306.515242917463183, 1407629.83420534292236 ], [ -4262985.246576642617583, 1407547.749951519770548 ], [ -4262669.501023849472404, 1407466.278083187993616 ], [ -4262667.178038702346385, 1407465.67267482704483 ] ] ] } },
{ "type": "Feature", "properties": { "neighborhood": "Virginia Village", "total_housing": 7527.0, "total_occupied_housing": 7274.0, "total_vacant_housing": 254.0, "owner_occupied_units": 3190.0, "renter_occupied_units": 4083.0, "vacant_homes_rented": 53.0, "vacant_homes_sold": 61.0, "vacant_homes_seasonal": 0.0, "population": 14432.0, "median_gross_rent": 1988.0, "median_home_value": 634666.0, "median_household_income": 108585.0, "total_listings": 50, "pct_entire_home": 84.0, "avg_price": 235.38, "avg_bedrooms": 2.48, "avg_price_per_bedroom": 94.98, "avg_estimated_annual_revenue": 22436.91, "estimated_total_annual_revenue": 1032098.0, "total_hosts": 44, "hobbyist_hosts": 32, "small_business_hosts": 4, "commercial_hosts": 8 }, "geometry": { "type": "MultiPolygon", "coordinates": [ [ [ [ -4279762.497980848886073, 1398644.574734166730195 ], [ -4279876.992647719569504, 1398200.294702566927299 ], [ -4279376.733902057632804, 1398075.564463413786143 ], [ -4279353.18234948348254, 1398069.686151704285294 ], [ -4279353.206745183095336, 1398069.594181620748714 ], [ -4278736.591040906496346, 1397915.788609645096585 ], [ -4277775.294233059510589, 1397674.965897990390658 ], [ -4277772.558700710535049, 1397685.672275149496272 ], [ -4277767.519835686311126, 1397684.379941607825458 ], [ -4277762.301968356594443, 1397683.021590343443677 ], [ -4277722.245628190226853, 1397673.538842983543873 ], [ -4277695.003773114643991, 1397669.282023411709815 ], [ -4277671.495739188976586, 1397668.831978254020214 ], [ -4277626.249696978367865, 1397668.393296867609024 ], [ -4277591.431079471483827, 1397667.834375696256757 ], [ -4277567.26858154963702, 1397666.268885319354013 ], [ -4277541.141551215201616, 1397661.357157775899395 ], [ -4277507.049704560078681, 1397654.372957111336291 ], [ -4277303.918871092610061, 1397603.382374926703051 ], [ -4277149.464793686755002, 1397565.063683823449537 ], [ -4276971.114381874911487, 1397520.524144834373146 ], [ -4276708.687374779954553, 1397454.097368341404945 ], [ -4276656.009913277812302, 1397442.273711283691227 ], [ -4276627.883293017745018, 1397437.787345589837059 ], [ -4276603.065391514450312, 1397435.10632203752175 ], [ -4276576.017747477628291, 1397433.734677274944261 ], [ -4276542.001492937095463, 1397437.562969745835289 ], [ -4276418.762775054201484, 1397413.823938906658441 ], [ -4276417.120519739575684, 1397411.680626075481996 ], [ -4276405.448992333374918, 1397395.984430505661294 ], [ -4276394.281312489882112, 1397378.352790003176779 ], [ -4276366.924554231576622, 1397354.440187212312594 ], [ -4276346.48207472357899, 1397339.689781677676365 ], [ -4276322.3809016905725, 1397327.086628262419254 ], [ -4276290.14559821691364, 1397306.037136525381356 ], [ -4276282.225370894186199, 1397300.934671291382983 ], [ -4276273.996510229073465, 1397295.633365507470444 ], [ -4276263.347083517350256, 1397283.948890898376703 ], [ -4276253.822995768859982, 1397271.911608245922253 ], [ -4276248.178088888525963, 1397256.880108442390338 ], [ -4276239.017329970374703, 1397235.508629836142063 ], [ -4276226.669942409731448, 1397214.470173471141607 ], [ -4276217.297271886840463, 1397189.943594873649999 ], [ -4276205.806078060530126, 1397177.523503601551056 ], [ -4276183.74183608032763, 1397158.088391275610775 ], [ -4276182.910665878094733, 1397157.479034142568707 ], [ -4276161.615860754624009, 1397141.866385444998741 ], [ -4276099.567652378231287, 1397106.339362478116527 ], [ -4276091.978867481462657, 1397094.805890669580549 ], [ -4276075.397341167554259, 1397082.093843194190413 ], [ -4276054.703051812015474, 1397068.31107807229273 ], [ -4276022.860166147351265, 1397053.692629676777869 ], [ -4276000.411011175252497, 1397042.682053022552282 ], [ -4275984.545270937494934, 1397031.189554481301457 ], [ -4275955.828249565325677, 1397000.593995682895184 ], [ -4275939.832047514617443, 1396980.672191573772579 ], [ -4275931.809419455006719, 1396963.85921664070338 ], [ -4275910.985501436516643, 1396922.789746093796566 ], [ -4275889.477420863695443, 1396880.37975377147086 ], [ -4275875.48811028059572, 1396856.717933280160651 ], [ -4275870.40845634136349, 1396836.538042136235163 ], [ -4275857.498293646611273, 1396804.76173337502405 ], [ -4275853.246001595631242, 1396777.43505564215593 ], [ -4275832.270736983977258, 1396748.854824112029746 ], [ -4275814.267581608146429, 1396732.672756219981238 ], [ -4275799.369602392427623, 1396721.432173188077286 ], [ -4275741.349489423446357, 1396686.308068810030818 ], [ -4275707.732628840953112, 1396657.665923635475338 ], [ -4275682.523149197921157, 1396637.412176959449425 ], [ -4275657.847531576640904, 1396612.130845957901329 ], [ -4275632.7096161339432, 1396587.633436213247478 ], [ -4275612.63050764799118, 1396563.548716668505222 ], [ -4275588.611710461787879, 1396526.814079462783411 ], [ -4275568.352162995375693, 1396499.453360782703385 ], [ -4275546.913125660270452, 1396468.685788237024099 ], [ -4275531.73413007427007, 1396442.647746403468773 ], [ -4275509.791107944212854, 1396413.815564608434215 ], [ -4275487.272846855223179, 1396391.1624800353311 ], [ -4275455.652821764349937, 1396359.811214862624183 ], [ -4275434.818007286638021, 1396338.629624265711755 ], [ -4275406.673922500573099, 1396317.741073542507365 ], [ -4275397.40176294837147, 1396304.736033136025071 ], [ -4275384.802388441748917, 1396284.665152213070542 ], [ -4275371.684757519513369, 1396258.647179962135851 ], [ -4275363.600730674341321, 1396245.047247840557247 ], [ -4275319.656745792366564, 1396155.852507621515542 ], [ -4275304.023687517270446, 1396126.596384200965986 ], [ -4275294.327741475775838, 1396107.281285114586353 ], [ -4275275.651081196963787, 1396069.870736670680344 ], [ -4275261.076448792591691, 1396053.418713585473597 ], [ -4275251.268917556852102, 1396042.47013667342253 ], [ -4275239.767903618514538, 1396031.080607448006049 ], [ -4275212.803447573445737, 1396013.598948175087571 ], [ -4275186.302866409532726, 1395998.304733598139137 ], [ -4275155.045298743061721, 1395976.476514569483697 ], [ -4275134.089063093997538, 1395964.692154295742512 ], [ -4275118.435365884564817, 1395956.354812645586208 ], [ -4275110.279702221043408, 1395946.998601171188056 ], [ -4275101.259389171376824, 1395933.02583722723648 ], [ -4275099.168993853032589, 1395917.240770878503099 ], [ -4275099.009452592581511, 1395893.046076186932623 ], [ -4275098.447407583706081, 1395863.45098127098754 ], [ -4275092.84501372743398, 1395828.410587830003351 ], [ -4275074.603319955989718, 1395777.422083616489545 ], [ -4275058.466605138964951, 1395750.101531046442688 ], [ -4275049.152785688638687, 1395738.248137636343017 ], [ -4275038.629539612680674, 1395726.079804481239989 ], [ -4275023.015705288387835, 1395713.619695631088689 ], [ -4275012.49236495513469, 1395701.451432432280853 ], [ -4275000.608830356970429, 1395682.60017094342038 ], [ -4274988.559420359320939, 1395668.355582041665912 ], [ -4274967.905091628432274, 1395650.450080613838509 ], [ -4274940.29633429646492, 1395627.505133448401466 ], [ -4274915.550882365554571, 1395609.438573508057743 ], [ -4274900.94463368691504, 1395593.107696538092569 ], [ -4274886.985303499735892, 1395566.353823230601847 ], [ -4274877.54103793296963, 1395546.071051456965506 ], [ -4274869.851730721071362, 1395523.016019949223846 ], [ -4274861.839034277945757, 1395505.172363157151267 ], [ -4274855.258041976951063, 1395489.768102129455656 ], [ -4274832.477904097177088, 1395469.113514096476138 ], [ -4274816.158235159702599, 1395454.40304856793955 ], [ -4274799.828573963604867, 1395440.723249262897298 ], [ -4274786.866010396741331, 1395429.986603518249467 ], [ -4274775.123071344569325, 1395418.534096028655767 ], [ -4274756.929545580409467, 1395400.106714781839401 ], [ -4274748.341472000814974, 1395388.442327965050936 ], [ -4274739.44705643504858, 1395373.985648282105103 ], [ -4274724.771862014196813, 1395346.012225167127326 ], [ -4274710.146679701283574, 1395312.885276689194143 ], [ -4274695.431553809903562, 1395289.034660184988752 ], [ -4274681.864520816132426, 1395268.711797726806253 ], [ -4274667.934215781278908, 1395257.723224080633372 ], [ -4274644.225427589379251, 1395251.551210276084021 ], [ -4274606.262949726544321, 1395239.601980433333665 ], [ -4274581.899694116786122, 1395228.99722242471762 ], [ -4274566.46627885941416, 1395219.813109908252954 ], [ -4274541.468748432584107, 1395202.714348266134039 ], [ -4274516.31388365291059, 1395186.220467960694805 ], [ -4274498.38222158420831, 1395165.794817396905273 ], [ -4274471.096813296899199, 1395137.638336966279894 ], [ -4274450.755871001631021, 1395115.552221048157662 ], [ -4274423.912860822863877, 1395088.673476132564247 ], [ -4274407.190914906561375, 1395068.562595283146948 ], [ -4274391.256113952957094, 1395045.427734153345227 ], [ -4274370.209426507353783, 1395021.091208833735436 ], [ -4274353.023520844057202, 1394998.79284258140251 ], [ -4274329.680399492383003, 1394967.400593636324629 ], [ -4274319.984237584285438, 1394948.08549578115344 ], [ -4274306.215315682813525, 1394923.576951082563028 ], [ -4274295.551413265988231, 1394904.009849742520601 ], [ -4274292.91718066111207, 1394894.282887348439544 ], [ -4274289.913613254204392, 1394882.005606768885627 ], [ -4274278.978718003258109, 1394846.610384742962196 ], [ -4274269.213538575917482, 1394815.652720772428438 ], [ -4274259.69786885753274, 1394799.613636474823579 ], [ -4274239.428349947556853, 1394773.283725729910657 ], [ -4274232.020137439481914, 1394765.026214839890599 ], [ -4274218.089656541123986, 1394754.037653665058315 ], [ -4274195.823364576324821, 1394730.416901766788214 ], [ -4274186.51969208009541, 1394717.532883848296478 ], [ -4274174.384183483198285, 1394699.649295869050547 ], [ -4274160.061438281089067, 1394682.22958114859648 ], [ -4274138.622380538843572, 1394651.462007445981726 ], [ -4274103.223735880106688, 1394612.155035841045901 ], [ -4274064.476405752822757, 1394569.12923824111931 ], [ -4274051.528319699689746, 1394566.275226671015844 ], [ -4274030.068228171207011, 1394556.42631670134142 ], [ -4274012.267116020433605, 1394544.429998822277412 ], [ -4273987.993905483745039, 1394524.549146499717608 ], [ -4273972.925319544039667, 1394509.001881367759779 ], [ -4273959.286858908832073, 1394492.922796247527003 ], [ -4273947.474842210300267, 1394469.827935582958162 ], [ -4273935.591311933472753, 1394450.97669593244791 ], [ -4273920.804741381667554, 1394431.369625722756609 ], [ -4273900.473790322430432, 1394408.252751001156867 ], [ -4273882.532113519497216, 1394388.857611865736544 ], [ -4273852.534135868772864, 1394362.19074282515794 ], [ -4273827.648092879913747, 1394336.725644265767187 ], [ -4273812.86142766661942, 1394317.118644138099626 ], [ -4273792.449027233757079, 1394299.276128673460335 ], [ -4273774.013463651761413, 1394280.785818289034069 ], [ -4273765.29951636493206, 1394269.605298614362255 ], [ -4273758.568019635044038, 1394247.832877020584419 ], [ -4273754.537522162310779, 1394222.630468125455081 ], [ -4273751.938801171258092, 1394199.86747351102531 ], [ -4273748.471389782615006, 1394185.402831350686029 ], [ -4273744.993915632367134, 1394171.968837107066065 ], [ -4273723.444781224243343, 1394152.538910824339837 ], [ -4273712.849799759685993, 1394144.614370558410883 ], [ -4273701.530802965164185, 1394139.471890813205391 ], [ -4273677.005563412792981, 1394120.558792638592422 ], [ -4273662.179042358882725, 1394105.074600808788091 ], [ -4273647.644360850565135, 1394084.4998557374347 ], [ -4273627.565285832621157, 1394060.415208774618804 ], [ -4273611.811001509428024, 1394040.556312987115234 ], [ -4273597.992045074701309, 1394021.201138288713992 ], [ -4273580.776151988655329, 1394001.995072562247515 ], [ -4273564.76993936765939, 1393983.10391774517484 ], [ -4273549.519359227269888, 1393961.309538566274568 ], [ -4273537.17209430038929, 1393940.271023447159678 ], [ -4273514.513320377096534, 1393910.219120484776795 ], [ -4273501.874013314954937, 1393894.270992761943489 ], [ -4273494.325200978666544, 1393878.614783713594079 ], [ -4273487.208866984583437, 1393865.26691955071874 ], [ -4273482.199165048077703, 1393861.662035916000605 ], [ -4273475.677777327597141, 1393856.969443508191034 ], [ -4273467.810193039476871, 1393855.437943585915491 ], [ -4273452.541995288804173, 1393854.135739064542577 ], [ -4273449.362269888631999, 1393853.864503992255777 ], [ -4273429.27231115475297, 1393849.667840850306675 ], [ -4273426.146955071948469, 1393847.437199557898566 ], [ -4273410.755401961505413, 1393836.45199351455085 ], [ -4273399.264293761923909, 1393824.031798971351236 ], [ -4273389.528124854899943, 1393808.839413878740743 ], [ -4273379.540037645027041, 1393794.614734467351809 ], [ -4273377.57562712021172, 1393778.345677567180246 ], [ -4273375.268693347461522, 1393750.492171650286764 ], [ -4273378.182709647342563, 1393731.359872430562973 ], [ -4273380.523906704038382, 1393702.520633861189708 ], [ -4273382.753617402166128, 1393682.047851125011221 ], [ -4273379.730928609147668, 1393652.974596570478752 ], [ -4273373.584592602215707, 1393623.992427463643253 ], [ -4273359.553828681819141, 1393601.482311207801104 ], [ -4273350.925797173753381, 1393593.940594671294093 ], [ -4273330.613899372518063, 1393587.619620752520859 ], [ -4273300.886939364485443, 1393576.781054853461683 ], [ -4273277.320964283309877, 1393562.12156374566257 ], [ -4273258.853992018848658, 1393543.752246604766697 ], [ -4273240.771822111681104, 1393516.958418854512274 ], [ -4273231.399051888845861, 1393492.431889137253165 ], [ -4273227.437641958706081, 1393478.871989118633792 ], [ -4273224.325026318430901, 1393459.075015821959823 ], [ -4273218.428098754025996, 1393445.011251065414399 ], [ -4273205.325106097385287, 1393426.875803760951385 ], [ -4273199.842188743874431, 1393420.152822160394862 ], [ -4273179.39984033536166, 1393405.402391646290198 ], [ -4273170.81184646114707, 1393393.738027736311778 ], [ -4273157.528200285509229, 1393372.326524317497388 ], [ -4273143.134044089354575, 1393359.150517173809931 ], [ -4273134.042297635227442, 1393349.421530075138435 ], [ -4273122.087326609529555, 1393334.814045371487737 ], [ -4273108.98416889552027, 1393316.678649791050702 ], [ -4273092.654551702551544, 1393302.998849640367553 ], [ -4273080.911526942625642, 1393291.546342973364517 ], [ -4273056.31735155172646, 1393260.99068268854171 ], [ -4273041.994614352472126, 1393243.570972851477563 ], [ -4273017.540862431749701, 1393220.414098965469748 ], [ -4272993.087157987058163, 1393197.257332002744079 ], [ -4272975.861302753910422, 1393179.081866888096556 ], [ -4272955.166901998221874, 1393165.299070714041591 ], [ -4272945.035989386029541, 1393159.561876718886197 ], [ -4272922.144269657321274, 1393147.273749170126393 ], [ -4272888.58799794036895, 1393134.275827470701188 ], [ -4272865.696310065686703, 1393121.987576345913112 ], [ -4272843.962870412506163, 1393112.196738929254934 ], [ -4272829.40261016972363, 1393103.627347458386794 ], [ -4272807.780660608783364, 1393085.469960271846503 ], [ -4272795.069951108656824, 1393073.765522747999057 ], [ -4272786.291540649719536, 1393059.855753786396235 ], [ -4272780.970047302544117, 1393039.61305338726379 ], [ -4272776.899684665724635, 1393018.533391722012311 ], [ -4272772.607397440820932, 1392995.329365381738171 ], [ -4272767.285869671031833, 1392975.086504722945392 ], [ -4272759.596544385887682, 1392952.031467342050746 ], [ -4272753.225992625579238, 1392936.811063101515174 ], [ -4272745.173311043530703, 1392923.090370828751475 ], [ -4272724.73086990788579, 1392908.339994190260768 ], [ -4272689.520999200642109, 1392890.77839771239087 ], [ -4272668.322838813066483, 1392878.931072686333209 ], [ -4272649.593834791332483, 1392862.560212205629796 ], [ -4272636.310255542397499, 1392841.14865185902454 ], [ -4272620.788776797242463, 1392803.526080569485202 ], [ -4272607.433776669204235, 1392786.358374086907133 ], [ -4272593.402912677265704, 1392763.84825235279277 ], [ -4272575.007269238121808, 1392741.235192401567474 ], [ -4272549.837840455584228, 1392716.858612397685647 ], [ -4272534.870689290575683, 1392693.975734764011577 ], [ -4272513.643484729342163, 1392666.36312027531676 ], [ -4272500.792348147369921, 1392647.259895883500576 ], [ -4272487.365768244490027, 1392634.335926696192473 ], [ -4272458.213995303027332, 1392617.31812204583548 ], [ -4272455.194889416918159, 1392616.015633019851521 ], [ -4272441.193085202015936, 1392609.270730591844767 ], [ -4272418.765292968600988, 1392599.169913796940818 ], [ -4272397.71852910798043, 1392574.833300966769457 ], [ -4272388.305894481018186, 1392554.429521336685866 ], [ -4272385.877494825981557, 1392535.973063566023484 ], [ -4272385.228663003072143, 1392521.596384818432853 ], [ -4272383.879362230189145, 1392495.025590469595045 ], [ -4272375.766171435825527, 1392465.66047116718255 ], [ -4272365.889570132829249, 1392443.069298007758334 ], [ -4272353.078234628774226, 1392419.843382863560691 ], [ -4272344.885201202705503, 1392398.723828190704808 ], [ -4272336.408744013868272, 1392378.69300233758986 ], [ -4272326.280157687142491, 1392357.069498747820035 ], [ -4272309.144164777360857, 1392329.617887200322002 ], [ -4272304.70038116723299, 1392318.90321794222109 ], [ -4272278.714661978185177, 1392281.785492565250024 ], [ -4272261.750598593614995, 1392261.611720897490159 ], [ -4272251.429183389991522, 1392253.629157200455666 ], [ -4272230.019085058942437, 1392238.626801939681172 ], [ -4272211.965978702530265, 1392227.59814090305008 ], [ -4272201.024857705458999, 1392221.004305108450353 ], [ -4272192.577263601124287, 1392216.738591243280098 ], [ -4272181.802067826502025, 1392205.538018318358809 ], [ -4272171.642004881054163, 1392184.035639725392684 ], [ -4272166.482483075000346, 1392172.101226936327294 ], [ -4272159.829991171136498, 1392160.940478777047247 ], [ -4272150.476186094805598, 1392153.21005420293659 ], [ -4272133.904581786133349, 1392139.46728136879392 ], [ -4272121.657799324020743, 1392129.950153069570661 ], [ -4272111.304803038015962, 1392122.088611869839951 ], [ -4272103.432635620236397, 1392111.643846020568162 ], [ -4272095.128144248388708, 1392098.890718526672572 ], [ -4272089.685203069821, 1392088.045016938121989 ], [ -4272081.349224471487105, 1392075.412841594545171 ], [ -4272067.206955757923424, 1392061.269218398723751 ], [ -4272049.617672693915665, 1392052.427989721763879 ], [ -4272033.093654208816588, 1392040.405141509138048 ], [ -4272083.096043644472957, 1391834.98104148847051 ], [ -4272095.007117481902242, 1391796.391721052350476 ], [ -4272445.721212160773575, 1392231.639611746650189 ], [ -4272467.332362241111696, 1392237.266560173593462 ], [ -4272633.004243798553944, 1391575.191025552805513 ], [ -4272477.255494864657521, 1391535.276610981207341 ], [ -4272633.297661270014942, 1390912.762209209380671 ], [ -4272793.159701318480074, 1390274.860978871583939 ], [ -4273749.147449281066656, 1390516.237420975696295 ], [ -4273790.386197908781469, 1390352.863438009051606 ], [ -4273646.808846191503108, 1390317.940752487629652 ], [ -4273486.83190268650651, 1390276.553005082532763 ], [ -4273578.096701407805085, 1389919.027381047839299 ], [ -4273403.517719715833664, 1389775.61638845410198 ], [ -4273369.32733108010143, 1389747.530121790943667 ], [ -4273410.10375361237675, 1389743.864712949842215 ], [ -4273421.100876182317734, 1389747.965009182458743 ], [ -4273453.1313082780689, 1389758.476209965301678 ], [ -4273497.575557754375041, 1389771.360504066804424 ], [ -4273940.523551864549518, 1389883.302881319541484 ], [ -4275197.839677919633687, 1390204.148521300638095 ], [ -4276057.142283287830651, 1390422.357549696462229 ], [ -4276829.879865437746048, 1390615.586459766374901 ], [ -4277426.609207891859114, 1390768.355214581126347 ], [ -4277776.447673249058425, 1390861.364937682403252 ], [ -4278092.137389907613397, 1390942.595170415472239 ], [ -4278222.057159663178027, 1390974.010943248402327 ], [ -4278576.627855784259737, 1391061.277439640834928 ], [ -4278641.930534082464874, 1391080.181518797995523 ], [ -4280128.886275123804808, 1391455.16870957869105 ], [ -4280328.176866136491299, 1391505.370177526026964 ], [ -4280713.916424321010709, 1391602.301329525420442 ], [ -4280783.780309672467411, 1391619.713776398450136 ], [ -4280897.305705929175019, 1391646.038578806910664 ], [ -4280949.190161535516381, 1391656.027191471075639 ], [ -4280973.527380540035665, 1391662.428589627845213 ], [ -4280973.660515618510544, 1391662.380190103081986 ], [ -4280974.174995064735413, 1391663.794130010763183 ], [ -4280995.866007597185671, 1391723.419317911844701 ], [ -4281015.869041704572737, 1391778.404811847023666 ], [ -4281076.654496877454221, 1391950.176602298393846 ], [ -4281183.874351855367422, 1392264.883398729609326 ], [ -4281246.081647148355842, 1392422.753237031400204 ], [ -4281311.243468503467739, 1392561.714982223929837 ], [ -4281365.873575448989868, 1392667.435448927571997 ], [ -4281458.7215944416821, 1392820.98375930916518 ], [ -4281509.450242165476084, 1392891.417895398568362 ], [ -4281567.300339018926024, 1392971.740049774060026 ], [ -4281701.095886792056262, 1393143.25292695988901 ], [ -4281805.757845542393625, 1393259.025256105232984 ], [ -4281929.301385981962085, 1393375.689112339168787 ], [ -4282000.474926945753396, 1393438.48044413421303 ], [ -4282097.705047137103975, 1393517.108878623461351 ], [ -4282287.649061693809927, 1393653.070444507990032 ], [ -4282332.623074102215469, 1393680.547979520168155 ], [ -4282399.765259576030076, 1393721.569426446920261 ], [ -4282392.377171809785068, 1393750.094490103889257 ], [ -4282384.923306681215763, 1393780.171147088287398 ], [ -4282357.744700502604246, 1393888.091991698136553 ], [ -4282267.645604642108083, 1394244.111937198089436 ], [ -4282232.587564731016755, 1394404.518636224325746 ], [ -4282157.200383667834103, 1394683.915528660640121 ], [ -4281984.038922370411456, 1395318.736650249222293 ], [ -4281814.120849008671939, 1395962.655366344377398 ], [ -4281657.294301301240921, 1396602.435257508652285 ], [ -4281490.025935110636055, 1397240.945153820095584 ], [ -4281328.259381006471813, 1397881.809697269462049 ], [ -4281327.698718477971852, 1397883.938705639215186 ], [ -4281306.138630853965878, 1397878.488353837979957 ], [ -4281248.851815820671618, 1398105.102913481416181 ], [ -4280964.291323849000037, 1398032.161401643883437 ], [ -4280990.77366832178086, 1397927.459947051946074 ], [ -4281021.789421503432095, 1397805.339901066850871 ], [ -4280134.501031740568578, 1397582.878360393224284 ], [ -4279974.387399696744978, 1398224.717308171326295 ], [ -4280016.916676665656269, 1398235.282131591578946 ], [ -4279902.687498520128429, 1398679.645860142540187 ], [ -4279762.497980848886073, 1398644.574734166730195 ] ] ], [ [ [ -4274358.516426456160843, 1391348.835353456670418 ], [ -4274553.680461130104959, 1390578.304966397816315 ], [ -4273813.2155143301934, 1390387.222127068089321 ], [ -4273778.241725870408118, 1390523.553085352061316 ], [ -4273616.623027694411576, 1391161.25533149112016 ], [ -4274358.516426456160843, 1391348.835353456670418 ] ] ], [ [ [ -4278888.195658732205629, 1398639.292877812637016 ], [ -4279212.210672909393907, 1398714.024904422927648 ], [ -4279124.901912277564406, 1399046.807612443808466 ], [ -4279049.809267760254443, 1399337.245717047248036 ], [ -4278729.950896874070168, 1399254.106853174278513 ], [ -4278412.524443795904517, 1399176.509430862264708 ], [ -4278533.474849754944444, 1398705.946812155190855 ], [ -4278570.936525271274149, 1398560.059964245883748 ], [ -4278725.769613768905401, 1398600.367225877940655 ], [ -4278888.195658732205629, 1398639.292877812637016 ] ] ] ] } },
{ "type": "Feature", "properties": { "neighborhood": "Washington Virginia Vale", "total_housing": 7344.0, "total_occupied_housing": 6887.0, "total_vacant_housing": 457.0, "owner_occupied_units": 2808.0, "renter_occupied_units": 4079.0, "vacant_homes_rented": 135.0, "vacant_homes_sold": 25.0, "vacant_homes_seasonal": 0.0, "population": 14269.0, "median_gross_rent": 1715.0, "median_home_value": 599345.0, "median_household_income": 82804.0, "total_listings": 37, "pct_entire_home": 78.38, "avg_price": 211.17, "avg_bedrooms": 2.34, "avg_price_per_bedroom": 72.11, "avg_estimated_annual_revenue": 19692.0, "estimated_total_annual_revenue": 551376.0, "total_hosts": 28, "hobbyist_hosts": 17, "small_business_hosts": 4, "commercial_hosts": 7 }, "geometry": { "type": "Polygon", "coordinates": [ [ [ -4269720.138978511095047, 1401148.689105671597645 ], [ -4269738.620550728403032, 1401094.49952228856273 ], [ -4269764.58813154604286, 1400992.764389879535884 ], [ -4269871.269423353485763, 1400571.056009956868365 ], [ -4269968.74583347607404, 1400185.699882411397994 ], [ -4269970.635232534259558, 1400178.442039672285318 ], [ -4270011.234037694521248, 1400018.518395269056782 ], [ -4270062.118645464070141, 1399817.099395310506225 ], [ -4270384.052424066700041, 1398536.312517861369997 ], [ -4270708.250813293270767, 1397281.830558839254081 ], [ -4270725.924301477149129, 1397214.496476292610168 ], [ -4270765.139305963180959, 1397065.092634283471853 ], [ -4270873.912172379903495, 1396651.419852988328785 ], [ -4270865.673410928808153, 1396643.04126823018305 ], [ -4271034.711776862852275, 1395974.852043511113152 ], [ -4270434.483673510141671, 1394443.290164466947317 ], [ -4271360.552016695030034, 1394690.4395162074361 ], [ -4271686.665821109898388, 1393405.968624629545957 ], [ -4271870.413811220787466, 1392710.841055680066347 ], [ -4272033.093654208816588, 1392040.405141509138048 ], [ -4272049.617672693915665, 1392052.427989721763879 ], [ -4272067.206955757923424, 1392061.269218398723751 ], [ -4272081.349224471487105, 1392075.412841594545171 ], [ -4272089.685203069821, 1392088.045016938121989 ], [ -4272095.128144248388708, 1392098.890718526672572 ], [ -4272103.432635620236397, 1392111.643846020568162 ], [ -4272111.304803038015962, 1392122.088611869839951 ], [ -4272121.657799324020743, 1392129.950153069570661 ], [ -4272133.904581786133349, 1392139.46728136879392 ], [ -4272150.476186094805598, 1392153.21005420293659 ], [ -4272159.829991171136498, 1392160.940478777047247 ], [ -4272166.482483075000346, 1392172.101226936327294 ], [ -4272171.642004881054163, 1392184.035639725392684 ], [ -4272181.802067826502025, 1392205.538018318358809 ], [ -4272192.577263601124287, 1392216.738591243280098 ], [ -4272201.024857705458999, 1392221.004305108450353 ], [ -4272211.965978702530265, 1392227.59814090305008 ], [ -4272230.019085058942437, 1392238.626801939681172 ], [ -4272251.429183389991522, 1392253.629157200455666 ], [ -4272261.750598593614995, 1392261.611720897490159 ], [ -4272278.714661978185177, 1392281.785492565250024 ], [ -4272304.70038116723299, 1392318.90321794222109 ], [ -4272309.144164777360857, 1392329.617887200322002 ], [ -4272326.280157687142491, 1392357.069498747820035 ], [ -4272336.408744013868272, 1392378.69300233758986 ], [ -4272344.885201202705503, 1392398.723828190704808 ], [ -4272353.078234628774226, 1392419.843382863560691 ], [ -4272365.889570132829249, 1392443.069298007758334 ], [ -4272375.766171435825527, 1392465.66047116718255 ], [ -4272383.879362230189145, 1392495.025590469595045 ], [ -4272385.228663003072143, 1392521.596384818432853 ], [ -4272385.877494825981557, 1392535.973063566023484 ], [ -4272388.305894481018186, 1392554.429521336685866 ], [ -4272397.71852910798043, 1392574.833300966769457 ], [ -4272418.765292968600988, 1392599.169913796940818 ], [ -4272441.193085202015936, 1392609.270730591844767 ], [ -4272455.194889416918159, 1392616.015633019851521 ], [ -4272458.213995303027332, 1392617.31812204583548 ], [ -4272487.365768244490027, 1392634.335926696192473 ], [ -4272500.792348147369921, 1392647.259895883500576 ], [ -4272513.643484729342163, 1392666.36312027531676 ], [ -4272534.870689290575683, 1392693.975734764011577 ], [ -4272549.837840455584228, 1392716.858612397685647 ], [ -4272575.007269238121808, 1392741.235192401567474 ], [ -4272593.402912677265704, 1392763.84825235279277 ], [ -4272607.433776669204235, 1392786.358374086907133 ], [ -4272620.788776797242463, 1392803.526080569485202 ], [ -4272636.310255542397499, 1392841.14865185902454 ], [ -4272649.593834791332483, 1392862.560212205629796 ], [ -4272668.322838813066483, 1392878.931072686333209 ], [ -4272689.520999200642109, 1392890.77839771239087 ], [ -4272724.73086990788579, 1392908.339994190260768 ], [ -4272745.173311043530703, 1392923.090370828751475 ], [ -4272753.225992625579238, 1392936.811063101515174 ], [ -4272759.596544385887682, 1392952.031467342050746 ], [ -4272767.285869671031833, 1392975.086504722945392 ], [ -4272772.607397440820932, 1392995.329365381738171 ], [ -4272776.899684665724635, 1393018.533391722012311 ], [ -4272780.970047302544117, 1393039.61305338726379 ], [ -4272786.291540649719536, 1393059.855753786396235 ], [ -4272795.069951108656824, 1393073.765522747999057 ], [ -4272807.780660608783364, 1393085.469960271846503 ], [ -4272829.40261016972363, 1393103.627347458386794 ], [ -4272843.962870412506163, 1393112.196738929254934 ], [ -4272865.696310065686703, 1393121.987576345913112 ], [ -4272888.58799794036895, 1393134.275827470701188 ], [ -4272922.144269657321274, 1393147.273749170126393 ], [ -4272945.035989386029541, 1393159.561876718886197 ], [ -4272955.166901998221874, 1393165.299070714041591 ], [ -4272975.861302753910422, 1393179.081866888096556 ], [ -4272993.087157987058163, 1393197.257332002744079 ], [ -4273017.540862431749701, 1393220.414098965469748 ], [ -4273041.994614352472126, 1393243.570972851477563 ], [ -4273056.31735155172646, 1393260.99068268854171 ], [ -4273080.911526942625642, 1393291.546342973364517 ], [ -4273092.654551702551544, 1393302.998849640367553 ], [ -4273108.98416889552027, 1393316.678649791050702 ], [ -4273122.087326609529555, 1393334.814045371487737 ], [ -4273134.042297635227442, 1393349.421530075138435 ], [ -4273143.134044089354575, 1393359.150517173809931 ], [ -4273157.528200285509229, 1393372.326524317497388 ], [ -4273170.81184646114707, 1393393.738027736311778 ], [ -4273179.39984033536166, 1393405.402391646290198 ], [ -4273199.842188743874431, 1393420.152822160394862 ], [ -4273205.325106097385287, 1393426.875803760951385 ], [ -4273218.428098754025996, 1393445.011251065414399 ], [ -4273224.325026318430901, 1393459.075015821959823 ], [ -4273227.437641958706081, 1393478.871989118633792 ], [ -4273231.399051888845861, 1393492.431889137253165 ], [ -4273240.771822111681104, 1393516.958418854512274 ], [ -4273258.853992018848658, 1393543.752246604766697 ], [ -4273277.320964283309877, 1393562.12156374566257 ], [ -4273300.886939364485443, 1393576.781054853461683 ], [ -4273330.613899372518063, 1393587.619620752520859 ], [ -4273350.925797173753381, 1393593.940594671294093 ], [ -4273359.553828681819141, 1393601.482311207801104 ], [ -4273373.584592602215707, 1393623.992427463643253 ], [ -4273379.730928609147668, 1393652.974596570478752 ], [ -4273382.753617402166128, 1393682.047851125011221 ], [ -4273380.523906704038382, 1393702.520633861189708 ], [ -4273378.182709647342563, 1393731.359872430562973 ], [ -4273375.268693347461522, 1393750.492171650286764 ], [ -4273377.57562712021172, 1393778.345677567180246 ], [ -4273379.540037645027041, 1393794.614734467351809 ], [ -4273389.528124854899943, 1393808.839413878740743 ], [ -4273399.264293761923909, 1393824.031798971351236 ], [ -4273410.755401961505413, 1393836.45199351455085 ], [ -4273426.146955071948469, 1393847.437199557898566 ], [ -4273429.27231115475297, 1393849.667840850306675 ], [ -4273449.362269888631999, 1393853.864503992255777 ], [ -4273452.541995288804173, 1393854.135739064542577 ], [ -4273467.810193039476871, 1393855.437943585915491 ], [ -4273475.677777327597141, 1393856.969443508191034 ], [ -4273482.199165048077703, 1393861.662035916000605 ], [ -4273487.208866984583437, 1393865.26691955071874 ], [ -4273494.325200978666544, 1393878.614783713594079 ], [ -4273501.874013314954937, 1393894.270992761943489 ], [ -4273514.513320377096534, 1393910.219120484776795 ], [ -4273537.17209430038929, 1393940.271023447159678 ], [ -4273549.519359227269888, 1393961.309538566274568 ], [ -4273564.76993936765939, 1393983.10391774517484 ], [ -4273580.776151988655329, 1394001.995072562247515 ], [ -4273597.992045074701309, 1394021.201138288713992 ], [ -4273611.811001509428024, 1394040.556312987115234 ], [ -4273627.565285832621157, 1394060.415208774618804 ], [ -4273647.644360850565135, 1394084.4998557374347 ], [ -4273662.179042358882725, 1394105.074600808788091 ], [ -4273677.005563412792981, 1394120.558792638592422 ], [ -4273701.530802965164185, 1394139.471890813205391 ], [ -4273712.849799759685993, 1394144.614370558410883 ], [ -4273723.444781224243343, 1394152.538910824339837 ], [ -4273744.993915632367134, 1394171.968837107066065 ], [ -4273748.471389782615006, 1394185.402831350686029 ], [ -4273751.938801171258092, 1394199.86747351102531 ], [ -4273754.537522162310779, 1394222.630468125455081 ], [ -4273758.568019635044038, 1394247.832877020584419 ], [ -4273765.29951636493206, 1394269.605298614362255 ], [ -4273774.013463651761413, 1394280.785818289034069 ], [ -4273792.449027233757079, 1394299.276128673460335 ], [ -4273812.86142766661942, 1394317.118644138099626 ], [ -4273827.648092879913747, 1394336.725644265767187 ], [ -4273852.534135868772864, 1394362.19074282515794 ], [ -4273882.532113519497216, 1394388.857611865736544 ], [ -4273900.473790322430432, 1394408.252751001156867 ], [ -4273920.804741381667554, 1394431.369625722756609 ], [ -4273935.591311933472753, 1394450.97669593244791 ], [ -4273947.474842210300267, 1394469.827935582958162 ], [ -4273959.286858908832073, 1394492.922796247527003 ], [ -4273972.925319544039667, 1394509.001881367759779 ], [ -4273987.993905483745039, 1394524.549146499717608 ], [ -4274012.267116020433605, 1394544.429998822277412 ], [ -4274030.068228171207011, 1394556.42631670134142 ], [ -4274051.528319699689746, 1394566.275226671015844 ], [ -4274064.476405752822757, 1394569.12923824111931 ], [ -4274103.223735880106688, 1394612.155035841045901 ], [ -4274138.622380538843572, 1394651.462007445981726 ], [ -4274160.061438281089067, 1394682.22958114859648 ], [ -4274174.384183483198285, 1394699.649295869050547 ], [ -4274186.51969208009541, 1394717.532883848296478 ], [ -4274195.823364576324821, 1394730.416901766788214 ], [ -4274218.089656541123986, 1394754.037653665058315 ], [ -4274232.020137439481914, 1394765.026214839890599 ], [ -4274239.428349947556853, 1394773.283725729910657 ], [ -4274259.69786885753274, 1394799.613636474823579 ], [ -4274269.213538575917482, 1394815.652720772428438 ], [ -4274278.978718003258109, 1394846.610384742962196 ], [ -4274289.913613254204392, 1394882.005606768885627 ], [ -4274292.91718066111207, 1394894.282887348439544 ], [ -4274295.551413265988231, 1394904.009849742520601 ], [ -4274306.215315682813525, 1394923.576951082563028 ], [ -4274319.984237584285438, 1394948.08549578115344 ], [ -4274329.680399492383003, 1394967.400593636324629 ], [ -4274353.023520844057202, 1394998.79284258140251 ], [ -4274370.209426507353783, 1395021.091208833735436 ], [ -4274391.256113952957094, 1395045.427734153345227 ], [ -4274407.190914906561375, 1395068.562595283146948 ], [ -4274423.912860822863877, 1395088.673476132564247 ], [ -4274450.755871001631021, 1395115.552221048157662 ], [ -4274471.096813296899199, 1395137.638336966279894 ], [ -4274498.38222158420831, 1395165.794817396905273 ], [ -4274516.31388365291059, 1395186.220467960694805 ], [ -4274541.468748432584107, 1395202.714348266134039 ], [ -4274566.46627885941416, 1395219.813109908252954 ], [ -4274581.899694116786122, 1395228.99722242471762 ], [ -4274606.262949726544321, 1395239.601980433333665 ], [ -4274644.225427589379251, 1395251.551210276084021 ], [ -4274667.934215781278908, 1395257.723224080633372 ], [ -4274681.864520816132426, 1395268.711797726806253 ], [ -4274695.431553809903562, 1395289.034660184988752 ], [ -4274710.146679701283574, 1395312.885276689194143 ], [ -4274724.771862014196813, 1395346.012225167127326 ], [ -4274739.44705643504858, 1395373.985648282105103 ], [ -4274748.341472000814974, 1395388.442327965050936 ], [ -4274756.929545580409467, 1395400.106714781839401 ], [ -4274775.123071344569325, 1395418.534096028655767 ], [ -4274786.866010396741331, 1395429.986603518249467 ], [ -4274799.828573963604867, 1395440.723249262897298 ], [ -4274816.158235159702599, 1395454.40304856793955 ], [ -4274832.477904097177088, 1395469.113514096476138 ], [ -4274855.258041976951063, 1395489.768102129455656 ], [ -4274861.839034277945757, 1395505.172363157151267 ], [ -4274869.851730721071362, 1395523.016019949223846 ], [ -4274877.54103793296963, 1395546.071051456965506 ], [ -4274886.985303499735892, 1395566.353823230601847 ], [ -4274900.94463368691504, 1395593.107696538092569 ], [ -4274915.550882365554571, 1395609.438573508057743 ], [ -4274940.29633429646492, 1395627.505133448401466 ], [ -4274967.905091628432274, 1395650.450080613838509 ], [ -4274988.559420359320939, 1395668.355582041665912 ], [ -4275000.608830356970429, 1395682.60017094342038 ], [ -4275012.49236495513469, 1395701.451432432280853 ], [ -4275023.015705288387835, 1395713.619695631088689 ], [ -4275038.629539612680674, 1395726.079804481239989 ], [ -4275049.152785688638687, 1395738.248137636343017 ], [ -4275058.466605138964951, 1395750.101531046442688 ], [ -4275074.603319955989718, 1395777.422083616489545 ], [ -4275092.84501372743398, 1395828.410587830003351 ], [ -4275098.447407583706081, 1395863.45098127098754 ], [ -4275099.009452592581511, 1395893.046076186932623 ], [ -4275099.168993853032589, 1395917.240770878503099 ], [ -4275101.259389171376824, 1395933.02583722723648 ], [ -4275110.279702221043408, 1395946.998601171188056 ], [ -4275118.435365884564817, 1395956.354812645586208 ], [ -4275134.089063093997538, 1395964.692154295742512 ], [ -4275155.045298743061721, 1395976.476514569483697 ], [ -4275186.302866409532726, 1395998.304733598139137 ], [ -4275212.803447573445737, 1396013.598948175087571 ], [ -4275239.767903618514538, 1396031.080607448006049 ], [ -4275251.268917556852102, 1396042.47013667342253 ], [ -4275261.076448792591691, 1396053.418713585473597 ], [ -4275275.651081196963787, 1396069.870736670680344 ], [ -4275294.327741475775838, 1396107.281285114586353 ], [ -4275304.023687517270446, 1396126.596384200965986 ], [ -4275319.656745792366564, 1396155.852507621515542 ], [ -4275363.600730674341321, 1396245.047247840557247 ], [ -4275371.684757519513369, 1396258.647179962135851 ], [ -4275384.802388441748917, 1396284.665152213070542 ], [ -4275397.40176294837147, 1396304.736033136025071 ], [ -4275406.673922500573099, 1396317.741073542507365 ], [ -4275434.818007286638021, 1396338.629624265711755 ], [ -4275455.652821764349937, 1396359.811214862624183 ], [ -4275487.272846855223179, 1396391.1624800353311 ], [ -4275509.791107944212854, 1396413.815564608434215 ], [ -4275531.73413007427007, 1396442.647746403468773 ], [ -4275546.913125660270452, 1396468.685788237024099 ], [ -4275568.352162995375693, 1396499.453360782703385 ], [ -4275588.611710461787879, 1396526.814079462783411 ], [ -4275612.63050764799118, 1396563.548716668505222 ], [ -4275632.7096161339432, 1396587.633436213247478 ], [ -4275657.847531576640904, 1396612.130845957901329 ], [ -4275682.523149197921157, 1396637.412176959449425 ], [ -4275707.732628840953112, 1396657.665923635475338 ], [ -4275741.349489423446357, 1396686.308068810030818 ], [ -4275799.369602392427623, 1396721.432173188077286 ], [ -4275814.267581608146429, 1396732.672756219981238 ], [ -4275832.270736983977258, 1396748.854824112029746 ], [ -4275853.246001595631242, 1396777.43505564215593 ], [ -4275857.498293646611273, 1396804.76173337502405 ], [ -4275870.40845634136349, 1396836.538042136235163 ], [ -4275875.48811028059572, 1396856.717933280160651 ], [ -4275889.477420863695443, 1396880.37975377147086 ], [ -4275910.985501436516643, 1396922.789746093796566 ], [ -4275931.809419455006719, 1396963.85921664070338 ], [ -4275939.832047514617443, 1396980.672191573772579 ], [ -4275955.828249565325677, 1397000.593995682895184 ], [ -4275984.545270937494934, 1397031.189554481301457 ], [ -4276000.411011175252497, 1397042.682053022552282 ], [ -4276022.860166147351265, 1397053.692629676777869 ], [ -4276054.703051812015474, 1397068.31107807229273 ], [ -4276075.397341167554259, 1397082.093843194190413 ], [ -4276091.978867481462657, 1397094.805890669580549 ], [ -4276099.567652378231287, 1397106.339362478116527 ], [ -4276161.615860754624009, 1397141.866385444998741 ], [ -4276182.910665878094733, 1397157.479034142568707 ], [ -4276183.74183608032763, 1397158.088391275610775 ], [ -4276205.806078060530126, 1397177.523503601551056 ], [ -4276217.297271886840463, 1397189.943594873649999 ], [ -4276226.669942409731448, 1397214.470173471141607 ], [ -4276239.017329970374703, 1397235.508629836142063 ], [ -4276248.178088888525963, 1397256.880108442390338 ], [ -4276253.822995768859982, 1397271.911608245922253 ], [ -4276263.347083517350256, 1397283.948890898376703 ], [ -4276273.996510229073465, 1397295.633365507470444 ], [ -4276282.225370894186199, 1397300.934671291382983 ], [ -4276290.14559821691364, 1397306.037136525381356 ], [ -4276322.3809016905725, 1397327.086628262419254 ], [ -4276346.48207472357899, 1397339.689781677676365 ], [ -4276366.924554231576622, 1397354.440187212312594 ], [ -4276394.281312489882112, 1397378.352790003176779 ], [ -4276405.448992333374918, 1397395.984430505661294 ], [ -4276417.120519739575684, 1397411.680626075481996 ], [ -4276418.762775054201484, 1397413.823938906658441 ], [ -4276542.001492937095463, 1397437.562969745835289 ], [ -4276576.017747477628291, 1397433.734677274944261 ], [ -4276603.065391514450312, 1397435.10632203752175 ], [ -4276627.883293017745018, 1397437.787345589837059 ], [ -4276656.009913277812302, 1397442.273711283691227 ], [ -4276708.687374779954553, 1397454.097368341404945 ], [ -4276971.114381874911487, 1397520.524144834373146 ], [ -4277149.464793686755002, 1397565.063683823449537 ], [ -4277303.918871092610061, 1397603.382374926703051 ], [ -4277507.049704560078681, 1397654.372957111336291 ], [ -4277541.141551215201616, 1397661.357157775899395 ], [ -4277567.26858154963702, 1397666.268885319354013 ], [ -4277591.431079471483827, 1397667.834375696256757 ], [ -4277626.249696978367865, 1397668.393296867609024 ], [ -4277671.495739188976586, 1397668.831978254020214 ], [ -4277695.003773114643991, 1397669.282023411709815 ], [ -4277722.245628190226853, 1397673.538842983543873 ], [ -4277762.301968356594443, 1397683.021590343443677 ], [ -4277767.519835686311126, 1397684.379941607825458 ], [ -4277772.558700710535049, 1397685.672275149496272 ], [ -4277611.23718582559377, 1398317.069796816213056 ], [ -4277771.633184154517949, 1398355.854485901771113 ], [ -4277605.501737417653203, 1398993.026814049342647 ], [ -4277751.15174491610378, 1399029.910096769919619 ], [ -4278408.619676414877176, 1399191.508892297046259 ], [ -4278399.16267266497016, 1399228.828549796948209 ], [ -4278717.73427693080157, 1399304.011618662858382 ], [ -4278626.54356490727514, 1399663.23494790866971 ], [ -4278946.546693720854819, 1399740.857469294918701 ], [ -4278881.239244214259088, 1399997.677797675365582 ], [ -4278725.073084315285087, 1400604.507875288370997 ], [ -4278518.744133747182786, 1400556.60700792632997 ], [ -4278413.886634486727417, 1400471.187357019633055 ], [ -4278561.267641191370785, 1399919.934258540393785 ], [ -4278241.296069739386439, 1399842.190962018445134 ], [ -4278137.45487245451659, 1400246.039572274079546 ], [ -4278137.202938844449818, 1400247.007329377345741 ], [ -4278077.940231027081609, 1400477.631492033135146 ], [ -4277660.197287920862436, 1400371.594015168491751 ], [ -4276792.745495185256004, 1400151.326877326471731 ], [ -4276536.541907859034836, 1401154.34197693108581 ], [ -4276892.238546296954155, 1401241.709341701352969 ], [ -4276883.81458988878876, 1401274.772766983136535 ], [ -4277110.214046633802354, 1401332.768239228753373 ], [ -4277144.411793049424887, 1401200.019176530186087 ], [ -4277257.997473899275064, 1401229.661206991877407 ], [ -4277072.65043970849365, 1401971.131971676601097 ], [ -4276414.470417764037848, 1401631.765743060968816 ], [ -4276409.321590211242437, 1401653.026712753809988 ], [ -4277066.476164754480124, 1401995.832052199402824 ], [ -4277243.824902260676026, 1402094.058695190353319 ], [ -4277383.768787165172398, 1402181.637706962181255 ], [ -4277422.401590375229716, 1402208.873329421505332 ], [ -4277600.069418914616108, 1402336.108995917020366 ], [ -4277421.378015462309122, 1403030.458342719590291 ], [ -4277381.63058171607554, 1403063.320849949726835 ], [ -4276771.05611649248749, 1402900.390049595851451 ], [ -4276452.264414268545806, 1402817.4024720385205 ], [ -4276133.373128868639469, 1402735.669831126462668 ], [ -4275812.744361119344831, 1402654.782927526859567 ], [ -4275491.927957125939429, 1402571.258145675295964 ], [ -4275170.639956399798393, 1402499.188488500891253 ], [ -4274850.627052408643067, 1402423.584855020977557 ], [ -4274534.598326035775244, 1402337.468279615277424 ], [ -4274215.836209546774626, 1402255.815383156295866 ], [ -4273898.529804185964167, 1402173.187781591899693 ], [ -4273580.397218249738216, 1402095.398668493377045 ], [ -4273262.370681180618703, 1402014.013467511860654 ], [ -4272943.797584350220859, 1401929.469100041082129 ], [ -4272625.979337885975838, 1401856.928754279622808 ], [ -4272296.228682450018823, 1401775.31190375238657 ], [ -4272261.875677519477904, 1401766.164052278269082 ], [ -4271995.666883872821927, 1401695.274834843818098 ], [ -4271807.729848049581051, 1401648.686626312555745 ], [ -4271565.973075972869992, 1401586.135955739300698 ], [ -4271416.791676414199173, 1401547.537754888646305 ], [ -4271142.725007475353777, 1401481.005629802821204 ], [ -4270540.148842526599765, 1401324.333722508279607 ], [ -4269985.794633951038122, 1401189.891200025798753 ], [ -4269765.41592432372272, 1401141.407929264707491 ], [ -4269720.138978511095047, 1401148.689105671597645 ] ], [ [ -4277588.155290465801954, 1399668.9316328370478 ], [ -4277657.136964993551373, 1399398.989364481996745 ], [ -4277380.500137949362397, 1399329.427416975377128 ], [ -4277443.896900751627982, 1399472.896654481068254 ], [ -4277519.690430755726993, 1399610.422567848814651 ], [ -4277552.477555945515633, 1399662.097924977308139 ], [ -4277588.155290465801954, 1399668.9316328370478 ] ] ] } }
]
}
