neighborhood,total_housing,total_occupied_housing,total_vacant_housing,owner_occupied_units,renter_occupied_units,vacant_homes_rented,vacant_homes_sold,vacant_homes_seasonal,population,median_gross_rent,median_home_value,median_household_income,geometry,total_listings,pct_entire_home,avg_price,avg_bedrooms,avg_price_per_bedroom,avg_estimated_annual_revenue,estimated_total_annual_revenue,total_hosts,hobbyist_hosts,small_business_hosts,commercial_hosts
Marston,5614.0,5487.0,127.0,3330.0,2156.0,0.0,0.0,0.0,11635.0,1964.0,550295.0,87935.0,"POLYGON ((-4322130.826413 1379611.278122, -4321997.805968 1380151.438234, -4322103.646204 1380387.183009, -4324041.607006 1381888.451403, -4324630.277993 1382394.705081, -4324193.810249 1382284.176065, -4324594.782602 1382712.632157, -4325281.695261 1384529.368171, -4325309.981925 1385238.341317, -4325479.515324 1385271.799833, -4325477.006539 1385281.436485, -4326063.258639 1385430.831357, -4326167.902151 1385044.754997, -4325610.470975 1384902.734342, -4325888.352249 1383879.006208, -4326452.073551 1384022.664424, -4326336.679932 1384448.049381, -4326825.27824 1384572.666935, -4327056.097111 1383721.776154, -4327543.158261 1383823.519376, -4327447.119518 1384191.428336, -4328479.568133 1384451.689532, -4328745.936882 1383437.234387, -4331324.648083 1384104.503558, -4333206.982681 1384579.910631, -4332941.974207 1385595.857909, -4333067.736233 1385627.627499, -4333610.57885 1385764.225098, -4333208.683735 1387302.59935, -4332875.209018 1388579.327228, -4330314.417757 1387931.271306, -4327745.657747 1387272.048715, -4327415.466419 1388548.80789, -4325747.534571 1388124.533079, -4324801.560313 1387883.870814, -4324772.542788 1387876.586843, -4325008.262501 1387007.82943, -4324963.234816 1386969.675419, -4324849.226742 1386931.680528, -4324781.964366 1386920.2379, -4324691.759099 1386915.851503, -4324561.435131 1387041.792997, -4324498.23006 1387042.606591, -4324421.801868 1387040.946326, -4324305.291514 1387004.586705, -4323952.046405 1386819.115581, -4323834.417925 1386772.142862, -4323673.729304 1386736.710186, -4323444.32171 1386714.00761, -4323285.033767 1386669.391153, -4323181.957283 1386683.426285, -4323148.347157 1386699.36617, -4323149.849119 1386675.671144, -4322972.095587 1386680.699076, -4322744.215828 1386544.19269, -4322575.353874 1387210.546712, -4322567.984707 1387239.626495, -4322556.054743 1387286.703903, -4322533.7999 1387306.820086, -4322525.387764 1387314.423822, -4322268.324599 1387249.450559, -4320955.148452 1386916.834783, -4320422.055662 1386775.36901, -4319161.38054 1386456.556252, -4318926.480087 1386400.767107, -4318876.081205 1386357.910783, -4318673.483389 1386306.587984, -4318715.487128 1386207.318977, -4319245.534274 1384954.649578, -4318774.691594 1383634.610055, -4317983.023567 1382605.34987, -4318131.302877 1382044.390917, -4318920.518948 1381603.912478, -4319085.647854 1380989.46616, -4318450.730066 1380828.549818, -4318764.721507 1379635.348129, -4318990.704831 1379676.226267, -4319247.980124 1379829.096906, -4319495.57574 1379910.991717, -4319777.890206 1379911.124759, -4319854.575488 1379772.347728, -4319661.35705 1379507.37878, -4319883.343375 1379357.218338, -4319872.700535 1379360.389548, -4320346.621106 1378726.433714, -4320596.737477 1377675.089487, -4331226.696545 1380353.134169, -4330860.574442 1381808.110644, -4322130.826413 1379611.278122), (-4324957.624588 1386529.290653, -4324894.67321 1386771.097169, -4325061.845168 1386814.618353, -4325124.796556 1386572.81184, -4324957.624588 1386529.290653))",8,100.0,246.61,2.75,56.05,35339.8,176699.0,7,4,1,2
Fort Logan,1935.0,1741.0,194.0,1283.0,458.0,0.0,0.0,0.0,4232.0,1927.0,665828.0,106371.0,"POLYGON ((-4310689.930962 1389758.902721, -4311031.488124 1388436.98652, -4311362.524417 1387149.5296, -4311285.738931 1387129.927158, -4311308.475451 1387042.59136, -4311328.891504 1387025.69043, -4311493.603972 1386400.932592, -4311034.771893 1386280.062061, -4311128.557107 1385950.573748, -4310365.819475 1385745.807224, -4310417.149828 1385548.636213, -4310389.086203 1385541.330292, -4310590.969536 1384775.77542, -4310619.033254 1384783.081365, -4310758.286911 1384270.007771, -4312031.642162 1384592.206219, -4312535.054278 1382671.393221, -4311256.162554 1382341.682903, -4311275.339145 1382265.044687, -4311227.160803 1382162.347123, -4311222.178878 1382147.74649, -4311217.17387 1382129.264915, -4311214.051385 1382110.498546, -4311212.295986 1382091.442194, -4311212.360002 1382072.342879, -4311214.212093 1382053.321497, -4311217.547136 1382034.557105, -4311073.996494 1381990.598723, -4311073.544123 1381990.351862, -4311058.554547 1381985.416214, -4311043.942921 1381979.029066, -4311030.130067 1381971.558252, -4311016.937086 1381962.698845, -4311004.511296 1381952.876719, -4310992.884268 1381941.970889, -4310656.949599 1381640.752519, -4310626.78271 1381612.749797, -4310586.106972 1381580.461201, -4310542.635525 1381551.965507, -4310496.883672 1381527.267696, -4310449.303872 1381506.614728, -4310399.833145 1381490.248375, -4310349.228727 1381478.236849, -4310136.395271 1381422.570771, -4310144.142059 1381392.813642, -4310408.081143 1380383.926432, -4310472.201985 1380399.585983, -4310514.844328 1380410.428911, -4310667.685332 1380440.531377, -4310822.717656 1380457.254921, -4310978.458329 1380460.342474, -4311134.087144 1380449.968089, -4311287.847563 1380425.932685, -4311406.575788 1380403.497789, -4311535.323549 1380395.166708, -4312021.073263 1380522.786392, -4312154.894318 1380585.265317, -4312352.71364 1380691.658366, -4312494.595733 1380763.856396, -4312639.870248 1380826.992142, -4312994.746952 1380919.507931, -4313030.920263 1380781.551133, -4313300.321968 1380850.135718, -4313333.813937 1380860.404825, -4313366.308289 1380873.514024, -4313397.531406 1380889.5215, -4313427.273031 1380908.242929, -4313455.354044 1380929.373796, -4313481.259243 1380952.908881, -4313505.293535 1380978.669298, -4313526.794017 1381006.224268, -4313528.856904 1381009.215328, -4313547.684728 1381034.136979, -4313768.050496 1380841.577055, -4313887.580261 1380739.657778, -4313994.438926 1380662.597132, -4314310.291834 1381102.47468, -4314327.709523 1381125.866784, -4314346.809268 1381147.759404, -4314367.927396 1381167.852459, -4314382.184149 1381179.572081, -4314437.129516 1381228.491739, -4314460.147891 1381199.610369, -4314485.449547 1381172.87348, -4314509.092055 1381151.516954, -4314527.1017 1381138.897733, -4314607.384909 1381254.215733, -4314704.814267 1381186.583266, -4314795.523264 1381308.490402, -4314930.148663 1381213.084324, -4315054.907371 1381387.770951, -4315228.870213 1381256.365718, -4315285.452146 1381317.852697, -4315347.206034 1381374.357184, -4315413.774036 1381425.269287, -4315484.282876 1381469.974346, -4315558.701114 1381508.593193, -4315564.465893 1381511.256393, -4315248.754168 1382719.007877, -4317749.337107 1383375.362892, -4317076.008013 1385934.687063, -4318597.418516 1386318.946889, -4318562.967495 1386388.766903, -4318688.465131 1386359.182416, -4318727.701496 1386352.347634, -4318767.570553 1386349.035991, -4318807.5572 1386349.242028, -4318847.387809 1386353.024113, -4318876.081205 1386357.910783, -4318926.480087 1386400.767107, -4319161.38054 1386456.556252, -4320422.055662 1386775.36901, -4320955.148452 1386916.834783, -4322268.324599 1387249.450559, -4322525.387764 1387314.423822, -4322533.7999 1387306.820086, -4322556.054743 1387286.703903, -4323547.853424 1387536.816003, -4323506.156133 1387701.887636, -4323498.28711 1387730.879541, -4323489.075643 1387759.473262, -4323478.541746 1387787.606677, -4323466.708304 1387815.218661, -4323453.601027 1387842.249223, -4323439.248393 1387868.639636, -4323423.681584 1387894.332562, -4323406.934423 1387919.27218, -4323396.459272 1387933.679261, -4323390.757203 1387941.787217, -4323111.057709 1388312.642835, -4323086.885674 1388347.940132, -4323065.817261 1388385.207917, -4323048.157228 1388424.267156, -4323034.031612 1388464.634004, -4323029.233529 1388481.080046, -4323011.123063 1388544.691994, -4322999.54124 1388582.233717, -4322984.845882 1388618.835644, -4322966.921044 1388653.951105, -4322946.103042 1388687.279997, -4322922.391901 1388718.822441, -4322915.675343 1388726.760943, -4322408.668927 1389311.876133, -4322374.673924 1389347.199377, -4322337.648192 1389379.27961, -4322298.138816 1389408.000752, -4322256.177207 1389433.241924, -4322212.341685 1389454.766197, -4322166.453201 1389472.268717, -4322138.333982 1389480.708807, -4321773.507799 1389579.506379, -4321749.245736 1389587.489937, -4321746.127604 1389588.488366, -4321725.581186 1389596.959688, -4321706.076818 1389607.381432, -4321687.225449 1389619.26475, -4321669.721136 1389632.919518, -4321653.384905 1389648.040957, -4321638.279842 1389664.38704, -4321624.889777 1389682.083705, -4321613.035646 1389700.826018, -4321602.717604 1389720.613963, -4321594.271904 1389741.147817, -4321587.488402 1389762.243478, -4321578.865734 1389796.309714, -4321554.753329 1389790.242149, -4319153.977577 1389182.417151, -4319146.238368 1389211.400616, -4318815.993181 1390459.565814, -4318655.312006 1390418.897003, -4318650.472361 1390436.494711, -4317144.707581 1390057.226336, -4317003.527647 1390586.074411, -4316998.40291 1390605.40707, -4316603.990824 1390505.647864, -4316610.750458 1390480.10534, -4316056.239787 1390339.852086, -4316072.247694 1390424.423804, -4316188.842337 1390500.934621, -4316208.32882 1390506.642583, -4316227.43969 1390513.503961, -4316246.106742 1390521.494268, -4316264.263357 1390530.584988, -4316281.844735 1390540.743678, -4316298.788132 1390551.934081, -4316315.03308 1390564.116262, -4316330.521601 1390577.246744, -4316345.198419 1390591.278666, -4316359.011156 1390606.16195, -4316371.910515 1390621.843479, -4316383.850461 1390638.267289, -4316394.788381 1390655.374765, -4316404.68524 1390673.104853, -4316413.505716 1390691.394276, -4316421.218332 1390710.177763, -4316430.326442 1390740.2196, -4316449.717244 1390745.115339, -4316930.535294 1390866.511134, -4316850.741542 1391168.024847, -4316847.02758 1391187.713747, -4316842.54608 1391203.83485, -4316822.484159 1391281.603701, -4315927.634339 1391060.771602, -4315773.756577 1391020.711703, -4315762.784104 1391017.855175, -4315739.145978 1391011.945588, -4315652.866293 1390990.375685, -4315519.607755 1390957.062374, -4314952.462924 1390820.368653, -4314783.751502 1390789.533216, -4314424.397671 1390723.85409, -4313794.469632 1390660.86619, -4312452.01943 1390526.033582, -4311899.146213 1390473.061427, -4311689.679704 1390438.392417, -4311488.652322 1390388.265483, -4311364.809349 1390338.368809, -4311204.923318 1390265.84627, -4311030.297669 1390148.552782, -4310858.590659 1390006.410691, -4310841.519283 1389990.025338, -4310681.545192 1389836.47543, -4310689.930962 1389758.902721))",9,100.0,146.37,1.78,64.04,23974.0,167818.0,8,3,1,4
Bear Valley,3906.0,3636.0,269.0,2380.0,1256.0,0.0,0.0,0.0,8161.0,1724.0,555477.0,85977.0,"POLYGON ((-4321416.246838 1398528.762695, -4321366.477024 1398515.406898, -4321323.813314 1398505.298747, -4321280.89086 1398496.352806, -4321243.302291 1398487.996489, -4321206.348164 1398477.174241, -4321170.190064 1398463.933383, -4321134.986094 1398448.33181, -4321100.689343 1398431.774106, -4320745.386482 1398260.241915, -4320714.217892 1398383.962311, -4320536.583852 1398298.204553, -4320452.247955 1398535.283576, -4320278.496218 1398514.876724, -4320143.367758 1398641.139664, -4320042.509858 1398527.612675, -4319678.327527 1398263.517339, -4319601.485898 1398250.867064, -4319578.886442 1398102.626076, -4319437.823513 1398040.756741, -4319580.229156 1397478.610486, -4319580.084358 1397478.573583, -4318627.898073 1397235.898785, -4318323.596921 1397158.486197, -4318300.824344 1397152.686806, -4317021.749759 1396826.671582, -4314463.29531 1396174.821108, -4314594.281297 1395681.816014, -4314667.407372 1395393.238705, -4314743.077486 1395096.983244, -4314934.82345 1394336.422233, -4315196.639421 1393300.530705, -4315350.418295 1392689.598426, -4315415.264069 1392428.783455, -4315504.77879 1392072.536526, -4315699.413121 1391270.868902, -4315714.851177 1391218.922838, -4315756.882374 1391077.492947, -4315773.756577 1391020.711703, -4315927.634339 1391060.771602, -4316822.484159 1391281.603701, -4316842.54608 1391203.83485, -4316847.02758 1391187.713747, -4316850.741542 1391168.024847, -4317117.965586 1391235.492847, -4317247.452932 1390746.20359, -4317295.916691 1390758.439584, -4317315.0986 1390685.957547, -4318345.144646 1390946.020864, -4318324.685787 1391023.328012, -4318319.568922 1391042.662985, -4318479.499216 1391083.041784, -4318484.614661 1391063.707915, -4318593.912393 1390650.616724, -4318944.677131 1390739.335422, -4318997.559358 1390543.676861, -4319006.998632 1390508.001116, -4319026.386362 1390512.913238, -4319117.154839 1390535.91056, -4319136.638703 1390540.421782, -4320901.137335 1390986.714919, -4320865.144075 1391122.584668, -4320615.923147 1391055.854438, -4320544.496011 1391160.958864, -4320512.466936 1391208.496583, -4320402.554484 1391318.262369, -4320307.64712 1391414.119871, -4320281.763998 1391463.184048, -4320255.363483 1391483.160346, -4319950.630214 1391711.943087, -4319911.550219 1391702.059421, -4319906.421385 1391721.389766, -4319883.359484 1391808.309077, -4319729.842126 1391769.483284, -4319659.290316 1392035.390186, -4319597.341568 1392019.725634, -4319592.449452 1392039.117111, -4319435.535153 1392661.09737, -4319273.963766 1393302.559219, -4320062.064914 1393502.177074, -4320011.398417 1393702.749691, -4319949.799141 1393892.726332, -4319836.026046 1394276.166654, -4320311.245594 1394592.076765, -4320274.004304 1394740.088212, -4320942.176172 1394796.163972, -4321618.007659 1394823.650678, -4321566.5377 1395027.082352, -4321900.95785 1395443.662945, -4322026.576208 1395773.596138, -4322067.233521 1395955.983479, -4322658.094735 1396105.705969, -4322147.430024 1398116.251319, -4321931.940304 1398972.039711, -4321906.507407 1398952.469812, -4321903.856574 1398950.460398, -4321878.5748 1398930.06943, -4321852.844843 1398910.246992, -4321818.26625 1398885.003593, -4321782.961031 1398860.786869, -4321746.959658 1398837.61772, -4321710.293206 1398815.516146, -4321672.993322 1398794.501223, -4321635.092202 1398774.59109, -4321596.622559 1398755.802931, -4321557.617598 1398738.152964, -4321544.167991 1398732.383556, -4321499.002513 1398714.160772, -4321453.253314 1398697.457449, -4321409.132155 1398683.289583, -4321369.090467 1398672.273858, -4321369.273696 1398671.201734, -4321416.246838 1398528.762695), (-4318910.460469 1392043.531285, -4318957.253558 1391857.837123, -4318700.822132 1391793.016158, -4318656.869299 1391979.70791, -4318910.460469 1392043.531285), (-4318619.288974 1391637.84905, -4318714.329575 1391272.780859, -4318442.887189 1391202.114488, -4318347.846612 1391567.182686, -4318619.288974 1391637.84905))",11,63.64,180.96,1.9,95.24,6585.2,65852.0,10,6,1,3
Harvey Park South,3626.0,3396.0,230.0,1912.0,1484.0,39.0,0.0,0.0,8841.0,2093.0,553221.0,94378.0,"POLYGON ((-4306797.600495 1394194.87245, -4306867.676231 1393922.560974, -4306967.235848 1393524.570797, -4307015.05507 1393354.774589, -4307042.529857 1393250.974196, -4307132.790667 1392909.692489, -4307164.211654 1392788.25754, -4307311.641188 1392222.418538, -4307459.843427 1391652.076334, -4307742.112426 1390569.154171, -4307798.222804 1390353.179583, -4307797.163429 1390347.549645, -4307844.738319 1390359.288685, -4307838.077451 1390388.461555, -4309832.76938 1390894.357342, -4309810.007638 1390863.494936, -4309789.589201 1390830.439684, -4309770.702113 1390793.017743, -4309756.559174 1390757.863403, -4309747.062799 1390728.111316, -4309740.765649 1390703.295078, -4309735.42128 1390675.712502, -4310020.47631 1389588.3499, -4310689.930962 1389758.902721, -4310681.545192 1389836.47543, -4310841.519283 1389990.025338, -4310858.590659 1390006.410691, -4311030.297669 1390148.552782, -4311204.923318 1390265.84627, -4311364.809349 1390338.368809, -4311488.652322 1390388.265483, -4311689.679704 1390438.392417, -4311899.146213 1390473.061427, -4312452.01943 1390526.033582, -4313794.469632 1390660.86619, -4314424.397671 1390723.85409, -4314783.751502 1390789.533216, -4314952.462924 1390820.368653, -4315519.607755 1390957.062374, -4315652.866293 1390990.375685, -4315739.145978 1391011.945588, -4315762.784104 1391017.855175, -4315773.756577 1391020.711703, -4315756.882374 1391077.492947, -4315714.851177 1391218.922838, -4315699.413121 1391270.868902, -4315504.77879 1392072.536526, -4315415.264069 1392428.783455, -4315350.418295 1392689.598426, -4315196.639421 1393300.530705, -4314934.82345 1394336.422233, -4314743.077486 1395096.983244, -4314667.407372 1395393.238705, -4314594.281297 1395681.816014, -4314463.29531 1396174.821108, -4314067.936587 1396071.375125, -4313799.365144 1396000.297219, -4313530.099732 1395929.552129, -4313258.980758 1395856.128723, -4312987.479659 1395785.13484, -4312718.168659 1395715.981873, -4312646.132112 1395697.099062, -4312446.679208 1395644.657864, -4312366.649018 1395623.694013, -4312175.856275 1395573.507166, -4311905.340701 1395502.90718, -4311635.287604 1395432.292324, -4311337.216014 1395352.984012, -4311046.199845 1395276.576388, -4310774.412303 1395206.606817, -4310502.601123 1395133.767172, -4310252.228748 1395068.824985, -4310001.510074 1395002.387241, -4309750.07288 1394935.920509, -4309488.570435 1394867.60152, -4309179.425195 1394787.429011, -4308648.286882 1394657.835591, -4308381.170553 1394592.624802, -4308097.03383 1394522.365345, -4307824.489877 1394455.638064, -4307572.30142 1394394.426243, -4307303.71129 1394327.731688, -4307051.634945 1394265.973422, -4306797.600495 1394194.87245))",10,60.0,141.45,2.14,94.3,24444.0,244440.0,8,6,2,0
Southmoor Park,3957.0,3627.0,330.0,896.0,2731.0,53.0,0.0,0.0,6042.0,2135.0,717430.0,111692.0,"POLYGON ((-4277073.627345 1370250.076764, -4277667.987667 1370398.858051, -4279741.622115 1370922.532658, -4280226.392257 1371044.985071, -4280098.980244 1371528.464146, -4279551.605589 1373604.323507, -4278881.607265 1376146.618612, -4278873.96538 1376175.627926, -4280204.03965 1378431.678398, -4280363.620901 1378702.357689, -4280710.615394 1379290.924582, -4280726.280875 1379316.508373, -4280756.833217 1379369.318548, -4280759.64971 1379359.231909, -4283321.285223 1379999.874572, -4282974.874311 1381272.996134, -4282630.954985 1382537.899316, -4282628.131188 1382537.195033, -4282304.694455 1382454.784108, -4281984.751946 1382374.207507, -4281667.089621 1382294.974393, -4281397.657955 1382226.407798, -4281122.698117 1382160.206795, -4281094.774876 1382152.821833, -4280851.967183 1382089.499295, -4280803.517002 1382078.5181, -4280580.510973 1382022.950186, -4280512.237211 1382007.647285, -4280197.854222 1381934.044348, -4279903.479349 1381864.591873, -4279555.191718 1381775.098313, -4279451.27067 1381745.616607, -4279200.135873 1381681.200407, -4279044.938053 1381641.387154, -4279007.397307 1381632.537533, -4278996.745019 1381534.433693, -4278981.945449 1381398.133636, -4278916.617399 1380892.054129, -4278827.311559 1380311.911083, -4278224.673434 1376817.526018, -4278088.542013 1376060.92228, -4278063.768838 1375923.235124, -4277962.627121 1375361.100832, -4277851.021518 1374744.261957, -4277833.534452 1374578.620387, -4277732.36277 1373987.845884, -4277564.917593 1373079.140672, -4277418.322764 1372192.327067, -4277392.390562 1372053.621344, -4277382.582597 1372001.161267, -4277372.031454 1371925.143947, -4277364.707634 1371882.764732, -4277255.511784 1371250.899961, -4277203.378655 1370997.626837, -4277133.607467 1370593.399249, -4277095.327353 1370381.916836, -4277073.627345 1370250.076764), (-4277354.332616 1371348.692546, -4277389.654181 1371357.887638, -4277623.901878 1370424.321667, -4277349.79686 1370352.965239, -4277309.429074 1370388.954789, -4277295.14547 1371005.471787, -4277354.332616 1371348.692546))",4,25.0,159.04,3.0,70.68,15713.75,62855.0,3,3,0,0
Hampden South,9277.0,8739.0,538.0,4377.0,4362.0,57.0,0.0,0.0,17865.0,2009.0,567875.0,90177.0,"POLYGON ((-4277095.327353 1370381.916836, -4277133.607467 1370593.399249, -4277203.378655 1370997.626837, -4277255.511784 1371250.899961, -4277364.707634 1371882.764732, -4277372.031454 1371925.143947, -4277382.582597 1372001.161267, -4277392.390562 1372053.621344, -4277418.322764 1372192.327067, -4277564.917593 1373079.140672, -4277732.36277 1373987.845884, -4277833.534452 1374578.620387, -4277851.021518 1374744.261957, -4277962.627121 1375361.100832, -4278063.768838 1375923.235124, -4278088.542013 1376060.92228, -4278224.673434 1376817.526018, -4278827.311559 1380311.911083, -4278916.617399 1380892.054129, -4278981.945449 1381398.133636, -4278996.745019 1381534.433693, -4279007.397307 1381632.537533, -4278988.363935 1381627.408823, -4278820.672335 1381585.975709, -4278520.481415 1381506.665976, -4278160.391291 1381420.287243, -4277500.488728 1381254.05186, -4277432.096889 1381237.022048, -4276988.172517 1381126.365274, -4276515.153951 1381008.392604, -4276452.94185 1380992.609323, -4276382.925049 1380975.520327, -4276128.239408 1380911.931488, -4275982.673392 1380875.716082, -4275922.955517 1380860.81588, -4275862.12029 1380845.62471, -4275592.856068 1380778.499049, -4275330.881187 1380713.141858, -4275259.220576 1380695.261367, -4275157.914277 1380670.051656, -4274590.921271 1380526.065724, -4274117.784815 1380404.575608, -4273630.534746 1380282.33137, -4272483.650966 1379985.2097, -4272356.0057 1379952.140659, -4271752.375304 1379797.067406, -4270690.840162 1379525.503443, -4270621.947357 1379506.018953, -4270550.600417 1379487.057767, -4270268.345166 1379415.02807, -4269820.42575 1379300.72197, -4269263.487722 1379157.932564, -4268902.765189 1379065.44948, -4268884.491339 1379060.770287, -4268575.730709 1378981.709531, -4268540.33542 1378972.650524, -4269220.500279 1376455.144875, -4269655.540641 1374842.53839, -4271162.990838 1374340.90629, -4271194.556677 1374224.611714, -4271865.153839 1371668.446746, -4272535.278977 1369114.094564, -4275099.939778 1369756.035107, -4277073.627345 1370250.076764, -4277095.327353 1370381.916836))",32,68.75,197.27,2.35,97.02,8422.97,252689.0,27,19,5,3
Indian Creek,2167.0,2048.0,119.0,1453.0,595.0,0.0,0.0,0.0,4237.0,2089.0,451484.0,81157.0,"POLYGON ((-4272095.007117 1391796.391721, -4272083.096044 1391834.981041, -4272033.093654 1392040.405142, -4271870.413811 1392710.841056, -4271686.665821 1393405.968625, -4270399.89154 1393075.690881, -4270278.844067 1393557.876074, -4270097.888752 1393512.449141, -4270214.385937 1393814.640977, -4270077.474671 1394360.018768, -4268817.146687 1394035.212821, -4268798.630079 1394001.434159, -4269113.291223 1392744.967422, -4269434.756185 1391461.481673, -4268145.076449 1391131.558946, -4268464.017374 1389848.836436, -4269755.97924 1390177.932501, -4270082.181591 1388903.041291, -4270703.96494 1389061.806903, -4272665.062237 1389565.275316, -4272338.09486 1390838.109246, -4272095.007117 1391796.391721), (-4271800.654026 1392067.799759, -4270927.418344 1390982.740901, -4270723.552503 1391791.820699, -4271800.654026 1392067.799759))",9,77.78,114.59,1.71,66.85,6520.0,45640.0,6,4,1,1
Goldsmith,3005.0,2763.0,241.0,810.0,1954.0,39.0,0.0,0.0,5878.0,1568.0,531591.0,63129.0,"POLYGON ((-4273242.539825 1389700.703903, -4273207.777593 1389674.475996, -4273175.106867 1389645.17597, -4273145.190252 1389613.23473, -4273118.238147 1389578.836273, -4273094.46118 1389542.164446, -4273074.006616 1389503.645186, -4273065.099247 1389484.277027, -4272819.919511 1388962.44448, -4272992.007241 1388292.464418, -4273125.180591 1387765.022462, -4273318.402139 1387000.960933, -4273637.745994 1385736.772832, -4274277.671283 1385905.996691, -4274690.257613 1386009.399244, -4275014.331461 1386090.792902, -4275334.639939 1386171.078028, -4275653.775846 1386251.315587, -4276184.051483 1386384.451656, -4276668.506264 1386492.23145, -4276935.238366 1386561.557579, -4277000.366149 1386575.911105, -4277119.156541 1386604.157167, -4277144.378802 1386610.15456, -4277353.299799 1386662.931096, -4277462.628029 1386690.549061, -4276983.404584 1388597.891244, -4277355.943164 1389029.400715, -4277359.542055 1389033.437483, -4277374.410143 1389047.770085, -4277390.623739 1389060.903055, -4277407.762225 1389072.468577, -4277425.825298 1389082.46644, -4277444.781575 1389091.017775, -4277464.483749 1389097.696729, -4277484.595208 1389102.803197, -4277510.133457 1389107.90142, -4277537.79778 1389115.748955, -4277564.316783 1389126.010826, -4277589.964117 1389138.628856, -4277614.56078 1389153.298301, -4277637.559934 1389170.135177, -4277659.024514 1389188.897513, -4277678.744153 1389209.401263, -4277696.71881 1389231.646437, -4277712.769554 1389255.328229, -4277794.528515 1389396.732403, -4277769.399475 1389493.261376, -4278097.935275 1389575.817218, -4278028.263828 1389854.363572, -4278038.376321 1389865.133257, -4278051.454987 1389876.416855, -4278065.910649 1389886.379793, -4278080.354806 1389894.402291, -4278096.449513 1389901.04625, -4278132.551147 1389914.190128, -4278150.65427 1389920.065289, -4278161.666922 1389922.415539, -4278167.473179 1389923.927062, -4278174.078174 1389924.354931, -4278187.982529 1389925.520524, -4278201.444452 1389925.408502, -4278212.918045 1389924.003782, -4278227.578056 1389922.26636, -4278246.349409 1389918.62844, -4278256.739278 1389916.424963, -4278272.481466 1389912.515105, -4278299.211907 1389904.103541, -4278321.388734 1389896.314828, -4278337.971107 1389890.169537, -4278357.992128 1389882.72373, -4278261.590168 1390272.881589, -4278545.075932 1390345.905525, -4278578.916336 1390213.929236, -4278664.1271 1390215.058456, -4278644.769228 1390285.449329, -4278789.209771 1390322.017807, -4278755.498448 1390459.452491, -4278880.720742 1390489.467951, -4278895.070283 1390435.339248, -4278904.505442 1390437.795472, -4278970.217683 1390170.488798, -4278956.669809 1390166.961925, -4279005.865739 1389974.014879, -4279513.068388 1390099.595257, -4279551.312804 1389941.770664, -4280010.225986 1390057.363306, -4280231.336031 1390112.986759, -4279687.080453 1387936.751749, -4279461.984873 1387882.544802, -4279442.400275 1387879.383873, -4279420.321903 1387873.894676, -4279398.747435 1387866.469893, -4279377.887121 1387857.293728, -4279358.014572 1387846.30809, -4279339.098224 1387833.634005, -4279321.379912 1387819.334355, -4279395.83573 1387704.00178, -4279374.633315 1387642.555286, -4279378.087074 1387567.765781, -4279342.843787 1387484.839849, -4278902.370061 1387168.422623, -4278837.799353 1387136.63048, -4278852.85853 1387071.836948, -4278494.30346 1386983.532828, -4278508.509379 1387019.263027, -4278271.984352 1387115.137139, -4278248.544694 1387059.308008, -4278390.443306 1386998.472729, -4278352.259836 1386916.101774, -4278351.802471 1386915.115179, -4278490.575369 1386950.4089, -4278515.723965 1386956.818718, -4278651.939181 1386991.245795, -4278740.717186 1387013.065643, -4278853.274341 1387041.462981, -4279145.216389 1387114.750924, -4279196.030315 1387111.163383, -4279518.744464 1387181.014069, -4279569.680612 1387192.20908, -4279687.019967 1387218.228454, -4279716.971791 1387336.91842, -4279772.095981 1387557.28524, -4279928.878024 1388186.06428, -4279980.218252 1388369.688192, -4280108.484759 1388889.86588, -4280352.567674 1389871.575198, -4280378.203481 1389970.967112, -4280409.340576 1390077.597225, -4280424.324294 1390145.676796, -4280467.952876 1390278.54103, -4280720.452131 1390991.109234, -4280822.359384 1391263.162166, -4280940.160306 1391570.293045, -4280956.349744 1391614.795379, -4280973.660516 1391662.38019, -4280973.527381 1391662.42859, -4280949.190162 1391656.027191, -4280897.305706 1391646.038579, -4280783.78031 1391619.713776, -4280713.916424 1391602.30133, -4280328.176866 1391505.370178, -4280128.886275 1391455.16871, -4278641.930534 1391080.181519, -4278576.627856 1391061.27744, -4278222.05716 1390974.010943, -4278092.13739 1390942.59517, -4277776.447673 1390861.364938, -4277426.609208 1390768.355215, -4276829.879865 1390615.58646, -4276057.142283 1390422.35755, -4275197.839678 1390204.148521, -4273940.523552 1389883.302881, -4273497.575558 1389771.360504, -4273453.131308 1389758.47621, -4273421.100876 1389747.965009, -4273410.103754 1389743.864713, -4273369.327331 1389747.530122, -4273279.666687 1389723.80172, -4273242.539825 1389700.703903))",25,56.0,95.96,1.59,85.29,5262.67,126304.0,15,11,2,2
Gateway - Green Valley Ranch,16752.0,16213.0,539.0,11689.0,4524.0,0.0,49.0,46.0,48073.0,2365.0,469060.0,105554.0,"POLYGON ((-4238708.90012 1416434.484998, -4238672.024963 1416559.22344, -4238511.351836 1417217.641737, -4238375.42744 1417764.235805, -4238360.032189 1417822.45758, -4238200.630807 1418425.279081, -4238026.169504 1419085.053947, -4237708.326328 1420285.866592, -4237334.413143 1421736.650519, -4237116.616452 1422581.9143, -4237101.468588 1422640.628381, -4236704.650531 1424178.517916, -4236528.112329 1424864.637644, -4236500.832876 1424951.015569, -4236367.002608 1425413.992287, -4233816.23816 1424770.331101, -4231241.953114 1424120.86524, -4231245.925812 1424103.211754, -4231180.047352 1424088.146807, -4231091.20603 1424068.775184, -4231004.050566 1424057.353225, -4230916.651621 1424045.325341, -4230739.585138 1424022.471961, -4230636.938881 1424003.88569, -4230445.158121 1423956.853083, -4230312.763389 1423920.902255, -4230275.375999 1423910.749566, -4230034.107356 1423847.0135, -4230023.930131 1423845.264056, -4230007.366204 1423839.949174, -4229995.188851 1423836.945451, -4229856.463778 1423802.725906, -4229770.915946 1423800.110765, -4229598.462071 1423759.442343, -4229412.986068 1423698.487227, -4229205.38098 1423635.997095, -4229034.300438 1423590.053049, -4228427.899599 1423430.578182, -4228257.968701 1423389.24754, -4228089.049714 1423341.789552, -4227833.980467 1423290.496964, -4227661.772392 1423260.035897, -4227260.841604 1423173.254348, -4226954.87759 1423096.511971, -4226708.458497 1423032.074951, -4226243.88956 1422897.322133, -4226147.19383 1422837.32783, -4226059.972407 1422814.623041, -4225931.186848 1422779.856244, -4225860.198598 1422766.344145, -4225802.863103 1422757.62766, -4225749.622091 1422747.493218, -4225613.556199 1422712.073137, -4225509.610278 1422675.766566, -4225447.236906 1422692.78336, -4224455.520804 1422450.066224, -4224280.256986 1422409.599182, -4224201.843969 1422389.83117, -4224095.619219 1422363.503005, -4224001.318486 1422339.852131, -4223923.71519 1422324.498311, -4223826.097671 1422297.123162, -4223643.415091 1422255.875227, -4223623.250944 1422250.862483, -4223573.453334 1422201.053572, -4221003.044219 1421567.239082, -4218431.612727 1420907.804443, -4215860.666129 1420251.468585, -4216527.967158 1417693.966574, -4217194.61134 1415126.088336, -4217390.344427 1414358.296573, -4217849.518964 1412558.640419, -4218504.773438 1409989.860347, -4221066.461874 1410648.048496, -4223634.290963 1411304.47874, -4226199.037519 1411919.164543, -4226679.266057 1412034.230011, -4226460.830219 1412873.350479, -4228548.281957 1413373.607073, -4228104.002136 1415106.103422, -4230664.781001 1415760.832761, -4230993.006362 1414476.146484, -4233553.313386 1415132.691984, -4236121.398388 1415781.189624, -4238235.530795 1416314.968045, -4238708.90012 1416434.484998))",196,53.57,170.58,2.79,81.01,14873.39,2677211.0,134,108,16,10
DIA,1910.0,1707.0,203.0,597.0,1110.0,0.0,0.0,0.0,4010.0,1927.0,410014.0,87137.0,"POLYGON ((-4223573.453334 1422201.053572, -4223623.250944 1422250.862483, -4223643.415091 1422255.875227, -4223826.097671 1422297.123162, -4223923.71519 1422324.498311, -4224001.318486 1422339.852131, -4224095.619219 1422363.503005, -4224201.843969 1422389.83117, -4224280.256986 1422409.599182, -4224455.520804 1422450.066224, -4225447.236906 1422692.78336, -4225509.610278 1422675.766566, -4225613.556199 1422712.073137, -4225749.622091 1422747.493218, -4225802.863103 1422757.62766, -4225860.198598 1422766.344145, -4225931.186848 1422779.856244, -4226059.972407 1422814.623041, -4226147.19383 1422837.32783, -4226243.88956 1422897.322133, -4226708.458497 1423032.074951, -4226954.87759 1423096.511971, -4227260.841604 1423173.254348, -4227661.772392 1423260.035897, -4227833.980467 1423290.496964, -4228089.049714 1423341.789552, -4228257.968701 1423389.24754, -4228427.899599 1423430.578182, -4229034.300438 1423590.053049, -4229205.38098 1423635.997095, -4229412.986068 1423698.487227, -4229598.462071 1423759.442343, -4229770.915946 1423800.110765, -4229856.463778 1423802.725906, -4229995.188851 1423836.945451, -4230007.366204 1423839.949174, -4230023.930131 1423845.264056, -4230034.107356 1423847.0135, -4230275.375999 1423910.749566, -4230312.763389 1423920.902255, -4230445.158121 1423956.853083, -4230636.938881 1424003.88569, -4230739.585138 1424022.471961, -4230916.651621 1424045.325341, -4231004.050566 1424057.353225, -4231091.20603 1424068.775184, -4231180.047352 1424088.146807, -4231245.925812 1424103.211754, -4231241.953114 1424120.86524, -4230613.839644 1426697.478459, -4229986.103428 1429272.638255, -4229321.526937 1431826.582859, -4228622.243387 1434339.200107, -4227996.13925 1436915.038607, -4227371.410072 1439485.722503, -4224802.330937 1438836.019798, -4222234.625943 1438181.165807, -4219611.38895 1437525.762719, -4219280.092249 1438798.213109, -4216780.697066 1438152.599427, -4211645.227342 1436814.345325, -4210766.458842 1436581.577246, -4209726.410961 1440556.56262, -4208404.321777 1445629.456582, -4207065.88208 1450766.153828, -4206091.308277 1454537.649571, -4201843.844865 1453439.122329, -4198738.586431 1452623.23005, -4197730.989505 1456493.083266, -4194731.851991 1455712.192338, -4194059.295808 1458295.243754, -4190671.952996 1457418.27428, -4191323.358763 1454916.4701, -4185775.700709 1453443.029388, -4183214.833501 1452787.08192, -4178095.837648 1451468.050417, -4178736.872407 1448906.120719, -4176165.781806 1448252.498813, -4173629.488858 1447554.497156, -4171080.247333 1446864.162962, -4170232.531691 1446646.172654, -4171549.276784 1441540.65397, -4171859.914079 1440395.357127, -4173311.637649 1440772.98483, -4174067.516052 1437870.666854, -4177840.529581 1438853.304454, -4182511.589593 1420917.360334, -4192185.906569 1423437.019014, -4193067.357053 1420050.922599, -4195969.818244 1420806.082636, -4195077.111172 1424230.777611, -4221288.161163 1431060.156234, -4221597.532061 1429887.585943, -4222272.314908 1427331.132623, -4222923.858753 1424760.749357, -4223501.55544 1422482.339788, -4223573.453334 1422201.053572))",27,59.26,170.22,2.52,70.66,19273.64,424020.0,22,18,3,1
University Hills,3480.0,3295.0,184.0,1704.0,1591.0,39.0,0.0,24.0,7254.0,2589.0,640287.0,115892.0,"POLYGON ((-4280974.174995 1391663.79413, -4280973.660516 1391662.38019, -4280956.349744 1391614.795379, -4280940.160306 1391570.293045, -4280822.359384 1391263.162166, -4280720.452131 1390991.109234, -4280467.952876 1390278.54103, -4280424.324294 1390145.676796, -4280409.340576 1390077.597225, -4280378.203481 1389970.967112, -4280352.567674 1389871.575198, -4280108.484759 1388889.86588, -4279980.218252 1388369.688192, -4279928.878024 1388186.06428, -4279772.095981 1387557.28524, -4279716.971791 1387336.91842, -4279687.019967 1387218.228454, -4279633.593227 1387006.515006, -4279450.5264 1386268.711859, -4279409.825173 1386073.21069, -4279380.267133 1385874.861433, -4279342.127182 1385556.998455, -4279312.418568 1385206.747863, -4279265.349115 1384615.914899, -4279203.470035 1383841.698466, -4279134.757849 1383049.995551, -4279042.531764 1381956.116327, -4279019.428132 1381743.338554, -4279007.397307 1381632.537533, -4279044.938053 1381641.387154, -4279200.135873 1381681.200407, -4279451.27067 1381745.616607, -4279555.191718 1381775.098313, -4279903.479349 1381864.591873, -4280197.854222 1381934.044348, -4280512.237211 1382007.647285, -4280580.510973 1382022.950186, -4280803.517002 1382078.5181, -4280851.967183 1382089.499295, -4281094.774876 1382152.821833, -4281122.698117 1382160.206795, -4281397.657955 1382226.407798, -4281667.089621 1382294.974393, -4281984.751946 1382374.207507, -4282304.694455 1382454.784108, -4282628.131188 1382537.195033, -4282630.954985 1382537.899316, -4282628.736577 1382546.0595, -4285077.299446 1383161.802872, -4285014.197865 1383353.396192, -4284927.910144 1383615.391646, -4284886.616037 1383794.892414, -4284583.525285 1384978.098026, -4284481.555432 1385368.678274, -4284465.33419 1385506.404097, -4284431.775019 1385713.705962, -4284389.044675 1385881.816186, -4284234.359444 1386490.978221, -4284146.549203 1386836.568634, -4284086.968844 1387064.014558, -4284024.74713 1387308.98117, -4283964.69197 1387556.058191, -4283777.52574 1388283.44341, -4283708.662711 1388554.913362, -4283394.21401 1389812.301191, -4283269.108199 1390318.94499, -4283178.738902 1390669.141391, -4283138.076419 1390847.373057, -4282982.007351 1391477.491283, -4282823.822192 1392120.388739, -4282655.340419 1392710.201827, -4282592.774416 1392960.752116, -4282512.881816 1393275.212795, -4282430.411597 1393603.461801, -4282399.76526 1393721.569426, -4282332.623074 1393680.54798, -4282287.649062 1393653.070445, -4282097.705047 1393517.108879, -4282000.474927 1393438.480444, -4281929.301386 1393375.689112, -4281805.757846 1393259.025256, -4281701.095887 1393143.252927, -4281567.300339 1392971.74005, -4281509.450242 1392891.417895, -4281458.721594 1392820.983759, -4281365.873575 1392667.435449, -4281311.243469 1392561.714982, -4281246.081647 1392422.753237, -4281183.874352 1392264.883399, -4281076.654497 1391950.176602, -4281015.869042 1391778.404812, -4280995.866008 1391723.419318, -4280974.174995 1391663.79413), (-4280785.857707 1389704.532965, -4281405.439082 1389855.881455, -4281596.391786 1389094.587075, -4281365.362701 1389036.381272, -4281419.867534 1388818.079804, -4281061.059277 1388727.772062, -4281006.554392 1388946.073591, -4280977.460104 1388938.757875, -4281057.952803 1388616.659484, -4281297.87805 1387657.322297, -4280979.56599 1387577.169438, -4280898.367483 1387897.017553, -4280578.361969 1387816.423717, -4280496.354706 1388138.386272, -4280174.077332 1388057.588673, -4280214.155746 1387907.603622, -4279974.122215 1387846.278939, -4280336.623429 1389222.316669, -4280644.113066 1389302.36454, -4280605.380218 1389451.149851, -4280834.747259 1389508.793718, -4280785.857707 1389704.532965))",25,88.0,294.04,2.33,115.51,30678.32,674923.0,21,16,1,4
Harvey Park,4336.0,4188.0,148.0,3018.0,1170.0,0.0,0.0,0.0,10302.0,1598.0,532563.0,88653.0,"POLYGON ((-4306797.600495 1394194.87245, -4307051.634945 1394265.973422, -4307303.71129 1394327.731688, -4307572.30142 1394394.426243, -4307824.489877 1394455.638064, -4308097.03383 1394522.365345, -4308381.170553 1394592.624802, -4308648.286882 1394657.835591, -4309179.425195 1394787.429011, -4309488.570435 1394867.60152, -4309750.07288 1394935.920509, -4310001.510074 1395002.387241, -4310252.228748 1395068.824985, -4310502.601123 1395133.767172, -4310774.412303 1395206.606817, -4311046.199845 1395276.576388, -4311337.216014 1395352.984012, -4311635.287604 1395432.292324, -4311905.340701 1395502.90718, -4312175.856275 1395573.507166, -4312366.649018 1395623.694013, -4312446.679208 1395644.657864, -4312646.132112 1395697.099062, -4312718.168659 1395715.981873, -4312987.479659 1395785.13484, -4313258.980758 1395856.128723, -4313530.099732 1395929.552129, -4313799.365144 1396000.297219, -4314067.936587 1396071.375125, -4314463.29531 1396174.821108, -4313810.373685 1398734.416576, -4316369.768295 1399376.695378, -4315987.60348 1400890.304181, -4315898.197941 1400707.276934, -4315752.213044 1400431.200793, -4315661.71302 1400326.880425, -4315486.12143 1400249.544686, -4315178.796166 1400312.793912, -4314725.767118 1400336.797836, -4314689.396003 1400481.975547, -4314402.391628 1401604.222979, -4313157.401031 1401296.192813, -4313153.647419 1401294.37007, -4312851.768668 1401214.143483, -4312567.21623 1401139.403801, -4312284.095664 1401064.664307, -4311998.372299 1400989.714301, -4311731.988331 1400918.716645, -4311478.994213 1400853.267301, -4311228.00494 1400786.742417, -4310977.369422 1400720.599319, -4310715.899228 1400652.299433, -4310440.508522 1400580.037062, -4310170.255958 1400510.261188, -4309897.568126 1400439.262535, -4309627.968141 1400368.490371, -4309337.332105 1400293.172075, -4309085.012794 1400227.597028, -4308785.334823 1400150.264935, -4308534.624601 1400084.885209, -4308283.262201 1400019.610732, -4308020.920765 1399955.332998, -4307707.364649 1399878.010199, -4307396.156971 1399800.735853, -4307086.394955 1399724.856574, -4306768.069316 1399646.615349, -4306366.882459 1399548.342785, -4306107.257108 1399484.29827, -4305790.993893 1399405.983471, -4305469.561056 1399327.415378, -4305625.843803 1398705.17188, -4305801.68364 1398046.22263, -4305966.16816 1397384.970527, -4306119.225928 1396809.74878, -4306282.113157 1396177.605025, -4306357.685319 1395885.727317, -4306418.79262 1395628.535864, -4306471.431097 1395419.952271, -4306569.747669 1395053.155516, -4306713.631025 1394484.181042, -4306797.600495 1394194.87245))",28,60.71,149.32,2.2,78.05,11857.91,272732.0,21,15,2,4
Mar Lee,4217.0,4130.0,87.0,2419.0,1711.0,0.0,0.0,0.0,13101.0,1765.0,438055.0,74659.0,"POLYGON ((-4304173.542737 1404438.721079, -4304340.138472 1403793.86816, -4304501.915253 1403154.981278, -4304664.407198 1402515.281373, -4304707.942023 1402341.356314, -4304826.05344 1401875.730679, -4304986.73601 1401237.764803, -4305148.895994 1400604.662714, -4305228.274331 1400281.425537, -4305308.157495 1399965.968298, -4305469.561056 1399327.415378, -4305790.993893 1399405.983471, -4306107.257108 1399484.29827, -4306366.882459 1399548.342785, -4306768.069316 1399646.615349, -4307086.394955 1399724.856574, -4307396.156971 1399800.735853, -4307707.364649 1399878.010199, -4308020.920765 1399955.332998, -4308283.262201 1400019.610732, -4308534.624601 1400084.885209, -4308785.334823 1400150.264935, -4309085.012794 1400227.597028, -4309337.332105 1400293.172075, -4309627.968141 1400368.490371, -4309897.568126 1400439.262535, -4310170.255958 1400510.261188, -4310440.508522 1400580.037062, -4310715.899228 1400652.299433, -4310977.369422 1400720.599319, -4311228.00494 1400786.742417, -4311478.994213 1400853.267301, -4311731.988331 1400918.716645, -4311998.372299 1400989.714301, -4312284.095664 1401064.664307, -4312567.21623 1401139.403801, -4312851.768668 1401214.143483, -4313153.647419 1401294.37007, -4313157.401031 1401296.192813, -4312503.954821 1403856.810706, -4311852.887097 1406405.058459, -4311851.247137 1406404.634239, -4311484.298283 1406305.944141, -4311167.38613 1406225.378117, -4310852.473988 1406148.044965, -4310535.5934 1406067.357986, -4310210.885284 1405981.016656, -4309896.359445 1405898.230356, -4309580.171732 1405814.882195, -4309265.148061 1405732.915497, -4309237.193671 1405739.282204, -4308944.11313 1405665.309869, -4308624.04206 1405580.756361, -4308306.625679 1405497.412134, -4307987.304217 1405415.185802, -4307666.76316 1405333.675111, -4307348.40956 1405251.700894, -4307247.345177 1405262.84706, -4306989.323694 1405318.24931, -4306948.248315 1405321.775641, -4306920.358577 1405318.352468, -4306885.281008 1405313.058054, -4306860.123582 1405306.508707, -4306826.917324 1405294.026482, -4306783.864992 1405275.14357, -4306750.732915 1405255.005659, -4306698.566278 1405213.622917, -4306590.034807 1405141.324459, -4306475.796299 1405076.064811, -4306374.56459 1405026.332537, -4306275.607732 1404982.746431, -4306087.750443 1404920.621625, -4306016.56156 1404903.16664, -4305797.881548 1404847.140839, -4305450.078888 1404763.183143, -4305107.742766 1404675.094716, -4304823.774092 1404601.942883, -4304538.09193 1404530.411738, -4304173.542737 1404438.721079))",24,70.83,159.27,2.21,72.05,16018.53,304352.0,17,13,2,2
Westwood,5149.0,4974.0,175.0,2095.0,2879.0,0.0,0.0,0.0,15590.0,1532.0,398714.0,54816.0,"POLYGON ((-4306859.945155 1410575.14422, -4306530.713666 1410486.333409, -4306202.158032 1410402.865651, -4306049.154683 1410361.483596, -4305876.797352 1410315.063112, -4305716.537842 1410274.762827, -4305549.50429 1410232.698976, -4305387.319304 1410190.864094, -4305221.021531 1410147.958462, -4304889.34932 1410057.608875, -4304721.366626 1410010.2607, -4304556.01371 1409963.726246, -4304389.651371 1409918.09158, -4304207.385059 1409868.058276, -4304057.873194 1409826.16452, -4303889.585624 1409778.995178, -4303724.108264 1409735.915784, -4303554.034208 1409691.639721, -4303388.359147 1409653.287878, -4303221.233013 1409614.558732, -4302885.316164 1409533.565348, -4303043.644362 1408910.50781, -4303122.051935 1408600.396427, -4303197.851279 1408290.38094, -4303211.61423 1408240.491149, -4303283.981693 1407965.489001, -4303380.787248 1407599.590612, -4303450.251493 1407323.832461, -4303532.755455 1406982.109596, -4303608.204422 1406686.339561, -4303700.625641 1406322.39952, -4303766.393828 1406058.853659, -4303849.736983 1405733.752546, -4303955.982496 1405316.709448, -4304013.86121 1405091.407993, -4304104.39283 1404734.725372, -4304173.542737 1404438.721079, -4304538.09193 1404530.411738, -4304823.774092 1404601.942883, -4305107.742766 1404675.094716, -4305450.078888 1404763.183143, -4305797.881548 1404847.140839, -4306016.56156 1404903.16664, -4306087.750443 1404920.621625, -4306275.607732 1404982.746431, -4306374.56459 1405026.332537, -4306475.796299 1405076.064811, -4306590.034807 1405141.324459, -4306698.566278 1405213.622917, -4306750.732915 1405255.005659, -4306783.864992 1405275.14357, -4306826.917324 1405294.026482, -4306860.123582 1405306.508707, -4306885.281008 1405313.058054, -4306920.358577 1405318.352468, -4306948.248315 1405321.775641, -4306989.323694 1405318.24931, -4307247.345177 1405262.84706, -4307348.40956 1405251.700894, -4307666.76316 1405333.675111, -4307987.304217 1405415.185802, -4308306.625679 1405497.412134, -4308624.04206 1405580.756361, -4308944.11313 1405665.309869, -4309237.193671 1405739.282204, -4309265.148061 1405732.915497, -4309580.171732 1405814.882195, -4309896.359445 1405898.230356, -4310210.885284 1405981.016656, -4310535.5934 1406067.357986, -4310852.473988 1406148.044965, -4311167.38613 1406225.378117, -4311484.298283 1406305.944141, -4311851.247137 1406404.634239, -4311852.887097 1406405.058459, -4311849.342534 1406418.931611, -4311199.708016 1408986.738215, -4310549.893628 1411551.249862, -4310546.054125 1411550.138531, -4310220.189785 1411464.270961, -4309945.835563 1411393.880177, -4309898.669942 1411380.567864, -4309668.733522 1411326.106698, -4309255.19521 1411204.911387, -4308858.46645 1411098.529024, -4308598.879738 1411030.949424, -4308305.854315 1410953.889465, -4307829.33291 1410828.542592, -4307506.835419 1410745.61845, -4307181.474869 1410657.815927, -4306859.945155 1410575.14422))",27,100.0,186.4,2.0,86.3,22644.48,566112.0,21,17,3,1
Barnum,2069.0,1883.0,186.0,1193.0,690.0,0.0,14.0,0.0,4895.0,1607.0,433506.0,67107.0,"POLYGON ((-4301605.145025 1414608.129078, -4301610.37371 1414587.778898, -4301651.239056 1414428.724014, -4301694.650422 1414254.033604, -4301787.036783 1413884.27281, -4301834.001984 1413687.000195, -4301837.066584 1413674.236135, -4301911.632306 1413378.882461, -4301975.133236 1413124.046525, -4301989.773259 1413061.85657, -4302070.007228 1412744.729603, -4302118.252714 1412562.385325, -4302150.133859 1412423.053906, -4302235.803223 1412101.917176, -4302262.82377 1412001.102013, -4302316.655522 1411780.430491, -4302389.684732 1411462.202782, -4302476.857072 1411139.261431, -4302543.740879 1410876.393895, -4302555.639288 1410821.756874, -4302683.316268 1410314.455652, -4302718.583997 1410176.005398, -4302885.316164 1409533.565348, -4303221.233013 1409614.558732, -4303388.359147 1409653.287878, -4303554.034208 1409691.639721, -4303724.108264 1409735.915784, -4303889.585624 1409778.995178, -4304057.873194 1409826.16452, -4304207.385059 1409868.058276, -4304389.651371 1409918.09158, -4304556.01371 1409963.726246, -4304721.366626 1410010.2607, -4304889.34932 1410057.608875, -4305221.021531 1410147.958462, -4305387.319304 1410190.864094, -4305549.50429 1410232.698976, -4305716.537842 1410274.762827, -4305876.797352 1410315.063112, -4306049.154683 1410361.483596, -4306202.158032 1410402.865651, -4306530.713666 1410486.333409, -4306859.945155 1410575.14422, -4306811.22863 1410762.273582, -4306665.836645 1411323.730976, -4306526.681815 1411886.03718, -4306377.168591 1412450.425579, -4306240.589008 1413009.785457, -4306097.510436 1413570.294825, -4305957.883242 1414134.415169, -4305812.412861 1414707.088634, -4305739.813647 1414687.284428, -4305597.767242 1415250.774724, -4305512.105007 1415586.766817, -4305498.825357 1415637.776699, -4305492.743087 1415661.139956, -4305402.951009 1415637.968223, -4305401.104658 1415637.491709, -4304829.168824 1415488.597011, -4304204.051008 1415320.805016, -4303957.082315 1415260.299748, -4303836.474676 1415223.849074, -4303720.66999 1415186.407667, -4303696.090005 1415178.460641, -4303659.963527 1415166.438585, -4303533.397891 1415124.320501, -4303504.297726 1415114.636789, -4303390.528418 1415076.177033, -4303177.629422 1415018.225953, -4302638.617929 1414880.321026, -4302614.540982 1414874.161044, -4302066.879095 1414729.059846, -4301672.963191 1414625.890998, -4301605.145025 1414608.129078))",33,96.97,197.91,2.17,88.3,18324.21,531402.0,27,22,2,3
Barnum West,1965.0,1930.0,35.0,1544.0,386.0,0.0,0.0,0.0,4871.0,1789.0,452198.0,76651.0,"POLYGON ((-4305492.743087 1415661.139956, -4305498.825357 1415637.776699, -4305512.105007 1415586.766817, -4305597.767242 1415250.774724, -4305739.813647 1414687.284428, -4305812.412861 1414707.088634, -4305957.883242 1414134.415169, -4306097.510436 1413570.294825, -4306240.589008 1413009.785457, -4306377.168591 1412450.425579, -4306526.681815 1411886.03718, -4306665.836645 1411323.730976, -4306811.22863 1410762.273582, -4306859.945155 1410575.14422, -4307181.474869 1410657.815927, -4307506.835419 1410745.61845, -4307829.33291 1410828.542592, -4308305.854315 1410953.889465, -4308598.879738 1411030.949424, -4308858.46645 1411098.529024, -4309255.19521 1411204.911387, -4309668.733522 1411326.106698, -4309898.669942 1411380.567864, -4309945.835563 1411393.880177, -4310220.189785 1411464.270961, -4310546.054125 1411550.138531, -4310549.893628 1411551.249862, -4310549.735989 1411551.871928, -4309900.825125 1414113.922061, -4309245.474729 1416652.933692, -4308744.988224 1416528.231562, -4308056.968358 1416355.070807, -4308015.369048 1416344.601142, -4307856.341414 1416295.622074, -4307747.044534 1416254.537583, -4307658.683525 1416225.218554, -4307586.550562 1416203.913764, -4306511.287716 1415923.985008, -4305585.57109 1415685.095002, -4305492.743087 1415661.139956))",18,94.44,201.42,2.5,58.19,15947.08,207312.0,17,13,3,1
Villa Park,3102.0,2917.0,185.0,1485.0,1432.0,8.0,0.0,0.0,7211.0,1771.0,461767.0,74097.0,"POLYGON ((-4304190.873163 1418508.018963, -4304183.351245 1418513.014115, -4304173.5194 1418517.041983, -4304164.312136 1418518.670707, -4304152.184517 1418520.271024, -4304138.582498 1418523.317384, -4304127.572352 1418524.842687, -4304116.21943 1418526.278753, -4304103.673933 1418526.672412, -4304092.335197 1418526.648372, -4304079.968225 1418526.35657, -4304070.86433 1418526.182323, -4304061.5211 1418524.115888, -4304053.858374 1418521.498864, -4304042.205147 1418518.465125, -4304030.537858 1418516.8916, -4304016.428814 1418519.074027, -4303997.342958 1418520.692755, -4303978.839212 1418524.292908, -4303964.119791 1418527.414302, -4303946.883565 1418533.174316, -4303933.013945 1418537.24888, -4303917.909261 1418544.661678, -4303907.884759 1418550.835203, -4303897.83192 1418559.929102, -4303890.685322 1418570.511533, -4303885.280795 1418578.619735, -4303877.462849 1418587.563516, -4303868.630905 1418594.779519, -4303855.22256 1418599.798703, -4303846.478785 1418602.553361, -4303832.905103 1418602.67935, -4303818.110651 1418604.683342, -4303802.973423 1418606.598097, -4303789.906767 1418607.58802, -4303772.548779 1418608.192697, -4303755.265876 1418609.914866, -4303739.170697 1418615.366955, -4303721.833459 1418622.298619, -4303693.619268 1418642.748829, -4303683.004948 1418648.978178, -4303672.988567 1418652.910648, -4303659.542726 1418654.315297, -4303644.964287 1418653.790056, -4303623.735635 1418666.248731, -4303596.581333 1418676.347247, -4303576.947227 1418682.680938, -4303555.614211 1418686.11984, -4303537.511338 1418692.852183, -4303507.629897 1418707.145778, -4303476.017898 1418721.806375, -4303445.769473 1418734.369415, -4303411.892255 1418745.170248, -4303374.952544 1418755.173808, -4303350.924039 1418759.545997, -4303322.134124 1418760.226085, -4303297.203969 1418758.64097, -4303276.668226 1418759.017381, -4303244.113503 1418752.177279, -4303218.680349 1418743.103629, -4303193.414863 1418736.526151, -4303175.868866 1418725.418243, -4303149.366398 1418707.891099, -4303127.656976 1418690.794242, -4303104.080981 1418668.306406, -4303075.372402 1418644.481853, -4303068.758112 1418640.930044, -4303055.508776 1418634.187104, -4303041.203518 1418628.014945, -4303017.030352 1418619.994602, -4302983.500787 1418609.951377, -4302940.479813 1418599.483475, -4302927.234775 1418601.158898, -4302914.539232 1418599.317686, -4302898.848212 1418596.330718, -4302889.482056 1418594.440073, -4302885.599546 1418593.429322, -4302871.800062 1418586.361404, -4302859.428881 1418577.651192, -4302847.831422 1418567.513662, -4302835.619365 1418555.20198, -4302774.681317 1418486.222831, -4302750.069929 1418452.296924, -4302745.697536 1418448.47587, -4302736.801432 1418443.477649, -4302727.382304 1418440.488549, -4302718.596219 1418437.128333, -4302706.738586 1418433.210975, -4302705.581561 1418433.115319, -4302630.896142 1418413.224096, -4302606.858673 1418410.721984, -4302588.591885 1418410.795093, -4302578.497751 1418412.459376, -4302566.834614 1418413.972472, -4302544.573504 1418416.860464, -4302520.729445 1418419.953846, -4302496.830172 1418429.290666, -4302484.443593 1418433.576855, -4302472.277299 1418441.140138, -4302463.037411 1418445.709051, -4302456.723159 1418447.284453, -4302452.179296 1418448.247341, -4302448.776375 1418449.861644, -4302401.435924 1418472.319329, -4302397.230075 1418474.314509, -4302370.143451 1418487.650152, -4302369.804786 1418487.795821, -4302359.264457 1418492.329327, -4302344.625969 1418494.956352, -4302330.26985 1418494.438199, -4302317.20149 1418491.036057, -4302309.344688 1418488.68839, -4302303.258134 1418486.869676, -4302295.517525 1418486.686225, -4302294.190211 1418486.654777, -4302280.226454 1418484.629406, -4302256.189606 1418482.126948, -4302156.570979 1418479.262798, -4302155.457864 1418479.130461, -4302130.217215 1418476.129588, -4302114.036145 1418474.205814, -4302015.987668 1418465.312488, -4301981.525611 1418459.560073, -4301961.681898 1418453.320651, -4301945.135939 1418444.721041, -4301925.34038 1418433.513098, -4301924.086666 1418432.803272, -4301909.269304 1418427.87291, -4301900.090845 1418426.019892, -4301851.865332 1418423.658754, -4301833.583382 1418422.890879, -4301773.22869 1418420.355898, -4301765.85961 1418420.046385, -4301760.61986 1418420.306358, -4301703.447977 1418423.142978, -4301688.066147 1418424.50412, -4301676.333535 1418426.278283, -4301639.365919 1418432.21299, -4301548.196746 1418454.618521, -4301535.610017 1418453.487559, -4301520.248606 1418452.707697, -4301508.92877 1418450.833654, -4301484.73145 1418445.598777, -4301484.540574 1418445.557473, -4301484.507084 1418445.556744, -4301453.028586 1418444.865821, -4301432.775872 1418444.421289, -4301412.367692 1418444.473373, -4301396.655061 1418440.919289, -4301383.610555 1418439.588663, -4301331.456174 1418434.268501, -4301303.638826 1418431.85528, -4301286.156792 1418428.913985, -4301271.951853 1418425.752405, -4301256.631614 1418420.69113, -4301242.688882 1418416.524386, -4301230.756128 1418412.881437, -4301215.677182 1418408.955875, -4301203.964843 1418408.589524, -4301183.356776 1418407.364766, -4301153.225835 1418405.574045, -4301071.510295 1418414.345074, -4300995.441737 1418426.924577, -4300977.89776 1418430.4051, -4300955.719811 1418431.069352, -4300939.965893 1418429.419425, -4300938.478593 1418429.263648, -4300922.242664 1418427.719672, -4300908.01747 1418426.698612, -4300893.92305 1418425.175149, -4300880.26947 1418430.204923, -4300873.431919 1418433.790434, -4300865.066535 1418439.123461, -4300773.430681 1418470.280259, -4300750.885336 1418477.945813, -4300739.058142 1418481.967084, -4300700.275161 1418498.473614, -4300664.433323 1418513.728348, -4300655.577645 1418513.344393, -4300622.045384 1418511.890454, -4300623.232131 1418507.471431, -4300707.90976 1418192.171332, -4300784.04681 1417862.999125, -4300860.939268 1417552.752706, -4300942.75218 1417238.49116, -4301102.305336 1416604.774824, -4301183.255 1416288.867736, -4301261.307582 1415979.260579, -4301270.279421 1415943.672573, -4301279.21554 1415906.456988, -4301350.053578 1415611.443592, -4301427.841227 1415302.721169, -4301572.18478 1414749.257811, -4301592.856827 1414655.960446, -4301605.145025 1414608.129078, -4301672.963191 1414625.890998, -4302066.879095 1414729.059846, -4302614.540982 1414874.161044, -4302638.617929 1414880.321026, -4303177.629422 1415018.225953, -4303390.528418 1415076.177033, -4303504.297726 1415114.636789, -4303533.397891 1415124.320501, -4303659.963527 1415166.438585, -4303696.090005 1415178.460641, -4303720.66999 1415186.407667, -4303836.474676 1415223.849074, -4303957.082315 1415260.299748, -4304204.051008 1415320.805016, -4304829.168824 1415488.597011, -4305401.104658 1415637.491709, -4305402.951009 1415637.968223, -4305492.743087 1415661.139956, -4305585.57109 1415685.095002, -4306511.287716 1415923.985008, -4307586.550562 1416203.913764, -4307658.683525 1416225.218554, -4307747.044534 1416254.537583, -4307856.341414 1416295.622074, -4308015.369048 1416344.601142, -4308056.968358 1416355.070807, -4308744.988224 1416528.231562, -4309245.474729 1416652.933692, -4309241.026452 1416670.165209, -4308584.459297 1419230.864488, -4308905.524523 1419311.349506, -4308857.966194 1419500.976126, -4308926.830487 1419518.258174, -4308919.672039 1419546.747382, -4309011.824187 1419569.833781, -4309066.572497 1419351.596863, -4309226.621271 1419391.713438, -4309060.706843 1420031.006732, -4308418.576454 1419870.0368, -4308422.64677 1419854.650158, -4308341.444774 1419843.752077, -4308325.954457 1419844.035989, -4308317.378851 1419843.016057, -4308310.446387 1419838.627273, -4308305.643923 1419833.501006, -4308296.502704 1419830.152216, -4308281.352743 1419828.792154, -4308265.610274 1419825.985824, -4308254.824075 1419820.27078, -4308246.606582 1419823.299484, -4308235.181572 1419828.72318, -4308228.252802 1419831.76439, -4308222.244063 1419833.7531, -4308218.261549 1419837.884321, -4308213.081554 1419840.411796, -4308206.032816 1419840.191769, -4308199.154081 1419838.077975, -4308182.135377 1419833.970411, -4308168.009187 1419828.677846, -4308156.605468 1419824.094057, -4308146.544258 1419821.79776, -4308140.730521 1419819.315232, -4308131.614328 1419813.388943, -4308125.825594 1419808.328929, -4308123.73313 1419805.200171, -4308118.773144 1419800.678904, -4308111.260696 1419793.555134, -4308103.329469 1419790.521349, -4308088.79701 1419788.030028, -4308072.449554 1419785.066199, -4308049.434604 1419781.6586, -4308034.073397 1419778.628532, -4308021.774712 1419772.519735, -4308007.465991 1419770.409676, -4307997.206029 1419765.154626, -4307987.277298 1419764.830824, -4307979.979796 1419766.807037, -4307973.486034 1419771.899502, -4307963.876024 1419777.795689, -4307953.711035 1419778.379403, -4307937.616062 1419780.649316, -4307928.71481 1419783.823028, -4307923.758559 1419786.731746, -4307891.810911 1419828.802767, -4307883.779643 1419836.07896, -4307880.153364 1419842.563942, -4307874.83208 1419851.837639, -4307868.023314 1419858.140096, -4307853.432028 1419869.522502, -4307843.689518 1419873.446207, -4307829.330787 1419876.491139, -4307822.597058 1419875.061104, -4307817.467075 1419872.433588, -4307810.812096 1419870.70106, -4307804.857086 1419874.964759, -4307799.100808 1419882.187224, -4307796.145778 1419889.81594, -4307791.454501 1419896.669654, -4307786.353257 1419898.894637, -4307779.474534 1419896.780865, -4307773.619565 1419890.734586, -4307768.763354 1419883.333327, -4307757.264675 1419872.910798, -4307746.909752 1419861.817007, -4307741.921062 1419852.443253, -4307730.372354 1419847.175711, -4307719.113646 1419843.275664, -4307702.02869 1419838.181832, -4307692.282485 1419834.675544, -4307679.42001 1419831.972992, -4307668.227542 1419829.059194, -4307657.573838 1419825.316651, -4307646.393863 1419821.114107, -4307637.290162 1419813.899073, -4307633.880214 1419805.905325, -4307630.167755 1419797.832821, -4307627.454058 1419788.40532, -4307622.162857 1419778.952811, -4307614.977928 1419769.330292, -4307612.280437 1419766.044042, -4307608.439217 1419763.429024, -4307600.362996 1419759.711503, -4307584.856781 1419755.997678, -4307557.263128 1419747.845064, -4307532.196929 1419744.872458, -4307511.999456 1419748.012352, -4307504.875687 1419755.524801, -4307497.98815 1419762.129764, -4307489.903154 1419767.130969, -4307479.58067 1419768.319654, -4307469.875678 1419768.377114, -4307457.788222 1419763.938321, -4307451.170761 1419758.339547, -4307446.314549 1419750.938288, -4307440.078332 1419745.115771, -4307427.373379 1419741.808219, -4307412.708422 1419737.344401, -4307406.090961 1419731.745627, -4307400.551013 1419724.489362, -4307394.554763 1419725.189345, -4307388.678504 1419729.150552, -4307384.629751 1419732.295525, -4307376.437261 1419732.746744, -4307365.837287 1419731.279191, -4307357.736045 1419730.139153, -4307351.474824 1419726.894123, -4307345.371103 1419723.044106, -4307338.05739 1419718.879085, -4307329.218665 1419715.609048, -4307321.722445 1419714.626518, -4307312.833691 1419716.511467, -4307303.721212 1419718.015178, -4307294.923718 1419718.308893, -4307288.46748 1419719.535095, -4307283.668728 1419721.838828, -4307278.778717 1419725.733795, -4307272.351195 1419731.812509, -4307268.223693 1419735.259976, -4307256.682416 1419744.852413, -4307246.508635 1419754.15485, -4307234.01863 1419759.947282, -4307223.078644 1419762.267225, -4307212.333658 1419760.115932, -4307205.703704 1419755.805905, -4307201.386239 1419747.575898, -4307204.038775 1419739.868432, -4307211.755038 1419733.802229, -4307218.485052 1419727.802265, -4307224.228819 1419721.86854, -4307225.35636 1419715.056062, -4307224.838902 1419705.877325, -4307223.297673 1419700.631091, -4307222.833961 1419693.727347, -4307220.923987 1419687.416094, -4307218.607761 1419683.906088, -4307210.09655 1419678.137318, -4307203.296581 1419675.721036, -4307195.261597 1419675.567251, -4307187.661584 1419677.464711, -4307174.45912 1419678.549643, -4307131.490367 1419692.234421, -4307122.850395 1419691.923136, -4307117.405407 1419690.505613, -4307111.985427 1419686.510584, -4307106.709999 1419679.868642, -4307102.77425 1419674.745569, -4307098.261785 1419670.9868, -4307092.974297 1419668.964289, -4307087.38432 1419666.863011, -4307081.334328 1419665.287984, -4307076.164554 1419663.276454, -4307072.783848 1419658.449752, -4307073.30316 1419652.66507, -4307072.316163 1419646.981565, -4307069.341745 1419643.24728, -4307062.430687 1419639.474794, -4307055.741084 1419636.746607, -4307050.114881 1419631.828645, -4307045.191244 1419626.106939, -4307038.419564 1419619.904123, -4307031.527607 1419614.163317, -4307025.319115 1419609.587088, -4307018.629512 1419606.858901, -4307010.756233 1419606.782499, -4307004.49044 1419608.11123, -4306997.420904 1419608.737394, -4306989.566724 1419606.692673, -4306981.351712 1419606.033983, -4306973.256977 1419604.913282, -4306964.681131 1419605.640624, -4306957.048407 1419604.640202, -4306950.440882 1419605.386644, -4306944.035711 1419609.145705, -4306937.750817 1419612.442756, -4306926.586163 1419617.42937, -4306922.048134 1419619.701222, -4306914.85832 1419620.789397, -4306907.548229 1419622.339583, -4306901.624169 1419624.250601, -4306894.997543 1419626.965364, -4306889.193761 1419628.414372, -4306884.535454 1419631.148235, -4306879.054305 1419635.147851, -4306872.547956 1419637.400603, -4306868.230505 1419638.72185, -4306863.649618 1419638.18058, -4306851.017942 1419637.087807, -4306843.034391 1419635.009405, -4306842.380235 1419634.689877, -4306837.517233 1419631.734126, -4306829.922709 1419626.797064, -4306823.391584 1419619.670227, -4306818.949058 1419612.100479, -4306815.537764 1419605.109216, -4306814.979196 1419601.873373, -4306814.015547 1419588.706487, -4306813.573206 1419583.192658, -4306813.691365 1419581.13233, -4306814.728481 1419574.495805, -4306805.646748 1419567.6916, -4306796.444737 1419561.349406, -4306791.400822 1419556.089711, -4306784.869697 1419548.962874, -4306779.98426 1419539.304529, -4306774.978545 1419530.108195, -4306768.225965 1419521.937059, -4306761.511586 1419509.829283, -4306758.835024 1419499.266017, -4306755.835829 1419486.152143, -4306747.552164 1419468.702596, -4306743.02756 1419457.658219, -4306737.319278 1419449.265628, -4306731.009609 1419443.183089, -4306723.395985 1419440.214347, -4306701.421762 1419437.453618, -4306694.833336 1419436.231741, -4306678.200956 1419431.901744, -4306671.371975 1419431.603888, -4306663.074885 1419427.470569, -4306655.822094 1419423.115796, -4306646.923615 1419421.29253, -4306635.835362 1419418.405866, -4306630.272135 1419418.930853, -4306623.221699 1419417.588699, -4306615.930707 1419417.170565, -4306608.39916 1419417.676452, -4306603.177666 1419418.783728, -4306596.329585 1419420.454192, -4306591.329546 1419422.605767, -4306585.626941 1419425.561086, -4306581.228291 1419425.402607, -4306575.684164 1419423.959275, -4306570.741425 1419420.20589, -4306567.083541 1419415.307029, -4306566.21682 1419409.161514, -4306566.736132 1419403.376831, -4306564.002268 1419398.718525, -4306559.641818 1419394.623408, -4306553.395126 1419393.983819, -4306551.756705 1419395.379002, -4306546.479304 1419396.871032, -4306536.186763 1419401.344894, -4306528.11926 1419399.736695, -4306521.290279 1419399.438839, -4306514.822131 1419397.754952, -4306501.442925 1419392.298579, -4306491.880081 1419387.342418, -4306484.901594 1419383.657991, -4306476.157276 1419374.879857, -4306472.128227 1419370.360558, -4306467.445144 1419363.714832, -4306461.597484 1419357.752572, -4306457.9396 1419352.85371, -4306453.458872 1419349.220603, -4306449.079321 1419347.093805, -4306443.414917 1419346.112484, -4306437.85169 1419346.637472, -4306429.054389 1419346.320516, -4306421.421664 1419345.320095, -4306415.434627 1419341.788165, -4306407.859203 1419334.882784, -4306401.049322 1419332.616608, -4306393.897708 1419329.768144, -4306387.46776 1419324.147617, -4306380.335246 1419319.330833, -4306371.215312 1419316.46327, -4306362.437111 1419314.177994, -4306350.988025 1419312.677362, -4306319.172272 1419309.821153, -4306298.641451 1419301.516317, -4306277.547372 1419291.584877, -4306270.857768 1419288.856691, -4306262.522478 1419288.660013, -4306252.459423 1419287.520214, -4306245.408986 1419286.17806, -4306234.561288 1419282.367375, -4306223.333656 1419281.911042, -4306216.504675 1419281.613187, -4306210.479437 1419282.017898, -4306205.359121 1419284.631484, -4306201.966569 1419288.188191, -4306198.232285 1419291.162609, -4306194.839733 1419294.719317, -4306187.669019 1419293.839173, -4306182.504825 1419289.04149, -4306177.349392 1419285.726056, -4306173.008042 1419279.662619, -4306166.474296 1419276.09609, -4306165.388658 1419275.921188, -4306159.609735 1419276.174568, -4306151.173267 1419274.471581, -4306139.382447 1419272.388661, -4306131.287712 1419271.267962, -4306121.58549 1419268.742132, -4306113.047844 1419265.532836, -4306103.826732 1419261.158963, -4306086.27033 1419256.588413, -4306077.511229 1419252.334818, -4306069.214138 1419248.201501, -4306060.936147 1419242.099864, -4306055.531398 1419238.226202, -4306046.531741 1419234.896628, -4306040.424426 1419231.82671, -4306031.184214 1419229.421157, -4306022.285736 1419227.597893, -4306015.336477 1419227.762049, -4306008.146663 1419228.850226, -4306000.254283 1419230.742146, -4305991.659338 1419233.43781, -4305984.127791 1419233.943699, -4305971.552327 1419229.189894, -4305967.451531 1419222.202435, -4305962.084981 1419214.392133, -4305956.80051 1419210.056461, -4305946.275444 1419208.796385, -4305931.23145 1419207.839843, -4305925.32005 1419210.648548, -4305913.424207 1419217.498441, -4305904.101637 1419227.836513, -4305895.123592 1419238.761605, -4305888.957532 1419244.616448, -4305884.671908 1419245.158565, -4305881.032995 1419243.216535, -4305877.177216 1419239.560269, -4305874.886873 1419234.985297, -4305873.581316 1419229.174677, -4305874.955564 1419223.895911, -4305874.366624 1419220.426995, -4305872.569637 1419217.140911, -4305869.436898 1419215.164898, -4305864.691923 1419214.924289, -4305860.918905 1419214.770938, -4305855.053119 1419213.741214, -4305849.383009 1419212.596637, -4305810.555808 1419203.814796, -4305799.702534 1419203.476003, -4305791.224959 1419202.926789, -4305782.841838 1419201.768132, -4305771.614206 1419201.3118, -4305762.226001 1419202.998045, -4305753.758394 1419204.679106, -4305746.690413 1419204.1964, -4305738.438777 1419202.541532, -4305717.749479 1419198.63535, -4305692.079241 1419194.912424, -4305675.086027 1419191.968463, -4305638.347099 1419188.996795, -4305612.934776 1419183.414417, -4305590.14239 1419179.676515, -4305567.623253 1419175.880601, -4305553.066236 1419173.253237, -4305534.489568 1419166.221323, -4305516.290552 1419157.737901, -4305503.22667 1419154.336914, -4305486.946099 1419154.360799, -4305471.514467 1419148.147648, -4305462.140761 1419142.478246, -4305444.248276 1419136.786939, -4305425.851948 1419133.030996, -4305412.252556 1419131.686429, -4305398.329893 1419135.553181, -4305387.026759 1419141.26438, -4305376.501072 1419144.982143, -4305367.056049 1419143.556538, -4305359.324259 1419140.510416, -4305348.370249 1419129.00498, -4305340.751565 1419120.563525, -4305326.615076 1419096.475905, -4305321.528656 1419083.268739, -4305320.384609 1419066.825794, -4305319.383476 1419041.895479, -4305317.735479 1419027.38802, -4305317.023871 1419013.253334, -4305312.441287 1418998.111049, -4305301.739046 1418985.637645, -4305276.511409 1418970.416283, -4305236.28426 1418951.290023, -4305222.072161 1418944.361019, -4305201.412539 1418936.399356, -4305188.528996 1418936.274342, -4305167.410033 1418935.038625, -4305149.446037 1418933.59099, -4305134.194638 1418930.653859, -4305117.269852 1418925.214404, -4305099.912769 1418917.466726, -4305092.716468 1418912.364331, -4305081.520502 1418900.795755, -4305070.211394 1418894.622652, -4305055.896315 1418892.058276, -4305043.296235 1418890.844642, -4305028.013347 1418888.028538, -4305007.007349 1418881.397377, -4304993.047134 1418873.500833, -4304973.867579 1418859.853925, -4304964.565381 1418849.940928, -4304957.795706 1418835.262382, -4304950.96426 1418823.796909, -4304946.238691 1418817.141824, -4304938.759029 1418813.128094, -4304925.020774 1418807.355696, -4304909.05365 1418803.198897, -4304895.135084 1418794.150706, -4304884.919565 1418787.74567, -4304870.959457 1418779.849004, -4304844.831478 1418773.046979, -4304792.074226 1418759.777717, -4304784.321224 1418759.239309, -4304777.142757 1418757.194622, -4304769.356845 1418751.282201, -4304761.094732 1418742.339536, -4304749.221832 1418736.781991, -4304742.310772 1418733.009509, -4304724.330555 1418724.382047, -4304697.572136 1418713.469314, -4304653.612463 1418685.252095, -4304645.657103 1418681.701069, -4304636.905201 1418675.46754, -4304628.658205 1418667.409202, -4304621.544788 1418660.624101, -4304613.285894 1418652.554147, -4304604.54589 1418646.332235, -4304596.932264 1418643.363497, -4304587.109762 1418641.299681, -4304576.262062 1418637.489, -4304567.161154 1418632.653102, -4304559.807182 1418626.792023, -4304551.187455 1418620.1081, -4304542.00454 1418611.797591, -4304537.903741 1418604.810133, -4304534.505508 1418597.018932, -4304531.126374 1418587.259411, -4304525.17159 1418576.846944, -4304515.053072 1418568.275279, -4304508.724299 1418564.161064, -4304499.762839 1418556.894853, -4304491.985055 1418546.976856, -4304485.232469 1418538.805724, -4304477.555863 1418530.394036, -4304469.537523 1418521.40006, -4304465.537903 1418515.918912, -4304458.544762 1418508.671801, -4304449.001014 1418501.747324, -4304439.659622 1418497.835465, -4304430.88142 1418495.550194, -4304422.546128 1418495.35352, -4304413.729727 1418497.004889, -4304393.767773 1418501.67456, -4304386.679137 1418504.269049, -4304378.286549 1418509.977336, -4304373.609145 1418514.679522, -4304367.52654 1418520.989177, -4304358.089653 1418526.91892, -4304351.323651 1418532.064017, -4304342.367874 1418536.145717, -4304334.234939 1418538.961662, -4304324.133685 1418541.758508, -4304318.900804 1418542.305181, -4304312.325376 1418542.628014, -4304308.60858 1418542.650015, -4304300.615022 1418543.035629, -4304291.35571 1418542.598401, -4304286.416183 1418540.708983, -4304281.039618 1418537.457142, -4304276.508388 1418533.306574, -4304273.091056 1418527.483693, -4304270.939478 1418522.483655, -4304268.927277 1418515.053286, -4304266.092232 1418508.888672, -4304261.16859 1418503.166969, -4304255.080372 1418498.128733, -4304245.517525 1418493.172577, -4304237.543066 1418491.589871, -4304228.182575 1418489.646334, -4304219.404372 1418487.361063, -4304190.873163 1418508.018963))",43,93.02,228.73,2.12,89.39,23462.41,797722.0,38,32,4,2
West Colfax,7186.0,6491.0,695.0,2368.0,4123.0,37.0,96.0,0.0,12819.0,1797.0,805844.0,102605.0,"POLYGON ((-4299753.836827 1421963.151328, -4299861.16102 1421537.994889, -4299971.661873 1421113.536605, -4300082.211228 1420680.953798, -4300111.670791 1420564.111489, -4300264.83534 1419956.631747, -4300290.125395 1419865.440829, -4300321.751993 1419742.96351, -4300344.972252 1419655.754425, -4300488.553542 1419008.968209, -4300622.045384 1418511.890454, -4300655.577645 1418513.344393, -4300664.433323 1418513.728348, -4300700.275161 1418498.473614, -4300739.058142 1418481.967084, -4300750.885336 1418477.945813, -4300773.430681 1418470.280259, -4300865.066535 1418439.123461, -4300873.431919 1418433.790434, -4300880.26947 1418430.204923, -4300893.92305 1418425.175149, -4300908.01747 1418426.698612, -4300922.242664 1418427.719672, -4300938.478593 1418429.263648, -4300939.965893 1418429.419425, -4300955.719811 1418431.069352, -4300977.89776 1418430.4051, -4300995.441737 1418426.924577, -4301071.510295 1418414.345074, -4301153.225835 1418405.574045, -4301183.356776 1418407.364766, -4301203.964843 1418408.589524, -4301215.677182 1418408.955875, -4301230.756128 1418412.881437, -4301242.688882 1418416.524386, -4301256.631614 1418420.69113, -4301271.951853 1418425.752405, -4301286.156792 1418428.913985, -4301303.638826 1418431.85528, -4301331.456174 1418434.268501, -4301383.610555 1418439.588663, -4301396.655061 1418440.919289, -4301412.367692 1418444.473373, -4301432.775872 1418444.421289, -4301453.028586 1418444.865821, -4301484.507084 1418445.556744, -4301484.540574 1418445.557473, -4301484.73145 1418445.598777, -4301508.92877 1418450.833654, -4301520.248606 1418452.707697, -4301535.610017 1418453.487559, -4301548.196746 1418454.618521, -4301639.365919 1418432.21299, -4301676.333535 1418426.278283, -4301688.066147 1418424.50412, -4301703.447977 1418423.142978, -4301760.61986 1418420.306358, -4301765.85961 1418420.046385, -4301773.228672 1418420.355893, -4301833.583347 1418422.89087, -4301851.865332 1418423.658754, -4301900.090845 1418426.019892, -4301909.269304 1418427.87291, -4301924.086666 1418432.803272, -4301925.34038 1418433.513098, -4301945.135939 1418444.721041, -4301961.681898 1418453.320651, -4301981.525611 1418459.560073, -4302015.987668 1418465.312488, -4302114.036145 1418474.205814, -4302130.217215 1418476.129588, -4302155.457864 1418479.130461, -4302156.570979 1418479.262798, -4302256.189606 1418482.126948, -4302280.226454 1418484.629406, -4302294.190211 1418486.654777, -4302295.517525 1418486.686225, -4302303.258134 1418486.869676, -4302309.344688 1418488.68839, -4302317.20149 1418491.036057, -4302330.26985 1418494.438199, -4302344.625969 1418494.956352, -4302359.264457 1418492.329327, -4302369.804786 1418487.795821, -4302370.143451 1418487.650152, -4302397.230075 1418474.314509, -4302401.435906 1418472.319324, -4302448.776357 1418449.86164, -4302452.179296 1418448.247341, -4302456.723159 1418447.284453, -4302463.037411 1418445.709051, -4302472.277299 1418441.140138, -4302484.443593 1418433.576855, -4302496.830172 1418429.290666, -4302520.729445 1418419.953846, -4302544.573481 1418416.860477, -4302566.834614 1418413.972472, -4302578.497751 1418412.459376, -4302588.591885 1418410.795093, -4302606.858673 1418410.721984, -4302630.896142 1418413.224096, -4302705.581561 1418433.115319, -4302706.738586 1418433.210975, -4302718.596219 1418437.128333, -4302727.382304 1418440.488549, -4302736.801432 1418443.477649, -4302745.697536 1418448.47587, -4302750.069929 1418452.296924, -4302774.681317 1418486.222831, -4302835.619365 1418555.20198, -4302847.831422 1418567.513662, -4302859.428881 1418577.651192, -4302871.800062 1418586.361404, -4302885.599546 1418593.429322, -4302889.482056 1418594.440073, -4302898.848212 1418596.330718, -4302914.539232 1418599.317686, -4302927.234775 1418601.158898, -4302940.479813 1418599.483475, -4302983.500787 1418609.951377, -4303017.030352 1418619.994602, -4303041.203518 1418628.014945, -4303055.508776 1418634.187104, -4303068.758112 1418640.930044, -4303075.372402 1418644.481853, -4303104.080981 1418668.306406, -4303127.656976 1418690.794242, -4303149.366398 1418707.891099, -4303175.868866 1418725.418243, -4303193.414863 1418736.526151, -4303218.680349 1418743.103629, -4303244.113503 1418752.177279, -4303276.668226 1418759.017381, -4303297.203969 1418758.64097, -4303322.134124 1418760.226085, -4303350.924039 1418759.545997, -4303374.952544 1418755.173808, -4303411.892255 1418745.170248, -4303445.769473 1418734.369415, -4303476.017898 1418721.806375, -4303507.629897 1418707.145778, -4303537.511338 1418692.852183, -4303555.614211 1418686.11984, -4303576.947227 1418682.680938, -4303596.581333 1418676.347247, -4303623.735635 1418666.248731, -4303644.964287 1418653.790056, -4303659.542726 1418654.315297, -4303672.988567 1418652.910648, -4303683.004948 1418648.978178, -4303693.619268 1418642.748829, -4303721.833459 1418622.298619, -4303739.170697 1418615.366955, -4303755.265876 1418609.914866, -4303772.548779 1418608.192697, -4303789.906767 1418607.58802, -4303802.973423 1418606.598097, -4303818.110651 1418604.683342, -4303832.905103 1418602.67935, -4303846.478785 1418602.553361, -4303855.22256 1418599.798703, -4303868.630905 1418594.779519, -4303877.462849 1418587.563516, -4303885.280795 1418578.619735, -4303890.685322 1418570.511533, -4303897.83192 1418559.929102, -4303907.884759 1418550.835203, -4303917.909261 1418544.661678, -4303933.013945 1418537.24888, -4303946.883565 1418533.174316, -4303964.119791 1418527.414302, -4303978.839212 1418524.292908, -4303997.342958 1418520.692755, -4304016.428814 1418519.074027, -4304030.537858 1418516.8916, -4304042.205147 1418518.465125, -4304053.858374 1418521.498864, -4304061.5211 1418524.115888, -4304070.86433 1418526.182323, -4304079.968225 1418526.35657, -4304092.335197 1418526.648372, -4304103.673933 1418526.672412, -4304116.21943 1418526.278753, -4304127.572352 1418524.842687, -4304138.582498 1418523.317384, -4304152.184517 1418520.271024, -4304164.312136 1418518.670707, -4304173.5194 1418517.041983, -4304183.351245 1418513.014115, -4304190.873163 1418508.018963, -4304219.404372 1418487.361063, -4304228.182575 1418489.646334, -4304237.543066 1418491.589871, -4304245.517525 1418493.172577, -4304255.080372 1418498.128733, -4304261.16859 1418503.166969, -4304266.092232 1418508.888672, -4304268.927277 1418515.053286, -4304270.939478 1418522.483655, -4304273.091056 1418527.483693, -4304276.508388 1418533.306574, -4304281.039618 1418537.457142, -4304286.416183 1418540.708983, -4304291.35571 1418542.598401, -4304300.615022 1418543.035629, -4304308.60858 1418542.650015, -4304312.325376 1418542.628014, -4304318.900804 1418542.305181, -4304324.133685 1418541.758508, -4304334.234939 1418538.961662, -4304342.367874 1418536.145717, -4304351.323651 1418532.064017, -4304358.089653 1418526.91892, -4304367.52654 1418520.989177, -4304373.609145 1418514.679522, -4304378.286549 1418509.977336, -4304386.679137 1418504.269049, -4304393.767773 1418501.67456, -4304413.729727 1418497.004889, -4304422.546128 1418495.35352, -4304430.88142 1418495.550194, -4304439.659622 1418497.835465, -4304449.001014 1418501.747324, -4304458.544762 1418508.671801, -4304465.537903 1418515.918912, -4304469.537523 1418521.40006, -4304477.555863 1418530.394036, -4304485.232469 1418538.805724, -4304491.985055 1418546.976856, -4304499.762839 1418556.894853, -4304508.724299 1418564.161064, -4304515.053072 1418568.275279, -4304525.17159 1418576.846944, -4304531.126374 1418587.259411, -4304534.505508 1418597.018932, -4304537.903741 1418604.810133, -4304542.00454 1418611.797591, -4304551.187455 1418620.1081, -4304559.807182 1418626.792023, -4304567.161154 1418632.653102, -4304576.262062 1418637.489, -4304587.109762 1418641.299681, -4304596.932264 1418643.363497, -4304604.54589 1418646.332235, -4304613.285894 1418652.554147, -4304621.544788 1418660.624101, -4304628.658205 1418667.409202, -4304636.905201 1418675.46754, -4304645.657103 1418681.701069, -4304653.612463 1418685.252095, -4304697.572136 1418713.469314, -4304724.330555 1418724.382047, -4304742.310772 1418733.009509, -4304749.221832 1418736.781991, -4304761.094732 1418742.339536, -4304769.356845 1418751.282201, -4304777.142757 1418757.194622, -4304784.321224 1418759.239309, -4304792.074226 1418759.777717, -4304844.831478 1418773.046979, -4304870.959457 1418779.849004, -4304884.919565 1418787.74567, -4304895.135084 1418794.150706, -4304909.05365 1418803.198897, -4304925.020774 1418807.355696, -4304938.759029 1418813.128094, -4304946.238691 1418817.141824, -4304950.96426 1418823.796909, -4304957.795706 1418835.262382, -4304964.565381 1418849.940928, -4304973.867579 1418859.853925, -4304993.047134 1418873.500833, -4305007.007349 1418881.397377, -4305028.013347 1418888.028538, -4305043.296235 1418890.844642, -4305055.896315 1418892.058276, -4305070.211394 1418894.622652, -4305081.520502 1418900.795755, -4305092.716468 1418912.364331, -4305099.912769 1418917.466726, -4305117.269852 1418925.214404, -4305134.194638 1418930.653859, -4305149.446037 1418933.59099, -4305167.410033 1418935.038625, -4305188.528996 1418936.274342, -4305201.412539 1418936.399356, -4305222.072161 1418944.361019, -4305236.28426 1418951.290023, -4305276.511409 1418970.416283, -4305301.739046 1418985.637645, -4305312.441287 1418998.111049, -4305317.023871 1419013.253334, -4305317.735479 1419027.38802, -4305319.383476 1419041.895479, -4305320.384609 1419066.825794, -4305321.528656 1419083.268739, -4305326.615076 1419096.475905, -4305340.751565 1419120.563525, -4305348.370249 1419129.00498, -4305359.324259 1419140.510416, -4305367.056049 1419143.556538, -4305376.501072 1419144.982143, -4305387.026759 1419141.26438, -4305398.329893 1419135.553181, -4305412.252556 1419131.686429, -4305425.851948 1419133.030996, -4305444.248276 1419136.786939, -4305462.140761 1419142.478246, -4305471.514467 1419148.147648, -4305486.946099 1419154.360799, -4305503.22667 1419154.336914, -4305516.290552 1419157.737901, -4305534.489568 1419166.221323, -4305553.066236 1419173.253237, -4305567.623253 1419175.880601, -4305590.14239 1419179.676515, -4305612.934776 1419183.414417, -4305638.347099 1419188.996795, -4305675.086027 1419191.968463, -4305692.079241 1419194.912424, -4305717.749479 1419198.63535, -4305738.438777 1419202.541532, -4305746.690413 1419204.1964, -4305753.758394 1419204.679106, -4305762.226001 1419202.998045, -4305771.614206 1419201.3118, -4305782.841838 1419201.768132, -4305791.224959 1419202.926789, -4305799.702534 1419203.476003, -4305810.555808 1419203.814796, -4305849.383009 1419212.596637, -4305855.053119 1419213.741214, -4305860.918905 1419214.770938, -4305864.691923 1419214.924289, -4305869.436898 1419215.164898, -4305872.569637 1419217.140911, -4305874.366624 1419220.426995, -4305874.955564 1419223.895911, -4305873.581316 1419229.174677, -4305874.886873 1419234.985297, -4305877.177216 1419239.560269, -4305881.032995 1419243.216535, -4305884.671908 1419245.158565, -4305888.957532 1419244.616448, -4305895.123592 1419238.761605, -4305904.101637 1419227.836513, -4305913.424207 1419217.498441, -4305925.32005 1419210.648548, -4305931.23145 1419207.839843, -4305946.275444 1419208.796385, -4305956.80051 1419210.056461, -4305962.084981 1419214.392133, -4305967.451531 1419222.202435, -4305971.552327 1419229.189894, -4305984.127791 1419233.943699, -4305991.659338 1419233.43781, -4306000.254283 1419230.742146, -4306008.146663 1419228.850226, -4306015.336477 1419227.762049, -4306022.285736 1419227.597893, -4306031.184214 1419229.421157, -4306040.424426 1419231.82671, -4306046.531741 1419234.896628, -4306055.531398 1419238.226202, -4306060.936147 1419242.099864, -4306069.214138 1419248.201501, -4306077.511229 1419252.334818, -4306086.27033 1419256.588413, -4306103.826732 1419261.158963, -4306113.047844 1419265.532836, -4306121.58549 1419268.742132, -4306131.287712 1419271.267962, -4306139.382447 1419272.388661, -4306151.173267 1419274.471581, -4306159.609735 1419276.174568, -4306165.388658 1419275.921188, -4306166.474296 1419276.09609, -4306173.008042 1419279.662619, -4306177.349392 1419285.726056, -4306182.504825 1419289.04149, -4306187.669019 1419293.839173, -4306194.839733 1419294.719317, -4306198.232285 1419291.162609, -4306201.966569 1419288.188191, -4306205.359121 1419284.631484, -4306210.479437 1419282.017898, -4306216.504675 1419281.613187, -4306223.333656 1419281.911042, -4306234.561288 1419282.367375, -4306245.408986 1419286.17806, -4306252.459423 1419287.520214, -4306262.522478 1419288.660013, -4306270.857768 1419288.856691, -4306277.547372 1419291.584877, -4306298.641451 1419301.516317, -4306319.172272 1419309.821153, -4306350.988025 1419312.677362, -4306362.437111 1419314.177994, -4306371.215312 1419316.46327, -4306380.335246 1419319.330833, -4306387.46776 1419324.147617, -4306393.897708 1419329.768144, -4306401.049322 1419332.616608, -4306407.859203 1419334.882784, -4306415.434627 1419341.788165, -4306421.421664 1419345.320095, -4306429.054389 1419346.320516, -4306437.85169 1419346.637472, -4306443.414917 1419346.112484, -4306449.079321 1419347.093805, -4306453.458872 1419349.220603, -4306457.9396 1419352.85371, -4306461.597484 1419357.752572, -4306467.445144 1419363.714832, -4306472.128227 1419370.360558, -4306476.157276 1419374.879857, -4306484.901594 1419383.657991, -4306491.880081 1419387.342418, -4306501.442925 1419392.298579, -4306514.822131 1419397.754952, -4306521.290279 1419399.438839, -4306528.11926 1419399.736695, -4306536.186763 1419401.344894, -4306546.479304 1419396.871032, -4306551.756705 1419395.379002, -4306553.395126 1419393.983819, -4306559.641818 1419394.623408, -4306564.002268 1419398.718525, -4306566.736132 1419403.376831, -4306566.21682 1419409.161514, -4306567.083541 1419415.307029, -4306570.741425 1419420.20589, -4306575.684164 1419423.959275, -4306581.228291 1419425.402607, -4306585.626941 1419425.561086, -4306591.329546 1419422.605767, -4306596.329585 1419420.454192, -4306603.177666 1419418.783728, -4306608.39916 1419417.676452, -4306615.930707 1419417.170565, -4306623.221699 1419417.588699, -4306630.272135 1419418.930853, -4306635.835362 1419418.405866, -4306646.923615 1419421.29253, -4306655.822094 1419423.115796, -4306663.074885 1419427.470569, -4306671.371975 1419431.603888, -4306678.200956 1419431.901744, -4306694.833336 1419436.231741, -4306701.421762 1419437.453618, -4306723.395985 1419440.214347, -4306731.009609 1419443.183089, -4306737.319278 1419449.265628, -4306743.02756 1419457.658219, -4306747.552164 1419468.702596, -4306755.835829 1419486.152143, -4306758.835024 1419499.266017, -4306761.511586 1419509.829283, -4306768.225965 1419521.937059, -4306774.978545 1419530.108195, -4306779.98426 1419539.304529, -4306784.869697 1419548.962874, -4306791.400822 1419556.089711, -4306796.444737 1419561.349406, -4306805.646748 1419567.6916, -4306814.728481 1419574.495805, -4306813.691365 1419581.13233, -4306813.573206 1419583.192658, -4306814.015547 1419588.706487, -4306814.979196 1419601.873373, -4306815.537764 1419605.109216, -4306818.949058 1419612.100479, -4306823.391584 1419619.670227, -4306829.922709 1419626.797064, -4306837.517233 1419631.734126, -4306842.380235 1419634.689877, -4306843.034391 1419635.009405, -4306851.017942 1419637.087807, -4306863.649618 1419638.18058, -4306868.230505 1419638.72185, -4306872.547956 1419637.400603, -4306879.054305 1419635.147851, -4306884.535454 1419631.148235, -4306889.193761 1419628.414372, -4306894.997543 1419626.965364, -4306901.624169 1419624.250601, -4306907.548229 1419622.339583, -4306914.85832 1419620.789397, -4306922.048134 1419619.701222, -4306926.586163 1419617.42937, -4306937.750817 1419612.442756, -4306944.035711 1419609.145705, -4306950.440882 1419605.386644, -4306957.048407 1419604.640202, -4306964.681131 1419605.640624, -4306973.256977 1419604.913282, -4306981.351712 1419606.033983, -4306989.566724 1419606.692673, -4306997.420904 1419608.737394, -4307004.49044 1419608.11123, -4307010.756233 1419606.782499, -4307018.629512 1419606.858901, -4307025.319115 1419609.587088, -4307031.527607 1419614.163317, -4307038.419564 1419619.904123, -4307045.191244 1419626.106939, -4307050.114881 1419631.828645, -4307055.741084 1419636.746607, -4307062.430687 1419639.474794, -4307069.341745 1419643.24728, -4307072.316163 1419646.981565, -4307073.30316 1419652.66507, -4307072.783848 1419658.449752, -4307076.164554 1419663.276454, -4307081.334328 1419665.287984, -4307087.38432 1419666.863011, -4307092.974297 1419668.964289, -4307098.261785 1419670.9868, -4307102.77425 1419674.745569, -4307106.709999 1419679.868642, -4307111.985427 1419686.510584, -4307117.405407 1419690.505613, -4307122.850395 1419691.923136, -4307131.490367 1419692.234421, -4307174.45912 1419678.549643, -4307187.661584 1419677.464711, -4307195.261597 1419675.567251, -4307203.296581 1419675.721036, -4307210.09655 1419678.137318, -4307218.607761 1419683.906088, -4307220.923987 1419687.416094, -4307222.833961 1419693.727347, -4307223.297673 1419700.631091, -4307224.838902 1419705.877325, -4307225.35636 1419715.056062, -4307224.228819 1419721.86854, -4307218.485052 1419727.802265, -4307211.755038 1419733.802229, -4307204.038775 1419739.868432, -4307201.386239 1419747.575898, -4307205.703704 1419755.805905, -4307212.333658 1419760.115932, -4307223.078644 1419762.267225, -4307234.01863 1419759.947282, -4307246.508635 1419754.15485, -4307256.682416 1419744.852413, -4307268.223693 1419735.259976, -4307272.351195 1419731.812509, -4307278.778717 1419725.733795, -4307283.668728 1419721.838828, -4307288.46748 1419719.535095, -4307294.923718 1419718.308893, -4307303.721212 1419718.015178, -4307312.833691 1419716.511467, -4307321.722445 1419714.626518, -4307329.218665 1419715.609048, -4307338.05739 1419718.879085, -4307345.371103 1419723.044106, -4307351.474824 1419726.894123, -4307357.736045 1419730.139153, -4307365.837287 1419731.279191, -4307376.437261 1419732.746744, -4307384.629751 1419732.295525, -4307388.678504 1419729.150552, -4307394.554763 1419725.189345, -4307400.551013 1419724.489362, -4307406.090961 1419731.745627, -4307412.708422 1419737.344401, -4307427.373379 1419741.808219, -4307440.078332 1419745.115771, -4307446.314549 1419750.938288, -4307451.170761 1419758.339547, -4307457.788222 1419763.938321, -4307469.875678 1419768.377114, -4307479.58067 1419768.319654, -4307489.903154 1419767.130969, -4307497.98815 1419762.129764, -4307504.875687 1419755.524801, -4307511.999456 1419748.012352, -4307532.196929 1419744.872458, -4307557.263128 1419747.845064, -4307584.856781 1419755.997678, -4307600.362996 1419759.711503, -4307608.439217 1419763.429024, -4307612.280437 1419766.044042, -4307614.977928 1419769.330292, -4307622.162857 1419778.952811, -4307627.454058 1419788.40532, -4307630.167755 1419797.832821, -4307633.880214 1419805.905325, -4307637.290162 1419813.899073, -4307646.393863 1419821.114107, -4307657.573838 1419825.316651, -4307668.227542 1419829.059194, -4307679.42001 1419831.972992, -4307692.282485 1419834.675544, -4307702.02869 1419838.181832, -4307719.113646 1419843.275664, -4307730.372354 1419847.175711, -4307741.921062 1419852.443253, -4307746.909752 1419861.817007, -4307757.264675 1419872.910798, -4307768.763354 1419883.333327, -4307773.619565 1419890.734586, -4307779.474534 1419896.780865, -4307786.353257 1419898.894637, -4307791.454501 1419896.669654, -4307796.145778 1419889.81594, -4307799.100808 1419882.187224, -4307804.857086 1419874.964759, -4307810.812096 1419870.70106, -4307817.467075 1419872.433588, -4307822.597058 1419875.061104, -4307829.330787 1419876.491139, -4307843.689518 1419873.446207, -4307853.432028 1419869.522502, -4307868.023314 1419858.140096, -4307874.83208 1419851.837639, -4307880.153364 1419842.563942, -4307883.779643 1419836.07896, -4307891.810911 1419828.802767, -4307923.758559 1419786.731746, -4307928.71481 1419783.823028, -4307937.616062 1419780.649316, -4307953.711035 1419778.379403, -4307963.876024 1419777.795689, -4307973.486034 1419771.899502, -4307979.979796 1419766.807037, -4307987.277298 1419764.830824, -4307997.206029 1419765.154626, -4308007.465991 1419770.409676, -4308021.774712 1419772.519735, -4308034.073397 1419778.628532, -4308049.434604 1419781.6586, -4308072.449554 1419785.066199, -4308088.79701 1419788.030028, -4308103.329469 1419790.521349, -4308111.260696 1419793.555134, -4308118.773144 1419800.678904, -4308123.73313 1419805.200171, -4308125.825594 1419808.328929, -4308131.614328 1419813.388943, -4308140.730521 1419819.315232, -4308146.544258 1419821.79776, -4308156.605468 1419824.094057, -4308168.009187 1419828.677846, -4308182.135377 1419833.970411, -4308199.154081 1419838.077975, -4308206.032816 1419840.191769, -4308213.081554 1419840.411796, -4308218.261549 1419837.884321, -4308222.244063 1419833.7531, -4308228.252802 1419831.76439, -4308235.181572 1419828.72318, -4308246.606582 1419823.299484, -4308254.824075 1419820.27078, -4308265.610274 1419825.985824, -4308281.352743 1419828.792154, -4308296.502704 1419830.152216, -4308305.643923 1419833.501006, -4308310.446387 1419838.627273, -4308317.378851 1419843.016057, -4308325.954457 1419844.035989, -4308341.444774 1419843.752077, -4308422.64677 1419854.650158, -4308418.576454 1419870.0368, -4307921.170082 1421787.616322, -4307597.187448 1423066.824643, -4307442.396992 1423025.36388, -4307291.718972 1422984.974587, -4307135.899079 1422946.475632, -4306974.030984 1422906.40212, -4306809.964083 1422864.852222, -4306670.152735 1422829.358371, -4306522.579704 1422793.910566, -4306363.331342 1422755.681579, -4306199.557807 1422712.012269, -4306045.219377 1422670.799164, -4305721.059456 1422584.342336, -4305566.217231 1422545.064626, -4305403.633272 1422503.771626, -4305248.065265 1422464.305132, -4305094.190632 1422425.279396, -4304771.46221 1422341.261848, -4304682.675522 1422318.147559, -4303811.260325 1422091.287723, -4303654.3766 1422049.92887, -4303497.21111 1422012.629654, -4303336.110268 1421971.593681, -4303178.573719 1421928.773182, -4303013.602114 1421886.729453, -4302846.17974 1421844.176956, -4302738.888147 1422272.183032, -4302629.188658 1422701.499564, -4302470.581565 1422662.791968, -4302402.106699 1422645.998784, -4302303.687503 1422625.155918, -4302091.98127 1422569.137314, -4301886.775606 1422514.940192, -4301687.649593 1422462.19675, -4301468.927455 1422404.351757, -4301247.587184 1422347.633418, -4301041.004423 1422294.756958, -4300862.306034 1422248.881465, -4300796.165859 1422232.050461, -4300616.015879 1422185.797137, -4300452.232095 1422143.158417, -4300357.882084 1422118.595901, -4300191.678331 1422075.327418, -4299753.836827 1421963.151328))",195,93.33,266.7,2.17,108.33,33784.39,5337933.0,157,123,20,14
West Highland,5781.0,5557.0,224.0,3098.0,2459.0,0.0,18.0,0.0,10345.0,1896.0,782079.0,126710.0,"POLYGON ((-4297699.214622 1430056.842002, -4297786.698376 1429726.750989, -4297814.457734 1429660.655997, -4297878.974344 1429406.761204, -4297962.025172 1429079.987175, -4298001.186605 1428927.100904, -4298028.567755 1428757.982655, -4298089.082103 1428576.804944, -4298126.554992 1428427.842819, -4298205.379986 1428114.693086, -4298248.337787 1427907.843735, -4298316.249271 1427639.044423, -4298353.479826 1427492.064903, -4298453.500626 1427079.086829, -4298510.59751 1426868.694397, -4298670.131782 1426240.012267, -4298904.09503 1426301.825014, -4299107.091772 1426355.576049, -4299302.49276 1426404.766521, -4299313.169 1426407.416742, -4299469.49572 1426449.922118, -4299948.830909 1426569.413875, -4300264.059425 1426651.478643, -4300588.722938 1426735.99969, -4300902.015868 1426817.560611, -4301221.727965 1426906.217473, -4301381.302626 1426945.176957, -4301545.263385 1426985.149303, -4301865.622276 1427063.383366, -4302026.722937 1427104.419493, -4302183.227044 1427144.258702, -4302326.877477 1427180.880957, -4302336.82795 1427183.342187, -4302501.073655 1427225.197024, -4302662.846982 1427265.633141, -4302825.861575 1427306.263393, -4302984.248073 1427345.817663, -4303142.424069 1427385.188272, -4303304.471032 1427425.566486, -4303462.131676 1427464.931886, -4303623.780698 1427508.823089, -4303782.074117 1427551.711627, -4304072.182316 1427623.103668, -4304178.008059 1427649.233169, -4304414.547735 1427711.071191, -4304585.186405 1427750.198871, -4304987.390402 1427851.419494, -4305053.795419 1427872.194408, -4305147.534804 1427894.144032, -4305226.453866 1427912.493623, -4305379.874475 1427948.301353, -4305660.991338 1428021.486089, -4305819.861646 1428061.166731, -4305828.844389 1428063.376017, -4305984.327694 1428102.174832, -4306138.496908 1428142.052353, -4306299.924285 1428183.81944, -4306300.053739 1428183.870294, -4305975.982134 1429458.902068, -4305323.452359 1432013.023262, -4305322.381642 1432017.136092, -4305162.974542 1431976.540678, -4305005.986781 1431936.575395, -4304845.908529 1431899.551122, -4304687.523868 1431862.967701, -4304528.854013 1431824.501886, -4304371.667429 1431786.292852, -4304112.366824 1431720.596047, -4304055.471706 1431703.975866, -4303884.894583 1431661.635114, -4303740.056094 1431625.607716, -4303423.758842 1431550.626415, -4303268.948343 1431511.227946, -4303114.10642 1431471.950544, -4302806.280543 1431386.258547, -4302647.411846 1431349.54935, -4302489.542357 1431312.970969, -4302337.829923 1431285.486836, -4302325.481838 1431283.30546, -4302161.936523 1431253.644859, -4302001.089522 1431214.61238, -4301840.757762 1431175.584877, -4301683.662468 1431131.070861, -4301526.598821 1431086.43615, -4301362.661085 1431050.34447, -4301201.900214 1431014.950924, -4301042.676464 1430983.57397, -4300879.035216 1430951.305443, -4300721.407651 1430914.79004, -4300555.281098 1430876.191381, -4300400.293195 1430839.459223, -4300237.500772 1430800.953451, -4300076.57476 1430751.309201, -4299968.96825 1430718.129056, -4299815.20543 1430670.737258, -4299606.411251 1430611.472828, -4299400.14081 1430551.444679, -4298977.532014 1430425.409234, -4298338.759725 1430246.586468, -4297891.989909 1430114.132042, -4297699.214622 1430056.842002))",147,89.8,234.03,2.05,97.58,26283.93,3101504.0,122,94,12,16
Sloan Lake,4306.0,3889.0,417.0,2218.0,1671.0,36.0,0.0,0.0,7917.0,1709.0,880475.0,150559.0,"POLYGON ((-4298670.131782 1426240.012267, -4298722.702278 1426035.108421, -4298728.345057 1426012.572487, -4298743.64748 1426000.703243, -4298791.590172 1425810.622077, -4298900.877586 1425375.346027, -4298951.571995 1425180.875362, -4298940.426396 1425167.406425, -4298994.413597 1424954.684602, -4299063.468612 1424674.929368, -4299083.763937 1424671.406101, -4299118.318188 1424530.217101, -4299232.227766 1424105.107993, -4299296.021059 1423857.770137, -4299278.340359 1423842.595884, -4299322.472406 1423673.698479, -4299365.979282 1423504.212974, -4299380.976645 1423491.257881, -4299441.819978 1423249.952608, -4299552.217254 1422822.093346, -4299612.408972 1422587.048774, -4299603.955758 1422572.95904, -4299649.049634 1422392.455161, -4299690.653358 1422222.718312, -4299702.870854 1422172.814061, -4299753.836827 1421963.151328, -4300191.678331 1422075.327418, -4300357.882084 1422118.595901, -4300452.232095 1422143.158417, -4300616.015879 1422185.797137, -4300796.165859 1422232.050461, -4300862.306034 1422248.881465, -4301041.004423 1422294.756958, -4301247.587184 1422347.633418, -4301468.927455 1422404.351757, -4301687.649593 1422462.19675, -4301886.775606 1422514.940192, -4302091.98127 1422569.137314, -4302303.687503 1422625.155918, -4302402.106699 1422645.998784, -4302470.581565 1422662.791968, -4302629.188658 1422701.499564, -4302738.888147 1422272.183032, -4302846.17974 1421844.176956, -4303013.602114 1421886.729453, -4303178.573719 1421928.773182, -4303336.110268 1421971.593681, -4303497.21111 1422012.629654, -4303654.3766 1422049.92887, -4303811.260325 1422091.287723, -4304682.675522 1422318.147559, -4304771.46221 1422341.261848, -4305094.190632 1422425.279396, -4305248.065265 1422464.305132, -4305403.633272 1422503.771626, -4305566.217231 1422545.064626, -4305721.059456 1422584.342336, -4306045.219377 1422670.799164, -4306199.557807 1422712.012269, -4306363.331342 1422755.681579, -4306522.579704 1422793.910566, -4306670.152735 1422829.358371, -4306809.964083 1422864.852222, -4306974.030984 1422906.40212, -4307135.899079 1422946.475632, -4307291.718972 1422984.974587, -4307442.396992 1423025.36388, -4307597.187448 1423066.824643, -4307273.206119 1424346.030836, -4306300.053739 1428183.870294, -4306299.924285 1428183.81944, -4306138.496908 1428142.052353, -4305984.327694 1428102.174832, -4305828.844389 1428063.376017, -4305819.861646 1428061.166731, -4305660.991338 1428021.486089, -4305379.874475 1427948.301353, -4305226.453866 1427912.493623, -4305147.534804 1427894.144032, -4305053.795419 1427872.194408, -4304987.390402 1427851.419494, -4304585.186405 1427750.198871, -4304414.547735 1427711.071191, -4304178.008059 1427649.233169, -4304072.182316 1427623.103668, -4303782.074117 1427551.711627, -4303623.780698 1427508.823089, -4303462.131676 1427464.931886, -4303304.471032 1427425.566486, -4303142.424069 1427385.188272, -4302984.248073 1427345.817663, -4302825.861575 1427306.263393, -4302662.846982 1427265.633141, -4302501.073655 1427225.197024, -4302336.82795 1427183.342187, -4302326.877477 1427180.880957, -4302183.227044 1427144.258702, -4302026.722937 1427104.419493, -4301865.622276 1427063.383366, -4301545.263385 1426985.149303, -4301381.302626 1426945.176957, -4301221.727965 1426906.217473, -4300902.015868 1426817.560611, -4300588.722938 1426735.99969, -4300264.059425 1426651.478643, -4299948.830909 1426569.413875, -4299469.49572 1426449.922118, -4299313.169 1426407.416742, -4299302.49276 1426404.766521, -4299107.091772 1426355.576049, -4298904.09503 1426301.825014, -4298670.131782 1426240.012267))",93,92.47,275.79,1.98,128.38,35333.09,2861980.0,82,65,9,8
Berkeley,4788.0,4546.0,242.0,3083.0,1463.0,0.0,0.0,0.0,9157.0,2115.0,911359.0,149085.0,"POLYGON ((-4296329.097006 1435382.155714, -4296335.561353 1435355.594116, -4296369.412752 1435216.502339, -4296454.840832 1434889.395215, -4296505.331087 1434745.593457, -4296544.082776 1434595.193247, -4296652.528688 1434172.442998, -4296698.675928 1433926.920738, -4296754.251687 1433779.259261, -4296827.050536 1433501.426632, -4296937.072984 1433082.017335, -4297033.469064 1432651.823373, -4297129.787629 1432346.917409, -4297224.262935 1431974.862528, -4297339.059001 1431525.756114, -4297368.792251 1431343.928064, -4297430.753782 1431170.644428, -4297466.311052 1431033.623029, -4297549.500893 1430712.896951, -4297576.09859 1430608.822297, -4297614.980047 1430386.359171, -4297656.765934 1430222.870959, -4297699.214622 1430056.842002, -4297891.989909 1430114.132042, -4298338.759725 1430246.586468, -4298977.532014 1430425.409234, -4299400.14081 1430551.444679, -4299606.411251 1430611.472828, -4299815.20543 1430670.737258, -4299968.96825 1430718.129056, -4300076.57476 1430751.309201, -4300237.500772 1430800.953451, -4300400.293195 1430839.459223, -4300555.281098 1430876.191381, -4300721.407651 1430914.79004, -4300879.035216 1430951.305443, -4301042.676464 1430983.57397, -4301201.900214 1431014.950924, -4301362.661085 1431050.34447, -4301526.598821 1431086.43615, -4301683.662468 1431131.070861, -4301840.757762 1431175.584877, -4302001.089522 1431214.61238, -4302161.936523 1431253.644859, -4302325.481838 1431283.30546, -4302337.829923 1431285.486836, -4302489.542357 1431312.970969, -4302647.411846 1431349.54935, -4302806.280543 1431386.258547, -4303114.10642 1431471.950544, -4303268.948343 1431511.227946, -4303423.758842 1431550.626415, -4303740.056094 1431625.607716, -4303884.894583 1431661.635114, -4304055.471706 1431703.975866, -4304112.366824 1431720.596047, -4304371.667429 1431786.292852, -4304528.854013 1431824.501886, -4304687.523868 1431862.967701, -4304845.908529 1431899.551122, -4305005.986781 1431936.575395, -4305162.974542 1431976.540678, -4305322.381642 1432017.136092, -4304671.587152 1434570.544847, -4304032.269371 1437077.843045, -4304029.484499 1437078.214094, -4303950.89893 1437086.17461, -4303841.51284 1437109.371176, -4303769.776993 1437131.678251, -4303565.199471 1437202.257894, -4303302.487849 1437294.231018, -4303238.799362 1437306.160247, -4303119.83514 1437325.081381, -4302982.218345 1437326.673593, -4302940.714017 1437324.986704, -4302860.558001 1437321.728776, -4302706.278008 1437294.928191, -4302618.703139 1437268.565611, -4302542.444066 1437239.803309, -4302474.597651 1437206.10396, -4302403.413792 1437171.535682, -4302328.665032 1437116.438856, -4302253.116391 1437057.570213, -4302187.145753 1437002.976903, -4302111.803971 1436922.779968, -4302021.695357 1436834.283876, -4301829.20351 1436629.150754, -4301706.336993 1436533.01773, -4301577.822711 1436458.578385, -4301525.794926 1436432.560857, -4301461.034396 1436404.119269, -4301396.456588 1436378.398188, -4301333.91301 1436358.552165, -4300708.748837 1436196.690894, -4299964.599925 1436012.763218, -4299674.237388 1435937.171765, -4299514.906218 1435892.128454, -4299418.118597 1435866.931284, -4299229.505092 1435800.901272, -4298961.546711 1435700.850948, -4298746.781164 1435636.030866, -4298646.290744 1435604.524332, -4298579.975081 1435585.478113, -4298499.554589 1435576.124036, -4298446.519986 1435567.662705, -4298385.941458 1435560.801314, -4298291.050223 1435555.698118, -4298173.939317 1435551.534569, -4297700.487901 1435534.702168, -4297141.130055 1435493.156508, -4296919.984531 1435476.731194, -4296718.658757 1435449.26513, -4296558.320701 1435421.778526, -4296456.823373 1435407.828344, -4296378.757694 1435392.850697, -4296368.485132 1435390.638007, -4296329.097006 1435382.155714))",173,83.82,279.33,1.77,145.95,29483.7,4452039.0,136,111,12,13
Regis,1846.0,1824.0,22.0,1359.0,465.0,0.0,0.0,0.0,4743.0,1931.0,613700.0,120059.0,"POLYGON ((-4296937.624019 1438411.711892, -4297016.698694 1438091.138132, -4295737.380609 1437758.388892, -4295723.560887 1437757.890932, -4295890.051061 1437096.535327, -4296060.524502 1436471.477208, -4296217.319265 1435812.6347, -4296306.387672 1435475.464712, -4296329.097349 1435382.155048, -4296368.485066 1435390.637971, -4296378.757716 1435392.850684, -4296456.82336 1435407.828246, -4296558.32052 1435421.778423, -4296718.6587 1435449.265059, -4296919.984562 1435476.731221, -4297141.129716 1435493.156646, -4297700.487972 1435534.702187, -4298173.939448 1435551.534717, -4298291.050093 1435555.698254, -4298385.94151 1435560.801404, -4298446.519912 1435567.662629, -4298499.554646 1435576.124107, -4298579.975157 1435585.478039, -4298646.290802 1435604.524253, -4298746.781106 1435636.03087, -4298961.546654 1435700.850877, -4298967.979292 1435703.252613, -4299229.505123 1435800.901224, -4299418.118681 1435866.931325, -4299514.906319 1435892.1285, -4299674.237662 1435937.171874, -4299964.599881 1436012.763244, -4300708.748789 1436196.690787, -4301333.912969 1436358.552249, -4301396.456536 1436378.398099, -4301461.034289 1436404.119317, -4301501.525012 1436421.902468, -4301525.794837 1436432.560834, -4301577.822645 1436458.578349, -4301706.337184 1436533.017723, -4301829.203536 1436629.150799, -4302021.695393 1436834.283885, -4302111.803753 1436922.780006, -4302187.145701 1437002.976813, -4302253.11643 1437057.57028, -4302328.664944 1437116.438833, -4302403.413508 1437171.535684, -4302474.597731 1437206.103868, -4302542.443991 1437239.803233, -4302618.703196 1437268.565682, -4302706.277945 1437294.928288, -4302860.558055 1437321.728714, -4302940.71402 1437324.986478, -4302982.218271 1437326.673517, -4303119.83517 1437325.081408, -4303238.79938 1437306.160176, -4303302.487954 1437294.230762, -4303565.199441 1437202.257792, -4303769.77694 1437131.678237, -4303841.512871 1437109.371203, -4303950.899068 1437086.174514, -4304014.481154 1437079.733716, -4304029.484185 1437078.214069, -4304032.269141 1437077.842985, -4304031.75296 1437079.867895, -4304019.448252 1437128.122559, -4306580.345762 1437794.300332, -4306173.898084 1439379.293731, -4306811.464971 1439543.184112, -4306632.303532 1440240.833414, -4306472.553176 1440199.739165, -4306403.650152 1440468.045539, -4305925.639592 1440345.081778, -4305977.854056 1440141.74397, -4305743.448195 1440081.47087, -4305601.439225 1440261.714863, -4303367.417047 1439687.276845, -4300856.392654 1439061.724852, -4298295.615964 1438423.868345, -4298217.19899 1438743.73568, -4296937.624019 1438411.711892))",41,87.8,235.7,2.21,90.44,30713.09,1013532.0,38,31,3,4
Chaffee Park,1762.0,1754.0,8.0,1192.0,563.0,0.0,0.0,0.0,3726.0,1293.0,535603.0,97726.0,"POLYGON ((-4294301.277095 1438064.675816, -4294460.471595 1437426.095651, -4293183.289086 1437093.860785, -4290615.567198 1436431.081696, -4288361.856883 1435848.567795, -4288360.423261 1435848.197222, -4289134.694349 1432866.386265, -4289179.959815 1432895.119925, -4289424.735294 1433056.844361, -4289659.932501 1433214.293541, -4289935.52099 1433411.658349, -4290096.107358 1433499.792064, -4290193.55685 1433542.979877, -4290304.859781 1433580.864818, -4290336.459401 1433586.377634, -4290397.761651 1433597.031916, -4290492.149513 1433610.913009, -4290704.860214 1433628.869758, -4290927.217954 1433643.992313, -4291114.714705 1433652.712064, -4291194.15278 1433655.574044, -4291258.344817 1433670.921562, -4291278.024684 1433675.626806, -4291375.875792 1433699.56993, -4291391.934231 1433703.499402, -4291487.487552 1433726.593146, -4291654.521292 1433796.805075, -4291838.676855 1433869.692733, -4291968.015288 1433923.855014, -4292194.689652 1434011.375284, -4292237.704034 1434026.61076, -4292403.511019 1434085.338701, -4292555.732914 1434130.312545, -4293566.354563 1434416.5747, -4293947.99523 1434524.837712, -4294507.712895 1434664.314326, -4294776.199025 1434731.537518, -4294834.60525 1434746.74261, -4294910.498979 1434770.064016, -4294999.673649 1434803.970207, -4295060.045178 1434832.159873, -4295172.513428 1434879.25761, -4295449.63621 1435026.239598, -4295544.540625 1435072.888037, -4295831.135031 1435213.758164, -4295904.056749 1435241.651275, -4295991.128098 1435276.791819, -4296112.44357 1435317.283536, -4296280.053466 1435369.701438, -4296299.457368 1435375.76987, -4296329.097006 1435382.155714, -4296306.387672 1435475.464712, -4296217.319265 1435812.6347, -4296060.524502 1436471.477208, -4295890.051061 1437096.535327, -4295723.888617 1437754.316545, -4295738.199656 1437758.489479, -4295487.796969 1438766.402895, -4295477.105036 1438767.494301, -4295419.104218 1438773.414866, -4295402.435127 1438774.605836, -4295385.724471 1438774.781804, -4295330.66452 1438768.091584, -4295317.549377 1438764.790741, -4295304.612434 1438760.848913, -4295291.884996 1438756.275637, -4295279.397864 1438751.08198, -4295267.181256 1438745.280512, -4295255.264737 1438738.885272, -4295243.677143 1438731.911736, -4295232.446517 1438724.37678, -4295221.600036 1438716.298637, -4295211.163948 1438707.696858, -4295201.163509 1438698.592258, -4295191.622919 1438689.006869, -4295182.565266 1438678.963889, -4295174.012469 1438668.48762, -4295165.985226 1438657.603416, -4295158.502963 1438646.337615, -4295148.573238 1438629.220633, -4295139.900517 1438611.433715, -4295116.338501 1438558.344527, -4295109.175392 1438543.539125, -4295101.054003 1438529.236919, -4295092.009505 1438515.499848, -4295082.081067 1438502.387403, -4295071.311688 1438489.956371, -4295059.748007 1438478.260588, -4295047.440103 1438467.350705, -4295034.441277 1438457.273969, -4295020.807825 1438448.074021, -4295006.598789 1438439.790702, -4294991.875704 1438432.459886, -4294976.702333 1438426.113321, -4294961.144388 1438420.778491, -4294945.269245 1438416.4785, -4294929.145656 1438413.231972, -4294912.843448 1438411.052964, -4294912.823848 1438411.050903, -4294912.81444 1438411.048511, -4294912.78591 1438411.043822, -4294894.539776 1438409.890164, -4294876.258125 1438410.073431, -4294858.038786 1438411.592643, -4294839.979252 1438414.439671, -4294817.674555 1438419.871688, -4294795.962372 1438427.327383, -4294775.025889 1438436.743854, -4294755.041745 1438448.041655, -4294668.542488 1438502.303256, -4294656.267638 1438510.521314, -4294644.502443 1438519.453762, -4294633.288426 1438529.069076, -4294622.665163 1438539.333321, -4294606.216615 1438556.26155, -4294595.730055 1438569.423487, -4294586.084082 1438583.213328, -4294577.316191 1438597.57747, -4294569.460464 1438612.460079, -4294543.221345 1438663.22454, -4294514.718906 1438712.75365, -4294326.613345 1438591.687531, -4294548.328468 1438247.426061, -4294321.686405 1438116.840636, -4294301.277095 1438064.675816))",35,91.43,467.23,2.13,178.65,37825.42,983461.0,31,19,5,7
Sunnyside,5327.0,5021.0,307.0,3020.0,2001.0,0.0,22.0,0.0,10085.0,1706.0,705327.0,104533.0,"POLYGON ((-4289134.694349 1432866.386265, -4289521.749881 1431375.789055, -4289680.345068 1430743.763196, -4289774.894614 1430369.659355, -4289888.527463 1429922.252132, -4290005.309824 1429484.576874, -4290117.147736 1429044.064456, -4290224.602582 1428608.481435, -4290326.203297 1428216.395556, -4290333.95334 1428184.750974, -4290382.537067 1428196.630118, -4290940.050713 1428347.507233, -4290984.583684 1428346.517445, -4291144.484673 1428386.207373, -4291304.143722 1428425.834398, -4291467.673541 1428466.469115, -4291633.380798 1428507.670622, -4291793.945974 1428550.762401, -4291809.155825 1428554.851184, -4291951.366217 1428593.035706, -4292106.155215 1428631.52393, -4292265.088495 1428670.962053, -4292421.161557 1428711.463861, -4292471.96594 1428724.68989, -4292583.493331 1428753.724093, -4292741.238519 1428793.756957, -4292850.504104 1428821.556566, -4293012.572342 1428862.84402, -4293444.34398 1428972.535978, -4293607.622019 1429014.138427, -4293715.677915 1429041.62312, -4293875.842272 1429082.285896, -4294039.057115 1429124.130227, -4294147.534111 1429151.982817, -4294193.562786 1429163.707356, -4294309.759746 1429192.665674, -4294356.146408 1429204.999891, -4294467.27442 1429234.575956, -4294510.999856 1429246.217521, -4294579.043859 1429263.67323, -4294666.95706 1429286.172476, -4294746.161027 1429306.404404, -4294831.139702 1429328.268848, -4294896.774396 1429344.064229, -4294988.904772 1429366.240551, -4295147.364042 1429404.522131, -4295571.487239 1429508.864857, -4295727.538799 1429548.457012, -4295836.352034 1429576.009702, -4295994.61241 1429616.047748, -4296416.874465 1429721.585185, -4296579.406559 1429765.060224, -4296834.438496 1429833.261885, -4297064.162699 1429894.48755, -4297260.120355 1429942.531235, -4297421.242427 1429984.476747, -4297526.963584 1430011.999535, -4297699.214622 1430056.842002, -4297656.765934 1430222.870959, -4297614.980047 1430386.359171, -4297576.09859 1430608.822297, -4297549.500893 1430712.896951, -4297466.311052 1431033.623029, -4297430.753782 1431170.644428, -4297368.792251 1431343.928064, -4297339.059001 1431525.756114, -4297224.262935 1431974.862528, -4297129.787629 1432346.917409, -4297033.469064 1432651.823373, -4296937.072984 1433082.017335, -4296827.050536 1433501.426632, -4296754.251687 1433779.259261, -4296698.675928 1433926.920738, -4296652.528688 1434172.442998, -4296544.082776 1434595.193247, -4296505.331087 1434745.593457, -4296454.840832 1434889.395215, -4296369.412752 1435216.502339, -4296335.561353 1435355.594116, -4296329.097006 1435382.155714, -4296299.457368 1435375.76987, -4296280.053466 1435369.701438, -4296112.44357 1435317.283536, -4295991.128098 1435276.791819, -4295904.056749 1435241.651275, -4295831.135031 1435213.758164, -4295544.540625 1435072.888037, -4295449.63621 1435026.239598, -4295172.513428 1434879.25761, -4295060.045178 1434832.159873, -4294999.673649 1434803.970207, -4294910.498979 1434770.064016, -4294834.60525 1434746.74261, -4294776.199025 1434731.537518, -4294507.712895 1434664.314326, -4293947.99523 1434524.837712, -4293566.354563 1434416.5747, -4292555.732914 1434130.312545, -4292403.511019 1434085.338701, -4292237.704034 1434026.61076, -4292194.689652 1434011.375284, -4291968.015288 1433923.855014, -4291838.676855 1433869.692733, -4291654.521292 1433796.805075, -4291487.487552 1433726.593146, -4291391.934231 1433703.499402, -4291375.875792 1433699.56993, -4291278.024684 1433675.626806, -4291258.344817 1433670.921562, -4291194.15278 1433655.574044, -4291114.714705 1433652.712064, -4290927.217954 1433643.992313, -4290704.860214 1433628.869758, -4290492.149513 1433610.913009, -4290397.761651 1433597.031916, -4290336.459401 1433586.377634, -4290304.859781 1433580.864818, -4290193.55685 1433542.979877, -4290096.107358 1433499.792064, -4289935.52099 1433411.658349, -4289659.932501 1433214.293541, -4289424.735294 1433056.844361, -4289179.959815 1432895.119925, -4289134.694349 1432866.386265))",131,95.42,284.83,2.08,117.75,37672.7,3955633.0,114,83,15,16
Highland,7071.0,6615.0,456.0,2360.0,4255.0,178.0,45.0,0.0,11208.0,2333.0,845372.0,131504.0,"POLYGON ((-4290333.95334 1428184.750974, -4290347.410335 1428133.939151, -4290447.213781 1427743.453277, -4290990.457844 1425653.959921, -4291010.603252 1425651.769493, -4291046.81452 1425653.576007, -4291080.817038 1425654.936586, -4291112.451733 1425653.484996, -4291124.647383 1425652.042816, -4291138.03839 1425650.45906, -4291160.731898 1425645.646607, -4291205.959865 1425633.655303, -4291228.472953 1425625.566868, -4291279.217944 1425604.291523, -4291323.095846 1425584.586559, -4291360.782641 1425571.794629, -4291406.798012 1425556.7793, -4291474.265658 1425536.757554, -4291539.999995 1425520.417774, -4291673.985096 1425493.947063, -4291790.012263 1425477.913203, -4291843.04939 1425476.608747, -4291893.260928 1425482.189135, -4291932.694717 1425492.455017, -4291968.309252 1425499.5308, -4292007.382132 1425503.244702, -4292038.491591 1425502.818944, -4292077.497019 1425497.861437, -4292114.386706 1425489.124254, -4292163.706006 1425477.293815, -4292205.788977 1425464.483944, -4292264.594786 1425452.927627, -4292281.410616 1425450.84721, -4292318.84161 1425451.938004, -4292358.963686 1425450.62951, -4292374.56991 1425448.234213, -4292388.776028 1425443.278748, -4292417.511662 1425428.156548, -4292435.353716 1425417.172884, -4292485.415908 1425390.323685, -4292573.164245 1425343.262961, -4292624.161041 1425321.019858, -4292667.071378 1425301.063164, -4292701.409818 1425280.29558, -4292735.832714 1425260.195837, -4292772.453042 1425238.601575, -4292806.376092 1425207.522275, -4292835.680999 1425174.336515, -4292861.810997 1425143.424106, -4292880.33132 1425121.896809, -4292930.965316 1425068.302371, -4292976.060989 1425023.082542, -4293044.406996 1424971.903287, -4293093.189027 1424937.330043, -4293165.302788 1424891.523307, -4293194.141405 1424872.036246, -4293317.982913 1424772.403346, -4293360.716862 1424736.255494, -4293376.5689 1424721.008364, -4293395.246787 1424698.876059, -4293421.226227 1424661.595724, -4293440.77278 1424631.165102, -4293451.593049 1424606.470647, -4293463.294957 1424578.389385, -4293473.031472 1424552.896332, -4293486.767808 1424533.869156, -4293516.294767 1424502.807818, -4293550.186363 1424471.849379, -4293581.638755 1424442.322556, -4293604.817103 1424418.778953, -4293663.002184 1424364.954605, -4293705.134448 1424327.392496, -4293730.28168 1424304.973217, -4293764.708529 1424271.958464, -4293783.125925 1424254.795793, -4293823.343094 1424212.438901, -4293858.022005 1424178.456503, -4293927.236726 1424118.978915, -4293976.98046 1424072.773291, -4294137.736687 1423930.569372, -4294356.888884 1423756.553467, -4294366.271884 1423755.418979, -4294381.960262 1423753.522488, -4294403.079192 1423754.758081, -4294429.026739 1423758.28406, -4294458.119213 1423762.628766, -4294469.067319 1423762.2499, -4294485.744226 1423755.741894, -4294516.234843 1423737.84748, -4294612.503829 1423686.575485, -4294634.02618 1423674.354263, -4294663.811053 1423654.209519, -4294707.605661 1423614.979697, -4294731.445328 1423588.89585, -4294742.145622 1423576.569601, -4294757.462485 1423563.37882, -4294789.616559 1423541.554744, -4294931.357063 1423703.785965, -4294997.271985 1423771.230712, -4295296.718885 1424077.627596, -4295310.546582 1424089.056798, -4295642.975832 1424363.824329, -4295999.38922 1424658.415877, -4296059.235848 1424698.505492, -4296242.788632 1424821.46249, -4296305.014646 1424820.784579, -4296518.737296 1424997.059817, -4296564.211164 1425034.730236, -4296780.476097 1425205.209206, -4296940.350482 1425338.275598, -4297134.979513 1425504.542865, -4297430.18623 1425759.765974, -4297618.51462 1425966.111809, -4297809.971855 1426015.567093, -4297959.808064 1426055.220278, -4298085.209762 1426088.512342, -4298228.997803 1426126.591089, -4298436.243226 1426179.898192, -4298670.131782 1426240.012267, -4298510.59751 1426868.694397, -4298453.500626 1427079.086829, -4298353.479826 1427492.064903, -4298316.249271 1427639.044423, -4298248.337787 1427907.843735, -4298205.379986 1428114.693086, -4298126.554992 1428427.842819, -4298089.082103 1428576.804944, -4298028.567755 1428757.982655, -4298001.186605 1428927.100904, -4297962.025172 1429079.987175, -4297878.974344 1429406.761204, -4297814.457734 1429660.655997, -4297786.698376 1429726.750989, -4297699.214622 1430056.842002, -4297526.963584 1430011.999535, -4297421.242427 1429984.476747, -4297260.120355 1429942.531235, -4297064.162699 1429894.48755, -4296834.438496 1429833.261885, -4296579.406559 1429765.060224, -4296416.874465 1429721.585185, -4295994.61241 1429616.047748, -4295836.352034 1429576.009702, -4295727.538799 1429548.457012, -4295571.487239 1429508.864857, -4295147.364042 1429404.522131, -4294988.904772 1429366.240551, -4294896.774396 1429344.064229, -4294831.139702 1429328.268848, -4294746.161027 1429306.404404, -4294666.95706 1429286.172476, -4294579.043859 1429263.67323, -4294510.999856 1429246.217521, -4294467.27442 1429234.575956, -4294356.146408 1429204.999891, -4294309.759746 1429192.665674, -4294193.562786 1429163.707356, -4294147.534111 1429151.982817, -4294039.057115 1429124.130227, -4293875.842272 1429082.285896, -4293715.677915 1429041.62312, -4293607.622019 1429014.138427, -4293444.34398 1428972.535978, -4293012.572342 1428862.84402, -4292850.504104 1428821.556566, -4292741.238519 1428793.756957, -4292583.493331 1428753.724093, -4292471.96594 1428724.68989, -4292421.161557 1428711.463861, -4292265.088495 1428670.962053, -4292106.155215 1428631.52393, -4291951.366217 1428593.035706, -4291809.155825 1428554.851184, -4291793.945974 1428550.762401, -4291633.380798 1428507.670622, -4291467.673541 1428466.469115, -4291304.143722 1428425.834398, -4291144.484673 1428386.207373, -4290984.583684 1428346.517445, -4290940.050713 1428347.507233, -4290382.537067 1428196.630118, -4290333.95334 1428184.750974))",298,95.64,322.5,1.9,166.9,42905.58,11412883.0,179,136,28,15
Globeville,1847.0,1702.0,145.0,620.0,1082.0,0.0,56.0,0.0,4743.0,1634.0,445131.0,64929.0,"POLYGON ((-4280383.324163 1433812.128519, -4280502.924394 1433749.622942, -4280558.218122 1433718.811423, -4280615.869743 1433691.842756, -4280690.630368 1433660.674382, -4280776.536654 1433624.399664, -4280833.755688 1433595.12279, -4280889.373057 1433559.099928, -4280963.340423 1433519.071298, -4281031.03086 1433482.316806, -4281341.503105 1433310.762893, -4281537.994935 1433188.065898, -4281706.070583 1433088.194999, -4282020.332349 1432922.923288, -4282058.638868 1432908.742641, -4282147.147773 1432882.315792, -4282167.221608 1432875.658939, -4282206.482899 1432856.818788, -4282236.438051 1432840.980734, -4282281.206143 1432813.887102, -4282320.389936 1432787.406285, -4282367.23628 1432752.329234, -4282411.391595 1432719.651387, -4282448.721556 1432687.392362, -4282484.903197 1432651.605409, -4282524.836784 1432610.337402, -4282547.52822 1432580.7254, -4282573.255662 1432544.412778, -4282601.314931 1432502.119819, -4282623.236065 1432467.528692, -4282649.142128 1432409.69265, -4282673.471415 1432333.105512, -4282679.769465 1432308.912977, -4282687.213745 1432263.449128, -4282695.823012 1432213.50959, -4282705.335631 1432161.092941, -4282721.871851 1432084.672545, -4282739.44334 1432017.175637, -4282753.668382 1431966.502384, -4282772.810583 1431905.872179, -4282798.216651 1431837.056524, -4282823.158886 1431766.053541, -4282847.852754 1431711.223141, -4282861.114398 1431681.776729, -4282899.793001 1431591.746778, -4282933.402972 1431524.162748, -4282979.976449 1431448.458234, -4283028.143426 1431383.501347, -4283068.935882 1431334.965493, -4283087.820966 1431307.075097, -4283106.996486 1431271.123319, -4283139.315423 1431208.498733, -4283166.436943 1431162.861851, -4283190.222113 1431133.018166, -4283211.077247 1431111.452771, -4283232.019676 1431096.497505, -4283262.155306 1431083.935281, -4283277.148642 1431075.955817, -4283298.639534 1431063.855631, -4283318.887821 1431048.590341, -4283344.44066 1431020.885947, -4283370.209672 1430983.421496, -4283394.727613 1430946.794007, -4283418.448186 1430914.221034, -4283438.700459 1430886.040854, -4283475.669415 1430847.229972, -4283515.783507 1430809.237638, -4283544.342561 1430777.924286, -4283564.082458 1430755.681247, -4283601.838778 1430713.846182, -4283674.748683 1430620.328187, -4283708.463647 1430573.178842, -4283739.384592 1430532.793344, -4283755.591526 1430512.213698, -4283794.135068 1430467.354713, -4283805.80292 1430455.280367, -4283852.953903 1430398.196171, -4283864.189326 1430383.81358, -4283875.464896 1430365.308321, -4283910.06404 1430298.885893, -4283958.378035 1430212.526701, -4283973.134386 1430172.712168, -4283991.679703 1430117.35122, -4284010.742242 1430024.281149, -4284026.989288 1429937.065145, -4284039.854186 1429817.195381, -4284054.27071 1429687.396581, -4284058.232051 1429638.442756, -4284065.027917 1429600.430588, -4284075.617168 1429555.785361, -4284099.182229 1429423.589373, -4284115.359759 1429365.416414, -4284124.019568 1429332.151733, -4284129.187333 1429317.594852, -4284136.611639 1429296.681752, -4284151.067705 1429265.95935, -4284174.617913 1429229.07961, -4284197.002903 1429196.675786, -4284271.541888 1429100.869473, -4284311.37657 1429051.050913, -4284317.984325 1429042.651199, -4284370.833587 1428975.471393, -4284403.907122 1428934.92889, -4284449.747083 1428878.737201, -4284483.332075 1428844.986751, -4284528.175729 1428800.734444, -4284576.699711 1428755.244511, -4284609.119598 1428725.969627, -4284656.321024 1428685.56007, -4284692.611773 1428657.292814, -4284719.902806 1428634.819882, -4284787.784842 1428581.453392, -4284853.309035 1428524.244151, -4284882.048575 1428496.20683, -4284918.230391 1428460.419957, -4284946.844044 1428432.866494, -4284987.997319 1428390.882491, -4285048.441022 1428332.350565, -4285075.906574 1428301.269207, -4285155.028026 1428220.605273, -4285196.433263 1428177.653505, -4285431.859867 1427951.04379, -4285492.586969 1427891.423225, -4285618.626483 1427771.438341, -4285668.370072 1427725.232694, -4285860.943052 1427547.13881, -4285934.444775 1427480.123504, -4286094.249843 1427329.664085, -4286218.323984 1427212.26755, -4286257.97421 1427172.087992, -4286281.354785 1427145.798714, -4286318.602514 1427103.917061, -4286371.850009 1427040.282713, -4286462.786468 1426926.142051, -4286520.331149 1426853.939438, -4286578.915024 1426777.745086, -4286611.689946 1426743.137708, -4286649.765652 1426709.006325, -4286704.379241 1426663.939255, -4286732.934452 1426645.540982, -4286787.621607 1426621.02955, -4287014.474426 1426556.350694, -4287047.738208 1426552.610804, -4287381.95831 1426505.162647, -4287676.52629 1426473.094741, -4287704.347662 1426470.335402, -4288026.812422 1426438.353731, -4288066.502156 1426434.73683, -4288141.548452 1426427.279139, -4288232.520389 1426425.129745, -4288290.283112 1426430.480215, -4288572.934966 1426461.053027, -4288603.121322 1426465.16569, -4288638.36481 1426466.720319, -4288675.341977 1426464.593081, -4288793.27747 1426458.097142, -4288875.905028 1426447.317436, -4288916.381898 1426440.676599, -4288973.535848 1426427.527643, -4289027.32266 1426411.43576, -4289105.841429 1426386.670424, -4289149.521923 1426371.69304, -4289243.208559 1426330.339904, -4289289.557246 1426309.082559, -4289333.286249 1426285.980797, -4289372.18674 1426260.588628, -4289436.214081 1426217.068225, -4289520.598396 1426165.801967, -4289578.321688 1426134.589671, -4289622.837813 1426108.463812, -4289666.216132 1426077.779415, -4289714.313704 1426041.865548, -4289885.335451 1425922.741572, -4290056.724201 1425822.053867, -4290106.572799 1425796.282825, -4290138.054103 1425782.521106, -4290165.750517 1425771.390459, -4290217.098148 1425756.730111, -4290316.303516 1425730.892213, -4290384.35108 1425713.604658, -4290438.750776 1425703.096946, -4290502.920516 1425691.774507, -4290554.706535 1425691.306594, -4290604.949396 1425696.765975, -4290630.069785 1425702.264415, -4290654.80606 1425707.678801, -4290692.417417 1425712.045474, -4290713.345986 1425711.035823, -4290756.22222 1425707.086133, -4290794.048102 1425698.721775, -4290825.182954 1425686.290593, -4290860.754054 1425669.718864, -4290890.282894 1425663.456778, -4290955.307405 1425657.781554, -4290990.457844 1425653.959921, -4290447.213781 1427743.453277, -4290347.410335 1428133.939151, -4290333.95334 1428184.750974, -4290326.203297 1428216.395556, -4290224.602582 1428608.481435, -4290117.147736 1429044.064456, -4290005.309824 1429484.576874, -4289888.527463 1429922.252132, -4289774.894614 1430369.659355, -4289680.345068 1430743.763196, -4289521.749881 1431375.789055, -4289134.694349 1432866.386265, -4288360.423261 1435848.197222, -4288050.969781 1435768.213264, -4287031.268022 1435511.399404, -4286939.463227 1435870.129717, -4286228.002308 1435690.919337, -4286175.699944 1435478.837559, -4286219.374874 1435306.889677, -4285479.584634 1435120.499686, -4285158.782193 1435039.790388, -4285083.021241 1435332.557887, -4284923.412424 1435292.776559, -4284942.196138 1435220.189533, -4284782.131443 1435180.294557, -4284839.301578 1434959.368825, -4282924.038739 1434477.25571, -4282849.199734 1434767.682487, -4282728.143628 1434736.67969, -4282802.957462 1434446.251101, -4282321.664842 1434322.989132, -4282196.940336 1434807.030489, -4281411.369445 1434605.84372, -4281256.981066 1435203.875486, -4281696.82937 1435319.788411, -4281551.729989 1435878.772257, -4280599.518762 1435627.839071, -4280557.574454 1435789.432014, -4280692.91278 1435825.098098, -4280494.483011 1436589.530051, -4279701.78433 1436380.63543, -4279672.912925 1436373.017264, -4279914.551074 1435445.121168, -4280137.704048 1434582.485721, -4280062.745136 1434560.12903, -4280050.399973 1434581.110523, -4279828.220558 1434524.269965, -4279832.438054 1434513.672033, -4279913.957419 1434371.266828, -4279960.300984 1434307.466228, -4280065.345811 1434045.502586, -4280169.620611 1434072.179354, -4280216.321378 1434033.86444, -4280278.086058 1433991.129779, -4280330.130309 1433960.893199, -4280334.11823 1433945.464183, -4280366.007546 1433822.086385, -4280383.324163 1433812.128519))",24,79.17,236.48,2.14,90.57,31554.44,567980.0,21,16,2,3
Jefferson Park,3419.0,3241.0,178.0,726.0,2515.0,72.0,0.0,0.0,5456.0,2004.0,788169.0,121367.0,"POLYGON ((-4294789.616559 1423541.554744, -4294885.79054 1423476.279828, -4294940.471756 1423439.884144, -4294972.82629 1423426.737248, -4295020.313223 1423410.038498, -4295053.423552 1423393.988494, -4295139.072313 1423346.797294, -4295183.063339 1423321.69702, -4295241.069975 1423289.396143, -4295365.9526 1423210.570681, -4295412.224046 1423181.672704, -4295438.843931 1423162.770461, -4295472.128595 1423138.112211, -4295490.703455 1423120.344731, -4295518.097562 1423093.506968, -4295545.082343 1423068.24182, -4295677.100931 1422978.874652, -4295742.301936 1422926.876785, -4295844.442569 1422860.988294, -4295926.46536 1422818.794534, -4295989.552567 1422787.816145, -4296036.51411 1422772.143053, -4296095.129684 1422758.341553, -4296117.571229 1422754.49678, -4296137.393248 1422748.807551, -4296155.806528 1422744.559962, -4296184.218834 1422734.648961, -4296444.28939 1422636.6408, -4296509.263552 1422614.290822, -4296536.779434 1422599.884249, -4296569.740989 1422580.437351, -4296630.00647 1422543.428832, -4296675.12976 1422511.002955, -4296696.143772 1422491.803881, -4296704.247306 1422481.514123, -4296719.203259 1422461.771199, -4296754.650408 1422407.968816, -4296776.800779 1422368.529062, -4296819.705235 1422274.174197, -4296877.338909 1422127.21058, -4296911.806012 1422027.559261, -4296996.183761 1421773.896519, -4297016.220449 1421709.923903, -4297046.679553 1421612.675218, -4297077.149975 1421512.500124, -4297107.28394 1421412.624827, -4297123.348579 1421359.847088, -4297141.077774 1421291.745141, -4297167.309469 1421190.983115, -4297188.800762 1421116.368963, -4297251.155917 1420926.461683, -4297287.978902 1420805.853863, -4297322.35155 1420706.565384, -4297340.815669 1420656.478809, -4297368.837436 1420602.422466, -4297389.763235 1420566.466441, -4297392.207354 1420562.266821, -4297438.619755 1420500.082153, -4297490.477521 1420432.85683, -4297581.88854 1420291.878138, -4297592.745607 1420308.449053, -4297685.429525 1420537.005196, -4297791.255141 1420784.882476, -4297813.907393 1420865.082554, -4297859.809963 1421027.599905, -4297883.929985 1421179.249814, -4297890.654213 1421310.47102, -4297877.327923 1421475.086477, -4297874.127876 1421490.317033, -4298053.930011 1421538.044737, -4298230.051776 1421583.895117, -4298462.317026 1421644.696259, -4298424.832275 1421800.187119, -4298360.856698 1422072.723095, -4298786.453561 1422178.353861, -4299208.495959 1422284.738297, -4299252.39396 1422116.116265, -4299321.106609 1421852.175627, -4299753.836827 1421963.151328, -4299702.870854 1422172.814061, -4299690.653358 1422222.718312, -4299649.049634 1422392.455161, -4299603.955758 1422572.95904, -4299612.408972 1422587.048774, -4299552.217254 1422822.093346, -4299441.819978 1423249.952608, -4299380.976645 1423491.257881, -4299365.979282 1423504.212974, -4299322.472406 1423673.698479, -4299278.340359 1423842.595884, -4299296.021059 1423857.770137, -4299232.227766 1424105.107993, -4299118.318188 1424530.217101, -4299083.763937 1424671.406101, -4299063.468612 1424674.929368, -4298994.413597 1424954.684602, -4298940.426396 1425167.406425, -4298951.571995 1425180.875362, -4298900.877586 1425375.346027, -4298791.590172 1425810.622077, -4298743.64748 1426000.703243, -4298728.345057 1426012.572487, -4298722.702278 1426035.108421, -4298670.131782 1426240.012267, -4298436.243226 1426179.898192, -4298228.997803 1426126.591089, -4298085.209762 1426088.512342, -4297959.808064 1426055.220278, -4297809.971855 1426015.567093, -4297618.51462 1425966.111809, -4297430.18623 1425759.765974, -4297134.979513 1425504.542865, -4296940.350482 1425338.275598, -4296780.476097 1425205.209206, -4296564.211164 1425034.730236, -4296518.737296 1424997.059817, -4296305.014646 1424820.784579, -4296242.788632 1424821.46249, -4296059.235848 1424698.505492, -4295999.38922 1424658.415877, -4295642.975832 1424363.824329, -4295310.546582 1424089.056798, -4295296.718885 1424077.627596, -4294997.271985 1423771.230712, -4294931.357063 1423703.785965, -4294789.616559 1423541.554744))",87,86.21,316.63,2.0,144.11,38941.03,2764813.0,67,55,7,5
Valverde,1587.0,1489.0,98.0,633.0,856.0,22.0,0.0,0.0,3309.0,879.0,474312.0,52102.0,"POLYGON ((-4299055.420866 1413943.850769, -4299102.9316 1413813.362111, -4299114.314094 1413777.576978, -4299130.307438 1413729.043012, -4299146.16168 1413676.081225, -4299149.682597 1413650.648941, -4299147.033508 1413611.210996, -4299138.264839 1413574.44223, -4299129.96942 1413546.910793, -4299128.425322 1413541.786181, -4299102.620928 1413467.258855, -4299081.03423 1413414.237036, -4299056.024917 1413373.36944, -4299028.378902 1413338.661011, -4298889.018339 1413175.41549, -4298846.322584 1413120.12729, -4298788.161585 1413033.947445, -4298752.800891 1412988.189437, -4298604.78656 1412807.579266, -4298561.24895 1412751.555197, -4298545.460316 1412725.87507, -4298534.226851 1412702.543145, -4298519.122492 1412678.203573, -4298494.392649 1412649.162319, -4298458.997984 1412619.411364, -4298436.986764 1412600.765023, -4298389.46439 1412567.985976, -4298337.386782 1412532.858466, -4298040.452826 1412358.686068, -4297924.643958 1412286.559817, -4297871.608617 1412250.149889, -4297836.172529 1412221.550571, -4297812.590758 1412196.037245, -4297742.459321 1412106.224559, -4297690.032991 1412025.800016, -4297657.641012 1411964.669656, -4297575.254013 1411784.999262, -4297522.427386 1411661.459853, -4297445.414295 1411480.992853, -4297273.04947 1411085.319287, -4297257.7458 1411040.907657, -4297227.47164 1410945.842704, -4297215.768495 1410908.439065, -4297199.26792 1410868.624159, -4297180.869735 1410840.068907, -4297161.294779 1410807.153233, -4297141.881166 1410774.508769, -4297117.03545 1410740.182184, -4297087.164524 1410698.912707, -4297009.462842 1410592.534076, -4296949.62824 1410503.852112, -4296853.07034 1410378.615005, -4296747.664394 1410246.68297, -4296647.065158 1410116.131731, -4296570.408637 1410017.645603, -4296484.301191 1409905.849529, -4296464.723086 1409873.887306, -4296415.193872 1409782.334069, -4296355.725192 1409668.431709, -4296323.194255 1409602.873654, -4296308.345768 1409564.651179, -4296291.84942 1409511.921271, -4296241.557011 1409345.901881, -4296229.250787 1409301.883263, -4296212.463037 1409213.558044, -4296207.068285 1409172.759587, -4296205.962242 1409064.880374, -4296202.732449 1408916.537612, -4296198.475272 1408858.469288, -4296180.260167 1408692.275917, -4296158.639844 1408552.061526, -4296143.857122 1408435.197093, -4296121.912053 1408172.195149, -4296116.636895 1408097.20004, -4296111.332521 1408006.439564, -4296108.080692 1407960.386643, -4296099.142485 1407900.453885, -4296080.797326 1407811.792809, -4296219.210476 1407846.077607, -4296470.860892 1407900.48231, -4297101.796024 1408068.739188, -4297753.835795 1408230.349162, -4298401.200287 1408401.979081, -4299044.530688 1408561.321865, -4300003.311305 1408801.88275, -4300323.391248 1408887.147544, -4300492.46462 1408928.321391, -4300655.247989 1408967.857749, -4300815.118299 1409007.669109, -4300972.600663 1409046.729703, -4301129.715247 1409086.211059, -4301268.170067 1409120.963735, -4301450.875795 1409166.332459, -4301588.909803 1409200.717354, -4301765.809262 1409244.574602, -4301908.713035 1409280.098048, -4302080.406224 1409323.116502, -4302236.342614 1409362.162012, -4302552.601794 1409441.26568, -4302885.316164 1409533.565348, -4302718.583997 1410176.005398, -4302683.316268 1410314.455652, -4302555.639288 1410821.756874, -4302543.740879 1410876.393895, -4302476.857072 1411139.261431, -4302389.684732 1411462.202782, -4302316.655522 1411780.430491, -4302262.82377 1412001.102013, -4302235.803223 1412101.917176, -4302150.133859 1412423.053906, -4302118.252714 1412562.385325, -4302070.007228 1412744.729603, -4301989.773259 1413061.85657, -4301975.133236 1413124.046525, -4301911.632306 1413378.882461, -4301837.066584 1413674.236135, -4301834.001984 1413687.000195, -4301787.036783 1413884.27281, -4301694.650422 1414254.033604, -4301651.239056 1414428.724014, -4301610.37371 1414587.778898, -4301605.145025 1414608.129078, -4301536.868464 1414590.247067, -4301460.462482 1414570.23585, -4301263.401178 1414518.624348, -4301003.469419 1414449.692272, -4300834.362453 1414400.615687, -4300733.88866 1414366.880681, -4300278.268777 1414207.849036, -4300067.857949 1414137.915157, -4299864.805928 1414081.040819, -4299754.054871 1414060.010938, -4299680.665656 1414045.957706, -4299575.904973 1414026.263367, -4299359.520757 1413991.403708, -4299055.420866 1413943.850769))",18,94.44,239.1,2.11,106.97,31395.41,533722.0,16,14,2,0
Athmar Park,3223.0,3098.0,125.0,2147.0,951.0,33.0,0.0,0.0,8053.0,1497.0,527880.0,84862.0,"POLYGON ((-4295271.246196 1402140.054889, -4295424.298935 1402179.363061, -4295830.999079 1402286.14413, -4296151.793794 1402369.657157, -4296471.400194 1402453.764955, -4296790.501373 1402536.837155, -4297113.23151 1402620.854115, -4297430.176783 1402704.269387, -4297757.261474 1402789.420032, -4299024.046957 1403118.486052, -4299140.792955 1403148.812468, -4299717.044167 1403296.902416, -4299894.860029 1403343.193696, -4300261.158313 1403439.457237, -4300533.062328 1403509.338679, -4300805.493027 1403581.165455, -4301122.386491 1403665.772203, -4301617.378109 1403793.785523, -4301979.045514 1403883.838594, -4302264.948224 1403954.52292, -4302582.08091 1404034.241518, -4302892.638449 1404110.440266, -4303218.480473 1404192.42623, -4303538.242822 1404272.958797, -4303808.896715 1404341.018994, -4304173.542737 1404438.721079, -4304104.39283 1404734.725372, -4304013.86121 1405091.407993, -4303955.982496 1405316.709448, -4303849.736983 1405733.752546, -4303766.393828 1406058.853659, -4303700.625641 1406322.39952, -4303608.204422 1406686.339561, -4303532.755455 1406982.109596, -4303450.251493 1407323.832461, -4303380.787248 1407599.590612, -4303283.981693 1407965.489001, -4303211.61423 1408240.491149, -4303197.851279 1408290.38094, -4303122.051935 1408600.396427, -4303043.644362 1408910.50781, -4302885.316164 1409533.565348, -4302552.601794 1409441.26568, -4302236.342614 1409362.162012, -4302080.406224 1409323.116502, -4301908.713035 1409280.098048, -4301765.809262 1409244.574602, -4301588.909803 1409200.717354, -4301450.875795 1409166.332459, -4301268.170067 1409120.963735, -4301129.715247 1409086.211059, -4300972.600663 1409046.729703, -4300815.118299 1409007.669109, -4300655.247989 1408967.857749, -4300492.46462 1408928.321391, -4300323.391248 1408887.147544, -4300003.311305 1408801.88275, -4299044.530688 1408561.321865, -4298401.200287 1408401.979081, -4297753.835795 1408230.349162, -4297101.796024 1408068.739188, -4296470.860892 1407900.48231, -4296219.210476 1407846.077607, -4296080.797326 1407811.792809, -4296079.797666 1407806.961388, -4296062.421853 1407722.98485, -4296056.272745 1407688.06051, -4296055.051256 1407663.976822, -4296055.731581 1407615.718518, -4296057.161706 1407552.67279, -4296056.169725 1407420.540905, -4296051.944102 1407362.351536, -4296048.81408 1407328.729791, -4296026.121136 1407167.828777, -4296001.962762 1407020.495482, -4295989.474073 1406948.401428, -4295978.765955 1406861.529897, -4295966.77139 1406663.503013, -4295968.132134 1406566.986429, -4295971.2247 1406526.330785, -4295972.404883 1406489.05204, -4295970.826486 1406445.501345, -4295963.420221 1406399.52937, -4295951.213043 1406301.547151, -4295925.655283 1406048.454023, -4295920.052423 1405991.585377, -4295916.614003 1405930.371898, -4295918.157123 1405861.9307, -4295923.124729 1405806.134755, -4295924.646738 1405758.612108, -4295921.353415 1405713.710781, -4295918.223339 1405680.088917, -4295901.901425 1405618.750648, -4295896.174656 1405587.165252, -4295888.197217 1405534.457219, -4295879.745778 1405480.592652, -4295873.344831 1405446.635928, -4295865.479243 1405407.389814, -4295853.27602 1405359.006443, -4295839.754173 1405302.788562, -4295823.033904 1405223.134739, -4295812.510051 1405189.138166, -4295794.912512 1405152.1079, -4295779.798578 1405120.30399, -4295727.69352 1405009.868432, -4295716.700517 1404988.475862, -4295661.338818 1404880.740459, -4295517.775226 1404600.672496, -4295448.96627 1404443.265155, -4295415.96537 1404363.635333, -4295402.817474 1404318.880933, -4295391.216964 1404277.112612, -4295343.777119 1404095.173779, -4295307.717691 1403977.678431, -4295234.886437 1403769.238617, -4295195.232563 1403656.619772, -4295161.444386 1403580.013943, -4295144.156628 1403543.223106, -4295129.127797 1403501.724774, -4295108.838083 1403393.113702, -4295098.436326 1403309.034176, -4295095.033947 1403194.098975, -4295094.442078 1403167.596102, -4295090.32339 1403154.640935, -4295076.186725 1403130.553273, -4295058.827395 1403098.006099, -4295049.09694 1403072.869751, -4295043.55058 1403044.560338, -4295041.153427 1403004.15459, -4295040.003328 1402975.827264, -4295042.673534 1402931.832609, -4295063.14045 1402828.406876, -4295078.11545 1402762.945746, -4295089.383046 1402707.756583, -4295116.510935 1402611.48979, -4295139.521997 1402527.067449, -4295167.968497 1402438.63516, -4295190.068287 1402382.520309, -4295223.420745 1402304.019089, -4295237.106601 1402268.316882, -4295243.940034 1402242.067915, -4295253.387199 1402205.778933, -4295266.10939 1402156.909733, -4295271.246196 1402140.054889))",66,87.88,205.59,2.49,68.98,16446.43,838768.0,45,32,10,3
Windsor,8732.0,8093.0,638.0,3754.0,4339.0,0.0,22.0,96.0,14083.0,1724.0,400344.0,63756.0,"POLYGON ((-4269200.712363 1395501.436894, -4269211.588556 1395503.802151, -4269214.797186 1395504.336184, -4269228.705665 1395505.815053, -4269242.691819 1395505.95772, -4269256.308713 1395504.805317, -4269269.758465 1395502.386224, -4269282.923505 1395498.721587, -4269295.688752 1395493.843441, -4269307.942619 1395487.794428, -4269319.577992 1395480.627424, -4269330.49316 1395472.405079, -4269340.592708 1395463.199269, -4269349.557116 1395453.369147, -4269381.449958 1395414.878241, -4269557.030569 1395361.479765, -4269935.642588 1395206.061629, -4270008.324192 1395382.997402, -4270034.436186 1395367.630864, -4270191.521069 1395750.044691, -4269972.276141 1395904.046088, -4270865.673411 1396643.041268, -4270873.912172 1396651.419853, -4270765.139306 1397065.092634, -4270725.924301 1397214.496476, -4270708.250813 1397281.830559, -4270384.052424 1398536.312518, -4270062.118645 1399817.099395, -4270011.234038 1400018.518395, -4269970.635233 1400178.44204, -4269968.745833 1400185.699882, -4269871.269423 1400571.05601, -4269764.588132 1400992.76439, -4269738.620551 1401094.499522, -4269720.138979 1401148.689106, -4269689.650063 1401114.214265, -4269239.854225 1400999.228688, -4266841.476042 1400386.109762, -4266749.179111 1400348.484396, -4266700.975541 1400323.14414, -4266641.820053 1400276.687103, -4266579.794079 1400216.694516, -4266519.76696 1400138.496359, -4266391.932093 1399966.372725, -4266142.289719 1399637.095605, -4266021.346342 1399477.571877, -4265887.782182 1399299.66631, -4265645.544922 1398977.009229, -4265591.32551 1398904.789696, -4265483.637898 1398763.77791, -4265417.53129 1398674.115764, -4265358.658298 1398598.501714, -4265307.156011 1398536.681489, -4265263.62187 1398493.377444, -4265199.814158 1398440.228709, -4265154.718098 1398407.629424, -4265099.511547 1398372.251138, -4265045.395808 1398343.241826, -4264991.316761 1398318.353727, -4264910.027138 1398289.751269, -4264824.038346 1398266.76514, -4264740.648076 1398252.270245, -4264684.71994 1398248.188703, -4264543.974368 1398250.363827, -4263323.772589 1398312.215698, -4262263.874499 1398365.148345, -4260878.335513 1398441.178435, -4260887.176246 1398406.51929, -4259507.845578 1398477.553928, -4260141.652387 1395965.857117, -4260161.448471 1395958.519899, -4260181.617768 1395952.281373, -4260202.099349 1395947.160383, -4260222.831346 1395943.172398, -4260328.591539 1395925.861245, -4260386.94055 1395916.925265, -4260445.459659 1395909.18106, -4260504.124526 1395902.631851, -4260562.910753 1395897.280363, -4260839.627576 1395874.955059, -4260880.526993 1395867.810592, -4260900.50729 1395861.349754, -4260919.795313 1395853.047537, -4260938.221788 1395842.976801, -4260955.624998 1395831.225931, -4260972.294137 1395817.495789, -4260987.562402 1395802.223033, -4261001.287641 1395785.549857, -4261013.342069 1395767.631493, -4261273.436254 1395338.092791, -4261288.655968 1395314.812873, -4261305.427887 1395292.625105, -4261323.673915 1395271.632802, -4261343.309092 1395251.933712, -4261360.055788 1395237.084865, -4261377.593281 1395223.178879, -4261395.868555 1395210.257793, -4261414.826363 1395198.360668, -4261434.409397 1395187.523469, -4261454.558457 1395177.778957, -4261475.21263 1395169.156589, -4261496.30948 1395161.682432, -4261548.339767 1395144.856092, -4261572.393725 1395138.133705, -4261596.908489 1395133.357757, -4261621.726823 1395130.558884, -4261646.689539 1395129.755037, -4261703.518409 1395130.224214, -4261712.389601 1395130.297464, -4261713.482891 1395130.306491, -4261917.365251 1394322.048911, -4261248.555739 1394152.651255, -4261087.010715 1394792.632227, -4260796.184127 1394719.700469, -4260876.956678 1394399.70996, -4260556.82776 1394319.429925, -4260799.06527 1393358.704926, -4261118.071346 1393439.166242, -4262077.171903 1393681.479628, -4263349.329818 1394002.701992, -4263183.313386 1394666.623029, -4263840.575604 1394833.730196, -4264006.55678 1394169.760576, -4265895.935914 1394650.019014, -4268470.155937 1395312.772289, -4268534.253219 1395056.183883, -4268717.677975 1395103.540161, -4268653.580732 1395360.12852, -4269200.712363 1395501.436894))",10,80.0,165.94,2.43,87.85,15536.89,139832.0,10,10,0,0
East Colfax,4782.0,4477.0,305.0,1515.0,2962.0,0.0,0.0,0.0,10173.0,1565.0,493827.0,72411.0,"POLYGON ((-4261349.892137 1412621.116809, -4261999.984516 1410043.494534, -4262667.178039 1407465.672675, -4262669.501024 1407466.278083, -4262985.246577 1407547.749952, -4263306.515243 1407629.834205, -4263628.033822 1407711.156764, -4263954.333212 1407792.767565, -4264273.725897 1407875.318881, -4265029.972567 1408066.780596, -4265528.587675 1408195.252659, -4265741.328685 1408250.067193, -4265886.228657 1408287.401799, -4265983.476234 1408312.458443, -4266179.101201 1408362.862836, -4266225.623827 1408374.849815, -4266499.106489 1408445.314912, -4266806.828953 1408523.873047, -4267102.161458 1408599.205792, -4267392.302844 1408671.662768, -4267777.110067 1408777.581065, -4267661.578574 1409228.012435, -4267614.93798 1409413.060691, -4267532.647658 1409742.056704, -4267385.474877 1410322.315527, -4267259.350532 1410828.209857, -4267127.504208 1411337.744553, -4267008.242128 1411808.550362, -4266962.975418 1411984.478543, -4266908.806994 1412205.221738, -4266801.999017 1412622.64348, -4266640.637648 1413269.562681, -4266472.920419 1413913.327158, -4266363.448271 1414332.614744, -4266253.162663 1414752.278478, -4266147.667644 1415174.137081, -4265823.043609 1415092.691209, -4265503.087641 1415011.233547, -4265183.134548 1414931.338416, -4264868.636784 1414850.229294, -4264979.144624 1414430.692311, -4265197.116667 1413590.416762, -4264867.990406 1413507.815656, -4264544.4731 1413428.160547, -4263900.360552 1413267.846542, -4263581.677302 1413188.138412, -4263263.835852 1413108.172242, -4262943.167424 1413027.729182, -4262622.855705 1412946.754612, -4262307.753692 1412867.180104, -4261987.920867 1412786.503171, -4261667.65015 1412705.711345, -4261350.540162 1412626.238532, -4261349.892137 1412621.116809))",49,79.59,232.8,2.05,116.4,21343.63,917776.0,42,29,11,2
Northeast Park Hill,3506.0,3359.0,147.0,1775.0,1584.0,0.0,18.0,34.0,8660.0,1716.0,531767.0,65673.0,"POLYGON ((-4263235.728964 1426764.031318, -4263330.597261 1426417.002249, -4263455.066508 1425934.238691, -4263642.804135 1425180.845257, -4263649.54023 1425163.315359, -4263664.061232 1425117.934834, -4263714.171509 1424945.064558, -4263728.864437 1424884.806347, -4263733.929151 1424864.035035, -4263744.410147 1424821.058903, -4263751.024176 1424795.652104, -4263755.841287 1424777.147893, -4263820.249708 1424513.822786, -4263807.153468 1424492.583998, -4263833.185599 1424468.301827, -4263909.103874 1424193.065673, -4264024.165687 1423735.636121, -4264081.791384 1423595.319419, -4264088.803252 1423564.544209, -4264098.887815 1423521.947924, -4264107.127848 1423474.8524, -4264113.770387 1423422.316513, -4264131.659071 1423280.255623, -4264140.18259 1423228.2094, -4264145.445071 1423196.417115, -4264153.27307 1423143.184753, -4264163.640126 1423095.63847, -4264173.02823 1423051.855589, -4264224.16296 1422847.217847, -4264308.910248 1422506.395162, -4264368.9384 1422270.734916, -4264532.678372 1421626.689406, -4264609.324822 1421344.860606, -4264635.687781 1421244.927548, -4264632.656607 1421189.78435, -4264683.429737 1420982.255885, -4264747.746203 1420722.661434, -4264845.197639 1420340.453375, -4265001.370408 1419700.769646, -4265169.881041 1419047.501546, -4265811.716725 1419206.678359, -4266126.90901 1419286.638086, -4266462.408177 1419372.584587, -4266797.298349 1419456.984272, -4267114.609467 1419537.493852, -4267429.77411 1419617.454121, -4267621.048422 1419664.951797, -4267733.63469 1419701.626056, -4268060.703726 1419785.785604, -4268376.926729 1419865.655843, -4268694.018451 1419945.746138, -4269024.316181 1420027.796085, -4269358.508032 1420111.861159, -4269674.650698 1420193.667988, -4269991.144034 1420273.106838, -4270219.510176 1420331.574549, -4270263.668602 1420343.070157, -4270305.107012 1420357.786426, -4270346.288922 1420370.963516, -4270779.037427 1420482.145809, -4271265.07396 1420602.563033, -4271750.119884 1420723.658341, -4272230.907766 1420842.603899, -4272911.167468 1421016.070027, -4273269.039624 1421107.675251, -4273602.907195 1421192.003015, -4273772.865507 1421234.411803, -4273938.144135 1421275.653048, -4274273.936962 1421359.962281, -4274609.631705 1421443.211219, -4274944.839958 1421529.956679, -4275002.293195 1421545.948877, -4275044.375527 1421555.351009, -4275292.454598 1421604.397723, -4275128.719915 1422242.47728, -4275064.660825 1422492.517241, -4274957.591324 1422914.713357, -4274961.528459 1422962.833407, -4274863.186076 1423355.831439, -4274753.487113 1423774.247386, -4274653.059393 1424157.058965, -4274324.766248 1425462.382292, -4274323.848656 1425465.907338, -4274235.763853 1425804.305894, -4274136.523199 1426242.313204, -4273915.271787 1427121.781593, -4273871.091693 1427306.061486, -4273791.444947 1427636.816031, -4273726.744108 1427886.386417, -4273697.92123 1427991.130779, -4273641.342011 1428183.871779, -4273596.382338 1428355.561532, -4273563.407815 1428455.866262, -4273546.613773 1428504.73577, -4273466.798237 1428774.286395, -4273321.699284 1429302.880606, -4273022.595837 1430531.212616, -4272962.603753 1430774.561212, -4272913.394847 1430948.842137, -4272892.791866 1431027.984594, -4272873.312734 1431102.809998, -4272842.586482 1431203.132462, -4272805.108668 1431311.684027, -4272765.867745 1431397.4981, -4272735.412819 1431467.169789, -4272727.878468 1431484.40587, -4272691.762267 1431564.11915, -4272649.140933 1431645.21182, -4272598.397452 1431745.700671, -4272559.266787 1431815.502648, -4270260.111465 1431247.677239, -4268977.201805 1430930.861789, -4269633.733206 1428367.859404, -4268349.393433 1428051.2065, -4265793.667943 1427410.812385, -4263235.728964 1426764.031318))",55,78.18,150.13,2.13,76.63,14101.71,690984.0,41,28,7,6
Elyria Swansea,2147.0,1965.0,182.0,913.0,1052.0,31.0,44.0,0.0,6446.0,1672.0,418168.0,64186.0,"POLYGON ((-4272559.266787 1431815.502648, -4272598.397452 1431745.700671, -4272649.140933 1431645.21182, -4272691.762267 1431564.11915, -4272727.878468 1431484.40587, -4272735.412819 1431467.169789, -4272765.867745 1431397.4981, -4272805.108668 1431311.684027, -4272842.586482 1431203.132462, -4272873.312734 1431102.809998, -4272892.791866 1431027.984594, -4272913.394847 1430948.842137, -4272962.603753 1430774.561212, -4273022.595837 1430531.212616, -4273321.699284 1429302.880606, -4273466.798237 1428774.286395, -4273546.613773 1428504.73577, -4273563.407815 1428455.866262, -4273596.382338 1428355.561532, -4273641.342011 1428183.871779, -4273697.92123 1427991.130779, -4273726.744108 1427886.386417, -4273791.444947 1427636.816031, -4273871.091693 1427306.061486, -4273915.271787 1427121.781593, -4274136.523199 1426242.313204, -4274235.763853 1425804.305894, -4274323.848656 1425465.907338, -4274324.766248 1425462.382292, -4274427.119357 1425488.264041, -4274616.714248 1425535.941832, -4274955.409669 1425624.113781, -4275898.990893 1425868.462747, -4276056.315383 1425908.127177, -4276209.495421 1425946.841787, -4276508.442005 1426025.957628, -4276657.383497 1426064.085529, -4276681.607397 1426070.262626, -4276830.759281 1426108.574397, -4276957.811555 1426140.487312, -4277108.877252 1426178.393125, -4277407.508941 1426258.718788, -4277560.467267 1426295.309136, -4277710.522301 1426331.143832, -4277862.051928 1426371.237122, -4278009.468837 1426410.259854, -4278831.023714 1426620.259427, -4279128.495654 1426695.116871, -4279440.606114 1426767.327064, -4280885.179548 1427136.288233, -4281221.946357 1427216.983717, -4281911.414504 1427401.510039, -4282334.584714 1427160.228467, -4283082.580106 1426718.063449, -4283176.391866 1426863.76775, -4283268.593895 1427006.727492, -4283445.336774 1427304.214256, -4283620.757099 1427606.781569, -4283709.837132 1427752.803273, -4283799.959224 1427900.775391, -4283888.450833 1428048.064787, -4283978.258002 1428197.246479, -4284157.693358 1428495.305181, -4284333.573055 1428791.146452, -4284383.923988 1428885.496163, -4284403.907122 1428934.92889, -4284370.833587 1428975.471393, -4284317.984325 1429042.651199, -4284311.37657 1429051.050913, -4284271.541888 1429100.869473, -4284197.002903 1429196.675786, -4284174.617913 1429229.07961, -4284151.067705 1429265.95935, -4284136.611639 1429296.681752, -4284129.187333 1429317.594852, -4284124.019568 1429332.151733, -4284115.359759 1429365.416414, -4284099.182229 1429423.589373, -4284075.617168 1429555.785361, -4284065.027917 1429600.430588, -4284058.232051 1429638.442756, -4284054.27071 1429687.396581, -4284039.854186 1429817.195381, -4284026.989288 1429937.065145, -4284010.742242 1430024.281149, -4283991.679703 1430117.35122, -4283973.134386 1430172.712168, -4283958.378035 1430212.526701, -4283910.06404 1430298.885893, -4283875.464896 1430365.308321, -4283864.189326 1430383.81358, -4283852.953903 1430398.196171, -4283805.80292 1430455.280367, -4283794.135068 1430467.354713, -4283755.591526 1430512.213698, -4283739.384592 1430532.793344, -4283708.463647 1430573.178842, -4283674.748683 1430620.328187, -4283601.838778 1430713.846182, -4283564.082458 1430755.681247, -4283544.342561 1430777.924286, -4283515.783507 1430809.237638, -4283475.669415 1430847.229972, -4283438.700459 1430886.040854, -4283418.448186 1430914.221034, -4283394.727613 1430946.794007, -4283370.209672 1430983.421496, -4283344.44066 1431020.885947, -4283318.887821 1431048.590341, -4283298.639534 1431063.855631, -4283277.148642 1431075.955817, -4283262.155306 1431083.935281, -4283232.019676 1431096.497505, -4283211.077247 1431111.452771, -4283190.222113 1431133.018166, -4283166.436943 1431162.861851, -4283139.315423 1431208.498733, -4283106.996486 1431271.123319, -4283087.820966 1431307.075097, -4283068.935882 1431334.965493, -4283028.143426 1431383.501347, -4282979.976449 1431448.458234, -4282933.402972 1431524.162748, -4282899.793001 1431591.746778, -4282861.114398 1431681.776729, -4282847.852754 1431711.223141, -4282823.158886 1431766.053541, -4282798.216651 1431837.056524, -4282772.810583 1431905.872179, -4282753.668382 1431966.502384, -4282739.44334 1432017.175637, -4282721.871851 1432084.672545, -4282705.335631 1432161.092941, -4282695.823012 1432213.50959, -4282687.213745 1432263.449128, -4282679.769465 1432308.912977, -4282673.471415 1432333.105512, -4282649.142128 1432409.69265, -4282623.236065 1432467.528692, -4282601.314931 1432502.119819, -4282573.255662 1432544.412778, -4282547.52822 1432580.7254, -4282524.836784 1432610.337402, -4282484.903197 1432651.605409, -4282448.721556 1432687.392362, -4282411.391595 1432719.651387, -4282367.23628 1432752.329234, -4282320.389936 1432787.406285, -4282281.206143 1432813.887102, -4282236.438051 1432840.980734, -4282206.482899 1432856.818788, -4282167.221608 1432875.658939, -4282147.147773 1432882.315792, -4282058.638868 1432908.742641, -4282020.332349 1432922.923288, -4281706.070583 1433088.194999, -4281537.994935 1433188.065898, -4281341.503105 1433310.762893, -4281031.03086 1433482.316806, -4280963.340423 1433519.071298, -4280889.373057 1433559.099928, -4280833.755688 1433595.12279, -4280776.536654 1433624.399664, -4280690.630368 1433660.674382, -4280615.869743 1433691.842756, -4280558.218122 1433718.811423, -4280502.924394 1433749.622942, -4280383.324163 1433812.128519, -4280365.926519 1433822.111816, -4278029.892193 1433223.226186, -4277743.584978 1433388.28417, -4276417.144618 1434166.281073, -4274902.355708 1433787.047718, -4272340.497875 1433120.728185, -4272668.088588 1431842.378547, -4272559.266787 1431815.502648))",25,56.0,156.88,2.35,86.29,14712.23,323669.0,16,10,3,3
Wellshire,1441.0,1272.0,169.0,1170.0,101.0,0.0,21.0,0.0,3091.0,2218.0,1050946.0,175791.0,"POLYGON ((-4285014.197865 1383353.396192, -4285077.299446 1383161.802872, -4285082.093906 1383163.036326, -4287640.233484 1383820.080023, -4288581.399186 1384061.626337, -4288610.456425 1384069.08376, -4288973.000095 1384162.129178, -4288575.934475 1385078.105391, -4288340.501741 1385048.301073, -4288328.116665 1385110.516015, -4288330.643398 1385360.421069, -4289872.128033 1385756.123583, -4289864.674793 1385785.181901, -4289544.024293 1387035.319182, -4289433.57513 1387466.584946, -4289404.221003 1387588.788192, -4289301.409808 1387990.106447, -4289220.632583 1388299.03142, -4289022.811732 1389038.151178, -4288876.594969 1389590.899287, -4288490.307629 1389490.31955, -4288103.627054 1389389.693395, -4287716.729168 1389290.619341, -4287365.789149 1389201.708194, -4287218.452048 1389162.32897, -4286966.154626 1389098.520656, -4286715.743568 1389033.568581, -4286535.632621 1388977.421268, -4286496.843728 1388949.365176, -4286448.938786 1388886.431917, -4286416.050196 1388848.118961, -4286381.131386 1388815.437284, -4286353.340194 1388794.680186, -4286309.820649 1388761.80091, -4286266.961478 1388733.283771, -4286242.299528 1388717.589557, -4286183.815779 1388685.282256, -4286157.304827 1388671.018207, -4286139.47372 1388662.114128, -4286121.180138 1388653.992829, -4286102.634304 1388646.840795, -4286078.882867 1388638.848209, -4286016.745175 1388619.830435, -4285969.34779 1388606.713501, -4285910.492205 1388596.044669, -4285845.943892 1388589.962199, -4285806.747895 1388586.184707, -4285766.113102 1388584.148764, -4285653.168011 1388592.076824, -4285583.048889 1388602.79031, -4285512.486655 1388616.94871, -4285366.011122 1388640.595142, -4285282.043444 1388653.352031, -4285247.113728 1388655.698408, -4285225.221628 1388651.905897, -4285180.273444 1388641.432415, -4285054.91586 1388609.186076, -4284913.555077 1388572.621313, -4284783.454637 1388540.230922, -4284635.113994 1388501.777089, -4284355.858069 1388429.632539, -4284076.093171 1388358.434361, -4283777.52574 1388283.44341, -4283964.69197 1387556.058191, -4284024.74713 1387308.98117, -4284086.968844 1387064.014558, -4284146.549203 1386836.568634, -4284234.359444 1386490.978221, -4284389.044675 1385881.816186, -4284431.775019 1385713.705962, -4284465.33419 1385506.404097, -4284481.555432 1385368.678274, -4284583.525285 1384978.098026, -4284886.616037 1383794.892414, -4284927.910144 1383615.391646, -4285014.197865 1383353.396192))",5,80.0,214.25,2.0,107.13,36810.6,184053.0,5,5,0,0
University,3817.0,3572.0,245.0,1843.0,1729.0,33.0,0.0,36.0,8991.0,1800.0,837686.0,107742.0,"POLYGON ((-4287358.806858 1395644.370509, -4287369.868058 1395600.495306, -4287386.877375 1395533.028118, -4287483.764328 1395138.079653, -4287526.852449 1394957.578306, -4287543.25685 1394848.392639, -4287581.529928 1394688.842302, -4287744.140914 1394060.190348, -4287909.287412 1393415.479341, -4288069.703911 1392781.823389, -4288227.26948 1392149.668914, -4288390.915927 1391509.827896, -4288555.050672 1390869.420256, -4288718.19137 1390231.899934, -4288876.594969 1389590.899287, -4289022.811732 1389038.151178, -4289220.632583 1388299.03142, -4289301.409808 1387990.106447, -4289404.221003 1387588.788192, -4289433.57513 1387466.584946, -4290424.734255 1387726.543231, -4290534.989289 1387299.781541, -4292097.135584 1387716.631283, -4291605.74511 1389624.157218, -4291920.728379 1389710.039917, -4292239.80908 1389792.202072, -4292883.686966 1389962.706025, -4292718.156811 1390597.165934, -4292717.322442 1390600.410161, -4292552.168402 1391237.644068, -4292389.117599 1391867.902082, -4292221.085068 1392513.541703, -4292063.506856 1393126.777824, -4291900.274179 1393781.721902, -4291730.738397 1394419.120522, -4291563.592999 1395060.491422, -4291403.056152 1395675.923775, -4291402.664177 1395700.791772, -4291238.657548 1396349.110392, -4291079.202512 1396972.405809, -4290917.138678 1397612.878997, -4290797.411419 1398078.852449, -4290784.450253 1398134.880018, -4290757.93016 1398249.524464, -4290728.013009 1398362.957814, -4290714.143686 1398411.749101, -4290681.705752 1398377.363611, -4289911.069799 1397560.432025, -4289666.18954 1397299.927891, -4289612.660339 1397242.983559, -4289517.468279 1397141.718087, -4288856.971516 1396436.520952, -4288706.436101 1396281.934118, -4288610.531761 1396192.753958, -4288481.806929 1396086.6541, -4288349.642857 1395997.340842, -4288210.532766 1395916.27091, -4288090.696895 1395860.597825, -4287981.895603 1395817.38365, -4287828.513394 1395764.890126, -4287522.656804 1395686.638793, -4287358.806858 1395644.370509))",33,84.85,246.9,2.11,121.36,24951.17,723584.0,30,25,4,1
Rosedale,1468.0,1356.0,112.0,760.0,596.0,0.0,0.0,0.0,2669.0,2034.0,752214.0,127266.0,"POLYGON ((-4291730.738397 1394419.120522, -4291900.274179 1393781.721902, -4292063.506856 1393126.777824, -4292221.085068 1392513.541703, -4292389.117599 1391867.902082, -4292552.168402 1391237.644068, -4292717.322442 1390600.410161, -4292718.156811 1390597.165934, -4293997.977138 1390932.266334, -4296560.478913 1391576.700323, -4296402.058147 1392213.771726, -4296240.148759 1392850.172743, -4296077.714559 1393485.848652, -4295914.011028 1394121.666686, -4295750.999394 1394762.123213, -4295586.329723 1395401.812077, -4295256.53517 1395331.07976, -4294943.44131 1395253.890029, -4294629.88323 1395174.410814, -4294305.224484 1395093.053307, -4293975.985524 1395011.061026, -4293660.369244 1394930.948834, -4293345.344326 1394841.966752, -4293010.294551 1394751.629283, -4292678.654923 1394666.17755, -4292362.620557 1394584.969465, -4292047.451844 1394502.127196, -4291730.738397 1394419.120522))",20,85.0,179.61,1.76,89.81,22856.93,342854.0,18,11,4,3
Cheesman Park,6162.0,5835.0,327.0,1844.0,3991.0,61.0,50.0,0.0,8951.0,1640.0,521080.0,84551.0,"POLYGON ((-4283582.498617 1411364.172312, -4283740.002504 1411404.141759, -4283898.232079 1411444.300433, -4284056.798147 1411484.159096, -4284213.428723 1411523.513825, -4284372.23675 1411563.43532, -4284529.319777 1411603.037167, -4284686.95952 1411641.492198, -4284845.777444 1411680.383119, -4285134.6042 1411752.731708, -4285321.06465 1411798.5605, -4285478.883463 1411837.320516, -4285639.290346 1411878.045928, -4285796.552274 1411917.952547, -4285954.782007 1411958.111195, -4286111.286588 1411997.949909, -4286427.251996 1412079.171886, -4286743.499307 1412156.333914, -4287058.843332 1412235.973449, -4286938.951682 1412722.30985, -4286804.376158 1413287.873722, -4286655.234233 1413873.669373, -4286530.780906 1414386.458212, -4286379.125701 1414993.815222, -4286245.262514 1415532.827874, -4286137.370802 1415935.362421, -4286090.846659 1416109.113216, -4286026.683286 1416091.634687, -4285858.838275 1416045.743831, -4285788.101544 1416027.7164, -4285628.272972 1415986.754102, -4285491.490466 1415951.532905, -4285361.566314 1415918.743024, -4285315.022142 1415907.013648, -4285191.630023 1415875.924256, -4284858.685565 1415785.503158, -4284691.378903 1415743.498227, -4284523.409458 1415701.062368, -4284352.946134 1415656.298223, -4284185.596499 1415612.473763, -4284019.877327 1415569.33216, -4283852.46469 1415525.749705, -4283677.794254 1415480.277838, -4283498.769102 1415433.672319, -4283331.104578 1415391.057728, -4283163.892244 1415348.689879, -4282999.140867 1415305.800266, -4282830.760395 1415261.965899, -4282664.063464 1415219.603061, -4282494.915634 1415176.731224, -4282518.404076 1415083.392368, -4282637.126446 1414611.605738, -4282780.708815 1414055.103074, -4282941.65201 1413430.919292, -4283084.632968 1412870.772708, -4283190.689032 1412457.427224, -4283229.754816 1412343.086039, -4283274.611367 1412178.717345, -4283309.529672 1412035.656232, -4283338.616542 1411987.430888, -4283415.027077 1411911.22706, -4283452.111735 1411851.134432, -4283582.498617 1411364.172312))",92,92.39,1489.45,1.73,939.0,21885.13,1904006.0,59,36,13,10
Hilltop,3850.0,3482.0,368.0,2570.0,911.0,44.0,55.0,11.0,8512.0,2139.0,1268844.0,198258.0,"POLYGON ((-4271565.973076 1401586.135956, -4271807.729848 1401648.686626, -4271995.666884 1401695.274835, -4272261.875678 1401766.164052, -4272296.228682 1401775.311904, -4272625.979338 1401856.928754, -4272943.797584 1401929.4691, -4273262.370681 1402014.013468, -4273580.397218 1402095.398668, -4273898.529804 1402173.187782, -4274215.83621 1402255.815383, -4274534.598326 1402337.46828, -4274850.627052 1402423.584855, -4275170.639956 1402499.188489, -4275491.927957 1402571.258146, -4275812.744361 1402654.782928, -4276133.373129 1402735.669831, -4276452.264414 1402817.402472, -4276771.056116 1402900.39005, -4277381.630582 1403063.32085, -4277421.378015 1403030.458343, -4279880.696646 1403647.308361, -4279841.997651 1403820.772042, -4279702.554818 1404347.483749, -4279563.360574 1404907.971446, -4279526.43601 1405056.406487, -4279424.491433 1405466.218619, -4279314.922652 1405901.516349, -4279284.948431 1406020.598676, -4279235.032011 1406216.987508, -4279140.918282 1406587.264414, -4278999.44799 1407138.634543, -4278857.622673 1407695.336943, -4278803.34832 1407911.760004, -4278714.96578 1408250.272826, -4278694.614614 1408332.416782, -4278607.166714 1408668.331344, -4278580.843869 1408775.39863, -4278247.628069 1408693.27117, -4277931.693291 1408612.397355, -4277616.031054 1408534.662027, -4277305.740201 1408455.304907, -4277008.249681 1408381.128747, -4276705.375934 1408305.560331, -4276405.009504 1408228.610435, -4276105.840139 1408154.006192, -4275806.757115 1408077.857646, -4275504.171724 1408003.00989, -4275204.027946 1407926.81166, -4274903.437825 1407851.490401, -4274601.729966 1407775.87817, -4274300.664836 1407700.085806, -4274000.975801 1407624.126984, -4273699.804507 1407549.429378, -4273389.491162 1407472.361192, -4273089.909183 1407395.645671, -4272789.666639 1407319.422165, -4272488.625967 1407243.51757, -4272188.491337 1407167.741705, -4271887.897964 1407091.94461, -4271586.377524 1407015.77622, -4271287.20749 1406940.378492, -4270971.329933 1406860.538753, -4270877.808363 1406837.289863, -4270655.84214 1406780.621678, -4270345.673136 1406702.229747, -4270035.077669 1406623.827334, -4269706.440183 1406540.361916, -4269375.848946 1406457.400703, -4269064.937546 1406378.959267, -4268744.416621 1406297.741032, -4268672.686638 1406279.456431, -4268411.9347 1406212.988706, -4268470.10475 1406082.219188, -4268493.911874 1406007.557185, -4268515.13954 1405934.409178, -4268656.747948 1405385.640895, -4268737.747957 1405071.745483, -4268773.296153 1404934.387422, -4268827.303496 1404948.096149, -4269109.736031 1405022.166272, -4269386.861748 1405093.194289, -4269445.818924 1405109.83384, -4269586.055808 1405145.12271, -4269624.012656 1405154.672288, -4269679.75023 1405168.794634, -4269974.047305 1405242.953576, -4270028.817118 1405256.824089, -4270040.972169 1405210.132339, -4270058.301603 1405142.571723, -4270074.203925 1405081.485415, -4270206.440667 1404570.541324, -4270321.500353 1404124.588236, -4270336.719947 1404065.132243, -4270351.992496 1404006.465115, -4270360.884105 1403974.293939, -4270375.431282 1403977.951716, -4270389.978376 1403981.609452, -4270404.525374 1403985.267333, -4270411.783139 1403987.156715, -4270419.040976 1403989.046114, -4270526.952325 1404014.831177, -4270786.845025 1404079.387736, -4271049.262598 1404146.049078, -4271308.849102 1404211.645137, -4271618.989172 1404290.761288, -4271602.95762 1404255.262968, -4271785.207017 1403538.882435, -4271915.926982 1403025.05237, -4271219.366713 1402850.701899, -4270480.64279 1402656.919642, -4270489.354122 1402648.340593, -4270491.667219 1402646.062662, -4270579.462044 1402559.603371, -4270996.173793 1402149.234412, -4271124.356159 1402023.001954, -4271465.038596 1401687.494759, -4271511.710577 1401640.700931, -4271565.973076 1401586.135956))",17,76.47,377.72,2.92,168.98,22305.53,379194.0,15,10,1,4
Montclair,3167.0,3014.0,153.0,2151.0,863.0,41.0,32.0,0.0,6226.0,1887.0,744387.0,131012.0,"POLYGON ((-4267127.504208 1411337.744553, -4267259.350532 1410828.209857, -4267385.474877 1410322.315527, -4267532.647658 1409742.056704, -4267614.93798 1409413.060691, -4267661.578574 1409228.012435, -4267777.110067 1408777.581065, -4267886.396529 1408351.439233, -4267973.537189 1408009.195454, -4268034.426163 1407772.029306, -4268049.633528 1407712.505494, -4268076.749841 1407606.333588, -4268102.487454 1407503.495902, -4268156.195047 1407287.291281, -4268209.033316 1407074.585457, -4268304.429828 1406703.114601, -4268315.31089 1406654.028094, -4268330.216629 1406589.623105, -4268411.9347 1406212.988706, -4268672.686638 1406279.456431, -4268744.416621 1406297.741032, -4269064.937546 1406378.959267, -4269375.848946 1406457.400703, -4269706.440183 1406540.361916, -4270035.077669 1406623.827334, -4270345.673136 1406702.229747, -4270655.84214 1406780.621678, -4270877.808363 1406837.289863, -4270971.329933 1406860.538753, -4271287.20749 1406940.378492, -4271586.377524 1407015.77622, -4271887.897964 1407091.94461, -4272188.491337 1407167.741705, -4272488.625967 1407243.51757, -4272789.666639 1407319.422165, -4273089.909183 1407395.645671, -4273389.491162 1407472.361192, -4273699.804507 1407549.429378, -4273485.198195 1408409.900454, -4273377.992807 1408829.557899, -4273242.640111 1408797.576579, -4273133.551174 1409228.137104, -4273080.657304 1409434.895095, -4273029.826417 1409649.400152, -4272920.291296 1410075.531128, -4272853.898226 1410349.251647, -4272758.205388 1410720.570464, -4272724.312809 1410861.991051, -4272584.136852 1411418.249655, -4272436.610345 1411989.202164, -4272270.555598 1412639.933318, -4272090.945796 1412593.704098, -4271947.001438 1412556.712546, -4271790.754838 1412518.139473, -4271623.979894 1412476.015594, -4271489.570392 1412442.9974, -4271303.157913 1412395.890366, -4271190.450003 1412366.772401, -4270971.316108 1412311.534322, -4270889.214266 1412290.935863, -4270635.07168 1412226.842669, -4270289.706378 1412139.232642, -4269987.713338 1412063.614298, -4269674.940429 1411986.38192, -4269573.451022 1411960.362674, -4269358.552744 1411904.182411, -4269047.659741 1411825.445728, -4268735.975123 1411745.948845, -4268408.384101 1411665.554629, -4268076.678274 1411583.278603, -4267765.313892 1411502.244718, -4267452.80886 1411424.837976, -4267127.504208 1411337.744553))",29,93.1,205.32,2.07,84.96,12590.92,302182.0,23,17,2,4
Hale,2579.0,2490.0,89.0,1289.0,1201.0,0.0,0.0,0.0,5274.0,1706.0,805609.0,105742.0,"POLYGON ((-4272270.555598 1412639.933318, -4272436.610345 1411989.202164, -4272584.136852 1411418.249655, -4272724.312809 1410861.991051, -4272758.205388 1410720.570464, -4272853.898226 1410349.251647, -4272920.291296 1410075.531128, -4273029.826417 1409649.400152, -4273080.657304 1409434.895095, -4273133.551174 1409228.137104, -4273242.640111 1408797.576579, -4273377.992807 1408829.557899, -4273485.198195 1408409.900454, -4273699.804507 1407549.429378, -4274000.975801 1407624.126984, -4274300.664836 1407700.085806, -4274601.729966 1407775.87817, -4274903.437825 1407851.490401, -4275204.027946 1407926.81166, -4275504.171724 1408003.00989, -4275806.757115 1408077.857646, -4276105.840139 1408154.006192, -4276405.009504 1408228.610435, -4276705.375934 1408305.560331, -4277008.249681 1408381.128747, -4277305.740201 1408455.304907, -4277616.031054 1408534.662027, -4277931.693291 1408612.397355, -4278247.628069 1408693.27117, -4278580.843869 1408775.39863, -4278468.645485 1409228.218589, -4278429.987256 1409378.701697, -4278256.156735 1410056.361773, -4278142.911396 1410498.317937, -4278093.558135 1410691.868749, -4277998.554184 1411059.785269, -4277927.933476 1411333.045904, -4277855.675354 1411612.596358, -4277759.915554 1411983.41604, -4277722.409512 1412124.511881, -4277579.803137 1412696.122039, -4277437.366862 1413250.210532, -4277271.47442 1413903.329792, -4276950.781572 1413824.354331, -4276802.694878 1413784.780502, -4276650.242979 1413746.811788, -4276336.705751 1413669.570772, -4276040.056631 1413593.854221, -4275868.074554 1413550.37437, -4275727.752855 1413514.749712, -4275400.302693 1413431.273644, -4275097.788591 1413354.717178, -4274933.427262 1413311.849869, -4274782.623676 1413274.310707, -4274619.091617 1413232.344913, -4274467.847286 1413194.133951, -4274309.693655 1413154.253787, -4274151.895903 1413114.337637, -4273998.586804 1413075.589499, -4273837.186032 1413035.54873, -4273689.713294 1412998.19148, -4273518.781153 1412956.484691, -4273211.663519 1412881.471367, -4272893.951608 1412799.289005, -4272572.424426 1412719.282605, -4272270.555598 1412639.933318))",91,95.6,163.8,1.43,101.71,12251.71,943382.0,50,37,9,4
North Park Hill,2044.0,2015.0,29.0,1370.0,645.0,0.0,0.0,28.0,4838.0,2343.0,646461.0,141779.0,"POLYGON ((-4266039.848027 1415596.398853, -4266147.667644 1415174.137081, -4266478.795098 1415258.102916, -4266797.893742 1415338.396112, -4267109.083775 1415416.719625, -4267439.108838 1415499.94625, -4267768.688479 1415582.36115, -4268077.700589 1415661.409803, -4268398.249996 1415741.344392, -4268520.723002 1415772.75365, -4268559.453075 1415783.946512, -4268588.410204 1415796.470015, -4268709.771204 1415847.642881, -4269019.746373 1415927.586607, -4269338.821987 1416006.386935, -4269659.150531 1416089.001164, -4269991.450605 1416170.394298, -4270321.680749 1416254.554949, -4270641.036498 1416334.950683, -4270960.946104 1416416.62903, -4271281.897873 1416495.943244, -4271606.251034 1416577.003381, -4271923.852299 1416656.506964, -4272236.916409 1416735.927976, -4272565.083845 1416818.892746, -4272884.599306 1416899.349001, -4273204.181275 1416978.534647, -4273523.362799 1417059.30403, -4273849.975311 1417141.366455, -4274158.726168 1417218.522606, -4274459.425364 1417291.887578, -4274760.394765 1417369.203903, -4275060.284675 1417445.724034, -4275360.712199 1417522.124167, -4275661.498026 1417596.166633, -4275962.316431 1417672.022639, -4276282.630361 1417751.40506, -4276119.295812 1418387.752751, -4275976.072404 1418944.864573, -4275954.040985 1419031.478936, -4275922.761344 1419152.625741, -4275835.840581 1419490.484788, -4275787.127082 1419680.585293, -4275624.747768 1420312.272814, -4275454.118174 1420975.652588, -4275306.621334 1421548.898093, -4275292.454598 1421604.397723, -4275044.375527 1421555.351009, -4275002.293195 1421545.948877, -4274944.839958 1421529.956679, -4274609.631705 1421443.211219, -4274273.936962 1421359.962281, -4273938.144135 1421275.653048, -4273772.865507 1421234.411803, -4273602.907195 1421192.003015, -4273269.039624 1421107.675251, -4272911.167468 1421016.070027, -4272230.907766 1420842.603899, -4271750.119884 1420723.658341, -4271265.07396 1420602.563033, -4270779.037427 1420482.145809, -4270346.288922 1420370.963516, -4270305.107012 1420357.786426, -4270263.668602 1420343.070157, -4270219.510176 1420331.574549, -4269991.144034 1420273.106838, -4269674.650698 1420193.667988, -4269358.508032 1420111.861159, -4269024.316181 1420027.796085, -4268694.018451 1419945.746138, -4268376.926729 1419865.655843, -4268060.703726 1419785.785604, -4267733.63469 1419701.626056, -4267621.048422 1419664.951797, -4267429.77411 1419617.454121, -4267114.609467 1419537.493852, -4266797.298349 1419456.984272, -4266462.408177 1419372.584587, -4266126.90901 1419286.638086, -4265811.716725 1419206.678359, -4265169.881041 1419047.501546, -4265224.602168 1418851.062669, -4265333.799071 1418426.12713, -4265494.871288 1417786.948798, -4265512.397455 1417643.110138, -4265808.829492 1416483.924087, -4265932.688309 1416018.254532, -4266039.848027 1415596.398853))",61,85.25,235.52,2.07,105.36,27926.08,1424230.0,53,39,11,3
South Park Hill,3759.0,3674.0,85.0,3242.0,432.0,0.0,43.0,0.0,8841.0,1667.0,1002278.0,166679.0,"POLYGON ((-4266147.667644 1415174.137081, -4266253.162663 1414752.278478, -4266363.448271 1414332.614744, -4266472.920419 1413913.327158, -4266640.637648 1413269.562681, -4266801.999017 1412622.64348, -4266908.806994 1412205.221738, -4266962.975418 1411984.478543, -4267008.242128 1411808.550362, -4267127.504208 1411337.744553, -4267452.80886 1411424.837976, -4267765.313892 1411502.244718, -4268076.678274 1411583.278603, -4268408.384101 1411665.554629, -4268735.975123 1411745.948845, -4269047.659741 1411825.445728, -4269358.552744 1411904.182411, -4269573.451022 1411960.362674, -4269674.940429 1411986.38192, -4269987.713338 1412063.614298, -4270289.706378 1412139.232642, -4270635.07168 1412226.842669, -4270889.214266 1412290.935863, -4270971.316108 1412311.534322, -4271190.450003 1412366.772401, -4271303.157913 1412395.890366, -4271489.570392 1412442.9974, -4271623.979894 1412476.015594, -4271790.754838 1412518.139473, -4271947.001438 1412556.712546, -4272090.945796 1412593.704098, -4272270.555598 1412639.933318, -4272572.424426 1412719.282605, -4272893.951608 1412799.289005, -4273211.663519 1412881.471367, -4273518.781153 1412956.484691, -4273689.713294 1412998.19148, -4273837.186032 1413035.54873, -4273998.586804 1413075.589499, -4274151.895903 1413114.337637, -4274309.693655 1413154.253787, -4274467.847286 1413194.133951, -4274619.091617 1413232.344913, -4274782.623676 1413274.310707, -4274933.427262 1413311.849869, -4275097.788591 1413354.717178, -4275400.302693 1413431.273644, -4275727.752855 1413514.749712, -4275868.074554 1413550.37437, -4276040.056631 1413593.854221, -4276336.705751 1413669.570772, -4276650.242979 1413746.811788, -4276802.694878 1413784.780502, -4276950.781572 1413824.354331, -4277271.47442 1413903.329792, -4277157.242052 1414347.094633, -4277124.252155 1414475.804208, -4277107.048551 1414542.880579, -4277050.242048 1414764.068829, -4276974.972549 1415057.17204, -4276943.989344 1415182.141787, -4276833.858786 1415606.17977, -4276727.718944 1416018.857179, -4276613.06689 1416465.225278, -4276445.166707 1417119.112518, -4276282.630361 1417751.40506, -4275962.316431 1417672.022639, -4275661.498026 1417596.166633, -4275360.712199 1417522.124167, -4275060.284675 1417445.724034, -4274760.394765 1417369.203903, -4274459.425364 1417291.887578, -4274158.726168 1417218.522606, -4273849.975311 1417141.366455, -4273523.362799 1417059.30403, -4273204.181275 1416978.534647, -4272884.599306 1416899.349001, -4272565.083845 1416818.892746, -4272236.916409 1416735.927976, -4271923.852299 1416656.506964, -4271606.251034 1416577.003381, -4271281.897873 1416495.943244, -4270960.946104 1416416.62903, -4270641.036498 1416334.950683, -4270321.680749 1416254.554949, -4269991.450605 1416170.394298, -4269659.150531 1416089.001164, -4269338.821987 1416006.386935, -4269019.746373 1415927.586607, -4268709.771204 1415847.642881, -4268588.410204 1415796.470015, -4268559.453075 1415783.946512, -4268520.723002 1415772.75365, -4268398.249996 1415741.344392, -4268077.700589 1415661.409803, -4267768.688479 1415582.36115, -4267439.108838 1415499.94625, -4267109.083775 1415416.719625, -4266797.893742 1415338.396112, -4266478.795098 1415258.102916, -4266147.667644 1415174.137081))",47,70.21,257.49,2.33,118.84,24807.81,1041928.0,36,31,3,2
University Park,4744.0,4463.0,281.0,1601.0,2862.0,41.0,35.0,0.0,8631.0,1730.0,1069197.0,64325.0,"POLYGON ((-4282399.76526 1393721.569426, -4282430.411597 1393603.461801, -4282512.881816 1393275.212795, -4282592.774416 1392960.752116, -4282655.340419 1392710.201827, -4282823.822192 1392120.388739, -4282982.007351 1391477.491283, -4283138.076419 1390847.373057, -4283178.738902 1390669.141391, -4283269.108199 1390318.94499, -4283394.21401 1389812.301191, -4283708.662711 1388554.913362, -4283777.52574 1388283.44341, -4284076.093171 1388358.434361, -4284355.858069 1388429.632539, -4284635.113994 1388501.777089, -4284783.454637 1388540.230922, -4284913.555077 1388572.621313, -4285054.91586 1388609.186076, -4285180.273444 1388641.432415, -4285225.221628 1388651.905897, -4285247.113728 1388655.698408, -4285282.043444 1388653.352031, -4285366.011122 1388640.595142, -4285512.486655 1388616.94871, -4285583.048889 1388602.79031, -4285653.168011 1388592.076824, -4285766.113102 1388584.148764, -4285806.747895 1388586.184707, -4285845.943892 1388589.962199, -4285910.492205 1388596.044669, -4285969.34779 1388606.713501, -4286016.745175 1388619.830435, -4286078.882867 1388638.848209, -4286102.634304 1388646.840795, -4286121.180138 1388653.992829, -4286139.47372 1388662.114128, -4286157.304827 1388671.018207, -4286183.815779 1388685.282256, -4286242.299528 1388717.589557, -4286266.961478 1388733.283771, -4286309.820649 1388761.80091, -4286353.340194 1388794.680186, -4286381.131386 1388815.437284, -4286416.050196 1388848.118961, -4286448.938786 1388886.431917, -4286496.843728 1388949.365176, -4286535.632621 1388977.421268, -4286715.743568 1389033.568581, -4286966.154626 1389098.520656, -4287218.452048 1389162.32897, -4287365.789149 1389201.708194, -4287716.729168 1389290.619341, -4288103.627054 1389389.693395, -4288490.307629 1389490.31955, -4288876.594969 1389590.899287, -4288718.19137 1390231.899934, -4288555.050672 1390869.420256, -4288390.915927 1391509.827896, -4288227.26948 1392149.668914, -4288069.703911 1392781.823389, -4287909.287412 1393415.479341, -4287744.140914 1394060.190348, -4287581.529928 1394688.842302, -4287543.25685 1394848.392639, -4287526.852449 1394957.578306, -4287483.764328 1395138.079653, -4287386.877375 1395533.028118, -4287369.868058 1395600.495306, -4287358.806858 1395644.370509, -4287118.058678 1395582.264783, -4286280.38232 1395370.91503, -4285803.270642 1395253.280314, -4285117.032846 1395078.303972, -4284946.462053 1395031.230578, -4284871.960962 1395010.670079, -4284804.206304 1394991.971425, -4284675.047533 1394952.228919, -4284413.386275 1394862.083889, -4284212.811757 1394781.722967, -4283955.422189 1394665.768016, -4283777.063215 1394575.281929, -4283453.126266 1394390.606353, -4283169.971015 1394208.893681, -4282992.325129 1394101.772468, -4282711.687289 1393924.697689, -4282538.02243 1393816.837689, -4282473.458678 1393772.349038, -4282399.76526 1393721.569426))",22,100.0,480.57,2.91,135.16,34048.22,612868.0,20,15,1,4
Platt Park,3520.0,3379.0,141.0,2087.0,1292.0,0.0,0.0,0.0,7294.0,2579.0,899878.0,182695.0,"POLYGON ((-4290714.143686 1398411.749101, -4290728.013009 1398362.957814, -4290757.93016 1398249.524464, -4290784.450253 1398134.880018, -4290797.411419 1398078.852449, -4290917.138678 1397612.878997, -4291079.202512 1396972.405809, -4291238.657548 1396349.110392, -4291402.664177 1395700.791772, -4291403.056152 1395675.923775, -4291563.592999 1395060.491422, -4291730.738397 1394419.120522, -4292047.451844 1394502.127196, -4292362.620557 1394584.969465, -4292678.654923 1394666.17755, -4293010.294551 1394751.629283, -4293345.344326 1394841.966752, -4293660.369244 1394930.948834, -4293975.985524 1395011.061026, -4294305.224484 1395093.053307, -4294629.88323 1395174.410814, -4294943.44131 1395253.890029, -4295256.53517 1395331.07976, -4295586.329723 1395401.812077, -4295425.129352 1396040.439863, -4295260.853913 1396683.251427, -4295091.431622 1397323.022409, -4294925.625704 1397961.720714, -4294758.537038 1398594.525814, -4294591.133011 1399238.101417, -4294427.019 1399861.05473, -4294257.605744 1400513.532788, -4294092.67295 1401140.426969, -4293922.825766 1401787.068971, -4293593.034764 1401700.909937, -4293279.976244 1401620.224734, -4292972.850894 1401540.274057, -4292649.424817 1401472.756131, -4292499.19281 1401433.871696, -4292462.337107 1401361.150795, -4292295.643048 1401038.089728, -4292271.930379 1400994.02638, -4292114.996152 1400723.575348, -4292038.453512 1400580.957048, -4291947.530436 1400401.672147, -4291888.227543 1400284.73699, -4291886.497525 1400281.238056, -4291702.592876 1399909.298314, -4291445.290425 1399388.914455, -4291319.600805 1399156.07267, -4291242.443626 1399033.141618, -4291111.227797 1398851.029999, -4291014.09355 1398735.528389, -4290755.642897 1398455.742415, -4290745.217733 1398444.691104, -4290714.143686 1398411.749101))",62,93.55,215.15,1.59,127.59,31550.51,1609076.0,57,51,3,3
College View - South Platte,2713.0,2690.0,24.0,960.0,1730.0,1.0,0.0,0.0,7112.0,1457.0,455119.0,77493.0,"POLYGON ((-4299030.33444 1397649.177749, -4299028.29215 1397603.439574, -4299016.406394 1397475.446141, -4299009.037684 1397441.237408, -4298992.711621 1397392.813977, -4298974.285796 1397351.464568, -4298950.94983 1397313.098951, -4298866.238076 1397216.777966, -4298777.944809 1397130.245108, -4298720.994051 1397088.036573, -4298658.646442 1397042.744258, -4298622.716243 1397015.049463, -4298603.062876 1397000.245883, -4298579.125901 1396980.06499, -4298557.343643 1396956.570049, -4298537.27171 1396925.512481, -4298510.320918 1396872.256477, -4298473.639499 1396793.864132, -4298458.894107 1396751.276923, -4298447.041667 1396710.476206, -4298433.153004 1396635.821682, -4298424.709656 1396556.126752, -4298414.113067 1396398.374328, -4298413.609864 1396297.109951, -4298416.578508 1396219.223257, -4298424.34019 1396156.663241, -4298453.070813 1395963.942418, -4298457.261148 1395910.139524, -4298462.845639 1395847.012636, -4298473.269532 1395766.288001, -4298489.588244 1395674.827692, -4298555.181247 1395398.061091, -4298568.493291 1395350.895243, -4298582.231721 1395294.15344, -4298597.336831 1395215.293192, -4298607.214333 1395156.512918, -4298612.901692 1395089.021248, -4298615.404616 1395046.662005, -4298619.519384 1395010.018124, -4298633.154829 1394957.640961, -4298641.316816 1394938.195804, -4298644.963854 1394912.279533, -4298649.400029 1394845.624632, -4298651.259108 1394822.406103, -4298659.956098 1394713.786422, -4298664.211869 1394643.855441, -4298666.361752 1394569.113997, -4298670.619642 1394523.98253, -4298675.446104 1394501.473318, -4298683.035375 1394472.321026, -4298687.326573 1394451.868403, -4298690.299246 1394423.580862, -4298689.650923 1394368.518386, -4298686.755827 1394341.932464, -4298692.266725 1394320.763719, -4298717.205241 1394262.675333, -4298736.817498 1394216.116441, -4298746.980481 1394181.046925, -4298761.147195 1394139.528438, -4298776.898558 1394090.931161, -4298786.287209 1394063.797359, -4298804.077047 1394011.339134, -4298814.991706 1393986.281655, -4298827.999318 1393961.123235, -4298850.936967 1393918.659082, -4298881.429925 1393863.049883, -4298918.216863 1393796.162983, -4298988.606267 1393687.521832, -4299036.958287 1393612.925381, -4299070.596305 1393558.134861, -4299095.469353 1393516.174474, -4299129.628107 1393451.445069, -4299158.257087 1393391.088151, -4299176.956054 1393348.037162, -4299196.490751 1393293.837534, -4299205.763462 1393266.156832, -4299216.732711 1393244.859233, -4299238.614129 1393214.390448, -4299268.383217 1393183.39184, -4299294.836846 1393147.267785, -4299345.366264 1393073.238018, -4299363.935194 1393043.585959, -4299383.90822 1393003.579028, -4299400.865175 1392968.211816, -4299432.325798 1392912.854365, -4299457.801585 1392877.509014, -4299483.818862 1392851.991763, -4299535.750255 1392805.321863, -4299585.603332 1392766.635586, -4299627.775174 1392741.578135, -4299671.672035 1392716.840593, -4299722.992629 1392689.385986, -4299779.960549 1392661.076624, -4299833.325643 1392641.645594, -4299901.319112 1392620.597937, -4299965.812741 1392604.063966, -4299998.294635 1392448.012837, -4300749.193161 1392346.508534, -4300775.946604 1392341.977976, -4300845.80409 1392325.677958, -4300913.902181 1392303.236807, -4300979.872931 1392275.07541, -4301043.200953 1392241.18861, -4301056.196102 1392232.947157, -4301078.210959 1392216.850016, -4301098.878772 1392198.981439, -4301117.684112 1392179.336429, -4301134.837526 1392158.098778, -4301150.033998 1392135.447645, -4301163.210571 1392111.624787, -4301174.367223 1392086.630293, -4301183.13616 1392060.88505, -4301189.790713 1392034.331027, -4301451.399287 1391643.117523, -4301567.105713 1391470.088232, -4301643.773592 1391354.235226, -4301692.630564 1391364.792889, -4301837.384951 1390691.858291, -4301853.176991 1390598.452361, -4301860.701799 1390504.056565, -4301860.044163 1390409.338988, -4301851.015059 1390315.025358, -4301836.551334 1390232.99338, -4302335.412218 1390362.940644, -4303563.758333 1390683.596242, -4302503.808496 1391739.903815, -4302484.454357 1391734.865301, -4302467.099062 1391751.917084, -4302304.455525 1391929.150655, -4302157.657756 1392119.938038, -4302075.53875 1392243.866674, -4301674.090992 1392884.320355, -4301684.391203 1392887.042637, -4301030.449812 1395452.57236, -4300867.264363 1396093.133603, -4301503.8393 1396259.791783, -4301340.332743 1396902.052555, -4303248.092924 1397406.834462, -4303579.001645 1396112.685771, -4304232.379133 1393552.304901, -4304913.129456 1391004.860653, -4306817.367025 1391486.514802, -4307158.464364 1390184.751884, -4307797.163229 1390347.550122, -4307798.222804 1390353.179583, -4307742.112426 1390569.154171, -4307459.843427 1391652.076334, -4307311.641188 1392222.418538, -4307164.211654 1392788.25754, -4307132.790667 1392909.692489, -4307042.529857 1393250.974196, -4307015.05507 1393354.774589, -4306967.235848 1393524.570797, -4306867.676231 1393922.560974, -4306797.600495 1394194.87245, -4306713.631025 1394484.181042, -4306569.747669 1395053.155516, -4306471.431097 1395419.952271, -4306418.79262 1395628.535864, -4306357.685319 1395885.727317, -4306282.113157 1396177.605025, -4306119.225928 1396809.74878, -4305966.16816 1397384.970527, -4305801.68364 1398046.22263, -4305625.843803 1398705.17188, -4305469.561056 1399327.415378, -4305116.94528 1399238.466933, -4304831.499493 1399168.39602, -4304513.414112 1399089.951353, -4304193.230389 1399011.800452, -4303872.544929 1398932.265642, -4303554.488934 1398855.236218, -4303235.947181 1398776.867224, -4302914.633229 1398702.369209, -4302654.06178 1398635.079556, -4302404.655855 1398567.64851, -4302283.312342 1398534.77657, -4302151.883253 1398499.269657, -4301650.015847 1398363.81984, -4301362.968715 1398287.362212, -4301072.502946 1398207.989583, -4301011.069538 1398190.871972, -4300494.655933 1398052.345032, -4300379.032308 1398020.26083, -4300331.457123 1398004.900062, -4300075.24361 1397933.342512, -4299759.201525 1397848.095887, -4299310.097836 1397724.592392, -4299147.552713 1397682.72422, -4299030.33444 1397649.177749))",12,66.67,398.34,2.22,179.25,16075.0,144675.0,9,5,2,2
Overland,2078.0,1871.0,206.0,518.0,1354.0,97.0,0.0,0.0,3845.0,2130.0,636491.0,97362.0,"POLYGON ((-4293922.825766 1401787.068971, -4294092.67295 1401140.426969, -4294257.605744 1400513.532788, -4294427.019 1399861.05473, -4294591.133011 1399238.101417, -4294758.537038 1398594.525814, -4294925.625704 1397961.720714, -4295091.431622 1397323.022409, -4295260.853913 1396683.251427, -4295425.129352 1396040.439863, -4295586.329723 1395401.812077, -4295750.999394 1394762.123213, -4295914.011028 1394121.666686, -4296077.714559 1393485.848652, -4296240.148759 1392850.172743, -4296402.058147 1392213.771726, -4296560.478913 1391576.700323, -4299135.961692 1392223.475322, -4299998.294635 1392448.012837, -4299965.812741 1392604.063966, -4299901.319112 1392620.597937, -4299833.325643 1392641.645594, -4299779.960549 1392661.076624, -4299722.992629 1392689.385986, -4299671.672035 1392716.840593, -4299627.775174 1392741.578135, -4299585.603332 1392766.635586, -4299535.750255 1392805.321863, -4299483.818862 1392851.991763, -4299457.801585 1392877.509014, -4299432.325798 1392912.854365, -4299400.865175 1392968.211816, -4299383.90822 1393003.579028, -4299363.935194 1393043.585959, -4299345.366264 1393073.238018, -4299294.836846 1393147.267785, -4299268.383217 1393183.39184, -4299238.614129 1393214.390448, -4299216.732711 1393244.859233, -4299205.763462 1393266.156832, -4299196.490751 1393293.837534, -4299176.956054 1393348.037162, -4299158.257087 1393391.088151, -4299129.628107 1393451.445069, -4299095.469353 1393516.174474, -4299070.596305 1393558.134861, -4299036.958287 1393612.925381, -4298988.606267 1393687.521832, -4298918.216863 1393796.162983, -4298881.429925 1393863.049883, -4298850.936967 1393918.659082, -4298827.999318 1393961.123235, -4298814.991706 1393986.281655, -4298804.077047 1394011.339134, -4298786.287209 1394063.797359, -4298776.898558 1394090.931161, -4298761.147195 1394139.528438, -4298746.980481 1394181.046925, -4298736.817498 1394216.116441, -4298717.205241 1394262.675333, -4298692.266725 1394320.763719, -4298686.755827 1394341.932464, -4298689.650923 1394368.518386, -4298690.299246 1394423.580862, -4298687.326573 1394451.868403, -4298683.035375 1394472.321026, -4298675.446104 1394501.473318, -4298670.619642 1394523.98253, -4298666.361752 1394569.113997, -4298664.211869 1394643.855441, -4298659.956098 1394713.786422, -4298651.259108 1394822.406103, -4298649.400029 1394845.624632, -4298644.963854 1394912.279533, -4298641.316816 1394938.195804, -4298633.154829 1394957.640961, -4298619.519384 1395010.018124, -4298615.404616 1395046.662005, -4298612.901692 1395089.021248, -4298607.214333 1395156.512918, -4298597.336831 1395215.293192, -4298582.231721 1395294.15344, -4298568.493291 1395350.895243, -4298555.181247 1395398.061091, -4298489.588244 1395674.827692, -4298473.269532 1395766.288001, -4298462.845639 1395847.012636, -4298457.261148 1395910.139524, -4298453.070813 1395963.942418, -4298424.34019 1396156.663241, -4298416.578508 1396219.223257, -4298413.609864 1396297.109951, -4298414.113067 1396398.374328, -4298424.709656 1396556.126752, -4298433.153004 1396635.821682, -4298447.041667 1396710.476206, -4298458.894107 1396751.276923, -4298473.639499 1396793.864132, -4298510.320918 1396872.256477, -4298537.27171 1396925.512481, -4298557.343643 1396956.570049, -4298579.125901 1396980.06499, -4298603.062876 1397000.245883, -4298622.716243 1397015.049463, -4298658.646442 1397042.744258, -4298720.994051 1397088.036573, -4298777.944809 1397130.245108, -4298866.238076 1397216.777966, -4298950.94983 1397313.098951, -4298974.285796 1397351.464568, -4298992.711621 1397392.813977, -4299009.037684 1397441.237408, -4299016.406394 1397475.446141, -4299028.29215 1397603.439574, -4299030.33444 1397649.177749, -4299025.967674 1397686.789352, -4298999.611941 1397812.835264, -4298973.380215 1397913.597798, -4298939.422786 1398023.198602, -4298927.437469 1398052.368799, -4298899.595702 1398109.701543, -4298872.541242 1398164.010045, -4298646.313022 1398595.412438, -4298423.692726 1399048.678198, -4298401.893188 1399095.70088, -4298382.532948 1399141.291993, -4298351.542341 1399210.721109, -4298327.036113 1399271.117644, -4298300.517093 1399323.370002, -4298283.15769 1399353.336811, -4298268.876008 1399375.45117, -4298244.651282 1399409.95965, -4298219.314359 1399449.732611, -4298182.378497 1399513.222283, -4298171.684273 1399537.433085, -4298166.173433 1399558.601591, -4298154.238449 1399604.446828, -4298149.011016 1399624.526695, -4298142.194443 1399642.772178, -4298137.038438 1399658.608337, -4298121.12074 1399689.983829, -4298089.763157 1399740.976302, -4298056.238254 1399790.371377, -4298026.532615 1399842.95634, -4297994.376838 1399916.860897, -4297974.836151 1399959.176123, -4297941.055285 1400022.454034, -4297915.57539 1400070.714295, -4297905.134717 1400088.594465, -4297880.614948 1400130.585239, -4297853.487049 1400164.337904, -4297836.383681 1400180.422132, -4297807.576429 1400199.788133, -4297784.456408 1400214.17679, -4297767.44452 1400223.955767, -4297707.261688 1400258.661197, -4297635.754361 1400298.168226, -4297559.527335 1400342.904537, -4297494.252463 1400374.346977, -4297439.142666 1400395.519489, -4297388.752286 1400411.462647, -4297316.888083 1400431.502485, -4297234.759937 1400453.261761, -4297167.121405 1400468.976882, -4297074.399857 1400485.782749, -4296994.836124 1400502.857992, -4296850.040306 1400533.93281, -4296761.179705 1400552.777077, -4296653.244291 1400578.409105, -4296550.844718 1400611.553036, -4296402.041684 1400662.194594, -4296354.009191 1400681.980472, -4296300.933794 1400712.207361, -4296251.139315 1400741.738266, -4296128.943233 1400831.080211, -4296070.073457 1400883.564219, -4296023.726497 1400929.621293, -4295953.177799 1401014.067689, -4295870.102371 1401117.856063, -4295768.250627 1401257.054864, -4295705.010079 1401360.065581, -4295657.631943 1401446.798198, -4295639.046011 1401484.4538, -4295618.569083 1401526.396124, -4295592.1276 1401586.288886, -4295545.280735 1401683.88039, -4295521.55581 1401729.368528, -4295507.989931 1401752.702431, -4295458.680348 1401826.016158, -4295427.868204 1401873.921643, -4295391.255688 1401932.199826, -4295351.160287 1401986.988208, -4295311.757606 1402039.115458, -4295296.562725 1402064.737731, -4295287.371589 1402087.143903, -4295271.246196 1402140.054889, -4295132.09462 1402105.101276, -4294969.728863 1402059.990896, -4294687.211623 1401986.442795, -4294656.675735 1401978.493346, -4294620.486797 1401969.053493, -4293922.825766 1401787.068971))",44,56.82,93.72,1.48,61.97,11853.9,486010.0,25,19,3,3
Ruby Hill,3689.0,3553.0,136.0,1877.0,1676.0,0.0,0.0,0.0,9008.0,1203.0,454954.0,51439.0,"POLYGON ((-4295271.246196 1402140.054889, -4295287.371589 1402087.143903, -4295296.562725 1402064.737731, -4295311.757606 1402039.115458, -4295351.160287 1401986.988208, -4295391.255688 1401932.199826, -4295427.868204 1401873.921643, -4295458.680348 1401826.016158, -4295507.989931 1401752.702431, -4295521.55581 1401729.368528, -4295545.280735 1401683.88039, -4295592.1276 1401586.288886, -4295618.569083 1401526.396124, -4295639.046011 1401484.4538, -4295657.631943 1401446.798198, -4295705.010079 1401360.065581, -4295768.250627 1401257.054864, -4295870.102371 1401117.856063, -4295953.177799 1401014.067689, -4296023.726497 1400929.621293, -4296070.073457 1400883.564219, -4296128.943233 1400831.080211, -4296251.139315 1400741.738266, -4296300.933794 1400712.207361, -4296354.009191 1400681.980472, -4296402.041684 1400662.194594, -4296550.844718 1400611.553036, -4296653.244291 1400578.409105, -4296761.179705 1400552.777077, -4296850.040306 1400533.93281, -4296994.836124 1400502.857992, -4297074.399857 1400485.782749, -4297167.121405 1400468.976882, -4297234.759937 1400453.261761, -4297316.888083 1400431.502485, -4297388.752286 1400411.462647, -4297439.142666 1400395.519489, -4297494.252463 1400374.346977, -4297559.527335 1400342.904537, -4297635.754361 1400298.168226, -4297707.261688 1400258.661197, -4297767.44452 1400223.955767, -4297784.456408 1400214.17679, -4297807.576429 1400199.788133, -4297836.383681 1400180.422132, -4297853.487049 1400164.337904, -4297880.614948 1400130.585239, -4297905.134717 1400088.594465, -4297915.57539 1400070.714295, -4297941.055285 1400022.454034, -4297974.836151 1399959.176123, -4297994.376838 1399916.860897, -4298026.532615 1399842.95634, -4298056.238254 1399790.371377, -4298089.763157 1399740.976302, -4298121.12074 1399689.983829, -4298137.038438 1399658.608337, -4298142.194443 1399642.772178, -4298149.011016 1399624.526695, -4298154.238449 1399604.446828, -4298166.173433 1399558.601591, -4298171.684273 1399537.433085, -4298182.378497 1399513.222283, -4298219.314359 1399449.732611, -4298244.651282 1399409.95965, -4298268.876008 1399375.45117, -4298283.15769 1399353.336811, -4298300.517093 1399323.370002, -4298327.036113 1399271.117644, -4298351.542341 1399210.721109, -4298382.532948 1399141.291993, -4298401.893188 1399095.70088, -4298423.692726 1399048.678198, -4298646.313022 1398595.412438, -4298872.541242 1398164.010045, -4298899.595702 1398109.701543, -4298927.437469 1398052.368799, -4298939.422786 1398023.198602, -4298973.380215 1397913.597798, -4298999.611941 1397812.835264, -4299025.967674 1397686.789352, -4299030.33444 1397649.177749, -4299147.552713 1397682.72422, -4299310.097836 1397724.592392, -4299759.201525 1397848.095887, -4300075.24361 1397933.342512, -4300331.457123 1398004.900062, -4300379.032308 1398020.26083, -4300494.655933 1398052.345032, -4301011.069538 1398190.871972, -4301072.502946 1398207.989583, -4301362.968715 1398287.362212, -4301650.015847 1398363.81984, -4302151.883253 1398499.269657, -4302283.312342 1398534.77657, -4302404.655855 1398567.64851, -4302654.06178 1398635.079556, -4302914.633229 1398702.369209, -4303235.947181 1398776.867224, -4303554.488934 1398855.236218, -4303872.544929 1398932.265642, -4304193.230389 1399011.800452, -4304513.414112 1399089.951353, -4304831.499493 1399168.39602, -4305116.94528 1399238.466933, -4305469.561056 1399327.415378, -4305308.157495 1399965.968298, -4305228.274331 1400281.425537, -4305148.895994 1400604.662714, -4304986.73601 1401237.764803, -4304826.05344 1401875.730679, -4304707.942023 1402341.356314, -4304664.407198 1402515.281373, -4304501.915253 1403154.981278, -4304340.138472 1403793.86816, -4304173.542737 1404438.721079, -4303808.896715 1404341.018994, -4303538.242822 1404272.958797, -4303218.480473 1404192.42623, -4302892.638449 1404110.440266, -4302582.08091 1404034.241518, -4302264.948224 1403954.52292, -4301979.045514 1403883.838594, -4301617.378109 1403793.785523, -4301122.386491 1403665.772203, -4300805.493027 1403581.165455, -4300533.062328 1403509.338679, -4300261.158313 1403439.457237, -4299894.860029 1403343.193696, -4299717.044167 1403296.902416, -4299140.792955 1403148.812468, -4299024.046957 1403118.486052, -4297757.261474 1402789.420032, -4297430.176783 1402704.269387, -4297113.23151 1402620.854115, -4296790.501373 1402536.837155, -4296471.400194 1402453.764955, -4296151.793794 1402369.657157, -4295830.999079 1402286.14413, -4295424.298935 1402179.363061, -4295271.246196 1402140.054889))",23,95.65,281.22,2.57,98.95,51098.89,970879.0,18,12,4,2
Kennedy,0.0,0.0,0.0,0.0,0.0,0.0,0.0,0.0,0.0,1791.0,590464.0,67738.0,"POLYGON ((-4260915.312121 1379709.899182, -4260853.936479 1379664.908388, -4260563.541282 1379477.336017, -4260290.412406 1379344.266217, -4260215.158212 1379269.66508, -4259583.365338 1378968.77367, -4259478.014025 1378957.364042, -4259427.250974 1378933.066576, -4259413.895284 1378926.67389, -4259525.305691 1378487.699267, -4259504.983866 1378482.409065, -4259575.656232 1378209.935091, -4259217.910716 1378122.489394, -4259424.508412 1378077.075229, -4259634.38629 1378049.822536, -4259833.020181 1378040.954465, -4260443.052783 1378026.553491, -4260713.348124 1378012.316574, -4260981.475517 1377974.65351, -4261245.10001 1377913.602583, -4261502.72862 1377829.937456, -4261598.594638 1377792.120985, -4265497.369198 1376156.147588, -4265660.341054 1376088.785502, -4265828.32639 1376035.903081, -4266000.200248 1375997.853107, -4266106.615784 1375982.0281, -4266408.420951 1375885.451705, -4266720.098154 1375946.439193, -4267261.727814 1375932.831385, -4267566.754474 1375904.257756, -4267867.823691 1375849.209117, -4268027.654146 1375808.799057, -4267941.619568 1376130.359628, -4267398.192235 1378159.323744, -4267609.934817 1378734.191188, -4267330.870238 1378663.813886, -4266333.552436 1378407.085915, -4266038.943087 1378336.382462, -4265891.59325 1378298.02394, -4265815.91297 1378282.518302, -4265749.975074 1378277.940021, -4265692.407153 1378273.442815, -4265621.005614 1378273.735634, -4265539.699502 1378279.841355, -4265443.536719 1378294.666253, -4265366.817386 1378308.866431, -4265310.808315 1378325.676631, -4265257.454343 1378340.626064, -4265198.620222 1378365.168687, -4265140.7279 1378394.151823, -4265087.27633 1378422.193335, -4265025.3736 1378458.523757, -4264976.281594 1378493.993626, -4264942.557714 1378518.779548, -4264904.82364 1378550.912509, -4264872.553027 1378578.17442, -4264833.795804 1378614.236825, -4264801.955604 1378647.904189, -4264767.558105 1378691.394916, -4264732.649313 1378736.850231, -4264702.262189 1378772.993739, -4264646.19697 1378867.484643, -4264602.000811 1378956.674101, -4264575.299822 1379018.95076, -4264553.039571 1379080.285696, -4264526.176287 1379159.302671, -4264501.626869 1379253.606535, -4264457.253046 1379419.393938, -4264228.569209 1380263.941269, -4264137.38711 1380583.534276, -4264055.869543 1380548.372256, -4263764.831811 1380475.579245, -4261499.346402 1379908.94334, -4261449.625208 1379896.516464, -4261431.565089 1379892.460805, -4261403.681948 1379888.431173, -4261375.168903 1379886.820963, -4261346.7835 1379887.69791, -4261318.798885 1379891.00418, -4261290.973305 1379896.676724, -4261263.79053 1379904.841498, -4261237.52389 1379915.440469, -4261208.823905 1379836.155425, -4261052.644773 1379797.048793, -4261024.630802 1379790.034131, -4260915.312121 1379709.899182))",1,100.0,,1.0,,,,1,1,0,0
Hampden,10883.0,9570.0,1313.0,4976.0,4594.0,48.0,110.0,0.0,19597.0,1908.0,507299.0,85741.0,"POLYGON ((-4264055.869543 1380548.372256, -4264137.38711 1380583.534276, -4264228.569209 1380263.941269, -4264457.253046 1379419.393938, -4264501.626869 1379253.606535, -4264526.176287 1379159.302671, -4264553.039571 1379080.285696, -4264575.299822 1379018.95076, -4264602.000811 1378956.674101, -4264646.19697 1378867.484643, -4264702.262189 1378772.993739, -4264732.649313 1378736.850231, -4264767.558105 1378691.394916, -4264801.955604 1378647.904189, -4264833.795804 1378614.236825, -4264872.553027 1378578.17442, -4264904.82364 1378550.912509, -4264942.557714 1378518.779548, -4264976.281594 1378493.993626, -4265025.3736 1378458.523757, -4265087.27633 1378422.193335, -4265140.7279 1378394.151823, -4265198.620222 1378365.168687, -4265257.454343 1378340.626064, -4265310.808315 1378325.676631, -4265366.817386 1378308.866431, -4265443.536719 1378294.666253, -4265539.699502 1378279.841355, -4265621.005614 1378273.735634, -4265692.407153 1378273.442815, -4265749.975074 1378277.940021, -4265815.91297 1378282.518302, -4265891.59325 1378298.02394, -4266038.943087 1378336.382462, -4266333.552436 1378407.085915, -4267330.870238 1378663.813886, -4267609.934817 1378734.191188, -4268540.33542 1378972.650524, -4268575.730709 1378981.709531, -4268884.491339 1379060.770287, -4268902.765189 1379065.44948, -4269263.487722 1379157.932564, -4269820.42575 1379300.72197, -4270268.345166 1379415.02807, -4270550.600417 1379487.057767, -4270621.947357 1379506.018953, -4270690.840162 1379525.503443, -4271752.375304 1379797.067406, -4272356.0057 1379952.140659, -4272483.650966 1379985.2097, -4273630.534746 1380282.33137, -4274117.784815 1380404.575608, -4274590.921271 1380526.065724, -4275157.914277 1380670.051656, -4275259.220576 1380695.261367, -4275330.881187 1380713.141858, -4275592.856068 1380778.499049, -4275862.12029 1380845.62471, -4275922.955517 1380860.81588, -4275982.673392 1380875.716082, -4276128.239408 1380911.931488, -4276382.925049 1380975.520327, -4276452.94185 1380992.609323, -4276515.153951 1381008.392604, -4276988.172517 1381126.365274, -4277432.096889 1381237.022048, -4277500.488728 1381254.05186, -4278160.391291 1381420.287243, -4278520.481415 1381506.665976, -4278820.672335 1381585.975709, -4278988.363935 1381627.408823, -4279007.397307 1381632.537533, -4279019.428132 1381743.338554, -4279042.531764 1381956.116327, -4279134.757849 1383049.995551, -4279203.470035 1383841.698466, -4279265.349115 1384615.914899, -4279312.418568 1385206.747863, -4279342.127182 1385556.998455, -4279380.267133 1385874.861433, -4279409.825173 1386073.21069, -4279450.5264 1386268.711859, -4279633.593227 1387006.515006, -4279687.019967 1387218.228454, -4279569.680612 1387192.20908, -4279518.744464 1387181.014069, -4279196.030315 1387111.163383, -4279145.216389 1387114.750924, -4278853.274341 1387041.462981, -4278740.717186 1387013.065643, -4278651.939181 1386991.245795, -4278515.723965 1386956.818718, -4278490.575369 1386950.4089, -4278351.802471 1386915.115179, -4278346.352642 1386903.358572, -4278259.097144 1386715.127474, -4278349.670735 1386672.833803, -4278795.785143 1386788.969172, -4279086.298106 1385665.074677, -4279065.360275 1385648.257751, -4279068.860252 1385643.744239, -4279071.907732 1385638.983553, -4279074.502986 1385633.97603, -4279076.645788 1385628.721667, -4279078.546691 1385623.404236, -4279079.721827 1385617.897869, -4279080.413113 1385612.265562, -4279080.862481 1385606.570259, -4279080.523032 1385600.927923, -4279079.910169 1385595.343578, -4279078.782044 1385589.754322, -4279077.075534 1385584.401907, -4278988.166301 1385342.456905, -4278985.627997 1385335.338047, -4278982.360919 1385322.088034, -4278979.945583 1385308.543117, -4278978.865888 1385294.829267, -4278979.058785 1385281.188314, -4278980.313843 1385267.436459, -4278982.77856 1385253.999529, -4278986.484382 1385240.756523, -4278991.399906 1385227.828359, -4278997.188565 1385215.514962, -4279004.155415 1385203.637523, -4279012.237465 1385192.437867, -4279021.161224 1385181.97406, -4279030.89527 1385172.366805, -4279041.439604 1385163.616389, -4279119.489964 1385105.921381, -4279058.600845 1384372.319801, -4278474.368521 1384224.103589, -4278514.595879 1384077.515371, -4278440.314086 1384059.211142, -4278391.745239 1383830.996803, -4278312.807589 1383736.308508, -4278276.066248 1383789.128883, -4278015.326652 1383608.880979, -4278063.407988 1383540.284264, -4277825.623045 1383372.082824, -4277841.933044 1383347.138247, -4277960.159167 1383248.237385, -4277952.935367 1383023.940606, -4277951.84172 1383024.172536, -4277943.438726 1383024.697419, -4277935.19323 1383024.617518, -4277926.926186 1383023.627812, -4277918.816569 1383022.033378, -4277910.864509 1383019.834006, -4277809.496737 1382993.445337, -4277843.703408 1382858.076831, -4277946.694739 1382892.121161, -4278001.359585 1382823.042676, -4278223.440928 1382575.259934, -4278036.34413 1382501.108934, -4278030.043128 1382519.359495, -4278019.222988 1382544.054232, -4278006.593387 1382567.761152, -4277991.670516 1382590.354439, -4277984.166693 1382601.317146, -4277857.878626 1382502.956144, -4277267.357493 1382356.073735, -4276636.059217 1384807.897212, -4277176.619985 1384948.231714, -4277316.390918 1385025.561828, -4277392.71337 1385127.319029, -4277155.938046 1386074.560419, -4277275.450243 1386105.672557, -4277144.378802 1386610.15456, -4277119.156541 1386604.157167, -4277000.366149 1386575.911105, -4276935.238366 1386561.557579, -4276668.506264 1386492.23145, -4276184.051483 1386384.451656, -4275653.775846 1386251.315587, -4275334.639939 1386171.078028, -4275014.331461 1386090.792902, -4274690.257613 1386009.399244, -4274277.671283 1385905.996691, -4273637.745994 1385736.772832, -4273639.726765 1385728.931726, -4273616.375725 1385722.965238, -4272351.644367 1385399.811448, -4271063.561652 1385070.691521, -4271043.208299 1385065.522213, -4270281.366254 1383711.201563, -4269667.329469 1383997.993195, -4269797.664603 1384051.038448, -4269808.4154 1384055.387119, -4269818.672296 1384060.640466, -4269828.43544 1384066.798566, -4269837.736222 1384073.740403, -4269846.301179 1384081.524013, -4269854.193315 1384089.907518, -4269861.349822 1384099.132621, -4269867.622936 1384108.773708, -4269871.022987 1384114.566909, -4269972.074713 1384304.908107, -4269985.119562 1384332.198886, -4269995.850895 1384360.437306, -4270004.027127 1384389.560474, -4270008.940813 1384414.34703, -4270071.95477 1384816.29785, -4268628.228031 1384446.014979, -4267414.672619 1382771.784153, -4266509.77601 1382544.537228, -4266469.737153 1382565.371335, -4266431.666744 1382589.559346, -4266395.838193 1382617.043362, -4266362.345982 1382647.460437, -4266331.978825 1382680.757631, -4266304.347375 1382716.446065, -4266280.208835 1382754.593838, -4266259.205442 1382794.590956, -4266241.915422 1382836.20061, -4266228.370194 1382879.301735, -4266220.971768 1382910.699363, -4266147.172998 1383199.150203, -4265975.632969 1383765.815126, -4265875.456927 1384095.059821, -4265861.488435 1384153.679211, -4265852.90543 1384213.442249, -4265849.492997 1384265.25185, -4265901.219917 1385012.224737, -4265904.006906 1385053.11945, -4265910.495718 1385093.686173, -4265920.539006 1385133.499137, -4265933.957694 1385172.253369, -4265950.783382 1385209.82791, -4265970.658181 1385245.613034, -4265977.615661 1385256.594685, -4266078.316058 1385417.524458, -4266123.446926 1385503.153475, -4265571.67453 1385362.226781, -4265316.002493 1386353.611631, -4264040.064226 1386026.18238, -4263163.678691 1384456.898697, -4263086.389903 1384317.175319, -4263388.157449 1383101.406698, -4263722.013405 1381824.889638, -4264055.869543 1380548.372256))",26,73.08,368.6,2.23,152.53,13743.67,329848.0,18,12,6,0
Baker,4202.0,3754.0,448.0,1395.0,2359.0,90.0,19.0,0.0,6612.0,1868.0,673437.0,102508.0,"POLYGON ((-4291320.219708 1412026.219845, -4291394.872582 1411759.304429, -4291467.667457 1411499.526004, -4291612.392964 1410934.666549, -4291745.68653 1410370.059944, -4291900.115367 1409817.542488, -4291990.677361 1409460.739542, -4292073.382733 1409145.030813, -4292151.882497 1408831.585549, -4292193.030528 1408674.517465, -4292235.396741 1408513.762285, -4292319.575165 1408199.341303, -4292401.809908 1407888.418042, -4292484.976249 1407568.95438, -4292565.623362 1407259.167734, -4292658.278841 1406924.091825, -4292742.610338 1406600.1525, -4292828.091596 1406282.712108, -4292907.666355 1405974.066999, -4292996.498551 1405648.716022, -4293140.849027 1405006.907185, -4293288.052128 1404349.179115, -4293335.117444 1404163.427615, -4293398.977149 1403912.171917, -4293455.59674 1403735.365424, -4293477.207055 1403689.069006, -4293482.815375 1403661.971921, -4293497.08378 1403593.031173, -4293513.153049 1403523.091947, -4293520.936658 1403479.504341, -4293524.392946 1403426.995239, -4293526.378241 1403396.832895, -4293540.111073 1403336.301865, -4293602.306386 1403100.370477, -4293613.754508 1403053.462863, -4293922.825766 1401787.068971, -4294620.486797 1401969.053493, -4294656.675735 1401978.493346, -4294687.211623 1401986.442795, -4294969.728863 1402059.990896, -4295132.09462 1402105.101276, -4295271.246196 1402140.054889, -4295266.10939 1402156.909733, -4295253.387199 1402205.778933, -4295243.940034 1402242.067915, -4295237.106601 1402268.316882, -4295223.420745 1402304.019089, -4295190.068287 1402382.520309, -4295167.968497 1402438.63516, -4295139.521997 1402527.067449, -4295116.510935 1402611.48979, -4295089.383046 1402707.756583, -4295078.11545 1402762.945746, -4295063.14045 1402828.406876, -4295042.673534 1402931.832609, -4295040.003328 1402975.827264, -4295041.153427 1403004.15459, -4295043.55058 1403044.560338, -4295049.09694 1403072.869751, -4295058.827395 1403098.006099, -4295076.186725 1403130.553273, -4295090.32339 1403154.640935, -4295094.442078 1403167.596102, -4295095.033947 1403194.098975, -4295098.436326 1403309.034176, -4295108.838083 1403393.113702, -4295129.127797 1403501.724774, -4295144.156628 1403543.223106, -4295161.444386 1403580.013943, -4295195.232563 1403656.619772, -4295234.886437 1403769.238617, -4295307.717691 1403977.678431, -4295343.777119 1404095.173779, -4295391.216964 1404277.112612, -4295402.817474 1404318.880933, -4295415.96537 1404363.635333, -4295448.96627 1404443.265155, -4295517.775226 1404600.672496, -4295661.338818 1404880.740459, -4295716.700517 1404988.475862, -4295727.69352 1405009.868432, -4295779.798578 1405120.30399, -4295794.912512 1405152.1079, -4295812.510051 1405189.138166, -4295823.033904 1405223.134739, -4295839.754173 1405302.788562, -4295853.27602 1405359.006443, -4295865.479243 1405407.389814, -4295873.344831 1405446.635928, -4295879.745778 1405480.592652, -4295888.197217 1405534.457219, -4295896.174656 1405587.165252, -4295901.901425 1405618.750648, -4295918.223339 1405680.088917, -4295921.353415 1405713.710781, -4295924.646738 1405758.612108, -4295923.124729 1405806.134755, -4295918.157123 1405861.9307, -4295916.614003 1405930.371898, -4295920.052423 1405991.585377, -4295925.655283 1406048.454023, -4295951.213043 1406301.547151, -4295963.420221 1406399.52937, -4295970.826486 1406445.501345, -4295972.404883 1406489.05204, -4295971.2247 1406526.330785, -4295968.132134 1406566.986429, -4295966.77139 1406663.503013, -4295978.765955 1406861.529897, -4295989.474073 1406948.401428, -4296001.962762 1407020.495482, -4296026.121136 1407167.828777, -4296048.81408 1407328.729791, -4296051.944102 1407362.351536, -4296056.169725 1407420.540905, -4296057.161706 1407552.67279, -4296055.731581 1407615.718518, -4296055.051256 1407663.976822, -4296056.272745 1407688.06051, -4296062.421853 1407722.98485, -4296079.797666 1407806.961388, -4296080.797326 1407811.792809, -4296099.142485 1407900.453885, -4296108.080692 1407960.386643, -4296111.332521 1408006.439564, -4296116.636895 1408097.20004, -4296121.912053 1408172.195149, -4296143.857122 1408435.197093, -4296158.639844 1408552.061526, -4296180.260167 1408692.275917, -4296198.475272 1408858.469288, -4296202.732449 1408916.537612, -4296205.962242 1409064.880374, -4296207.068285 1409172.759587, -4296212.463037 1409213.558044, -4296229.250787 1409301.883263, -4296241.557011 1409345.901881, -4296291.84942 1409511.921271, -4296308.345768 1409564.651179, -4296323.194255 1409602.873654, -4296355.725192 1409668.431709, -4296415.193872 1409782.334069, -4296464.723086 1409873.887306, -4296484.301191 1409905.849529, -4296570.408637 1410017.645603, -4296647.065158 1410116.131731, -4296747.664394 1410246.68297, -4296853.07034 1410378.615005, -4296949.62824 1410503.852112, -4297009.462842 1410592.534076, -4297087.164524 1410698.912707, -4297117.03545 1410740.182184, -4297141.881166 1410774.508769, -4297161.294779 1410807.153233, -4297180.869735 1410840.068907, -4297199.26792 1410868.624159, -4297215.768495 1410908.439065, -4297227.47164 1410945.842704, -4297257.7458 1411040.907657, -4297273.04947 1411085.319287, -4297445.414295 1411480.992853, -4297522.427386 1411661.459853, -4297575.254013 1411784.999262, -4297657.641012 1411964.669656, -4297690.032991 1412025.800016, -4297742.459321 1412106.224559, -4297812.590758 1412196.037245, -4297836.172529 1412221.550571, -4297871.608617 1412250.149889, -4297924.643958 1412286.559817, -4298040.452826 1412358.686068, -4298337.386782 1412532.858466, -4298389.46439 1412567.985976, -4298436.986764 1412600.765023, -4298458.997984 1412619.411364, -4298494.392649 1412649.162319, -4298519.122492 1412678.203573, -4298534.226851 1412702.543145, -4298545.460316 1412725.87507, -4298561.24895 1412751.555197, -4298604.78656 1412807.579266, -4298752.800891 1412988.189437, -4298788.161585 1413033.947445, -4298846.322584 1413120.12729, -4298889.018339 1413175.41549, -4299028.378902 1413338.661011, -4299056.024917 1413373.36944, -4299081.03423 1413414.237036, -4299102.620928 1413467.258855, -4299128.425322 1413541.786181, -4299129.96942 1413546.910793, -4299138.264839 1413574.44223, -4299147.033508 1413611.210996, -4299149.682597 1413650.648941, -4299146.16168 1413676.081225, -4299130.307438 1413729.043012, -4299114.314094 1413777.576978, -4299102.9316 1413813.362111, -4299055.420866 1413943.850769, -4299029.687551 1413939.826824, -4298788.488895 1413902.109835, -4298651.380755 1413880.893754, -4298465.520726 1413852.133677, -4298409.951786 1413842.42728, -4298296.458 1413819.515014, -4298281.636612 1413816.655386, -4298128.171842 1413787.046067, -4297993.789569 1413764.69274, -4297908.571319 1413747.559827, -4297819.804182 1413729.503251, -4297656.538445 1413689.525996, -4297372.591612 1413620.657663, -4297316.19566 1413610.968988, -4297301.26038 1413608.403181, -4297192.335161 1413590.150935, -4297183.476315 1413588.499386, -4297055.611284 1413564.662019, -4296984.895978 1413550.041619, -4296919.220114 1413535.470225, -4296845.312734 1413513.703549, -4296732.110452 1413477.918031, -4296657.465918 1413452.465617, -4296638.142575 1413445.876609, -4296466.435087 1413389.807998, -4295985.89098 1413263.443631, -4294971.54713 1412999.37731, -4294779.343623 1412932.422175, -4294588.969328 1412883.765748, -4294558.455049 1412875.951073, -4294349.90493 1412822.692153, -4294215.404143 1412786.643964, -4294206.210956 1412784.250684, -4294071.226307 1412748.076611, -4293911.861529 1412709.301274, -4293752.967491 1412665.740348, -4293593.843362 1412624.056968, -4293430.395812 1412581.118903, -4293269.945934 1412538.573712, -4293108.286258 1412495.713711, -4292948.373327 1412454.083324, -4292785.798964 1412411.760089, -4292604.596409 1412364.587357, -4292433.554777 1412320.05984, -4292259.610021 1412274.776557, -4292094.268399 1412230.182973, -4291797.403774 1412151.995701, -4291712.26736 1412130.736149, -4291574.58993 1412093.990298, -4291320.219708 1412026.219845))",116,88.79,189.34,1.69,105.31,25062.8,2355903.0,89,64,16,9
Lincoln Park,4095.0,3527.0,568.0,1166.0,2361.0,32.0,177.0,0.0,6557.0,1609.0,569060.0,78556.0,"POLYGON ((-4293047.139622 1417936.194123, -4293028.77095 1417830.023807, -4293026.328062 1417803.684924, -4293023.121093 1417784.250963, -4293016.969538 1417765.212845, -4293008.680515 1417741.485067, -4292995.836571 1417715.409102, -4292986.499921 1417699.674842, -4292980.339901 1417684.638488, -4292973.058584 1417657.039856, -4292966.996972 1417628.725639, -4292963.340627 1417614.98687, -4292962.117464 1417587.932029, -4292960.412045 1417563.722494, -4292955.74211 1417541.970162, -4292949.560477 1417526.023989, -4292936.473042 1417496.914009, -4292930.866869 1417474.788683, -4292924.119378 1417442.162717, -4292918.60157 1417407.790291, -4292916.83465 1417386.793763, -4292909.553402 1417359.195149, -4292903.189934 1417337.002011, -4292893.933227 1417313.022312, -4292889.718639 1417297.45915, -4292876.591145 1417272.471781, -4292842.784671 1417200.898629, -4292839.69865 1417150.239289, -4292824.411782 1417097.824258, -4292820.428788 1417085.941742, -4292811.034989 1417057.918382, -4292791.452064 1416995.214772, -4292763.196408 1416898.350408, -4292734.344813 1416787.898268, -4292720.951958 1416737.138739, -4292707.821141 1416684.380972, -4292656.188163 1416487.789178, -4292644.108362 1416454.808303, -4292632.784423 1416418.924258, -4292622.79852 1416366.985059, -4292613.750308 1416318.390048, -4292606.539139 1416283.576705, -4292589.623436 1416233.450017, -4292576.262032 1416182.56958, -4292559.300201 1416124.681434, -4292543.164305 1416056.675144, -4292522.29421 1415986.015814, -4292511.464108 1415949.227062, -4292497.608861 1415899.251401, -4292483.924126 1415853.582337, -4292471.712492 1415809.201036, -4292445.941892 1415718.666684, -4292438.236884 1415684.758023, -4292432.890975 1415657.663307, -4292425.811665 1415634.250543, -4292407.79369 1415588.357572, -4292393.856964 1415543.656171, -4292378.782183 1415494.396288, -4292366.357032 1415443.888826, -4292358.440043 1415406.825106, -4292350.568958 1415377.523128, -4292334.561446 1415293.14699, -4292324.629006 1415263.824838, -4292302.182987 1415196.242573, -4292293.8881 1415160.630447, -4292289.217983 1415138.878193, -4292277.932418 1415095.90031, -4292263.401492 1415040.582285, -4292252.184085 1414995.572918, -4292251.904035 1414994.449368, -4292233.338831 1414926.843983, -4292219.064194 1414879.471522, -4292207.396364 1414829.031966, -4292190.252653 1414764.896586, -4292164.064201 1414679.936552, -4292151.019321 1414630.817552, -4292134.419401 1414560.623993, -4292115.138386 1414491.799236, -4292095.807409 1414428.12761, -4292083.438176 1414384.351053, -4292076.146897 1414357.783157, -4292065.578647 1414318.99596, -4292056.098092 1414268.09257, -4292045.316516 1414223.179356, -4292037.445377 1414193.877264, -4292026.413327 1414152.902888, -4292012.636561 1414091.710536, -4291997.238263 1414047.662049, -4291976.051805 1413975.241123, -4291963.57824 1413932.858153, -4291951.884781 1413894.423827, -4291928.89489 1413832.899669, -4291917.186971 1413786.582806, -4291899.035614 1413726.318289, -4291888.255426 1413684.376137, -4291871.803528 1413636.436708, -4291862.233014 1413594.809472, -4291850.029754 1413546.426367, -4291840.671174 1413507.954005, -4291830.778797 1413474.509233, -4291822.237813 1413451.749209, -4291787.677941 1413367.193038, -4291778.412746 1413347.215183, -4291766.534982 1413318.420012, -4291752.943707 1413291.245291, -4291743.89889 1413270.420615, -4291734.23988 1413241.04064, -4291725.323583 1413203.845907, -4291713.667726 1413177.175111, -4291696.023581 1413142.745651, -4291683.855371 1413122.011974, -4291675.062613 1413100.219651, -4291664.441845 1413082.472118, -4291646.939759 1413058.412485, -4291626.352578 1413027.349979, -4291601.440704 1412992.061692, -4291563.68322 1412927.726423, -4291542.122412 1412884.527482, -4291528.662982 1412868.753345, -4291504.8423 1412849.119361, -4291490.860663 1412840.313044, -4291479.296667 1412829.165467, -4291449.656166 1412781.279966, -4291399.782497 1412715.857084, -4291346.997249 1412653.680027, -4291278.303221 1412578.191083, -4291223.888207 1412514.544167, -4291199.76678 1412486.33059, -4291226.169253 1412389.476764, -4291230.874178 1412371.304656, -4291320.219708 1412026.219845, -4291574.58993 1412093.990298, -4291712.26736 1412130.736149, -4291797.403774 1412151.995701, -4292094.268399 1412230.182973, -4292259.610021 1412274.776557, -4292433.554777 1412320.05984, -4292604.596409 1412364.587357, -4292785.798964 1412411.760089, -4292948.373327 1412454.083324, -4293108.286258 1412495.713711, -4293269.945934 1412538.573712, -4293430.395812 1412581.118903, -4293593.843362 1412624.056968, -4293752.967491 1412665.740348, -4293911.861529 1412709.301274, -4294071.226307 1412748.076611, -4294206.210956 1412784.250684, -4294215.404143 1412786.643964, -4294349.90493 1412822.692153, -4294558.455049 1412875.951073, -4294588.969328 1412883.765748, -4294779.343623 1412932.422175, -4294971.54713 1412999.37731, -4295985.89098 1413263.443631, -4296466.435087 1413389.807998, -4296638.142575 1413445.876609, -4296657.465918 1413452.465617, -4296732.110452 1413477.918031, -4296845.312734 1413513.703549, -4296919.220114 1413535.470225, -4296984.895978 1413550.041619, -4297055.611284 1413564.662019, -4297183.476315 1413588.499386, -4297192.335161 1413590.150935, -4297301.26038 1413608.403181, -4297316.19566 1413610.968988, -4297372.591612 1413620.657663, -4297656.538445 1413689.525996, -4297819.804182 1413729.503251, -4297908.571319 1413747.559827, -4297993.789569 1413764.69274, -4298128.171842 1413787.046067, -4298281.636612 1413816.655386, -4298296.458 1413819.515014, -4298409.951786 1413842.42728, -4298465.520726 1413852.133677, -4298651.380755 1413880.893754, -4298788.488895 1413902.109835, -4299029.687551 1413939.826824, -4299055.420866 1413943.850769, -4299031.687566 1414009.0345, -4299031.324454 1414010.031889, -4299008.185425 1414070.138392, -4298993.050883 1414111.404786, -4298959.665294 1414215.296412, -4298959.038966 1414217.245301, -4298929.355914 1414314.396544, -4298899.324817 1414409.907372, -4298886.499606 1414463.140922, -4298869.282762 1414525.305868, -4298857.124831 1414587.883868, -4298849.465972 1414646.078895, -4298849.16371 1414655.243574, -4298847.404539 1414708.572882, -4298851.849926 1414806.600857, -4298859.577364 1414885.075932, -4298868.022626 1414927.055973, -4298884.709372 1414982.031272, -4298935.530924 1415134.109881, -4298958.787151 1415202.548957, -4298978.975725 1415277.81003, -4298986.398985 1415315.778428, -4298994.096403 1415397.345479, -4298998.070054 1415456.502349, -4298998.248409 1415497.492896, -4298997.211084 1415526.284044, -4298992.777007 1415555.224265, -4298924.034841 1415844.085603, -4298878.581105 1416035.551815, -4298804.19356 1416350.06736, -4298723.373409 1416655.0449, -4298686.939483 1416792.529556, -4298643.267841 1416972.189432, -4298556.07869 1417303.13375, -4298517.658139 1417488.422922, -4298505.716011 1417603.754592, -4298499.342174 1417707.619695, -4298500.886505 1417767.177536, -4298521.28884 1417932.906725, -4298542.814262 1418135.99748, -4298554.733114 1418288.668727, -4298556.636412 1418392.492873, -4298557.782393 1418433.735222, -4298554.74601 1418502.950015, -4298548.300975 1418548.544964, -4298531.484982 1418613.139048, -4298509.013297 1418682.589731, -4298480.560795 1418759.1372, -4298453.682826 1418829.636532, -4298441.768896 1418854.562869, -4298417.431214 1418894.466572, -4298395.730302 1418928.211135, -4298380.828859 1418951.713922, -4298234.061823 1419201.921782, -4298188.132184 1419283.089785, -4298186.00749 1419286.774516, -4298146.52893 1419355.244188, -4297588.924983 1419194.791313, -4297387.549886 1419136.712805, -4296382.9736 1418852.571527, -4295972.148578 1418733.746271, -4295184.736423 1418505.999005, -4295037.996608 1418459.635679, -4294862.729371 1418404.259203, -4294739.999626 1418365.482214, -4294644.103225 1418332.035874, -4294566.051316 1418306.062213, -4294408.169699 1418266.374078, -4294209.772963 1418218.944599, -4293909.806278 1418147.23577, -4293867.142752 1418137.699909, -4293476.250851 1418050.331011, -4293468.313388 1418048.556802, -4293449.919954 1418044.040243, -4293428.182581 1418038.702583, -4293181.329877 1417978.086557, -4293139.827263 1417965.116041, -4293047.139622 1417936.194123))",92,91.3,239.75,2.1,100.58,30694.63,2240708.0,74,50,17,7
Auraria,107.0,102.0,5.0,60.0,42.0,0.0,0.0,0.0,705.0,3238.0,750123.0,186634.0,"POLYGON ((-4293074.137182 1419944.963152, -4293084.269019 1419897.095087, -4293086.828262 1419883.295376, -4293100.165686 1419824.124467, -4293107.897823 1419786.485074, -4293115.292159 1419746.174522, -4293124.043146 1419684.776425, -4293133.07734 1419622.289662, -4293140.394124 1419574.338378, -4293154.183598 1419493.586201, -4293170.827621 1419421.714402, -4293187.691949 1419348.995706, -4293194.124544 1419320.317487, -4293197.810004 1419287.307638, -4293202.48156 1419249.517329, -4293201.842269 1419212.281739, -4293199.439622 1419181.82015, -4293194.92948 1419143.576778, -4293191.307254 1419113.830938, -4293185.787926 1419076.487331, -4293181.401318 1419053.646407, -4293180.476209 1419033.385612, -4293177.145748 1418998.549348, -4293174.782934 1418963.964919, -4293175.361817 1418923.042491, -4293175.478423 1418882.90389, -4293171.432177 1418846.847888, -4293169.661821 1418798.080894, -4293165.827487 1418765.179908, -4293159.418015 1418735.225164, -4293148.510871 1418650.110199, -4293147.041938 1418635.907678, -4293142.685355 1418609.974643, -4293136.168316 1418575.471222, -4293130.902611 1418540.131018, -4293126.644348 1418500.9201, -4293124.019758 1418468.334047, -4293104.141919 1418342.264711, -4293103.676647 1418337.106431, -4293101.6093 1418325.201984, -4293099.046602 1418311.231277, -4293097.735082 1418296.423803, -4293096.887228 1418283.80364, -4293096.048071 1418267.1817, -4293089.482626 1418240.802851, -4293085.267899 1418225.239654, -4293082.957119 1418210.301265, -4293081.644119 1418192.522703, -4293081.884096 1418167.786223, -4293081.88064 1418140.015799, -4293082.472919 1418125.833338, -4293081.917191 1418108.122676, -4293080.362076 1418090.281008, -4293075.606158 1418064.889868, -4293071.863794 1418047.51228, -4293063.424378 1418017.416407, -4293053.832472 1417974.87953, -4293052.632518 1417967.944352, -4293047.139622 1417936.194123, -4293139.827263 1417965.116041, -4293181.329877 1417978.086557, -4293428.182581 1418038.702583, -4293449.919954 1418044.040243, -4293468.313388 1418048.556802, -4293476.250851 1418050.331011, -4293867.142752 1418137.699909, -4293909.806278 1418147.23577, -4294209.772963 1418218.944599, -4294408.169699 1418266.374078, -4294566.051316 1418306.062213, -4294644.103225 1418332.035874, -4294739.999626 1418365.482214, -4294862.729371 1418404.259203, -4295037.996608 1418459.635679, -4295184.736423 1418505.999005, -4295972.148578 1418733.746271, -4296382.9736 1418852.571527, -4297387.549886 1419136.712805, -4297588.924983 1419194.791313, -4298146.52893 1419355.244188, -4298117.487043 1419405.612871, -4298064.848015 1419487.746672, -4297986.548704 1419614.864397, -4297747.06768 1420021.760808, -4297691.630456 1420123.573432, -4297664.215247 1420171.329653, -4297651.446651 1420190.60871, -4297618.235206 1420235.822808, -4297581.88854 1420291.878138, -4297490.477521 1420432.85683, -4297438.619755 1420500.082153, -4297392.207354 1420562.266821, -4297389.763235 1420566.466441, -4297368.837436 1420602.422466, -4297340.815669 1420656.478809, -4297322.35155 1420706.565384, -4297287.978902 1420805.853863, -4297251.155917 1420926.461683, -4297188.800762 1421116.368963, -4297167.309469 1421190.983115, -4297141.077774 1421291.745141, -4297123.348579 1421359.847088, -4297107.28394 1421412.624827, -4297077.149975 1421512.500124, -4297046.679553 1421612.675218, -4297016.220449 1421709.923903, -4296996.183761 1421773.896519, -4296911.806012 1422027.559261, -4296877.338909 1422127.21058, -4296819.705235 1422274.174197, -4296776.800779 1422368.529062, -4296754.650408 1422407.968816, -4296719.203259 1422461.771199, -4296704.247306 1422481.514123, -4296696.143772 1422491.803881, -4296675.12976 1422511.002955, -4296630.00647 1422543.428832, -4296569.740989 1422580.437351, -4296536.779434 1422599.884249, -4296509.263552 1422614.290822, -4296444.28939 1422636.6408, -4296184.218834 1422734.648961, -4296155.806528 1422744.559962, -4296137.393248 1422748.807551, -4296117.571229 1422754.49678, -4296095.129684 1422758.341553, -4296036.51411 1422772.143053, -4295989.552567 1422787.816145, -4295926.46536 1422818.794534, -4295844.442569 1422860.988294, -4295742.301936 1422926.876785, -4295677.100931 1422978.874652, -4295545.082343 1423068.24182, -4295518.097562 1423093.506968, -4295490.703455 1423120.344731, -4295472.128595 1423138.112211, -4295438.843931 1423162.770461, -4295412.224046 1423181.672704, -4295365.9526 1423210.570681, -4295241.069975 1423289.396143, -4295183.063339 1423321.69702, -4295139.072313 1423346.797294, -4295053.423552 1423393.988494, -4295020.313223 1423410.038498, -4294972.82629 1423426.737248, -4294940.471756 1423439.884144, -4294885.79054 1423476.279828, -4294789.616559 1423541.554744, -4294757.462485 1423563.37882, -4294742.145622 1423576.569601, -4294731.445328 1423588.89585, -4294707.605661 1423614.979697, -4294663.811053 1423654.209519, -4294634.02618 1423674.354263, -4294612.503829 1423686.575485, -4294516.234843 1423737.84748, -4294485.744226 1423755.741894, -4294469.067319 1423762.2499, -4294458.119213 1423762.628766, -4294429.026739 1423758.28406, -4294403.079192 1423754.758081, -4294381.960262 1423753.522488, -4294366.271884 1423755.418979, -4294356.888884 1423756.553467, -4294357.628638 1423753.206734, -4294362.691687 1423730.294498, -4294366.307194 1423704.499502, -4294373.629978 1423668.432615, -4294375.761844 1423620.552391, -4294377.112518 1423587.58053, -4294373.556786 1423522.849417, -4294372.874068 1423461.966165, -4294375.730269 1423411.303883, -4294381.695623 1423352.667896, -4294381.228302 1423322.710156, -4294378.27172 1423299.337433, -4294374.348975 1423278.683716, -4294364.628485 1423252.516712, -4294333.141339 1423191.880396, -4294324.300079 1423178.212621, -4294313.068095 1423157.85184, -4294287.848391 1423116.800505, -4294262.299379 1423069.076016, -4294234.140661 1423018.476517, -4294204.760753 1422965.621836, -4294162.668842 1422898.091474, -4294124.029873 1422837.143182, -4294109.240423 1422811.594149, -4294097.355974 1422792.026939, -4294078.862947 1422761.579391, -4294043.253029 1422700.903103, -4293992.863658 1422613.646763, -4293966.936704 1422567.374081, -4293948.568354 1422535.7268, -4293924.420968 1422493.533669, -4293888.811082 1422432.857239, -4293815.7732 1422314.518717, -4293783.238307 1422261.875786, -4293758.154643 1422219.309801, -4293724.471625 1422163.139054, -4293691.260974 1422105.153825, -4293589.478996 1421943.425539, -4293555.018728 1421889.248126, -4293520.920215 1421822.765515, -4293481.85135 1421743.622795, -4293455.452218 1421699.164399, -4293443.000447 1421679.519483, -4293409.741313 1421629.658783, -4293386.803361 1421587.780564, -4293355.26773 1421535.268699, -4293327.492919 1421495.101989, -4293298.024435 1421454.494513, -4293250.88205 1421382.549502, -4293231.27124 1421347.73716, -4293198.525914 1421294.910449, -4293177.222962 1421262.628363, -4293148.510333 1421219.117737, -4293132.016005 1421191.187283, -4293096.56592 1421114.019891, -4293086.845466 1421087.85297, -4293077.698818 1421052.535769, -4293066.379967 1420984.879698, -4293050.115589 1420933.243488, -4293042.2471 1420888.055353, -4293035.840633 1420801.528937, -4293033.591353 1420783.377568, -4293024.423214 1420747.150656, -4293020.54046 1420722.374325, -4293015.059222 1420684.195259, -4293015.031205 1420684.000089, -4293011.859212 1420629.701771, -4293010.00038 1420593.182029, -4293008.439315 1420563.456172, -4293005.452889 1420543.175444, -4293000.138485 1420515.959729, -4292995.286451 1420487.960268, -4292990.576533 1420470.330803, -4292983.003282 1420447.822639, -4292979.537544 1420373.815433, -4292980.531781 1420343.204906, -4292981.032127 1420313.498991, -4292985.40338 1420284.800854, -4292990.158437 1420266.535501, -4292994.031788 1420251.656998, -4293043.44378 1420089.636964, -4293052.813438 1420045.707447, -4293074.137182 1419944.963152))",5,100.0,229.72,1.8,127.62,27151.8,135759.0,5,3,1,1
Cory - Merrill,1814.0,1792.0,22.0,1535.0,257.0,0.0,0.0,0.0,4341.0,2573.0,933657.0,154961.0,"POLYGON ((-4281287.578699 1398115.029966, -4281344.89813 1397888.286645, -4281327.698718 1397883.938706, -4281328.259381 1397881.809697, -4281490.025935 1397240.945154, -4281657.294301 1396602.435258, -4281814.120849 1395962.655366, -4281984.038922 1395318.73665, -4282157.200384 1394683.915529, -4282232.587565 1394404.518636, -4282267.645605 1394244.111937, -4282357.744701 1393888.091992, -4282384.923307 1393780.171147, -4282392.377172 1393750.09449, -4282399.76526 1393721.569426, -4282473.458678 1393772.349038, -4282538.02243 1393816.837689, -4282711.687289 1393924.697689, -4282992.325129 1394101.772468, -4283169.971015 1394208.893681, -4283453.126266 1394390.606353, -4283777.063215 1394575.281929, -4283955.422189 1394665.768016, -4284212.811757 1394781.722967, -4284413.386275 1394862.083889, -4284675.047533 1394952.228919, -4284804.206304 1394991.971425, -4284871.960962 1395010.670079, -4284946.462053 1395031.230578, -4285117.032846 1395078.303972, -4285803.270642 1395253.280314, -4286280.38232 1395370.91503, -4287118.058678 1395582.264783, -4287358.806858 1395644.370509, -4287346.61639 1395692.722296, -4287332.414296 1395747.908387, -4287321.373305 1395790.811287, -4287210.961748 1396223.130701, -4287095.410637 1396621.45659, -4286922.688615 1397253.500637, -4286755.122234 1397903.545576, -4286592.110568 1398544.16135, -4286428.050605 1399183.294095, -4286261.644414 1399820.524187, -4285929.364943 1399736.476573, -4285618.374154 1399657.970426, -4285307.740178 1399577.103417, -4284993.27846 1399497.048163, -4284678.470242 1399418.323633, -4284361.390217 1399339.395047, -4284045.233446 1399255.927983, -4283724.807833 1399174.966138, -4283404.980548 1399091.706004, -4283089.43512 1399010.852246, -4282773.606159 1398931.087043, -4282457.777244 1398851.321954, -4282135.457761 1398768.704647, -4281818.419136 1398688.624765, -4281506.575405 1398607.443132, -4281352.300483 1398568.960272, -4281183.573167 1398526.456515, -4281287.578699 1398115.029966))",21,95.24,335.6,2.76,92.58,25588.88,409422.0,21,14,4,3
Belcaro,3367.0,3025.0,342.0,1952.0,1073.0,0.0,56.0,0.0,6157.0,2765.0,1278282.0,154895.0,"POLYGON ((-4279841.997651 1403820.772042, -4279880.696646 1403647.308361, -4280532.637934 1401083.46234, -4281079.376845 1398935.637743, -4280896.607614 1398890.511912, -4280878.721221 1398959.219118, -4280479.102671 1398859.966267, -4280593.448691 1398410.804143, -4280863.311668 1398478.602796, -4280871.530563 1398447.031456, -4281159.917967 1398521.073359, -4281183.573167 1398526.456515, -4281352.300483 1398568.960272, -4281506.575405 1398607.443132, -4281818.419136 1398688.624765, -4282135.457761 1398768.704647, -4282457.777244 1398851.321954, -4282773.606159 1398931.087043, -4283089.43512 1399010.852246, -4283404.980548 1399091.706004, -4283724.807833 1399174.966138, -4284045.233446 1399255.927983, -4284361.390217 1399339.395047, -4284678.470242 1399418.323633, -4284993.27846 1399497.048163, -4285307.740178 1399577.103417, -4285618.374154 1399657.970426, -4285929.364943 1399736.476573, -4286261.644414 1399820.524187, -4286100.930012 1400461.690006, -4285936.904558 1401106.643591, -4285776.304823 1401745.38497, -4285619.12795 1402393.800274, -4285449.081443 1403028.144783, -4285299.17076 1403611.933529, -4285285.371073 1403671.888321, -4285122.825866 1404311.156057, -4284971.396194 1404885.895345, -4284941.811285 1404947.940571, -4284950.084104 1404976.21528, -4284901.952237 1405166.401024, -4284788.412775 1405605.232331, -4284695.100474 1405965.885954, -4284678.653154 1406029.454771, -4284648.695109 1406149.511974, -4284578.175397 1406432.119255, -4284547.828017 1406553.736155, -4284452.761144 1406542.730372, -4284433.618733 1406540.846749, -4284406.356944 1406538.399844, -4284362.720356 1406536.339423, -4284312.561623 1406531.548058, -4284276.486121 1406528.226985, -4284210.380258 1406517.217664, -4284150.166543 1406511.358351, -4284121.095412 1406507.923507, -4284082.116929 1406503.846762, -4284051.100292 1406500.938713, -4284011.132538 1406495.70041, -4283956.679032 1406483.591267, -4283919.180499 1406473.829312, -4283843.0896 1406454.537186, -4283813.806499 1406447.947214, -4283793.978582 1406441.752167, -4283760.188785 1406424.689463, -4283730.228374 1406409.785981, -4283708.978965 1406400.120948, -4283660.915465 1406379.342445, -4283632.41813 1406366.757378, -4283610.452922 1406355.872568, -4283585.205095 1406342.712635, -4283563.955442 1406333.047597, -4283529.360015 1406324.041409, -4283501.296533 1406316.735674, -4283486.317172 1406310.769526, -4283461.942474 1406298.224436, -4283442.416481 1406285.908262, -4283397.012802 1406262.851333, -4283362.033357 1406243.412232, -4283320.995933 1406223.4295, -4283302.77547 1406214.036265, -4283279.840921 1406199.928724, -4283250.2539 1406174.660357, -4283215.282972 1406151.219672, -4283184.890229 1406134.007889, -4283148.157414 1406120.312311, -4283128.581217 1406113.149456, -4283105.616812 1406102.133772, -4283079.770595 1406091.272138, -4283062.643893 1406081.647103, -4283042.905856 1406066.175781, -4283027.123153 1406052.380023, -4282997.827933 1406022.021311, -4282962.977043 1405986.212345, -4282928.16612 1405946.280551, -4282897.901738 1405912.698776, -4282861.125493 1405875.355301, -4282840.20641 1405853.50611, -4282816.473959 1405821.624766, -4282807.032827 1405807.284144, -4282792.605695 1405791.25804, -4282771.727974 1405768.257108, -4282752.200328 1405752.969878, -4282703.077356 1405716.416038, -4282678.00544 1405697.618792, -4282657.289683 1405682.926361, -4282632.429667 1405667.284153, -4282613.105663 1405659.153707, -4282581.03935 1405639.439643, -4282568.993026 1405631.137253, -4282552.166595 1405612.42003, -4282536.127403 1405590.678783, -4282529.431969 1405577.698576, -4282515.242201 1405552.822223, -4282490.488665 1405498.07198, -4282470.707082 1405458.9529, -4282457.185785 1405424.563425, -4282438.884167 1405379.759136, -4282421.955822 1405346.549317, -4282414.926318 1405317.982962, -4282394.640918 1405280.799256, -4282382.934934 1405259.281967, -4282370.978508 1405241.703227, -4282364.496585 1405234.849411, -4282335.875694 1405206.862006, -4282323.415417 1405191.218707, -4282312.859198 1405176.200389, -4282296.472093 1405152.818463, -4282268.325101 1405125.98777, -4282249.08945 1405105.609866, -4282237.173049 1405083.908576, -4282233.974414 1405060.472702, -4282240.704915 1405038.588416, -4282238.597372 1405030.806692, -4282237.087435 1405030.054557, -4282221.218782 1405022.149504, -4282207.205564 1405013.464075, -4282184.228916 1404978.679786, -4282154.296486 1404935.884734, -4282142.340003 1404918.306206, -4282114.726927 1404886.448045, -4282096.468918 1404865.291459, -4282082.143191 1404841.929611, -4282069.983348 1404817.194145, -4282061.694417 1404793.466482, -4282055.490755 1404754.782189, -4282055.407128 1404735.257189, -4282053.760191 1404701.892262, -4282050.309598 1404679.424155, -4282047.566415 1404662.177427, -4282040.708956 1404640.88893, -4282025.340595 1404593.748318, -4282015.571504 1404575.705813, -4282004.299319 1404559.467767, -4281987.786446 1404536.569808, -4281969.780209 1404514.445499, -4281961.44285 1404498.842323, -4281954.655332 1404470.338961, -4281949.057537 1404444.212002, -4281938.541113 1404425.070846, -4281915.638097 1404410.842204, -4281887.150687 1404397.226394, -4281874.650518 1404385.705983, -4281855.540765 1404364.844373, -4281836.063187 1404344.40349, -4281823.380988 1404326.636114, -4281807.64222 1404295.802413, -4281341.955103 1404175.474921, -4281177.561104 1404133.195392, -4281012.651753 1404090.91065, -4280851.644563 1404049.512589, -4280684.10557 1404006.414105, -4280518.934267 1403966.127874, -4280353.762791 1403925.841436, -4280254.12074 1403889.953345, -4280028.609147 1403822.798448, -4279906.611879 1403799.487106, -4279841.997651 1403820.772042))",14,85.71,472.83,2.69,135.09,31308.8,313088.0,13,10,3,0
Washington Park,3771.0,3529.0,242.0,2895.0,634.0,33.0,0.0,0.0,8030.0,2411.0,1146968.0,216737.0,"POLYGON ((-4284547.828017 1406553.736155, -4284578.175397 1406432.119255, -4284648.695109 1406149.511974, -4284678.653154 1406029.454771, -4284695.100474 1405965.885954, -4284788.412775 1405605.232331, -4284901.952237 1405166.401024, -4284950.084104 1404976.21528, -4284941.811285 1404947.940571, -4284971.396194 1404885.895345, -4285122.825866 1404311.156057, -4285285.371073 1403671.888321, -4285299.17076 1403611.933529, -4285449.081443 1403028.144783, -4285619.12795 1402393.800274, -4285776.304823 1401745.38497, -4285936.904558 1401106.643591, -4286100.930012 1400461.690006, -4286261.644414 1399820.524187, -4286428.050605 1399183.294095, -4286592.110568 1398544.16135, -4286755.122234 1397903.545576, -4286922.688615 1397253.500637, -4287095.410637 1396621.45659, -4287210.961748 1396223.130701, -4287321.373305 1395790.811287, -4287332.414296 1395747.908387, -4287346.61639 1395692.722296, -4287358.806858 1395644.370509, -4287522.656804 1395686.638793, -4287828.513394 1395764.890126, -4287981.895603 1395817.38365, -4288090.696895 1395860.597825, -4288210.532766 1395916.27091, -4288349.642857 1395997.340842, -4288481.806929 1396086.6541, -4288610.531761 1396192.753958, -4288706.436101 1396281.934118, -4288856.971516 1396436.520952, -4289517.468279 1397141.718087, -4289612.660339 1397242.983559, -4289666.18954 1397299.927891, -4289911.069799 1397560.432025, -4290681.705752 1398377.363611, -4290714.143686 1398411.749101, -4290696.401928 1398474.163664, -4290656.59719 1398640.672116, -4290632.052493 1398737.762089, -4290597.211135 1398874.211882, -4290428.930549 1399522.228866, -4290269.272674 1400148.921133, -4290095.911992 1400802.940003, -4289936.972983 1401420.414821, -4289935.514924 1401448.838276, -4289773.382356 1402073.618811, -4289605.448602 1402727.629391, -4289442.259938 1403364.405108, -4289278.199566 1404003.537029, -4289115.297352 1404645.165937, -4288954.012612 1405282.566207, -4288795.874532 1405923.756117, -4288757.059813 1406077.815216, -4288634.853277 1406562.128791, -4288470.940576 1407201.686011, -4288403.527635 1407184.782571, -4288241.570265 1407822.781881, -4288111.177637 1408341.516739, -4288116.136684 1408414.750442, -4288101.872739 1408488.894163, -4288073.981535 1408472.489782, -4288044.808494 1408454.562217, -4288027.809887 1408444.561562, -4288007.398295 1408432.552925, -4287979.918753 1408415.066305, -4287964.96925 1408406.008112, -4287814.937978 1408314.511054, -4287750.638113 1408276.718607, -4287730.608213 1408266.337836, -4287707.705231 1408252.109166, -4287675.143576 1408230.328814, -4287639.408513 1408213.79291, -4287617.473073 1408199.816121, -4287589.538097 1408176.140454, -4287564.951677 1408160.440213, -4287533.609711 1408137.944118, -4287514.571419 1408112.838794, -4287491.474971 1408090.422667, -4287480.900218 1408080.436596, -4287464.025358 1408069.843911, -4287439.629294 1408056.388963, -4287415.334722 1408035.598293, -4287378.720374 1408006.563197, -4287357.802722 1407987.685039, -4287332.045106 1407964.57598, -4287321.984088 1407951.624021, -4287307.51104 1407927.836241, -4287289.998751 1407904.80723, -4287274.21161 1407882.098178, -4287258.896798 1407857.57478, -4287245.547412 1407830.462959, -4287229.172907 1407790.164301, -4287212.78834 1407750.896272, -4287192.803311 1407704.620448, -4287179.493833 1407673.38597, -4287165.478713 1407639.90109, -4287153.570764 1407614.198086, -4287140.00081 1407587.932943, -4287125.991784 1407566.332644, -4287105.536384 1407546.670595, -4287087.349879 1407521.270384, -4287074.938207 1407497.502684, -4287065.883355 1407477.708663, -4287056.202798 1407447.418976, -4287052.834363 1407438.873461, -4287036.28931 1407396.899336, -4287013.133337 1407339.981632, -4287008.675233 1407321.384432, -4286998.764164 1407292.972176, -4286989.799361 1407263.901918, -4286976.499899 1407231.636685, -4286963.946257 1407197.499099, -4286949.175144 1407166.91753, -4286933.436529 1407136.083921, -4286921.306669 1407108.256312, -4286906.833488 1407084.468723, -4286877.948866 1407033.680161, -4286839.979422 1406966.189781, -4286802.021877 1406922.468021, -4286779.036817 1406891.685482, -4286751.724126 1406850.73495, -4286719.604475 1406808.40397, -4286689.814009 1406775.978931, -4286668.462482 1406751.821286, -4286643.510529 1406720.655781, -4286617.071079 1406680.320159, -4286596.483703 1406649.25754, -4286578.517727 1406623.010548, -4286567.033644 1406603.617467, -4286552.668072 1406584.378423, -4286532.0109 1406560.530651, -4286510.155537 1406538.308375, -4286487.270836 1406519.047232, -4286465.809407 1406506.22719, -4286454.690868 1406502.299363, -4286436.092474 1406494.357871, -4286415.306869 1406486.88023, -4286406.123629 1406483.456219, -4286391.859949 1406478.709714, -4286378.100216 1406472.027698, -4286369.02142 1406467.210221, -4286355.291669 1406457.43623, -4286337.952897 1406444.656172, -4286321.32984 1406433.095627, -4286304.657019 1406426.688666, -4286283.83136 1406423.333664, -4286263.933441 1406424.353378, -4286232.876874 1406425.568042, -4286204.512952 1406427.354436, -4286184.856954 1406428.43713, -4286156.209727 1406431.312358, -4286131.202913 1406437.072563, -4286112.736476 1406440.531619, -4286085.984641 1406448.03332, -4286044.028937 1406463.330683, -4286010.696634 1406477.256465, -4285981.245063 1406491.159269, -4285958.112143 1406500.636479, -4285940.846911 1406508.412066, -4285932.813394 1406511.487093, -4285914.38699 1406510.823373, -4285902.018794 1406510.703498, -4285888.924813 1406510.394548, -4285869.018368 1406515.416092, -4285852.951212 1406521.566039, -4285831.321383 1406529.238811, -4285795.174335 1406530.161616, -4285759.995136 1406531.336286, -4285732.936845 1406536.045819, -4285714.430394 1406543.627656, -4285673.236582 1406567.906184, -4285645.680473 1406586.435706, -4285625.97592 1406595.64278, -4285614.031574 1406601.83292, -4285593.881793 1406603.820411, -4285567.231365 1406603.986425, -4285537.868339 1406605.641894, -4285499.28204 1406607.996131, -4285452.521845 1406606.026857, -4285399.380078 1406608.725095, -4285355.956753 1406612.79097, -4285336.890515 1406615.577022, -4285314.049511 1406619.963841, -4285282.016842 1406624.928374, -4285237.846242 1406627.895388, -4285189.322652 1406632.700048, -4285151.240202 1406633.11894, -4285123.632156 1406632.002395, -4285094.087144 1406627.410762, -4285067.581193 1406622.060462, -4285037.0685 1406617.21697, -4285006.303821 1406613.34107, -4284979.883809 1406611.629726, -4284950.338854 1406607.038165, -4284915.713443 1406601.124033, -4284875.051271 1406595.575795, -4284836.041137 1406591.619972, -4284800.196058 1406586.421572, -4284781.75977 1406586.788607, -4284767.078149 1406587.616325, -4284754.206086 1406589.431739, -4284736.778932 1406588.898914, -4284718.846438 1406587.330512, -4284691.962635 1406583.431654, -4284668.011939 1406577.196589, -4284654.755891 1406568.579191, -4284624.253153 1406562.705122, -4284598.327092 1406560.088934, -4284573.378711 1406556.693998, -4284553.911312 1406554.440348, -4284547.828017 1406553.736155))",40,95.0,303.15,2.08,123.51,36236.55,1195806.0,36,23,8,5
Washington Park West,4329.0,4154.0,175.0,2395.0,1759.0,49.0,37.0,48.0,7847.0,2168.0,943765.0,144841.0,"POLYGON ((-4290714.143686 1398411.749101, -4290745.217733 1398444.691104, -4290755.642897 1398455.742415, -4291014.09355 1398735.528389, -4291111.227797 1398851.029999, -4291242.443626 1399033.141618, -4291319.600805 1399156.07267, -4291445.290425 1399388.914455, -4291702.592876 1399909.298314, -4291886.497525 1400281.238056, -4291888.227543 1400284.73699, -4291947.530436 1400401.672147, -4292038.453512 1400580.957048, -4292114.996152 1400723.575348, -4292271.930379 1400994.02638, -4292295.643048 1401038.089728, -4292462.337107 1401361.150795, -4292499.19281 1401433.871696, -4292649.424817 1401472.756131, -4292972.850894 1401540.274057, -4293279.976244 1401620.224734, -4293593.034764 1401700.909937, -4293922.825766 1401787.068971, -4293613.754508 1403053.462863, -4293602.306386 1403100.370477, -4293540.111073 1403336.301865, -4293526.378241 1403396.832895, -4293524.392946 1403426.995239, -4293520.936658 1403479.504341, -4293513.153049 1403523.091947, -4293497.08378 1403593.031173, -4293482.815375 1403661.971921, -4293477.207055 1403689.069006, -4293455.59674 1403735.365424, -4293398.977149 1403912.171917, -4293335.117444 1404163.427615, -4293288.052128 1404349.179115, -4293140.849027 1405006.907185, -4292996.498551 1405648.716022, -4292907.666355 1405974.066999, -4292828.091596 1406282.712108, -4292742.610338 1406600.1525, -4292658.278841 1406924.091825, -4292491.518549 1406881.970589, -4292329.354936 1406841.045869, -4292168.71579 1406799.226512, -4292009.528381 1406757.785095, -4291851.224039 1406715.927867, -4291688.565048 1406672.936902, -4291530.103256 1406631.684406, -4291353.013299 1406585.58243, -4291177.762491 1406537.37595, -4291175.5852 1406536.809135, -4291169.295124 1406535.171634, -4291013.788009 1406492.492651, -4290860.585622 1406452.867683, -4290700.819761 1406411.663217, -4290541.884113 1406369.254135, -4290386.335574 1406327.726828, -4290233.111632 1406287.1921, -4290075.291189 1406245.460825, -4289915.725651 1406205.471033, -4289754.708743 1406165.103411, -4289594.690959 1406124.86658, -4289435.125557 1406084.876843, -4289276.075418 1406044.892083, -4289114.364123 1406004.214418, -4288952.442347 1405963.35293, -4288795.874532 1405923.756117, -4288954.012612 1405282.566207, -4289115.297352 1404645.165937, -4289278.199566 1404003.537029, -4289442.259938 1403364.405108, -4289605.448602 1402727.629391, -4289773.382356 1402073.618811, -4289935.514924 1401448.838276, -4289936.972983 1401420.414821, -4290095.911992 1400802.940003, -4290269.272674 1400148.921133, -4290428.930549 1399522.228866, -4290597.211135 1398874.211882, -4290632.052493 1398737.762089, -4290656.59719 1398640.672116, -4290696.401928 1398474.163664, -4290714.143686 1398411.749101))",68,92.65,272.52,1.98,144.28,27465.81,1730346.0,53,35,8,10
Speer,9333.0,8616.0,717.0,2491.0,6125.0,29.0,37.0,28.0,12968.0,1885.0,658692.0,99721.0,"POLYGON ((-4288101.872739 1408488.894163, -4288116.136684 1408414.750442, -4288111.177637 1408341.516739, -4288241.570265 1407822.781881, -4288403.527635 1407184.782571, -4288470.940576 1407201.686011, -4288634.853277 1406562.128791, -4288757.059813 1406077.815216, -4288795.874532 1405923.756117, -4288952.442347 1405963.35293, -4289114.364123 1406004.214418, -4289276.075418 1406044.892083, -4289435.125557 1406084.876843, -4289594.690959 1406124.86658, -4289754.708743 1406165.103411, -4289915.725651 1406205.471033, -4290075.291189 1406245.460825, -4290233.111632 1406287.1921, -4290386.335574 1406327.726828, -4290541.884113 1406369.254135, -4290700.819761 1406411.663217, -4290860.585622 1406452.867683, -4291013.788009 1406492.492651, -4291169.295124 1406535.171634, -4291175.5852 1406536.809135, -4291177.762491 1406537.37595, -4291353.013299 1406585.58243, -4291530.103256 1406631.684406, -4291688.565048 1406672.936902, -4291851.224039 1406715.927867, -4292009.528381 1406757.785095, -4292168.71579 1406799.226512, -4292329.354936 1406841.045869, -4292491.518549 1406881.970589, -4292658.278841 1406924.091825, -4292565.623362 1407259.167734, -4292484.976249 1407568.95438, -4292401.809908 1407888.418042, -4292319.575165 1408199.341303, -4292235.396741 1408513.762285, -4292193.030528 1408674.517465, -4292151.882497 1408831.585549, -4292073.382733 1409145.030813, -4291990.677361 1409460.739542, -4291900.115367 1409817.542488, -4291745.68653 1410370.059944, -4291612.392964 1410934.666549, -4291467.667457 1411499.526004, -4291394.872582 1411759.304429, -4291320.219708 1412026.219845, -4291230.874178 1412371.304656, -4291226.169253 1412389.476764, -4291199.76678 1412486.33059, -4291167.770056 1412602.88856, -4290822.574632 1412515.864863, -4290479.829968 1412429.350341, -4290133.141537 1412343.100445, -4289957.839568 1412297.076527, -4289790.763204 1412253.193939, -4289623.907251 1412208.46462, -4289457.745603 1412164.045075, -4289130.021838 1412082.345097, -4288971.865156 1412040.91376, -4288812.530304 1411999.046491, -4288482.102356 1411914.834373, -4288166.918773 1411840.53213, -4287851.206749 1411761.313424, -4287532.591703 1411681.338926, -4287375.50869 1411641.737136, -4287220.87655 1411602.644165, -4287367.379939 1410998.207883, -4287532.592194 1410349.689942, -4287691.418792 1409718.754645, -4287846.050388 1409110.880156, -4287862.656359 1409067.930102, -4287892.523775 1409023.6538, -4287935.534916 1408974.532795, -4287971.889858 1408927.166167, -4288009.535356 1408853.011747, -4288015.54954 1408832.81935, -4288070.74109 1408615.91914, -4288081.017437 1408597.282636, -4288101.872739 1408488.894163))",136,95.59,179.86,1.66,109.82,25398.31,3225586.0,108,76,23,9
Cherry Creek,5281.0,4505.0,776.0,2005.0,2499.0,178.0,210.0,27.0,7039.0,2398.0,1172531.0,137433.0,"POLYGON ((-4279841.997651 1403820.772042, -4279906.611879 1403799.487106, -4280028.609147 1403822.798448, -4280254.12074 1403889.953345, -4280353.762791 1403925.841436, -4280518.934267 1403966.127874, -4280684.10557 1404006.414105, -4280851.644563 1404049.512589, -4281012.651753 1404090.91065, -4281177.561104 1404133.195392, -4281341.955103 1404175.474921, -4281807.64222 1404295.802413, -4281823.380988 1404326.636114, -4281836.063187 1404344.40349, -4281855.540765 1404364.844373, -4281874.650518 1404385.705983, -4281887.150687 1404397.226394, -4281915.638097 1404410.842204, -4281938.541113 1404425.070846, -4281949.057537 1404444.212002, -4281954.655332 1404470.338961, -4281961.44285 1404498.842323, -4281969.780209 1404514.445499, -4281987.786446 1404536.569808, -4282004.299319 1404559.467767, -4282015.571504 1404575.705813, -4282025.340595 1404593.748318, -4282040.708956 1404640.88893, -4282047.566415 1404662.177427, -4282050.309598 1404679.424155, -4282053.760191 1404701.892262, -4282055.407128 1404735.257189, -4282055.490755 1404754.782189, -4282061.694417 1404793.466482, -4282069.983348 1404817.194145, -4282082.143191 1404841.929611, -4282096.468918 1404865.291459, -4282114.726927 1404886.448045, -4282142.340003 1404918.306206, -4282154.296486 1404935.884734, -4282184.228916 1404978.679786, -4282207.205564 1405013.464075, -4282221.218782 1405022.149504, -4282237.087435 1405030.054557, -4282238.597372 1405030.806692, -4282240.704915 1405038.588416, -4282233.974414 1405060.472702, -4282237.173049 1405083.908576, -4282249.08945 1405105.609866, -4282268.325101 1405125.98777, -4282296.472093 1405152.818463, -4282312.859198 1405176.200389, -4282323.415417 1405191.218707, -4282335.875694 1405206.862006, -4282364.496585 1405234.849411, -4282370.978508 1405241.703227, -4282382.934934 1405259.281967, -4282394.640918 1405280.799256, -4282414.926318 1405317.982962, -4282421.955822 1405346.549317, -4282438.884167 1405379.759136, -4282457.185785 1405424.563425, -4282470.707082 1405458.9529, -4282490.488665 1405498.07198, -4282515.242201 1405552.822223, -4282529.431969 1405577.698576, -4282536.127403 1405590.678783, -4282552.166595 1405612.42003, -4282568.993026 1405631.137253, -4282581.03935 1405639.439643, -4282613.105663 1405659.153707, -4282632.429667 1405667.284153, -4282657.289683 1405682.926361, -4282678.00544 1405697.618792, -4282703.077356 1405716.416038, -4282752.200328 1405752.969878, -4282771.727974 1405768.257108, -4282792.605695 1405791.25804, -4282807.032827 1405807.284144, -4282816.473959 1405821.624766, -4282840.20641 1405853.50611, -4282861.125493 1405875.355301, -4282897.901738 1405912.698776, -4282928.16612 1405946.280551, -4282962.977043 1405986.212345, -4282997.827933 1406022.021311, -4283027.123153 1406052.380023, -4283042.905856 1406066.175781, -4283062.643893 1406081.647103, -4283079.770595 1406091.272138, -4283105.616812 1406102.133772, -4283128.581217 1406113.149456, -4283148.157414 1406120.312311, -4283184.890229 1406134.007889, -4283215.282972 1406151.219672, -4283250.2539 1406174.660357, -4283279.840921 1406199.928724, -4283302.77547 1406214.036265, -4283320.995933 1406223.4295, -4283362.033357 1406243.412232, -4283397.012802 1406262.851333, -4283442.416481 1406285.908262, -4283461.942474 1406298.224436, -4283486.317172 1406310.769526, -4283501.296533 1406316.735674, -4283529.360015 1406324.041409, -4283563.955442 1406333.047597, -4283585.205095 1406342.712635, -4283610.452922 1406355.872568, -4283632.41813 1406366.757378, -4283660.915465 1406379.342445, -4283708.978965 1406400.120948, -4283730.228374 1406409.785981, -4283760.188785 1406424.689463, -4283793.978582 1406441.752167, -4283813.806499 1406447.947214, -4283843.0896 1406454.537186, -4283919.180499 1406473.829312, -4283956.679032 1406483.591267, -4284011.132538 1406495.70041, -4284051.100292 1406500.938713, -4284082.116929 1406503.846762, -4284121.095412 1406507.923507, -4284150.166543 1406511.358351, -4284210.380258 1406517.217664, -4284276.486121 1406528.226985, -4284312.561623 1406531.548058, -4284362.720356 1406536.339423, -4284406.356944 1406538.399844, -4284433.618733 1406540.846749, -4284452.761144 1406542.730372, -4284547.828017 1406553.736155, -4284511.05134 1406701.118747, -4284324.040792 1407447.63576, -4284307.336422 1407502.798839, -4284295.962628 1407540.388419, -4284245.740329 1407891.654328, -4284104.668661 1408442.482375, -4283966.259718 1408996.974382, -4283828.062573 1409554.621299, -4283754.570522 1409848.833457, -4283824.096864 1409947.91718, -4283855.543888 1409990.847878, -4283879.418059 1410033.098969, -4283889.802928 1410062.667954, -4283893.634364 1410089.626641, -4283890.518747 1410126.401834, -4283732.637051 1410087.883465, -4283693.918948 1410078.837582, -4283539.192074 1410040.107191, -4283360.46164 1409994.353486, -4283259.147452 1409968.75341, -4283202.684327 1409954.441885, -4283102.369504 1409928.972828, -4283039.3427 1409913.081757, -4282945.04445 1409889.308216, -4282875.338274 1409871.29083, -4282787.908354 1409848.917759, -4282708.977563 1409828.62811, -4282627.690346 1409807.4667, -4282542.164372 1409785.718454, -4282469.975965 1409767.31329, -4282379.096257 1409744.300465, -4282312.945903 1409728.500354, -4282216.743732 1409704.101962, -4282156.441159 1409688.661785, -4282049.110501 1409661.366313, -4281887.261805 1409619.232454, -4281842.263554 1409607.518119, -4281721.30052 1409576.027977, -4281557.474948 1409534.542003, -4281525.719692 1409526.533519, -4281390.746273 1409492.300181, -4281225.227431 1409450.373321, -4281208.744901 1409446.211691, -4281121.252063 1409424.080595, -4281061.643828 1409408.950359, -4280983.501558 1409388.607704, -4280897.975769 1409366.859618, -4280832.803017 1409350.280765, -4280731.278597 1409324.496859, -4280682.303579 1409310.197318, -4280404.005486 1409240.073272, -4280239.727568 1409198.340353, -4280232.438302 1409196.571994, -4280074.208519 1409156.413639, -4279932.06182 1409120.958746, -4279781.447953 1409083.299692, -4279633.052649 1409045.055689, -4279481.512382 1409005.99299, -4279334.084847 1408968.000937, -4279251.525029 1408946.766546, -4279187.14115 1408930.134789, -4279085.101207 1408904.34604, -4279043.395377 1408893.876237, -4278921.486206 1408863.043975, -4278896.020864 1408856.672424, -4278756.18752 1408820.269908, -4278580.843869 1408775.39863, -4278607.166714 1408668.331344, -4278694.614614 1408332.416782, -4278714.96578 1408250.272826, -4278803.34832 1407911.760004, -4278857.622673 1407695.336943, -4278999.44799 1407138.634543, -4279140.918282 1406587.264414, -4279235.032011 1406216.987508, -4279284.948431 1406020.598676, -4279314.922652 1405901.516349, -4279424.491433 1405466.218619, -4279526.43601 1405056.406487, -4279563.360574 1404907.971446, -4279702.554818 1404347.483749, -4279841.997651 1403820.772042))",67,94.03,367.3,1.88,175.38,31437.4,1666182.0,53,38,6,9
Country Club,1486.0,1406.0,80.0,1217.0,188.0,0.0,0.0,0.0,3276.0,2789.0,1767714.0,242383.0,"POLYGON ((-4283890.518747 1410126.401834, -4283893.634364 1410089.626641, -4283889.802928 1410062.667954, -4283879.418059 1410033.098969, -4283855.543888 1409990.847878, -4283824.096864 1409947.91718, -4283754.570522 1409848.833457, -4283828.062573 1409554.621299, -4283966.259718 1408996.974382, -4284104.668661 1408442.482375, -4284245.740329 1407891.654328, -4284295.962628 1407540.388419, -4284307.336422 1407502.798839, -4284324.040792 1407447.63576, -4284511.05134 1406701.118747, -4284547.828017 1406553.736155, -4284553.911312 1406554.440348, -4284573.378711 1406556.693998, -4284598.327092 1406560.088934, -4284624.253153 1406562.705122, -4284654.755891 1406568.579191, -4284668.011939 1406577.196589, -4284691.962635 1406583.431654, -4284718.846438 1406587.330512, -4284736.778932 1406588.898914, -4284754.206086 1406589.431739, -4284767.078149 1406587.616325, -4284781.75977 1406586.788607, -4284800.196058 1406586.421572, -4284836.041137 1406591.619972, -4284875.051271 1406595.575795, -4284915.713443 1406601.124033, -4284950.338854 1406607.038165, -4284979.883809 1406611.629726, -4285006.303821 1406613.34107, -4285037.0685 1406617.21697, -4285067.581193 1406622.060462, -4285094.087144 1406627.410762, -4285123.632156 1406632.002395, -4285151.240202 1406633.11894, -4285189.322652 1406632.700048, -4285237.846242 1406627.895388, -4285282.016842 1406624.928374, -4285314.049511 1406619.963841, -4285336.890515 1406615.577022, -4285355.956753 1406612.79097, -4285399.380078 1406608.725095, -4285452.521845 1406606.026857, -4285499.28204 1406607.996131, -4285537.868339 1406605.641894, -4285567.231365 1406603.986425, -4285593.881793 1406603.820411, -4285614.031574 1406601.83292, -4285625.97592 1406595.64278, -4285645.680473 1406586.435706, -4285673.236582 1406567.906184, -4285714.430394 1406543.627656, -4285732.936845 1406536.045819, -4285759.995136 1406531.336286, -4285795.174335 1406530.161616, -4285831.321383 1406529.238811, -4285852.951212 1406521.566039, -4285869.018368 1406515.416092, -4285888.924813 1406510.394548, -4285902.018794 1406510.703498, -4285914.38699 1406510.823373, -4285932.813394 1406511.487093, -4285940.846911 1406508.412066, -4285958.112143 1406500.636479, -4285981.245063 1406491.159269, -4286010.696634 1406477.256465, -4286044.028937 1406463.330683, -4286085.984641 1406448.03332, -4286112.736476 1406440.531619, -4286131.202913 1406437.072563, -4286156.209727 1406431.312358, -4286184.856954 1406428.43713, -4286204.512952 1406427.354436, -4286232.876874 1406425.568042, -4286263.933441 1406424.353378, -4286283.83136 1406423.333664, -4286304.657019 1406426.688666, -4286321.32984 1406433.095627, -4286337.952897 1406444.656172, -4286355.291669 1406457.43623, -4286369.02142 1406467.210221, -4286378.100216 1406472.027698, -4286391.859949 1406478.709714, -4286406.123629 1406483.456219, -4286415.306869 1406486.88023, -4286436.092474 1406494.357871, -4286454.690868 1406502.299363, -4286465.809407 1406506.22719, -4286487.270836 1406519.047232, -4286510.155537 1406538.308375, -4286532.0109 1406560.530651, -4286552.668072 1406584.378423, -4286567.033644 1406603.617467, -4286578.517727 1406623.010548, -4286596.483703 1406649.25754, -4286617.071079 1406680.320159, -4286643.510529 1406720.655781, -4286668.462482 1406751.821286, -4286689.814009 1406775.978931, -4286719.604475 1406808.40397, -4286751.724126 1406850.73495, -4286779.036817 1406891.685482, -4286802.021877 1406922.468021, -4286839.979422 1406966.189781, -4286877.948866 1407033.680161, -4286906.833488 1407084.468723, -4286921.306669 1407108.256312, -4286933.436529 1407136.083921, -4286949.175144 1407166.91753, -4286963.946257 1407197.499099, -4286976.499899 1407231.636685, -4286989.799361 1407263.901918, -4286998.764164 1407292.972176, -4287008.675233 1407321.384432, -4287013.133337 1407339.981632, -4287036.28931 1407396.899336, -4287052.834363 1407438.873461, -4287056.202798 1407447.418976, -4287065.883355 1407477.708663, -4287074.938207 1407497.502684, -4287087.349879 1407521.270384, -4287105.536384 1407546.670595, -4287125.991784 1407566.332644, -4287140.00081 1407587.932943, -4287153.570764 1407614.198086, -4287165.478713 1407639.90109, -4287179.493833 1407673.38597, -4287192.803311 1407704.620448, -4287212.78834 1407750.896272, -4287229.172907 1407790.164301, -4287245.547412 1407830.462959, -4287258.896798 1407857.57478, -4287274.21161 1407882.098178, -4287289.998751 1407904.80723, -4287307.51104 1407927.836241, -4287321.984088 1407951.624021, -4287332.045106 1407964.57598, -4287357.802722 1407987.685039, -4287378.720374 1408006.563197, -4287415.334722 1408035.598293, -4287439.629294 1408056.388963, -4287464.025358 1408069.843911, -4287480.900218 1408080.436596, -4287491.474971 1408090.422667, -4287514.571419 1408112.838794, -4287533.609711 1408137.944118, -4287564.951677 1408160.440213, -4287589.538097 1408176.140454, -4287617.473073 1408199.816121, -4287639.408513 1408213.79291, -4287675.143576 1408230.328814, -4287707.705231 1408252.109166, -4287730.608213 1408266.337836, -4287750.638113 1408276.718607, -4287814.937978 1408314.511054, -4287964.96925 1408406.008112, -4287979.918753 1408415.066305, -4288007.398295 1408432.552925, -4288027.809887 1408444.561562, -4288044.808494 1408454.562217, -4288073.981535 1408472.489782, -4288101.872739 1408488.894163, -4288081.017437 1408597.282636, -4288070.74109 1408615.91914, -4288015.54954 1408832.81935, -4288009.535356 1408853.011747, -4287971.889858 1408927.166167, -4287935.534916 1408974.532795, -4287892.523775 1409023.6538, -4287862.656359 1409067.930102, -4287846.050388 1409110.880156, -4287691.418792 1409718.754645, -4287532.592194 1410349.689942, -4287367.379939 1410998.207883, -4287220.87655 1411602.644165, -4287058.843332 1412235.973449, -4286743.499307 1412156.333914, -4286427.251996 1412079.171886, -4286111.286588 1411997.949909, -4285954.782007 1411958.111195, -4285796.552274 1411917.952547, -4285639.290346 1411878.045928, -4285478.883463 1411837.320516, -4285321.06465 1411798.5605, -4285134.6042 1411752.731708, -4284845.777444 1411680.383119, -4284686.95952 1411641.492198, -4284529.319777 1411603.037167, -4284372.23675 1411563.43532, -4284213.428723 1411523.513825, -4284056.798147 1411484.159096, -4283898.232079 1411444.300433, -4283740.002504 1411404.141759, -4283582.498617 1411364.172312, -4283740.009135 1410731.344688, -4283753.225765 1410658.192897, -4283890.518747 1410126.401834))",12,100.0,271.0,2.08,130.08,50396.92,604763.0,11,9,2,0
Congress Park,6331.0,6154.0,177.0,2823.0,3331.0,0.0,24.0,0.0,11229.0,1663.0,889298.0,122758.0,"POLYGON ((-4277271.47442 1413903.329792, -4277437.366862 1413250.210532, -4277579.803137 1412696.122039, -4277722.409512 1412124.511881, -4277759.915554 1411983.41604, -4277855.675354 1411612.596358, -4277927.933476 1411333.045904, -4277998.554184 1411059.785269, -4278093.558135 1410691.868749, -4278142.911396 1410498.317937, -4278256.156735 1410056.361773, -4278429.987256 1409378.701697, -4278468.645485 1409228.218589, -4278580.843869 1408775.39863, -4278756.18752 1408820.269908, -4278896.020864 1408856.672424, -4278921.486206 1408863.043975, -4279043.395377 1408893.876237, -4279085.101207 1408904.34604, -4279187.14115 1408930.134789, -4279251.525029 1408946.766546, -4279334.084847 1408968.000937, -4279481.512382 1409005.99299, -4279633.052649 1409045.055689, -4279781.447953 1409083.299692, -4279932.06182 1409120.958746, -4280074.208519 1409156.413639, -4280232.438302 1409196.571994, -4280239.727568 1409198.340353, -4280404.005486 1409240.073272, -4280682.303579 1409310.197318, -4280731.278597 1409324.496859, -4280832.803017 1409350.280765, -4280897.975769 1409366.859618, -4280983.501558 1409388.607704, -4281061.643828 1409408.950359, -4281121.252063 1409424.080595, -4281208.744901 1409446.211691, -4281225.227431 1409450.373321, -4281390.746273 1409492.300181, -4281525.719692 1409526.533519, -4281557.474948 1409534.542003, -4281721.30052 1409576.027977, -4281842.263554 1409607.518119, -4281887.261805 1409619.232454, -4282049.110501 1409661.366313, -4282156.441159 1409688.661785, -4282216.743732 1409704.101962, -4282312.945903 1409728.500354, -4282379.096257 1409744.300465, -4282469.975965 1409767.31329, -4282542.164372 1409785.718454, -4282627.690346 1409807.4667, -4282708.977563 1409828.62811, -4282787.908354 1409848.917759, -4282875.338274 1409871.29083, -4282945.04445 1409889.308216, -4283039.3427 1409913.081757, -4283102.369504 1409928.972828, -4283202.684327 1409954.441885, -4283259.147452 1409968.75341, -4283360.46164 1409994.353486, -4283539.192074 1410040.107191, -4283693.918948 1410078.837582, -4283732.637051 1410087.883465, -4283890.518747 1410126.401834, -4283753.225765 1410658.192897, -4283740.009135 1410731.344688, -4283582.498617 1411364.172312, -4283452.111735 1411851.134432, -4283415.027077 1411911.22706, -4283338.616542 1411987.430888, -4283309.529672 1412035.656232, -4283274.611367 1412178.717345, -4283229.754816 1412343.086039, -4283190.689032 1412457.427224, -4283084.632968 1412870.772708, -4282941.65201 1413430.919292, -4282780.708815 1414055.103074, -4282637.126446 1414611.605738, -4282518.404076 1415083.392368, -4282494.915634 1415176.731224, -4282408.14203 1415161.762196, -4282354.78678 1415158.334266, -4282313.884384 1415155.694259, -4282214.970225 1415154.613588, -4282114.621538 1415145.151693, -4282020.803329 1415134.419174, -4281987.818363 1415128.157149, -4281960.49231 1415122.98082, -4281834.783865 1415086.896949, -4281678.078875 1415045.843859, -4281519.890979 1415004.53373, -4281360.040893 1414962.661818, -4281222.034805 1414926.476611, -4281104.16777 1414896.696464, -4280954.626123 1414857.895693, -4280946.727068 1414856.485217, -4280792.746213 1414815.882791, -4280784.036835 1414813.615641, -4280626.606109 1414772.373513, -4280466.325156 1414731.164495, -4280309.441407 1414689.806383, -4280150.549049 1414649.217185, -4280004.152363 1414611.235099, -4279990.583004 1414606.798436, -4279829.450399 1414565.884348, -4279669.11652 1414523.886581, -4279655.716076 1414520.785605, -4279521.868091 1414486.199488, -4279499.127116 1414480.279366, -4279369.370445 1414445.854168, -4279339.908394 1414438.95929, -4279220.817891 1414408.214975, -4279182.351677 1414398.20113, -4279070.760822 1414369.409266, -4278871.108986 1414317.692645, -4278769.415544 1414290.573118, -4278709.345017 1414276.226722, -4278619.43313 1414253.465754, -4278551.357454 1414236.131299, -4278394.92588 1414195.020203, -4278318.298292 1414174.813725, -4278223.389032 1414149.84779, -4277920.892309 1414072.867491, -4277600.104746 1413988.493574, -4277449.11154 1413949.314983, -4277271.47442 1413903.329792))",96,88.54,188.99,1.75,101.56,21468.75,1696031.0,75,56,15,4
City Park,2183.0,1970.0,213.0,732.0,1238.0,0.0,40.0,0.0,3611.0,1810.0,801278.0,85206.0,"POLYGON ((-4276282.630361 1417751.40506, -4276445.166707 1417119.112518, -4276613.06689 1416465.225278, -4276727.718944 1416018.857179, -4276833.858786 1415606.17977, -4276943.989344 1415182.141787, -4276974.972549 1415057.17204, -4277050.242048 1414764.068829, -4277107.048551 1414542.880579, -4277124.252155 1414475.804208, -4277157.242052 1414347.094633, -4277271.47442 1413903.329792, -4277449.11154 1413949.314983, -4277600.104746 1413988.493574, -4277920.892309 1414072.867491, -4278223.389032 1414149.84779, -4278318.298292 1414174.813725, -4278394.92588 1414195.020203, -4278551.357454 1414236.131299, -4278619.43313 1414253.465754, -4278709.345017 1414276.226722, -4278769.415544 1414290.573118, -4278871.108986 1414317.692645, -4279070.760822 1414369.409266, -4279182.351677 1414398.20113, -4279220.817891 1414408.214975, -4279339.908394 1414438.95929, -4279369.370445 1414445.854168, -4279499.127116 1414480.279366, -4279521.868091 1414486.199488, -4279655.716076 1414520.785605, -4279669.11652 1414523.886581, -4279829.450399 1414565.884348, -4279990.583004 1414606.798436, -4280004.152363 1414611.235099, -4280150.549049 1414649.217185, -4280309.441407 1414689.806383, -4280466.325156 1414731.164495, -4280626.606109 1414772.373513, -4280784.036835 1414813.615641, -4280792.746213 1414815.882791, -4280946.727068 1414856.485217, -4280954.626123 1414857.895693, -4281104.16777 1414896.696464, -4281222.034805 1414926.476611, -4281360.040893 1414962.661818, -4281519.890979 1415004.53373, -4281678.078875 1415045.843859, -4281834.783865 1415086.896949, -4281960.49231 1415122.98082, -4281987.818363 1415128.157149, -4282020.803329 1415134.419174, -4282114.621538 1415145.151693, -4282214.970225 1415154.613588, -4282313.884384 1415155.694259, -4282354.78678 1415158.334266, -4282408.14203 1415161.762196, -4282494.915634 1415176.731224, -4282347.577895 1415751.630166, -4282202.040859 1416331.518335, -4282068.753558 1416864.35178, -4281872.638778 1417629.592785, -4281754.693692 1418074.716021, -4281640.438811 1418517.57101, -4281528.793852 1418963.300854, -4281380.262989 1418926.571451, -4281259.609594 1418903.815636, -4281144.588039 1418891.1796, -4280998.794786 1418881.640868, -4280826.389892 1418865.174208, -4280657.917287 1418846.502231, -4280273.555987 1418799.7852, -4280175.979946 1418782.649654, -4280054.715263 1418757.280673, -4278790.850964 1418432.496224, -4278572.417076 1418376.363534, -4277665.198672 1418143.229458, -4276987.399008 1417971.428784, -4276759.293014 1417908.94663, -4276282.630361 1417751.40506))",59,98.31,135.8,1.46,94.71,15188.83,805008.0,26,19,4,3
Clayton,1831.0,1748.0,83.0,923.0,825.0,32.0,24.0,0.0,4056.0,1762.0,545769.0,74405.0,"POLYGON ((-4275292.454598 1421604.397723, -4275331.24375 1421608.830681, -4275451.741779 1421629.470466, -4275507.737309 1421637.349841, -4275596.499724 1421643.712967, -4275715.164931 1421646.697697, -4275786.384036 1421651.842677, -4275845.516092 1421660.538582, -4275895.238954 1421666.785105, -4275949.873614 1421679.891715, -4276004.236252 1421694.04383, -4276052.326103 1421706.562964, -4276109.50958 1421727.030926, -4276168.239741 1421750.133851, -4276233.972409 1421780.641399, -4276300.707396 1421815.874911, -4276383.897182 1421856.508315, -4276456.991114 1421884.467084, -4276507.128782 1421901.984511, -4276575.081837 1421919.674527, -4276741.499568 1421962.997973, -4276843.210471 1421989.47634, -4277071.662834 1422048.948561, -4277178.398229 1422075.859873, -4277207.841327 1422083.283373, -4277513.810013 1422160.093013, -4277568.286842 1422173.768749, -4277778.375428 1422232.925961, -4277836.724382 1422248.753265, -4277880.555897 1422260.642689, -4278181.689173 1422339.786354, -4278516.56508 1422427.79801, -4278851.41465 1422515.802859, -4279185.277736 1422603.572007, -4279225.4466 1422610.982017, -4279356.600974 1422643.581511, -4279520.669335 1422688.101528, -4279688.732976 1422730.174238, -4279856.523262 1422772.305017, -4280024.419495 1422816.013277, -4280190.622231 1422859.280679, -4280356.677427 1422902.122196, -4280514.023046 1422942.696382, -4280401.88319 1423386.359574, -4280292.096222 1423824.952244, -4280175.843198 1424267.544632, -4280066.797562 1424695.351513, -4279959.558243 1425118.203829, -4279857.092458 1425517.758284, -4279689.730192 1426175.529878, -4279665.545791 1426268.429196, -4279618.118664 1426444.656707, -4279571.598741 1426542.978344, -4279440.606114 1426767.327064, -4279128.495654 1426695.116871, -4278831.023714 1426620.259427, -4278009.468837 1426410.259854, -4277862.051928 1426371.237122, -4277710.522301 1426331.143832, -4277560.467267 1426295.309136, -4277407.508941 1426258.718788, -4277108.877252 1426178.393125, -4276957.811555 1426140.487312, -4276830.759281 1426108.574397, -4276681.607397 1426070.262626, -4276657.383497 1426064.085529, -4276508.442005 1426025.957628, -4276209.495421 1425946.841787, -4276056.315383 1425908.127177, -4275898.990893 1425868.462747, -4274955.409669 1425624.113781, -4274616.714248 1425535.941832, -4274427.119357 1425488.264041, -4274324.766248 1425462.382292, -4274653.059393 1424157.058965, -4274753.487113 1423774.247386, -4274863.186076 1423355.831439, -4274961.528459 1422962.833407, -4274957.591324 1422914.713357, -4275064.660825 1422492.517241, -4275128.719915 1422242.47728, -4275292.454598 1421604.397723))",47,95.74,201.79,1.95,100.89,24891.09,1070317.0,44,35,6,3
Skyland,1774.0,1631.0,143.0,890.0,741.0,0.0,84.0,0.0,3224.0,1871.0,672085.0,110166.0,"POLYGON ((-4276282.630361 1417751.40506, -4276759.293014 1417908.94663, -4276987.399008 1417971.428784, -4277665.198672 1418143.229458, -4278572.417076 1418376.363534, -4278790.850964 1418432.496224, -4280054.715263 1418757.280673, -4280175.979946 1418782.649654, -4280273.555987 1418799.7852, -4280657.917287 1418846.502231, -4280826.389892 1418865.174208, -4280998.794786 1418881.640868, -4281144.588039 1418891.1796, -4281259.609594 1418903.815636, -4281380.262989 1418926.571451, -4281528.793852 1418963.300854, -4281417.535149 1419403.577553, -4281306.276489 1419843.854156, -4281190.23394 1420286.630815, -4281077.127321 1420733.013335, -4280967.015373 1421173.846699, -4280854.200637 1421615.138657, -4280739.765516 1422054.717228, -4280627.239041 1422503.8338, -4280514.023046 1422942.696382, -4280356.677427 1422902.122196, -4280190.622231 1422859.280679, -4280024.419495 1422816.013277, -4279856.523262 1422772.305017, -4279688.732976 1422730.174238, -4279520.669335 1422688.101528, -4279356.600974 1422643.581511, -4279225.4466 1422610.982017, -4279185.277736 1422603.572007, -4278851.41465 1422515.802859, -4278516.56508 1422427.79801, -4278181.689173 1422339.786354, -4277880.555897 1422260.642689, -4277836.724382 1422248.753265, -4277778.375428 1422232.925961, -4277568.286842 1422173.768749, -4277513.810013 1422160.093013, -4277207.841327 1422083.283373, -4277178.398229 1422075.859873, -4277071.662834 1422048.948561, -4276843.210471 1421989.47634, -4276741.499568 1421962.997973, -4276575.081837 1421919.674527, -4276507.128782 1421901.984511, -4276456.991114 1421884.467084, -4276383.897182 1421856.508315, -4276300.707396 1421815.874911, -4276233.972409 1421780.641399, -4276168.239741 1421750.133851, -4276109.50958 1421727.030926, -4276052.326103 1421706.562964, -4276004.236252 1421694.04383, -4275949.873614 1421679.891715, -4275895.238954 1421666.785105, -4275845.516092 1421660.538582, -4275786.384036 1421651.842677, -4275715.164931 1421646.697697, -4275596.499724 1421643.712967, -4275507.737309 1421637.349841, -4275451.741779 1421629.470466, -4275331.24375 1421608.830681, -4275292.454598 1421604.397723, -4275306.621334 1421548.898093, -4275454.118174 1420975.652588, -4275624.747768 1420312.272814, -4275787.127082 1419680.585293, -4275835.840581 1419490.484788, -4275922.761344 1419152.625741, -4275954.040985 1419031.478936, -4275976.072404 1418944.864573, -4276119.295812 1418387.752751, -4276282.630361 1417751.40506))",47,85.11,346.08,2.17,143.88,29080.51,1075979.0,43,38,2,3
Cole,2020.0,1820.0,200.0,981.0,839.0,0.0,0.0,0.0,4483.0,2001.0,611476.0,100365.0,"POLYGON ((-4280514.023046 1422942.696382, -4280681.119422 1422984.517252, -4280849.183109 1423026.590082, -4281016.005555 1423068.468899, -4281186.246573 1423111.108642, -4281353.774932 1423155.237748, -4281521.061297 1423199.303938, -4281699.643661 1423244.631852, -4281867.065977 1423287.183481, -4282036.423866 1423330.239005, -4282203.877665 1423372.669772, -4282372.015722 1423416.44109, -4282537.008832 1423459.393692, -4282708.701333 1423502.411386, -4282875.071541 1423544.043215, -4283545.140222 1423715.769803, -4283710.912063 1423759.700129, -4283881.007014 1423804.885122, -4284043.622266 1423846.056275, -4284090.998272 1423859.552162, -4284211.178057 1423902.979693, -4284178.631779 1424035.937616, -4284101.6581 1424329.629981, -4284051.892061 1424518.810573, -4284016.092376 1424665.25828, -4283990.032845 1424773.297942, -4283929.935115 1424996.212138, -4283871.917016 1425214.113807, -4283865.515995 1425242.670942, -4283848.106444 1425318.476483, -4283815.497624 1425473.504605, -4283771.31686 1425643.215132, -4283751.487896 1425718.39082, -4283683.625079 1425976.094168, -4283663.202444 1426062.48146, -4283572.380695 1426424.252584, -4283082.580106 1426718.063449, -4282334.584714 1427160.228467, -4281911.414504 1427401.510039, -4281221.946357 1427216.983717, -4280885.179548 1427136.288233, -4279440.606114 1426767.327064, -4279571.598741 1426542.978344, -4279618.118664 1426444.656707, -4279665.545791 1426268.429196, -4279689.730192 1426175.529878, -4279857.092458 1425517.758284, -4279959.558243 1425118.203829, -4280066.797562 1424695.351513, -4280175.843198 1424267.544632, -4280292.096222 1423824.952244, -4280401.88319 1423386.359574, -4280514.023046 1422942.696382))",105,71.43,258.99,1.82,143.72,28968.55,2780981.0,75,58,14,3
City Park West,3821.0,3574.0,247.0,1017.0,2557.0,0.0,0.0,0.0,5780.0,1642.0,746136.0,88159.0,"POLYGON ((-4282494.915634 1415176.731224, -4282664.063464 1415219.603061, -4282830.760395 1415261.965899, -4282999.140867 1415305.800266, -4283163.892244 1415348.689879, -4283331.104578 1415391.057728, -4283498.769102 1415433.672319, -4283677.794254 1415480.277838, -4283852.46469 1415525.749705, -4284019.877327 1415569.33216, -4284185.596499 1415612.473763, -4284352.946134 1415656.298223, -4284523.409458 1415701.062368, -4284691.378903 1415743.498227, -4284858.685565 1415785.503158, -4285191.630023 1415875.924256, -4285315.022142 1415907.013648, -4285361.566314 1415918.743024, -4285491.490466 1415951.532905, -4285628.272972 1415986.754102, -4285788.101544 1416027.7164, -4285858.838275 1416045.743831, -4286026.683286 1416091.634687, -4286090.846659 1416109.113216, -4286206.285255 1416135.032228, -4286055.064406 1416706.982711, -4285961.740111 1417070.428076, -4285910.632954 1417269.721871, -4285861.948969 1417456.730512, -4285769.19769 1417829.882858, -4285745.084075 1417918.538475, -4285663.103635 1418219.391538, -4285564.16991 1418577.918612, -4285512.417078 1418777.11245, -4285459.281917 1418985.35835, -4285443.699251 1419072.271832, -4285344.165038 1419466.519802, -4285231.938277 1419906.544389, -4285061.823083 1419863.420713, -4284892.949038 1419820.491041, -4284725.61098 1419778.606983, -4284555.8853 1419735.972176, -4284391.2599 1419692.5987, -4284222.037989 1419648.02849, -4284054.615599 1419605.47669, -4283888.371154 1419563.360812, -4283720.232868 1419519.589412, -4283548.949472 1419474.999255, -4283382.252884 1419432.636526, -4283212.137764 1419389.512856, -4283044.915637 1419348.17574, -4282875.758181 1419306.334732, -4282707.609798 1419263.594087, -4282532.92958 1419219.152945, -4282365.591484 1419177.269037, -4282198.737381 1419135.511152, -4282031.208805 1419091.381846, -4281863.953781 1419047.194668, -4281695.648067 1419005.058889, -4281528.793852 1418963.300854, -4281640.438811 1418517.57101, -4281754.693692 1418074.716021, -4281872.638778 1417629.592785, -4282068.753558 1416864.35178, -4282202.040859 1416331.518335, -4282347.577895 1415751.630166, -4282494.915634 1415176.731224))",114,77.19,240.09,1.77,147.2,29540.08,3042628.0,80,56,13,11
Whittier,2251.0,2083.0,168.0,1058.0,1025.0,45.0,25.0,0.0,4389.0,1227.0,780773.0,145656.0,"POLYGON ((-4281528.793852 1418963.300854, -4281695.648067 1419005.058889, -4281863.953781 1419047.194668, -4282031.208805 1419091.381846, -4282198.737381 1419135.511152, -4282365.591484 1419177.269037, -4282532.92958 1419219.152945, -4282707.609798 1419263.594087, -4282875.758181 1419306.334732, -4283044.915637 1419348.17574, -4283212.137764 1419389.512856, -4283382.252884 1419432.636526, -4283548.949472 1419474.999255, -4283720.232868 1419519.589412, -4283888.371154 1419563.360812, -4284054.615599 1419605.47669, -4284222.037989 1419648.02849, -4284391.2599 1419692.5987, -4284555.8853 1419735.972176, -4284725.61098 1419778.606983, -4284892.949038 1419820.491041, -4285061.823083 1419863.420713, -4285231.938277 1419906.544389, -4285120.576157 1420351.185537, -4285009.327183 1420790.43125, -4284889.204828 1421256.815727, -4284855.302905 1421392.003984, -4284839.128474 1421456.119262, -4284822.726474 1421528.05416, -4284782.71094 1421677.795912, -4284725.748025 1421902.559714, -4284671.640747 1422117.346557, -4284602.927639 1422378.316101, -4284555.176977 1422559.755069, -4284434.770681 1423005.399691, -4284356.266121 1423328.787961, -4284327.246592 1423448.198087, -4284294.367156 1423587.397866, -4284236.013987 1423808.570866, -4284211.178057 1423902.979693, -4284090.998272 1423859.552162, -4284043.622266 1423846.056275, -4283881.007014 1423804.885122, -4283710.912063 1423759.700129, -4283545.140222 1423715.769803, -4282875.071541 1423544.043215, -4282708.701333 1423502.411386, -4282537.008832 1423459.393692, -4282372.015722 1423416.44109, -4282203.877665 1423372.669772, -4282036.423866 1423330.239005, -4281867.065977 1423287.183481, -4281699.643661 1423244.631852, -4281521.061297 1423199.303938, -4281353.774932 1423155.237748, -4281186.246573 1423111.108642, -4281016.005555 1423068.468899, -4280849.183109 1423026.590082, -4280681.119422 1422984.517252, -4280514.023046 1422942.696382, -4280627.239041 1422503.8338, -4280739.765516 1422054.717228, -4280854.200637 1421615.138657, -4280967.015373 1421173.846699, -4281077.127321 1420733.013335, -4281190.23394 1420286.630815, -4281306.276489 1419843.854156, -4281417.535149 1419403.577553, -4281528.793852 1418963.300854))",108,82.41,264.19,1.93,127.1,34169.3,3041068.0,90,67,14,9
Capitol Hill,10680.0,10129.0,551.0,2720.0,7409.0,0.0,0.0,0.0,13938.0,1564.0,427395.0,82617.0,"POLYGON ((-4286206.285255 1416135.032228, -4286090.846659 1416109.113216, -4286137.370802 1415935.362421, -4286245.262514 1415532.827874, -4286379.125701 1414993.815222, -4286530.780906 1414386.458212, -4286655.234233 1413873.669373, -4286804.376158 1413287.873722, -4286938.951682 1412722.30985, -4287058.843332 1412235.973449, -4287220.87655 1411602.644165, -4287375.50869 1411641.737136, -4287532.591703 1411681.338926, -4287851.206749 1411761.313424, -4288166.918773 1411840.53213, -4288482.102356 1411914.834373, -4288812.530304 1411999.046491, -4288971.865156 1412040.91376, -4289130.021838 1412082.345097, -4289457.745603 1412164.045075, -4289623.907251 1412208.46462, -4289790.763204 1412253.193939, -4289957.839568 1412297.076527, -4290133.141537 1412343.100445, -4290479.829968 1412429.350341, -4290822.574632 1412515.864863, -4291167.770056 1412602.88856, -4291001.323078 1413244.23918, -4290879.040244 1413723.882361, -4290736.195759 1414285.485364, -4290576.942257 1414925.996076, -4290446.905283 1415420.54052, -4290302.219894 1415981.276545, -4290165.547928 1416540.998856, -4290054.339348 1416957.26503, -4290017.501644 1417097.596299, -4290008.548616 1417130.683169, -4289699.791527 1417054.769595, -4289670.836513 1417028.307119, -4289492.169402 1416982.311084, -4289322.453528 1416938.645417, -4289150.580237 1416892.351511, -4288977.013534 1416845.616916, -4288809.503391 1416796.454941, -4288636.347496 1416751.118813, -4288473.006217 1416709.758468, -4288302.375594 1416666.629809, -4288137.319178 1416623.918803, -4287978.100613 1416582.598407, -4287820.638358 1416541.477094, -4287660.241602 1416499.72092, -4287514.338906 1416460.833826, -4287360.725957 1416419.810433, -4287043.456886 1416338.636454, -4286939.146879 1416315.614507, -4286760.965025 1416272.715779, -4286727.421765 1416264.629253, -4286583.171092 1416227.334679, -4286408.742607 1416181.925674, -4286206.285255 1416135.032228))",137,82.48,167.46,1.48,111.03,21642.97,2640442.0,97,62,23,12
North Capitol Hill,4204.0,3750.0,454.0,677.0,3073.0,26.0,0.0,0.0,5591.0,2005.0,586015.0,100351.0,"POLYGON ((-4285861.948969 1417456.730512, -4285910.632954 1417269.721871, -4285961.740111 1417070.428076, -4286055.064406 1416706.982711, -4286206.285255 1416135.032228, -4286408.742607 1416181.925674, -4286583.171092 1416227.334679, -4286727.421765 1416264.629253, -4286760.965025 1416272.715779, -4286939.146879 1416315.614507, -4287043.456886 1416338.636454, -4287360.725957 1416419.810433, -4287514.338906 1416460.833826, -4287660.241602 1416499.72092, -4287820.638358 1416541.477094, -4287978.100613 1416582.598407, -4288137.319178 1416623.918803, -4288302.375594 1416666.629809, -4288473.006217 1416709.758468, -4288636.347496 1416751.118813, -4288809.503391 1416796.454941, -4288977.013534 1416845.616916, -4289150.580237 1416892.351511, -4289322.453528 1416938.645417, -4289492.169402 1416982.311084, -4289670.836513 1417028.307119, -4289699.791527 1417054.769595, -4290008.548616 1417130.683169, -4289940.238136 1417393.573119, -4289888.23645 1417613.17061, -4289870.922791 1417691.584598, -4289848.934137 1417784.075663, -4289827.43203 1417874.52036, -4289742.897085 1418172.798625, -4289713.229897 1418277.478491, -4289592.547133 1418801.581402, -4289568.640004 1418881.507897, -4289532.408402 1419024.233908, -4289490.723409 1419188.442001, -4289467.392906 1419280.3473, -4289421.74025 1419451.741476, -4289394.23766 1419555.401602, -4289360.660491 1419691.326399, -4289329.706093 1419707.114336, -4289291.768039 1419735.825162, -4288992.694615 1419661.011971, -4288875.592701 1419631.559897, -4288841.620628 1419648.93567, -4288817.687957 1419635.37403, -4288790.515334 1419624.278416, -4288748.427983 1419609.811549, -4288714.34553 1419598.306105, -4288673.072173 1419586.869784, -4288649.02202 1419582.033669, -4288624.242657 1419575.288401, -4288475.433849 1419541.335559, -4288398.827859 1419522.038584, -4288304.980752 1419495.540625, -4288177.953684 1419463.221933, -4288130.058552 1419451.036245, -4287956.345938 1419406.846898, -4287786.756123 1419362.697455, -4287620.069405 1419319.303784, -4287296.876843 1419233.100197, -4286980.196154 1419150.658537, -4286882.942054 1419125.340328, -4286841.95778 1419106.146239, -4286834.625493 1419102.558378, -4286710.132293 1418869.304093, -4286596.6655 1418686.968153, -4286492.366687 1418519.030731, -4286422.710876 1418399.392482, -4286147.137047 1417926.076129, -4285984.206981 1417657.887612, -4285861.948969 1417456.730512))",53,90.57,244.48,1.76,120.69,26508.51,1033832.0,46,34,8,4
Civic Center,2890.0,2688.0,202.0,408.0,2280.0,0.0,0.0,0.0,4289.0,2466.0,878510.0,93736.0,"POLYGON ((-4290008.548616 1417130.683169, -4290017.501644 1417097.596299, -4290054.339348 1416957.26503, -4290165.547928 1416540.998856, -4290302.219894 1415981.276545, -4290446.905283 1415420.54052, -4290576.942257 1414925.996076, -4290736.195759 1414285.485364, -4290879.040244 1413723.882361, -4291001.323078 1413244.23918, -4291167.770056 1412602.88856, -4291199.76678 1412486.33059, -4291223.888207 1412514.544167, -4291278.303221 1412578.191083, -4291346.997249 1412653.680027, -4291399.782497 1412715.857084, -4291449.656166 1412781.279966, -4291479.296667 1412829.165467, -4291490.860663 1412840.313044, -4291504.8423 1412849.119361, -4291528.662982 1412868.753345, -4291542.122412 1412884.527482, -4291563.68322 1412927.726423, -4291601.440704 1412992.061692, -4291626.352578 1413027.349979, -4291646.939759 1413058.412485, -4291664.441845 1413082.472118, -4291675.062613 1413100.219651, -4291683.855371 1413122.011974, -4291696.023581 1413142.745651, -4291713.667726 1413177.175111, -4291725.323583 1413203.845907, -4291734.23988 1413241.04064, -4291743.89889 1413270.420615, -4291752.943707 1413291.245291, -4291766.534982 1413318.420012, -4291778.412746 1413347.215183, -4291787.677941 1413367.193038, -4291822.237813 1413451.749209, -4291830.778797 1413474.509233, -4291840.671174 1413507.954005, -4291850.029754 1413546.426367, -4291862.233014 1413594.809472, -4291871.803528 1413636.436708, -4291888.255426 1413684.376137, -4291899.035614 1413726.318289, -4291917.186971 1413786.582806, -4291928.89489 1413832.899669, -4291951.884781 1413894.423827, -4291963.57824 1413932.858153, -4291976.051805 1413975.241123, -4291997.238263 1414047.662049, -4292012.636561 1414091.710536, -4292026.413327 1414152.902888, -4292037.445377 1414193.877264, -4292045.316516 1414223.179356, -4292056.098092 1414268.09257, -4292065.578647 1414318.99596, -4292076.146897 1414357.783157, -4292083.438176 1414384.351053, -4292095.807409 1414428.12761, -4292115.138386 1414491.799236, -4292134.419401 1414560.623993, -4292151.019321 1414630.817552, -4292164.064201 1414679.936552, -4292190.252653 1414764.896586, -4292207.396364 1414829.031966, -4292219.064194 1414879.471522, -4292233.338831 1414926.843983, -4292251.904035 1414994.449368, -4292252.184085 1414995.572918, -4292263.401492 1415040.582285, -4292277.932418 1415095.90031, -4292289.217983 1415138.878193, -4292293.8881 1415160.630447, -4292302.182987 1415196.242573, -4292324.629006 1415263.824838, -4292334.561446 1415293.14699, -4292350.568958 1415377.523128, -4292358.440043 1415406.825106, -4292366.357032 1415443.888826, -4292378.782183 1415494.396288, -4292393.856964 1415543.656171, -4292407.79369 1415588.357572, -4292425.811665 1415634.250543, -4292432.890975 1415657.663307, -4292438.236884 1415684.758023, -4292445.941892 1415718.666684, -4292471.712492 1415809.201036, -4292483.924126 1415853.582337, -4292497.608861 1415899.251401, -4292511.464108 1415949.227062, -4292522.29421 1415986.015814, -4292543.164305 1416056.675144, -4292559.300201 1416124.681434, -4292576.262032 1416182.56958, -4292589.623436 1416233.450017, -4292606.539139 1416283.576705, -4292613.750308 1416318.390048, -4292622.79852 1416366.985059, -4292632.784423 1416418.924258, -4292644.108362 1416454.808303, -4292656.188163 1416487.789178, -4292707.821141 1416684.380972, -4292720.951958 1416737.138739, -4292734.344813 1416787.898268, -4292763.196408 1416898.350408, -4292791.452064 1416995.214772, -4292811.034989 1417057.918382, -4292820.428788 1417085.941742, -4292824.411782 1417097.824258, -4292839.69865 1417150.239289, -4292842.784671 1417200.898629, -4292876.591145 1417272.471781, -4292889.718639 1417297.45915, -4292893.933227 1417313.022312, -4292903.189934 1417337.002011, -4292909.553402 1417359.195149, -4292916.83465 1417386.793763, -4292918.60157 1417407.790291, -4292924.119378 1417442.162717, -4292930.866869 1417474.788683, -4292936.473042 1417496.914009, -4292949.560477 1417526.023989, -4292955.74211 1417541.970162, -4292960.412045 1417563.722494, -4292962.117464 1417587.932029, -4292963.340627 1417614.98687, -4292966.996972 1417628.725639, -4292973.058584 1417657.039856, -4292980.339901 1417684.638488, -4292986.499921 1417699.674842, -4292995.836571 1417715.409102, -4293008.680515 1417741.485067, -4293016.969538 1417765.212845, -4293023.121093 1417784.250963, -4293026.328062 1417803.684924, -4293028.77095 1417830.023807, -4293047.139622 1417936.194123, -4292963.005923 1417909.940655, -4292928.369247 1417900.48219, -4292605.54772 1417812.606332, -4292490.44937 1417781.265817, -4292471.255172 1417776.059622, -4292152.752106 1417691.311453, -4291905.51133 1417625.453414, -4291680.787325 1417566.636632, -4291513.61399 1417522.881321, -4291400.63779 1417493.311666, -4291169.63396 1417432.793038, -4290834.708705 1417344.463547, -4290740.729974 1417318.690944, -4290702.629448 1417313.012553, -4290665.741887 1417318.957911, -4290620.457612 1417335.441152, -4290575.299971 1417373.15904, -4290531.919257 1417398.618503, -4290491.240557 1417419.126688, -4290431.448847 1417426.178458, -4290383.336696 1417426.375737, -4290333.375326 1417411.954906, -4290279.516892 1417371.783274, -4290279.077368 1417371.239433, -4290250.664838 1417336.001371, -4290226.87447 1417291.64223, -4290192.492854 1417244.524441, -4290188.020837 1417238.909171, -4290158.401637 1417201.723944, -4290147.575961 1417189.010656, -4290129.44182 1417177.221999, -4290109.983084 1417165.088736, -4290041.887237 1417138.880526, -4290008.548616 1417130.683169))",42,97.62,284.57,1.43,189.71,19788.15,791526.0,16,9,3,4
CBD,3794.0,3085.0,709.0,765.0,2320.0,48.0,46.0,0.0,4390.0,2043.0,529216.0,121858.0,"POLYGON ((-4289360.660491 1419691.326399, -4289394.23766 1419555.401602, -4289421.74025 1419451.741476, -4289467.392906 1419280.3473, -4289490.723409 1419188.442001, -4289532.408402 1419024.233908, -4289568.640004 1418881.507897, -4289592.547133 1418801.581402, -4289713.229897 1418277.478491, -4289742.897085 1418172.798625, -4289827.43203 1417874.52036, -4289848.934137 1417784.075663, -4289870.922791 1417691.584598, -4289888.23645 1417613.17061, -4289940.238136 1417393.573119, -4290008.548616 1417130.683169, -4290041.887237 1417138.880526, -4290109.983084 1417165.088736, -4290129.44182 1417177.221999, -4290147.575961 1417189.010656, -4290158.401637 1417201.723944, -4290188.020837 1417238.909171, -4290192.492854 1417244.524441, -4290226.87447 1417291.64223, -4290250.664838 1417336.001371, -4290279.077368 1417371.239433, -4290279.516892 1417371.783274, -4290333.375326 1417411.954906, -4290383.336696 1417426.375737, -4290431.448847 1417426.178458, -4290491.240557 1417419.126688, -4290531.919257 1417398.618503, -4290575.299971 1417373.15904, -4290620.457612 1417335.441152, -4290665.741887 1417318.957911, -4290702.629448 1417313.012553, -4290740.729974 1417318.690944, -4290834.708705 1417344.463547, -4291169.63396 1417432.793038, -4291400.63779 1417493.311666, -4291513.61399 1417522.881321, -4291680.787325 1417566.636632, -4291905.51133 1417625.453414, -4292152.752106 1417691.311453, -4292471.255172 1417776.059622, -4292490.44937 1417781.265817, -4292605.54772 1417812.606332, -4292928.369247 1417900.48219, -4292963.005923 1417909.940655, -4293047.139622 1417936.194123, -4293052.632518 1417967.944352, -4293053.832472 1417974.87953, -4293063.424378 1418017.416407, -4293071.863794 1418047.51228, -4293075.606158 1418064.889868, -4293080.362076 1418090.281008, -4293081.917191 1418108.122676, -4293082.472919 1418125.833338, -4293081.88064 1418140.015799, -4293081.884096 1418167.786223, -4293081.644119 1418192.522703, -4293082.957119 1418210.301265, -4293085.267899 1418225.239654, -4293089.482626 1418240.802851, -4293096.048071 1418267.1817, -4293096.887228 1418283.80364, -4293097.735082 1418296.423803, -4293099.046602 1418311.231277, -4293101.6093 1418325.201984, -4293103.676647 1418337.106431, -4293104.141919 1418342.264711, -4293124.019758 1418468.334047, -4293126.644348 1418500.9201, -4293130.902611 1418540.131018, -4293136.168316 1418575.471222, -4293142.685355 1418609.974643, -4293147.041938 1418635.907678, -4293148.510871 1418650.110199, -4293159.418015 1418735.225164, -4293165.827487 1418765.179908, -4293169.661821 1418798.080894, -4293171.432177 1418846.847888, -4293175.478423 1418882.90389, -4293175.361817 1418923.042491, -4293174.782934 1418963.964919, -4293177.145748 1418998.549348, -4293180.476209 1419033.385612, -4293181.401318 1419053.646407, -4293185.787926 1419076.487331, -4293191.307254 1419113.830938, -4293194.92948 1419143.576778, -4293199.439622 1419181.82015, -4293201.842269 1419212.281739, -4293202.48156 1419249.517329, -4293197.810004 1419287.307638, -4293194.124544 1419320.317487, -4293187.691949 1419348.995706, -4293170.827621 1419421.714402, -4293154.183598 1419493.586201, -4293140.394124 1419574.338378, -4293133.07734 1419622.289662, -4293124.043146 1419684.776425, -4293115.292159 1419746.174522, -4293107.897823 1419786.485074, -4293100.165686 1419824.124467, -4293086.828262 1419883.295376, -4293084.269019 1419897.095087, -4293074.137182 1419944.963152, -4292978.775286 1420008.60874, -4292572.598232 1420248.114597, -4292158.684354 1420494.518205, -4291749.544481 1420739.452461, -4291333.872417 1420982.686124, -4290919.908594 1421234.243236, -4290509.549205 1421479.893294, -4290087.11799 1421729.246169, -4289915.492622 1421423.016306, -4289740.689656 1421134.945854, -4289564.217216 1420831.458201, -4289476.378401 1420685.630024, -4289385.823756 1420535.34928, -4289243.133298 1420296.582647, -4289220.219454 1420239.728073, -4289283.366031 1419993.195936, -4289360.660491 1419691.326399))",165,87.88,164.74,1.3,119.58,15246.92,2180309.0,79,52,13,14
Union Station,8241.0,6810.0,1431.0,1724.0,5086.0,53.0,62.0,0.0,9920.0,2358.0,918257.0,118075.0,"POLYGON ((-4290087.11799 1421729.246169, -4290509.549205 1421479.893294, -4290919.908594 1421234.243236, -4291333.872417 1420982.686124, -4291749.544481 1420739.452461, -4292158.684354 1420494.518205, -4292572.598232 1420248.114597, -4292978.775286 1420008.60874, -4293074.137182 1419944.963152, -4293052.813438 1420045.707447, -4293043.44378 1420089.636964, -4292994.031788 1420251.656998, -4292990.158437 1420266.535501, -4292985.40338 1420284.800854, -4292981.032127 1420313.498991, -4292980.531781 1420343.204906, -4292979.537544 1420373.815433, -4292983.003282 1420447.822639, -4292990.576533 1420470.330803, -4292995.286451 1420487.960268, -4293000.138485 1420515.959729, -4293005.452889 1420543.175444, -4293008.439315 1420563.456172, -4293010.00038 1420593.182029, -4293011.859212 1420629.701771, -4293015.031205 1420684.000089, -4293015.059222 1420684.195259, -4293020.54046 1420722.374325, -4293024.423214 1420747.150656, -4293033.591353 1420783.377568, -4293035.840633 1420801.528937, -4293042.2471 1420888.055353, -4293050.115589 1420933.243488, -4293066.379967 1420984.879698, -4293077.698818 1421052.535769, -4293086.845466 1421087.85297, -4293096.56592 1421114.019891, -4293132.016005 1421191.187283, -4293148.510333 1421219.117737, -4293177.222962 1421262.628363, -4293198.525914 1421294.910449, -4293231.27124 1421347.73716, -4293250.88205 1421382.549502, -4293298.024435 1421454.494513, -4293327.492919 1421495.101989, -4293355.26773 1421535.268699, -4293386.803361 1421587.780564, -4293409.741313 1421629.658783, -4293443.000447 1421679.519483, -4293455.452218 1421699.164399, -4293481.85135 1421743.622795, -4293520.920215 1421822.765515, -4293555.018728 1421889.248126, -4293589.478996 1421943.425539, -4293691.260974 1422105.153825, -4293724.471625 1422163.139054, -4293758.154643 1422219.309801, -4293783.238307 1422261.875786, -4293815.7732 1422314.518717, -4293888.811082 1422432.857239, -4293924.420968 1422493.533669, -4293948.568354 1422535.7268, -4293966.936704 1422567.374081, -4293992.863658 1422613.646763, -4294043.253029 1422700.903103, -4294078.862947 1422761.579391, -4294097.355974 1422792.026939, -4294109.240423 1422811.594149, -4294124.029873 1422837.143182, -4294162.668842 1422898.091474, -4294204.760753 1422965.621836, -4294234.140661 1423018.476517, -4294262.299379 1423069.076016, -4294287.848391 1423116.800505, -4294313.068095 1423157.85184, -4294324.300079 1423178.212621, -4294333.141339 1423191.880396, -4294364.628485 1423252.516712, -4294374.348975 1423278.683716, -4294378.27172 1423299.337433, -4294381.228302 1423322.710156, -4294381.695623 1423352.667896, -4294375.730269 1423411.303883, -4294372.874068 1423461.966165, -4294373.556786 1423522.849417, -4294377.112518 1423587.58053, -4294375.761844 1423620.552391, -4294373.629978 1423668.432615, -4294366.307194 1423704.499502, -4294362.691687 1423730.294498, -4294357.628638 1423753.206734, -4294356.888884 1423756.553467, -4294137.736687 1423930.569372, -4293976.98046 1424072.773291, -4293927.236726 1424118.978915, -4293858.022005 1424178.456503, -4293823.343094 1424212.438901, -4293783.125925 1424254.795793, -4293764.708529 1424271.958464, -4293730.28168 1424304.973217, -4293705.134448 1424327.392496, -4293663.002184 1424364.954605, -4293604.817103 1424418.778953, -4293581.638755 1424442.322556, -4293550.186363 1424471.849379, -4293516.294767 1424502.807818, -4293486.767808 1424533.869156, -4293473.031472 1424552.896332, -4293463.294957 1424578.389385, -4293451.593049 1424606.470647, -4293440.77278 1424631.165102, -4293421.226227 1424661.595724, -4293395.246787 1424698.876059, -4293376.5689 1424721.008364, -4293360.716862 1424736.255494, -4293317.982913 1424772.403346, -4293194.141405 1424872.036246, -4293165.302788 1424891.523307, -4293093.189027 1424937.330043, -4293044.406996 1424971.903287, -4292976.060989 1425023.082542, -4292930.965316 1425068.302371, -4292880.33132 1425121.896809, -4292861.810997 1425143.424106, -4292835.680999 1425174.336515, -4292806.376092 1425207.522275, -4292772.453042 1425238.601575, -4292735.832714 1425260.195837, -4292701.409818 1425280.29558, -4292667.071378 1425301.063164, -4292624.161041 1425321.019858, -4292573.164245 1425343.262961, -4292485.415908 1425390.323685, -4292195.901876 1425074.297725, -4292172.517389 1425034.629569, -4292069.743261 1424928.311251, -4291954.424647 1424805.68189, -4291791.475618 1424623.896827, -4291731.710204 1424546.857468, -4291672.401056 1424457.150005, -4291472.381655 1424133.970498, -4291234.670177 1423703.307829, -4291163.52108 1423574.406922, -4290984.752635 1423250.531273, -4290786.224578 1422923.606788, -4290694.66105 1422774.225734, -4290606.770657 1422630.579975, -4290517.422837 1422474.671914, -4290435.201346 1422331.081146, -4290352.162061 1422171.778019, -4290275.196774 1422023.872525, -4290181.068015 1421876.406952, -4290087.11799 1421729.246169))",226,85.4,262.97,1.53,166.96,28983.5,5796700.0,147,110,22,15
Five Points,15649.0,14141.0,1508.0,2748.0,11393.0,232.0,20.0,0.0,23698.0,1973.0,621890.0,104923.0,"POLYGON ((-4283082.580106 1426718.063449, -4283572.380695 1426424.252584, -4283663.202444 1426062.48146, -4283683.625079 1425976.094168, -4283751.487896 1425718.39082, -4283771.31686 1425643.215132, -4283815.497624 1425473.504605, -4283848.106444 1425318.476483, -4283865.515995 1425242.670942, -4283871.917016 1425214.113807, -4283929.935115 1424996.212138, -4283990.032845 1424773.297942, -4284016.092376 1424665.25828, -4284051.892061 1424518.810573, -4284101.6581 1424329.629981, -4284178.631779 1424035.937616, -4284211.178057 1423902.979693, -4284236.013987 1423808.570866, -4284294.367156 1423587.397866, -4284327.246592 1423448.198087, -4284356.266121 1423328.787961, -4284434.770681 1423005.399691, -4284555.176977 1422559.755069, -4284602.927639 1422378.316101, -4284671.640747 1422117.346557, -4284725.748025 1421902.559714, -4284782.71094 1421677.795912, -4284822.726474 1421528.05416, -4284839.128474 1421456.119262, -4284855.302905 1421392.003984, -4284889.204828 1421256.815727, -4285009.327183 1420790.43125, -4285120.576157 1420351.185537, -4285231.938277 1419906.544389, -4285344.165038 1419466.519802, -4285443.699746 1419072.272037, -4285459.281917 1418985.35835, -4285512.417078 1418777.11245, -4285564.16991 1418577.918612, -4285663.103635 1418219.391538, -4285745.084075 1417918.538475, -4285769.19769 1417829.882858, -4285861.948969 1417456.730512, -4285984.206981 1417657.887612, -4286147.137047 1417926.076129, -4286422.710876 1418399.392482, -4286492.366687 1418519.030731, -4286596.6655 1418686.968153, -4286710.132293 1418869.304093, -4286834.625493 1419102.558378, -4286841.95778 1419106.146239, -4286882.942054 1419125.340328, -4286980.196154 1419150.658537, -4287296.876843 1419233.100197, -4287620.069405 1419319.303784, -4287786.756123 1419362.697455, -4287956.345938 1419406.846898, -4288130.058552 1419451.036245, -4288177.953684 1419463.221933, -4288304.980752 1419495.540625, -4288398.827859 1419522.038584, -4288475.433849 1419541.335559, -4288624.242657 1419575.288401, -4288649.02202 1419582.033669, -4288673.072173 1419586.869784, -4288714.34553 1419598.306105, -4288748.427983 1419609.811549, -4288790.515334 1419624.278416, -4288817.687957 1419635.37403, -4288841.620628 1419648.93567, -4288875.592701 1419631.559897, -4288992.694615 1419661.011971, -4289291.768039 1419735.825162, -4289329.706093 1419707.114336, -4289360.660491 1419691.326399, -4289283.366031 1419993.195936, -4289220.219454 1420239.728073, -4289243.133298 1420296.582647, -4289385.823756 1420535.34928, -4289476.378401 1420685.630024, -4289564.217216 1420831.458201, -4289740.689656 1421134.945854, -4289915.492622 1421423.016306, -4290087.11799 1421729.246169, -4290181.068015 1421876.406952, -4290275.196774 1422023.872525, -4290352.162061 1422171.778019, -4290435.201346 1422331.081146, -4290517.422837 1422474.671914, -4290606.770657 1422630.579975, -4290694.66105 1422774.225734, -4290786.224578 1422923.606788, -4290984.752635 1423250.531273, -4291163.52108 1423574.406922, -4291234.670177 1423703.307829, -4291472.381655 1424133.970498, -4291672.401056 1424457.150005, -4291731.710204 1424546.857468, -4291791.475618 1424623.896827, -4291954.424647 1424805.68189, -4292069.743261 1424928.311251, -4292172.517389 1425034.629569, -4292195.901876 1425074.297725, -4292485.415908 1425390.323685, -4292435.353716 1425417.172884, -4292417.511662 1425428.156548, -4292388.776028 1425443.278748, -4292374.56991 1425448.234213, -4292358.963686 1425450.62951, -4292318.84161 1425451.938004, -4292281.410616 1425450.84721, -4292264.594786 1425452.927627, -4292205.788977 1425464.483944, -4292163.706006 1425477.293815, -4292114.386706 1425489.124254, -4292077.497019 1425497.861437, -4292038.491591 1425502.818944, -4292007.382132 1425503.244702, -4291968.309252 1425499.5308, -4291932.694717 1425492.455017, -4291893.260928 1425482.189135, -4291843.04939 1425476.608747, -4291790.012263 1425477.913203, -4291673.985096 1425493.947063, -4291539.999995 1425520.417774, -4291474.265658 1425536.757554, -4291406.798012 1425556.7793, -4291360.782641 1425571.794629, -4291323.095846 1425584.586559, -4291279.217944 1425604.291523, -4291228.472953 1425625.566868, -4291205.959865 1425633.655303, -4291160.731898 1425645.646607, -4291138.03839 1425650.45906, -4291124.647383 1425652.042816, -4291112.451733 1425653.484996, -4291080.817038 1425654.936586, -4291046.81452 1425653.576007, -4291010.603252 1425651.769493, -4290990.457844 1425653.959921, -4290955.307405 1425657.781554, -4290890.282894 1425663.456778, -4290860.754054 1425669.718864, -4290825.182954 1425686.290593, -4290794.048102 1425698.721775, -4290756.22222 1425707.086133, -4290713.345986 1425711.035823, -4290692.417417 1425712.045474, -4290654.80606 1425707.678801, -4290630.069785 1425702.264415, -4290604.949396 1425696.765975, -4290554.706535 1425691.306594, -4290502.920516 1425691.774507, -4290438.750776 1425703.096946, -4290384.35108 1425713.604658, -4290316.303516 1425730.892213, -4290217.098148 1425756.730111, -4290165.750517 1425771.390459, -4290138.054103 1425782.521106, -4290106.572799 1425796.282825, -4290056.724201 1425822.053867, -4289885.335451 1425922.741572, -4289714.313704 1426041.865548, -4289666.216132 1426077.779415, -4289622.837813 1426108.463812, -4289578.321688 1426134.589671, -4289520.598396 1426165.801967, -4289436.214081 1426217.068225, -4289372.18674 1426260.588628, -4289333.286249 1426285.980797, -4289289.557246 1426309.082559, -4289243.208559 1426330.339904, -4289149.521923 1426371.69304, -4289105.841429 1426386.670424, -4289027.32266 1426411.43576, -4288973.535848 1426427.527643, -4288916.381898 1426440.676599, -4288875.905028 1426447.317436, -4288793.27747 1426458.097142, -4288675.341977 1426464.593081, -4288638.36481 1426466.720319, -4288603.121322 1426465.16569, -4288572.934966 1426461.053027, -4288290.283112 1426430.480215, -4288232.520389 1426425.129745, -4288141.548452 1426427.279139, -4288066.502156 1426434.73683, -4288026.812422 1426438.353731, -4287704.347662 1426470.335402, -4287676.52629 1426473.094741, -4287381.95831 1426505.162647, -4287047.738208 1426552.610804, -4287014.474426 1426556.350694, -4286787.621607 1426621.02955, -4286732.934452 1426645.540982, -4286704.379241 1426663.939255, -4286649.765652 1426709.006325, -4286611.689946 1426743.137708, -4286578.915024 1426777.745086, -4286520.331149 1426853.939438, -4286462.786468 1426926.142051, -4286371.850009 1427040.282713, -4286318.602514 1427103.917061, -4286281.354785 1427145.798714, -4286257.97421 1427172.087992, -4286218.323984 1427212.26755, -4286094.249843 1427329.664085, -4285934.444775 1427480.123504, -4285860.943052 1427547.13881, -4285668.370072 1427725.232694, -4285618.626483 1427771.438341, -4285492.586969 1427891.423225, -4285431.859867 1427951.04379, -4285196.433263 1428177.653505, -4285155.028026 1428220.605273, -4285075.906574 1428301.269207, -4285048.441022 1428332.350565, -4284987.997319 1428390.882491, -4284946.844044 1428432.866494, -4284918.230391 1428460.419957, -4284882.048575 1428496.20683, -4284853.309035 1428524.244151, -4284787.784842 1428581.453392, -4284719.902806 1428634.819882, -4284692.611773 1428657.292814, -4284656.321024 1428685.56007, -4284609.119598 1428725.969627, -4284576.699711 1428755.244511, -4284528.175729 1428800.734444, -4284483.332075 1428844.986751, -4284449.747083 1428878.737201, -4284403.907122 1428934.92889, -4284383.923988 1428885.496163, -4284333.573055 1428791.146452, -4284157.693358 1428495.305181, -4283978.258002 1428197.246479, -4283888.450833 1428048.064787, -4283799.959224 1427900.775391, -4283709.837132 1427752.803273, -4283620.757099 1427606.781569, -4283445.336774 1427304.214256, -4283268.593895 1427006.727492, -4283176.391866 1426863.76775, -4283082.580106 1426718.063449))",402,82.34,309.25,1.91,162.45,37385.57,13197105.0,277,194,52,31
Montbello,9445.0,9108.0,337.0,5884.0,3224.0,86.0,28.0,0.0,32422.0,1914.0,422651.0,88644.0,"POLYGON ((-4238708.90012 1416434.484998, -4241260.361285 1417071.425579, -4243690.57434 1417674.996922, -4243709.610887 1417600.512735, -4244299.237258 1417820.664441, -4244611.04288 1417937.084699, -4245208.936164 1418161.893973, -4245378.021093 1418225.469348, -4246210.373456 1418539.242896, -4247054.108592 1418854.306587, -4247358.431216 1418968.281266, -4248182.861873 1419277.046422, -4248707.401365 1419474.391399, -4248977.244193 1419575.913601, -4249773.193203 1419875.190137, -4249989.655296 1419958.102301, -4250482.569344 1420146.906153, -4251235.844574 1420430.051425, -4252082.306634 1420747.499449, -4252547.259985 1420919.509575, -4252906.884675 1421052.553497, -4253677.996269 1421345.362509, -4253698.231498 1421351.580244, -4253689.83739 1421385.294228, -4253604.212805 1421729.191136, -4253589.693888 1421789.283505, -4253445.171915 1422355.649766, -4253429.659549 1422417.470745, -4253276.510295 1423030.859322, -4253128.127667 1423625.153831, -4253113.145246 1423680.398003, -4252951.21379 1424342.429663, -4252739.90725 1425206.320969, -4252446.510845 1426405.819444, -4252431.295093 1426469.21251, -4252353.630907 1426780.689789, -4252222.815988 1427305.335321, -4252061.69855 1427951.508013, -4251857.493217 1428812.924922, -4251742.940521 1429278.636346, -4251726.766632 1429323.380108, -4251723.14932 1429331.244982, -4249159.610367 1428671.261141, -4246596.102375 1428011.157992, -4244001.50399 1427327.593135, -4241406.726046 1426643.724783, -4238969.845112 1426049.91339, -4236367.002608 1425413.992287, -4236500.832876 1424951.015569, -4236528.112329 1424864.637644, -4236704.650531 1424178.517916, -4237101.468588 1422640.628381, -4237116.616452 1422581.9143, -4237334.413143 1421736.650519, -4237708.326328 1420285.866592, -4238026.169504 1419085.053947, -4238200.630807 1418425.279081, -4238360.032189 1417822.45758, -4238375.42744 1417764.235805, -4238511.351836 1417217.641737, -4238672.024963 1416559.22344, -4238708.90012 1416434.484998))",16,50.0,171.45,2.5,68.58,19198.92,230387.0,13,10,2,1
Lowry Field,5908.0,5583.0,325.0,2819.0,2764.0,10.0,44.0,2.0,11150.0,2294.0,763745.0,112991.0,"POLYGON ((-4262667.178039 1407465.672675, -4262874.39634 1406661.561888, -4262890.016909 1406642.106947, -4262906.24863 1406623.158909, -4262923.075061 1406604.736962, -4262940.479163 1406586.859765, -4262958.443307 1406569.545424, -4262976.949302 1406552.811473, -4262995.978403 1406536.674862, -4263015.511339 1406521.151932, -4263035.528327 1406506.258405, -4263056.009094 1406492.009365, -4263076.932898 1406478.419243, -4263098.278547 1406465.501804, -4263120.024422 1406453.270129, -4263142.148501 1406441.736608, -4263164.628375 1406430.912919, -4263187.441278 1406420.810027, -4263455.919379 1406306.987259, -4263475.235603 1406296.556768, -4263494.182641 1406285.469774, -4263178.286188 1405827.577187, -4263161.269944 1405801.764669, -4263145.355675 1405775.258542, -4263130.57161 1405748.105824, -4263116.943973 1405720.354676, -4262718.145002 1404751.659979, -4262626.389776 1404528.320037, -4262570.187488 1404551.355293, -4262530.204996 1404566.812814, -4262489.634386 1404580.65334, -4262448.541023 1404592.854571, -4262406.991115 1404603.39685, -4262365.051605 1404612.263189, -4262322.790064 1404619.439306, -4262280.274583 1404624.913637, -4262237.57366 1404628.677364, -4262183.516498 1404614.85583, -4262183.497116 1404614.929989, -4260762.826282 1404251.609595, -4261333.044541 1402010.576987, -4261301.078722 1402002.384712, -4261306.901288 1401974.064284, -4261310.27301 1401945.235069, -4261311.341606 1401916.323004, -4261309.559957 1401887.443751, -4261305.411939 1401858.723501, -4261298.771808 1401830.646078, -4261289.670827 1401803.090526, -4261278.256729 1401776.482863, -4261264.497659 1401750.943645, -4261248.57286 1401726.778074, -4261230.72416 1401704.049198, -4261210.888555 1401682.998819, -4261189.307976 1401663.689803, -4261165.919485 1401646.364216, -4261141.480332 1401631.090037, -4261115.412229 1401618.104115, -4261088.503792 1401607.353655, -4261060.965718 1401599.022446, -4260132.84354 1401363.739834, -4260787.32903 1398801.978642, -4260862.059084 1398504.988554, -4260878.335513 1398441.178435, -4262263.874499 1398365.148345, -4263323.772589 1398312.215698, -4264543.974368 1398250.363827, -4264684.71994 1398248.188703, -4264740.648076 1398252.270245, -4264824.038346 1398266.76514, -4264910.027138 1398289.751269, -4264991.316761 1398318.353727, -4265045.395808 1398343.241826, -4265099.511547 1398372.251138, -4265154.718098 1398407.629424, -4265199.814158 1398440.228709, -4265263.62187 1398493.377444, -4265307.156011 1398536.681489, -4265358.658298 1398598.501714, -4265417.53129 1398674.115764, -4265483.637898 1398763.77791, -4265591.32551 1398904.789696, -4265645.544922 1398977.009229, -4265887.782182 1399299.66631, -4266021.346342 1399477.571877, -4266142.289719 1399637.095605, -4266391.932093 1399966.372725, -4266519.76696 1400138.496359, -4266579.794079 1400216.694516, -4266641.820053 1400276.687103, -4266700.975541 1400323.14414, -4266749.179111 1400348.484396, -4266841.476042 1400386.109762, -4269239.854225 1400999.228688, -4269689.650063 1401114.214265, -4269720.138979 1401148.689106, -4269765.415924 1401141.407929, -4269985.794634 1401189.8912, -4270540.148843 1401324.333723, -4271142.725007 1401481.00563, -4271416.791676 1401547.537755, -4271565.973076 1401586.135956, -4271511.710577 1401640.700931, -4271465.038596 1401687.494759, -4271124.356159 1402023.001954, -4270996.173793 1402149.234412, -4270579.462044 1402559.603371, -4270491.667219 1402646.062662, -4270489.354122 1402648.340593, -4270480.64279 1402656.919642, -4271219.366713 1402850.701899, -4271915.926982 1403025.05237, -4271785.207017 1403538.882435, -4271602.95762 1404255.262968, -4271618.989172 1404290.761288, -4271308.849102 1404211.645137, -4271049.262598 1404146.049078, -4270786.845025 1404079.387736, -4270526.952325 1404014.831177, -4270419.040976 1403989.046114, -4270411.783139 1403987.156715, -4270404.525374 1403985.267333, -4270389.978376 1403981.609452, -4270375.431282 1403977.951716, -4270360.884105 1403974.293939, -4270351.992496 1404006.465115, -4270336.719947 1404065.132243, -4270321.500353 1404124.588236, -4270206.440667 1404570.541324, -4270074.203925 1405081.485415, -4270058.301603 1405142.571723, -4270040.972169 1405210.132339, -4270028.817118 1405256.824089, -4269974.047305 1405242.953576, -4269679.75023 1405168.794634, -4269624.012656 1405154.672288, -4269586.055808 1405145.12271, -4269445.818924 1405109.83384, -4269386.861748 1405093.194289, -4269109.736031 1405022.166272, -4268827.303496 1404948.096149, -4268773.296153 1404934.387422, -4268737.747957 1405071.745483, -4268656.747948 1405385.640895, -4268515.13954 1405934.409178, -4268493.911874 1406007.557185, -4268470.10475 1406082.219188, -4268411.9347 1406212.988706, -4268330.216629 1406589.623105, -4268315.31089 1406654.028094, -4268304.429828 1406703.114601, -4268209.033316 1407074.585457, -4268156.195047 1407287.291281, -4268102.487454 1407503.495902, -4268076.749841 1407606.333588, -4268049.633528 1407712.505494, -4268034.426163 1407772.029306, -4267973.537189 1408009.195454, -4267886.396529 1408351.439233, -4267777.110067 1408777.581065, -4267392.302844 1408671.662768, -4267102.161458 1408599.205792, -4266806.828953 1408523.873047, -4266499.106489 1408445.314912, -4266225.623827 1408374.849815, -4266179.101201 1408362.862836, -4265983.476234 1408312.458443, -4265886.228657 1408287.401799, -4265741.328685 1408250.067193, -4265528.587675 1408195.252659, -4265029.972567 1408066.780596, -4264273.725897 1407875.318881, -4263954.333212 1407792.767565, -4263628.033822 1407711.156764, -4263306.515243 1407629.834205, -4262985.246577 1407547.749952, -4262669.501024 1407466.278083, -4262667.178039 1407465.672675))",13,76.92,215.5,3.0,86.2,6814.92,81779.0,13,10,1,2
Virginia Village,7527.0,7274.0,254.0,3190.0,4083.0,53.0,61.0,0.0,14432.0,1988.0,634666.0,108585.0,"MULTIPOLYGON (((-4279762.497981 1398644.574734, -4279876.992648 1398200.294703, -4279376.733902 1398075.564463, -4279353.182349 1398069.686152, -4279353.206745 1398069.594182, -4278736.591041 1397915.78861, -4277775.294233 1397674.965898, -4277772.558701 1397685.672275, -4277767.519836 1397684.379942, -4277762.301968 1397683.02159, -4277722.245628 1397673.538843, -4277695.003773 1397669.282023, -4277671.495739 1397668.831978, -4277626.249697 1397668.393297, -4277591.431079 1397667.834376, -4277567.268582 1397666.268885, -4277541.141551 1397661.357158, -4277507.049705 1397654.372957, -4277303.918871 1397603.382375, -4277149.464794 1397565.063684, -4276971.114382 1397520.524145, -4276708.687375 1397454.097368, -4276656.009913 1397442.273711, -4276627.883293 1397437.787346, -4276603.065392 1397435.106322, -4276576.017747 1397433.734677, -4276542.001493 1397437.56297, -4276418.762775 1397413.823939, -4276417.12052 1397411.680626, -4276405.448992 1397395.984431, -4276394.281312 1397378.35279, -4276366.924554 1397354.440187, -4276346.482075 1397339.689782, -4276322.380902 1397327.086628, -4276290.145598 1397306.037137, -4276282.225371 1397300.934671, -4276273.99651 1397295.633366, -4276263.347084 1397283.948891, -4276253.822996 1397271.911608, -4276248.178089 1397256.880108, -4276239.01733 1397235.50863, -4276226.669942 1397214.470173, -4276217.297272 1397189.943595, -4276205.806078 1397177.523504, -4276183.741836 1397158.088391, -4276182.910666 1397157.479034, -4276161.615861 1397141.866385, -4276099.567652 1397106.339362, -4276091.978867 1397094.805891, -4276075.397341 1397082.093843, -4276054.703052 1397068.311078, -4276022.860166 1397053.69263, -4276000.411011 1397042.682053, -4275984.545271 1397031.189554, -4275955.82825 1397000.593996, -4275939.832048 1396980.672192, -4275931.809419 1396963.859217, -4275910.985501 1396922.789746, -4275889.477421 1396880.379754, -4275875.48811 1396856.717933, -4275870.408456 1396836.538042, -4275857.498294 1396804.761733, -4275853.246002 1396777.435056, -4275832.270737 1396748.854824, -4275814.267582 1396732.672756, -4275799.369602 1396721.432173, -4275741.349489 1396686.308069, -4275707.732629 1396657.665924, -4275682.523149 1396637.412177, -4275657.847532 1396612.130846, -4275632.709616 1396587.633436, -4275612.630508 1396563.548717, -4275588.61171 1396526.814079, -4275568.352163 1396499.453361, -4275546.913126 1396468.685788, -4275531.73413 1396442.647746, -4275509.791108 1396413.815565, -4275487.272847 1396391.16248, -4275455.652822 1396359.811215, -4275434.818007 1396338.629624, -4275406.673923 1396317.741074, -4275397.401763 1396304.736033, -4275384.802388 1396284.665152, -4275371.684758 1396258.64718, -4275363.600731 1396245.047248, -4275319.656746 1396155.852508, -4275304.023688 1396126.596384, -4275294.327741 1396107.281285, -4275275.651081 1396069.870737, -4275261.076449 1396053.418714, -4275251.268918 1396042.470137, -4275239.767904 1396031.080607, -4275212.803448 1396013.598948, -4275186.302866 1395998.304734, -4275155.045299 1395976.476515, -4275134.089063 1395964.692154, -4275118.435366 1395956.354813, -4275110.279702 1395946.998601, -4275101.259389 1395933.025837, -4275099.168994 1395917.240771, -4275099.009453 1395893.046076, -4275098.447408 1395863.450981, -4275092.845014 1395828.410588, -4275074.60332 1395777.422084, -4275058.466605 1395750.101531, -4275049.152786 1395738.248138, -4275038.62954 1395726.079804, -4275023.015705 1395713.619696, -4275012.492365 1395701.451432, -4275000.60883 1395682.600171, -4274988.55942 1395668.355582, -4274967.905092 1395650.450081, -4274940.296334 1395627.505133, -4274915.550882 1395609.438574, -4274900.944634 1395593.107697, -4274886.985304 1395566.353823, -4274877.541038 1395546.071051, -4274869.851731 1395523.01602, -4274861.839034 1395505.172363, -4274855.258042 1395489.768102, -4274832.477904 1395469.113514, -4274816.158235 1395454.403049, -4274799.828574 1395440.723249, -4274786.86601 1395429.986604, -4274775.123071 1395418.534096, -4274756.929546 1395400.106715, -4274748.341472 1395388.442328, -4274739.447056 1395373.985648, -4274724.771862 1395346.012225, -4274710.14668 1395312.885277, -4274695.431554 1395289.03466, -4274681.864521 1395268.711798, -4274667.934216 1395257.723224, -4274644.225428 1395251.55121, -4274606.26295 1395239.60198, -4274581.899694 1395228.997222, -4274566.466279 1395219.81311, -4274541.468748 1395202.714348, -4274516.313884 1395186.220468, -4274498.382222 1395165.794817, -4274471.096813 1395137.638337, -4274450.755871 1395115.552221, -4274423.912861 1395088.673476, -4274407.190915 1395068.562595, -4274391.256114 1395045.427734, -4274370.209427 1395021.091209, -4274353.023521 1394998.792843, -4274329.680399 1394967.400594, -4274319.984238 1394948.085496, -4274306.215316 1394923.576951, -4274295.551413 1394904.00985, -4274292.917181 1394894.282887, -4274289.913613 1394882.005607, -4274278.978718 1394846.610385, -4274269.213539 1394815.652721, -4274259.697869 1394799.613636, -4274239.42835 1394773.283726, -4274232.020137 1394765.026215, -4274218.089657 1394754.037654, -4274195.823365 1394730.416902, -4274186.519692 1394717.532884, -4274174.384183 1394699.649296, -4274160.061438 1394682.229581, -4274138.622381 1394651.462007, -4274103.223736 1394612.155036, -4274064.476406 1394569.129238, -4274051.52832 1394566.275227, -4274030.068228 1394556.426317, -4274012.267116 1394544.429999, -4273987.993905 1394524.549146, -4273972.92532 1394509.001881, -4273959.286859 1394492.922796, -4273947.474842 1394469.827936, -4273935.591312 1394450.976696, -4273920.804741 1394431.369626, -4273900.47379 1394408.252751, -4273882.532114 1394388.857612, -4273852.534136 1394362.190743, -4273827.648093 1394336.725644, -4273812.861428 1394317.118644, -4273792.449027 1394299.276129, -4273774.013464 1394280.785818, -4273765.299516 1394269.605299, -4273758.56802 1394247.832877, -4273754.537522 1394222.630468, -4273751.938801 1394199.867474, -4273748.47139 1394185.402831, -4273744.993916 1394171.968837, -4273723.444781 1394152.538911, -4273712.8498 1394144.614371, -4273701.530803 1394139.471891, -4273677.005563 1394120.558793, -4273662.179042 1394105.074601, -4273647.644361 1394084.499856, -4273627.565286 1394060.415209, -4273611.811002 1394040.556313, -4273597.992045 1394021.201138, -4273580.776152 1394001.995073, -4273564.769939 1393983.103918, -4273549.519359 1393961.309539, -4273537.172094 1393940.271023, -4273514.51332 1393910.21912, -4273501.874013 1393894.270993, -4273494.325201 1393878.614784, -4273487.208867 1393865.26692, -4273482.199165 1393861.662036, -4273475.677777 1393856.969444, -4273467.810193 1393855.437944, -4273452.541995 1393854.135739, -4273449.36227 1393853.864504, -4273429.272311 1393849.667841, -4273426.146955 1393847.4372, -4273410.755402 1393836.451994, -4273399.264294 1393824.031799, -4273389.528125 1393808.839414, -4273379.540038 1393794.614734, -4273377.575627 1393778.345678, -4273375.268693 1393750.492172, -4273378.18271 1393731.359872, -4273380.523907 1393702.520634, -4273382.753617 1393682.047851, -4273379.730929 1393652.974597, -4273373.584593 1393623.992427, -4273359.553829 1393601.482311, -4273350.925797 1393593.940595, -4273330.613899 1393587.619621, -4273300.886939 1393576.781055, -4273277.320964 1393562.121564, -4273258.853992 1393543.752247, -4273240.771822 1393516.958419, -4273231.399052 1393492.431889, -4273227.437642 1393478.871989, -4273224.325026 1393459.075016, -4273218.428099 1393445.011251, -4273205.325106 1393426.875804, -4273199.842189 1393420.152822, -4273179.39984 1393405.402392, -4273170.811846 1393393.738028, -4273157.5282 1393372.326524, -4273143.134044 1393359.150517, -4273134.042298 1393349.42153, -4273122.087327 1393334.814045, -4273108.984169 1393316.67865, -4273092.654552 1393302.99885, -4273080.911527 1393291.546343, -4273056.317352 1393260.990683, -4273041.994614 1393243.570973, -4273017.540862 1393220.414099, -4272993.087158 1393197.257332, -4272975.861303 1393179.081867, -4272955.166902 1393165.299071, -4272945.035989 1393159.561877, -4272922.14427 1393147.273749, -4272888.587998 1393134.275827, -4272865.69631 1393121.987576, -4272843.96287 1393112.196739, -4272829.40261 1393103.627347, -4272807.780661 1393085.46996, -4272795.069951 1393073.765523, -4272786.291541 1393059.855754, -4272780.970047 1393039.613053, -4272776.899685 1393018.533392, -4272772.607397 1392995.329365, -4272767.28587 1392975.086505, -4272759.596544 1392952.031467, -4272753.225993 1392936.811063, -4272745.173311 1392923.090371, -4272724.73087 1392908.339994, -4272689.520999 1392890.778398, -4272668.322839 1392878.931073, -4272649.593835 1392862.560212, -4272636.310256 1392841.148652, -4272620.788777 1392803.526081, -4272607.433777 1392786.358374, -4272593.402913 1392763.848252, -4272575.007269 1392741.235192, -4272549.83784 1392716.858612, -4272534.870689 1392693.975735, -4272513.643485 1392666.36312, -4272500.792348 1392647.259896, -4272487.365768 1392634.335927, -4272458.213995 1392617.318122, -4272455.194889 1392616.015633, -4272441.193085 1392609.270731, -4272418.765293 1392599.169914, -4272397.718529 1392574.833301, -4272388.305894 1392554.429521, -4272385.877495 1392535.973064, -4272385.228663 1392521.596385, -4272383.879362 1392495.02559, -4272375.766171 1392465.660471, -4272365.88957 1392443.069298, -4272353.078235 1392419.843383, -4272344.885201 1392398.723828, -4272336.408744 1392378.693002, -4272326.280158 1392357.069499, -4272309.144165 1392329.617887, -4272304.700381 1392318.903218, -4272278.714662 1392281.785493, -4272261.750599 1392261.611721, -4272251.429183 1392253.629157, -4272230.019085 1392238.626802, -4272211.965979 1392227.598141, -4272201.024858 1392221.004305, -4272192.577264 1392216.738591, -4272181.802068 1392205.538018, -4272171.642005 1392184.03564, -4272166.482483 1392172.101227, -4272159.829991 1392160.940479, -4272150.476186 1392153.210054, -4272133.904582 1392139.467281, -4272121.657799 1392129.950153, -4272111.304803 1392122.088612, -4272103.432636 1392111.643846, -4272095.128144 1392098.890719, -4272089.685203 1392088.045017, -4272081.349224 1392075.412842, -4272067.206956 1392061.269218, -4272049.617673 1392052.42799, -4272033.093654 1392040.405142, -4272083.096044 1391834.981041, -4272095.007117 1391796.391721, -4272445.721212 1392231.639612, -4272467.332362 1392237.26656, -4272633.004244 1391575.191026, -4272477.255495 1391535.276611, -4272633.297661 1390912.762209, -4272793.159701 1390274.860979, -4273749.147449 1390516.237421, -4273790.386198 1390352.863438, -4273646.808846 1390317.940752, -4273486.831903 1390276.553005, -4273578.096701 1389919.027381, -4273403.51772 1389775.616388, -4273369.327331 1389747.530122, -4273410.103754 1389743.864713, -4273421.100876 1389747.965009, -4273453.131308 1389758.47621, -4273497.575558 1389771.360504, -4273940.523552 1389883.302881, -4275197.839678 1390204.148521, -4276057.142283 1390422.35755, -4276829.879865 1390615.58646, -4277426.609208 1390768.355215, -4277776.447673 1390861.364938, -4278092.13739 1390942.59517, -4278222.05716 1390974.010943, -4278576.627856 1391061.27744, -4278641.930534 1391080.181519, -4280128.886275 1391455.16871, -4280328.176866 1391505.370178, -4280713.916424 1391602.30133, -4280783.78031 1391619.713776, -4280897.305706 1391646.038579, -4280949.190162 1391656.027191, -4280973.527381 1391662.42859, -4280973.660516 1391662.38019, -4280974.174995 1391663.79413, -4280995.866008 1391723.419318, -4281015.869042 1391778.404812, -4281076.654497 1391950.176602, -4281183.874352 1392264.883399, -4281246.081647 1392422.753237, -4281311.243469 1392561.714982, -4281365.873575 1392667.435449, -4281458.721594 1392820.983759, -4281509.450242 1392891.417895, -4281567.300339 1392971.74005, -4281701.095887 1393143.252927, -4281805.757846 1393259.025256, -4281929.301386 1393375.689112, -4282000.474927 1393438.480444, -4282097.705047 1393517.108879, -4282287.649062 1393653.070445, -4282332.623074 1393680.54798, -4282399.76526 1393721.569426, -4282392.377172 1393750.09449, -4282384.923307 1393780.171147, -4282357.744701 1393888.091992, -4282267.645605 1394244.111937, -4282232.587565 1394404.518636, -4282157.200384 1394683.915529, -4281984.038922 1395318.73665, -4281814.120849 1395962.655366, -4281657.294301 1396602.435258, -4281490.025935 1397240.945154, -4281328.259381 1397881.809697, -4281327.698718 1397883.938706, -4281306.138631 1397878.488354, -4281248.851816 1398105.102913, -4280964.291324 1398032.161402, -4280990.773668 1397927.459947, -4281021.789422 1397805.339901, -4280134.501032 1397582.87836, -4279974.3874 1398224.717308, -4280016.916677 1398235.282132, -4279902.687499 1398679.64586, -4279762.497981 1398644.574734)), ((-4274358.516426 1391348.835353, -4274553.680461 1390578.304966, -4273813.215514 1390387.222127, -4273778.241726 1390523.553085, -4273616.623028 1391161.255331, -4274358.516426 1391348.835353)), ((-4278888.195659 1398639.292878, -4279212.210673 1398714.024904, -4279124.901912 1399046.807612, -4279049.809268 1399337.245717, -4278729.950897 1399254.106853, -4278412.524444 1399176.509431, -4278533.47485 1398705.946812, -4278570.936525 1398560.059964, -4278725.769614 1398600.367226, -4278888.195659 1398639.292878)))",50,84.0,235.38,2.48,94.98,22436.91,1032098.0,44,32,4,8
Washington Virginia Vale,7344.0,6887.0,457.0,2808.0,4079.0,135.0,25.0,0.0,14269.0,1715.0,599345.0,82804.0,"POLYGON ((-4269720.138979 1401148.689106, -4269738.620551 1401094.499522, -4269764.588132 1400992.76439, -4269871.269423 1400571.05601, -4269968.745833 1400185.699882, -4269970.635233 1400178.44204, -4270011.234038 1400018.518395, -4270062.118645 1399817.099395, -4270384.052424 1398536.312518, -4270708.250813 1397281.830559, -4270725.924301 1397214.496476, -4270765.139306 1397065.092634, -4270873.912172 1396651.419853, -4270865.673411 1396643.041268, -4271034.711777 1395974.852044, -4270434.483674 1394443.290164, -4271360.552017 1394690.439516, -4271686.665821 1393405.968625, -4271870.413811 1392710.841056, -4272033.093654 1392040.405142, -4272049.617673 1392052.42799, -4272067.206956 1392061.269218, -4272081.349224 1392075.412842, -4272089.685203 1392088.045017, -4272095.128144 1392098.890719, -4272103.432636 1392111.643846, -4272111.304803 1392122.088612, -4272121.657799 1392129.950153, -4272133.904582 1392139.467281, -4272150.476186 1392153.210054, -4272159.829991 1392160.940479, -4272166.482483 1392172.101227, -4272171.642005 1392184.03564, -4272181.802068 1392205.538018, -4272192.577264 1392216.738591, -4272201.024858 1392221.004305, -4272211.965979 1392227.598141, -4272230.019085 1392238.626802, -4272251.429183 1392253.629157, -4272261.750599 1392261.611721, -4272278.714662 1392281.785493, -4272304.700381 1392318.903218, -4272309.144165 1392329.617887, -4272326.280158 1392357.069499, -4272336.408744 1392378.693002, -4272344.885201 1392398.723828, -4272353.078235 1392419.843383, -4272365.88957 1392443.069298, -4272375.766171 1392465.660471, -4272383.879362 1392495.02559, -4272385.228663 1392521.596385, -4272385.877495 1392535.973064, -4272388.305894 1392554.429521, -4272397.718529 1392574.833301, -4272418.765293 1392599.169914, -4272441.193085 1392609.270731, -4272455.194889 1392616.015633, -4272458.213995 1392617.318122, -4272487.365768 1392634.335927, -4272500.792348 1392647.259896, -4272513.643485 1392666.36312, -4272534.870689 1392693.975735, -4272549.83784 1392716.858612, -4272575.007269 1392741.235192, -4272593.402913 1392763.848252, -4272607.433777 1392786.358374, -4272620.788777 1392803.526081, -4272636.310256 1392841.148652, -4272649.593835 1392862.560212, -4272668.322839 1392878.931073, -4272689.520999 1392890.778398, -4272724.73087 1392908.339994, -4272745.173311 1392923.090371, -4272753.225993 1392936.811063, -4272759.596544 1392952.031467, -4272767.28587 1392975.086505, -4272772.607397 1392995.329365, -4272776.899685 1393018.533392, -4272780.970047 1393039.613053, -4272786.291541 1393059.855754, -4272795.069951 1393073.765523, -4272807.780661 1393085.46996, -4272829.40261 1393103.627347, -4272843.96287 1393112.196739, -4272865.69631 1393121.987576, -4272888.587998 1393134.275827, -4272922.14427 1393147.273749, -4272945.035989 1393159.561877, -4272955.166902 1393165.299071, -4272975.861303 1393179.081867, -4272993.087158 1393197.257332, -4273017.540862 1393220.414099, -4273041.994614 1393243.570973, -4273056.317352 1393260.990683, -4273080.911527 1393291.546343, -4273092.654552 1393302.99885, -4273108.984169 1393316.67865, -4273122.087327 1393334.814045, -4273134.042298 1393349.42153, -4273143.134044 1393359.150517, -4273157.5282 1393372.326524, -4273170.811846 1393393.738028, -4273179.39984 1393405.402392, -4273199.842189 1393420.152822, -4273205.325106 1393426.875804, -4273218.428099 1393445.011251, -4273224.325026 1393459.075016, -4273227.437642 1393478.871989, -4273231.399052 1393492.431889, -4273240.771822 1393516.958419, -4273258.853992 1393543.752247, -4273277.320964 1393562.121564, -4273300.886939 1393576.781055, -4273330.613899 1393587.619621, -4273350.925797 1393593.940595, -4273359.553829 1393601.482311, -4273373.584593 1393623.992427, -4273379.730929 1393652.974597, -4273382.753617 1393682.047851, -4273380.523907 1393702.520634, -4273378.18271 1393731.359872, -4273375.268693 1393750.492172, -4273377.575627 1393778.345678, -4273379.540038 1393794.614734, -4273389.528125 1393808.839414, -4273399.264294 1393824.031799, -4273410.755402 1393836.451994, -4273426.146955 1393847.4372, -4273429.272311 1393849.667841, -4273449.36227 1393853.864504, -4273452.541995 1393854.135739, -4273467.810193 1393855.437944, -4273475.677777 1393856.969444, -4273482.199165 1393861.662036, -4273487.208867 1393865.26692, -4273494.325201 1393878.614784, -4273501.874013 1393894.270993, -4273514.51332 1393910.21912, -4273537.172094 1393940.271023, -4273549.519359 1393961.309539, -4273564.769939 1393983.103918, -4273580.776152 1394001.995073, -4273597.992045 1394021.201138, -4273611.811002 1394040.556313, -4273627.565286 1394060.415209, -4273647.644361 1394084.499856, -4273662.179042 1394105.074601, -4273677.005563 1394120.558793, -4273701.530803 1394139.471891, -4273712.8498 1394144.614371, -4273723.444781 1394152.538911, -4273744.993916 1394171.968837, -4273748.47139 1394185.402831, -4273751.938801 1394199.867474, -4273754.537522 1394222.630468, -4273758.56802 1394247.832877, -4273765.299516 1394269.605299, -4273774.013464 1394280.785818, -4273792.449027 1394299.276129, -4273812.861428 1394317.118644, -4273827.648093 1394336.725644, -4273852.534136 1394362.190743, -4273882.532114 1394388.857612, -4273900.47379 1394408.252751, -4273920.804741 1394431.369626, -4273935.591312 1394450.976696, -4273947.474842 1394469.827936, -4273959.286859 1394492.922796, -4273972.92532 1394509.001881, -4273987.993905 1394524.549146, -4274012.267116 1394544.429999, -4274030.068228 1394556.426317, -4274051.52832 1394566.275227, -4274064.476406 1394569.129238, -4274103.223736 1394612.155036, -4274138.622381 1394651.462007, -4274160.061438 1394682.229581, -4274174.384183 1394699.649296, -4274186.519692 1394717.532884, -4274195.823365 1394730.416902, -4274218.089657 1394754.037654, -4274232.020137 1394765.026215, -4274239.42835 1394773.283726, -4274259.697869 1394799.613636, -4274269.213539 1394815.652721, -4274278.978718 1394846.610385, -4274289.913613 1394882.005607, -4274292.917181 1394894.282887, -4274295.551413 1394904.00985, -4274306.215316 1394923.576951, -4274319.984238 1394948.085496, -4274329.680399 1394967.400594, -4274353.023521 1394998.792843, -4274370.209427 1395021.091209, -4274391.256114 1395045.427734, -4274407.190915 1395068.562595, -4274423.912861 1395088.673476, -4274450.755871 1395115.552221, -4274471.096813 1395137.638337, -4274498.382222 1395165.794817, -4274516.313884 1395186.220468, -4274541.468748 1395202.714348, -4274566.466279 1395219.81311, -4274581.899694 1395228.997222, -4274606.26295 1395239.60198, -4274644.225428 1395251.55121, -4274667.934216 1395257.723224, -4274681.864521 1395268.711798, -4274695.431554 1395289.03466, -4274710.14668 1395312.885277, -4274724.771862 1395346.012225, -4274739.447056 1395373.985648, -4274748.341472 1395388.442328, -4274756.929546 1395400.106715, -4274775.123071 1395418.534096, -4274786.86601 1395429.986604, -4274799.828574 1395440.723249, -4274816.158235 1395454.403049, -4274832.477904 1395469.113514, -4274855.258042 1395489.768102, -4274861.839034 1395505.172363, -4274869.851731 1395523.01602, -4274877.541038 1395546.071051, -4274886.985304 1395566.353823, -4274900.944634 1395593.107697, -4274915.550882 1395609.438574, -4274940.296334 1395627.505133, -4274967.905092 1395650.450081, -4274988.55942 1395668.355582, -4275000.60883 1395682.600171, -4275012.492365 1395701.451432, -4275023.015705 1395713.619696, -4275038.62954 1395726.079804, -4275049.152786 1395738.248138, -4275058.466605 1395750.101531, -4275074.60332 1395777.422084, -4275092.845014 1395828.410588, -4275098.447408 1395863.450981, -4275099.009453 1395893.046076, -4275099.168994 1395917.240771, -4275101.259389 1395933.025837, -4275110.279702 1395946.998601, -4275118.435366 1395956.354813, -4275134.089063 1395964.692154, -4275155.045299 1395976.476515, -4275186.302866 1395998.304734, -4275212.803448 1396013.598948, -4275239.767904 1396031.080607, -4275251.268918 1396042.470137, -4275261.076449 1396053.418714, -4275275.651081 1396069.870737, -4275294.327741 1396107.281285, -4275304.023688 1396126.596384, -4275319.656746 1396155.852508, -4275363.600731 1396245.047248, -4275371.684758 1396258.64718, -4275384.802388 1396284.665152, -4275397.401763 1396304.736033, -4275406.673923 1396317.741074, -4275434.818007 1396338.629624, -4275455.652822 1396359.811215, -4275487.272847 1396391.16248, -4275509.791108 1396413.815565, -4275531.73413 1396442.647746, -4275546.913126 1396468.685788, -4275568.352163 1396499.453361, -4275588.61171 1396526.814079, -4275612.630508 1396563.548717, -4275632.709616 1396587.633436, -4275657.847532 1396612.130846, -4275682.523149 1396637.412177, -4275707.732629 1396657.665924, -4275741.349489 1396686.308069, -4275799.369602 1396721.432173, -4275814.267582 1396732.672756, -4275832.270737 1396748.854824, -4275853.246002 1396777.435056, -4275857.498294 1396804.761733, -4275870.408456 1396836.538042, -4275875.48811 1396856.717933, -4275889.477421 1396880.379754, -4275910.985501 1396922.789746, -4275931.809419 1396963.859217, -4275939.832048 1396980.672192, -4275955.82825 1397000.593996, -4275984.545271 1397031.189554, -4276000.411011 1397042.682053, -4276022.860166 1397053.69263, -4276054.703052 1397068.311078, -4276075.397341 1397082.093843, -4276091.978867 1397094.805891, -4276099.567652 1397106.339362, -4276161.615861 1397141.866385, -4276182.910666 1397157.479034, -4276183.741836 1397158.088391, -4276205.806078 1397177.523504, -4276217.297272 1397189.943595, -4276226.669942 1397214.470173, -4276239.01733 1397235.50863, -4276248.178089 1397256.880108, -4276253.822996 1397271.911608, -4276263.347084 1397283.948891, -4276273.99651 1397295.633366, -4276282.225371 1397300.934671, -4276290.145598 1397306.037137, -4276322.380902 1397327.086628, -4276346.482075 1397339.689782, -4276366.924554 1397354.440187, -4276394.281312 1397378.35279, -4276405.448992 1397395.984431, -4276417.12052 1397411.680626, -4276418.762775 1397413.823939, -4276542.001493 1397437.56297, -4276576.017747 1397433.734677, -4276603.065392 1397435.106322, -4276627.883293 1397437.787346, -4276656.009913 1397442.273711, -4276708.687375 1397454.097368, -4276971.114382 1397520.524145, -4277149.464794 1397565.063684, -4277303.918871 1397603.382375, -4277507.049705 1397654.372957, -4277541.141551 1397661.357158, -4277567.268582 1397666.268885, -4277591.431079 1397667.834376, -4277626.249697 1397668.393297, -4277671.495739 1397668.831978, -4277695.003773 1397669.282023, -4277722.245628 1397673.538843, -4277762.301968 1397683.02159, -4277767.519836 1397684.379942, -4277772.558701 1397685.672275, -4277611.237186 1398317.069797, -4277771.633184 1398355.854486, -4277605.501737 1398993.026814, -4277751.151745 1399029.910097, -4278408.619676 1399191.508892, -4278399.162673 1399228.82855, -4278717.734277 1399304.011619, -4278626.543565 1399663.234948, -4278946.546694 1399740.857469, -4278881.239244 1399997.677798, -4278725.073084 1400604.507875, -4278518.744134 1400556.607008, -4278413.886634 1400471.187357, -4278561.267641 1399919.934259, -4278241.29607 1399842.190962, -4278137.454872 1400246.039572, -4278137.202939 1400247.007329, -4278077.940231 1400477.631492, -4277660.197288 1400371.594015, -4276792.745495 1400151.326877, -4276536.541908 1401154.341977, -4276892.238546 1401241.709342, -4276883.81459 1401274.772767, -4277110.214047 1401332.768239, -4277144.411793 1401200.019177, -4277257.997474 1401229.661207, -4277072.65044 1401971.131972, -4276414.470418 1401631.765743, -4276409.32159 1401653.026713, -4277066.476165 1401995.832052, -4277243.824902 1402094.058695, -4277383.768787 1402181.637707, -4277422.40159 1402208.873329, -4277600.069419 1402336.108996, -4277421.378015 1403030.458343, -4277381.630582 1403063.32085, -4276771.056116 1402900.39005, -4276452.264414 1402817.402472, -4276133.373129 1402735.669831, -4275812.744361 1402654.782928, -4275491.927957 1402571.258146, -4275170.639956 1402499.188489, -4274850.627052 1402423.584855, -4274534.598326 1402337.46828, -4274215.83621 1402255.815383, -4273898.529804 1402173.187782, -4273580.397218 1402095.398668, -4273262.370681 1402014.013468, -4272943.797584 1401929.4691, -4272625.979338 1401856.928754, -4272296.228682 1401775.311904, -4272261.875678 1401766.164052, -4271995.666884 1401695.274835, -4271807.729848 1401648.686626, -4271565.973076 1401586.135956, -4271416.791676 1401547.537755, -4271142.725007 1401481.00563, -4270540.148843 1401324.333723, -4269985.794634 1401189.8912, -4269765.415924 1401141.407929, -4269720.138979 1401148.689106), (-4277588.15529 1399668.931633, -4277657.136965 1399398.989364, -4277380.500138 1399329.427417, -4277443.896901 1399472.896654, -4277519.690431 1399610.422568, -4277552.477556 1399662.097925, -4277588.15529 1399668.931633))",37,78.38,211.17,2.34,72.11,19692.0,551376.0,28,17,4,7
